row_number	crash_date	crash_report_id	crash_time	collision_type	count_pedestrian	count_bicycle	scooter	wheel_chair	number_of_vehicles	street_or_highway	nearest_intersection	report_date	type_of_roadway	road_surface_condition	light_condition	weather_condition	manner_of_impact	hit_and_run	traffic_control	person_count	injury_count	most_serious_injury	number_of_lanes	lat_raw	lon_raw	has_st_number	is_intersection_null	address_sent_to_geocoder	is_address_blank	lon_api_first_try	lat_api_first_try	type	loctype	address_returned_by_geocoder	address_returned_by_autocomplete	place_ids_autocompleted	lat_api_second_try	lon_api_second_try	lat_api_best	lon_api_best	api_coord_conf	distance_btwn_coords_meters
3688	2010-05-25	31175	15:42:00	Pedestrian	1	NA	FALSE	FALSE	1	76 S MAIN ST	HOPKINS ST	5/25/10	One-Way Trafficway	Dry	Daylight	Clear	Other	"Yes, M/V and Driver Left Scene"	No Controls	4	0	No Injury	2	41.82486	-71.40724	TRUE	FALSE	"76 S Main Street, Providence, RI, USA"	FALSE	-71.4070094	41.8248722	premise	rooftop	"76 s main st, providence, ri 02903, usa"	NA	NA	NA	NA	41.8248722	-71.4070094	High	19.17729544
3689	2010-05-25	31183	18:51:00	Pedestrian	1	NA	FALSE	FALSE	1	193 LYNCH ST	NA	5/25/10	"Two-Way , Not Divided"	Dry	Daylight	Clear	Angle - Direction Not Specified	No	No Controls	5	1	Complains Of Pain	NA	41.83068	-71.4523	TRUE	TRUE	"193 Lynch Street, Providence, RI, USA"	FALSE	-71.452097	41.8306877	premise	rooftop	"193 lynch st, providence, ri 02908, usa"	NA	NA	NA	NA	41.8306877	-71.452097	High	16.85989421
3686	2010-05-26	31291	22:41:00	Bicycle	NA	1	FALSE	FALSE	1	WASHINGTON ST	ABORN ST	5/27/10	"Two-Way , Not Divided"	Dry	Dark - Lighted	Clear	Angle (Front - to - Side) Right Angle (Includes Broadside)	No	No Controls	2	1	Complains Of Pain	NA	41.82221	-71.41591	FALSE	FALSE	"Washington Street and Aborn Street, Providence, RI, USA"	FALSE	-71.4159277	41.8222378	intersection	geometric_center	"aborn st & washington st, providence, ri 02903, usa"	NA	NA	NA	NA	41.8222378	-71.4159277	Med High	3.425359311
3685	2010-05-29	31523	17:12:00	Pedestrian	1	NA	FALSE	FALSE	1	CHALKSTONE AVE	BERGEN ST	5/29/10	"Two-Way, Divided, Unprotected (painted>4feet) Medium"	Wet	Daylight	Rain	Other	No	No Controls	4	1	Complains Of Pain	2	41.83232	-71.44017	FALSE	FALSE	"Chalkstone Ave and Bergen Street, Providence, RI, USA"	FALSE	-71.4401343	41.8323432	intersection	geometric_center	"bergen st & chalkstone ave, providence, ri 02908, usa"	NA	NA	NA	NA	41.8323432	-71.4401343	Med High	3.929125894
3684	2010-05-30	31580	20:40:00	Bicycle	NA	1	FALSE	FALSE	1	LUBEC ST	HAVANA ST	5/30/10	One-Way Trafficway	Dry	Dark - Lighted	Clear	Other	No	No Controls	2	1	Complains Of Pain	1	41.85453	-71.44383	FALSE	FALSE	"Lubec Street and Havana Street, Providence, RI, USA"	FALSE	-71.4438197	41.8545316	intersection	geometric_center	"lubec st & havana st, providence, ri 02904, usa"	NA	NA	NA	NA	41.8545316	-71.4438197	Med High	0.872403384
3683	2010-05-31	31590	0:37:00	Pedestrian	2	NA	FALSE	FALSE	1	BROAD ST	CASS ST	5/31/10	"Two-Way , Not Divided"	Dry	Dark - Lighted	Clear	Other	No	No Controls	4	2	Non-Incapacitating	3	41.79331	-71.40859	FALSE	FALSE	"Broad Street and Cass Street, Providence, RI, USA"	FALSE	-71.4056229	41.7943841	route	geometric_center	"cass st, providence, ri 02905, usa"	"Broad Street & Cass Street, Providence, RI, USA"	Ei9Ccm9hZCBTdHJlZXQgJiBDYXNzIFN0cmVldCwgUHJvdmlkZW5jZSwgUkksIFVTQSJmImQKFAoSCe0XROWMT-SJEev9hnanfqfWEhQKEgntF0TljE_kiRHr_YZ2p36n1hoUChIJg9591YxP5IkRLKLKk5hLCKMaFAoSCTcFdlHzT-SJEdeRs5iJB5umIgoNqR_pGBVT82_V	41.7931177	-71.4083501	41.7931177	-71.4083501	Med	29.23481688
3681	2010-06-01	31658	10:14:00	Pedestrian	1	NA	FALSE	FALSE	1	INDIA ST	S WATER ST	6/1/10	"Two-Way , Not Divided"	Dry	Daylight	Clear	Not a Collision Between Two Motor Vehicles in Transport	"Yes, M/V and Driver Left Scene"	No Controls	2	1	Non-Incapacitating	NA	41.81571	-71.40016	FALSE	FALSE	"India Street and S Water Street, Providence, RI, USA"	FALSE	-71.3994022	41.8161214	intersection	geometric_center	"s water st & india st, providence, ri 02903, usa"	NA	NA	NA	NA	41.8161214	-71.3994022	Med High	77.78261501
3682	2010-06-01	31687	14:56:00	Pedestrian	1	NA	FALSE	FALSE	1	150 E MANNING ST	WAYLAND AVE	6/1/10	"Two-Way , Not Divided"	Dry	Daylight	Cloudy	Other	No	No Controls	2	1	Complains Of Pain	2	41.82741	-71.38798	TRUE	FALSE	"150 E Manning Street, Providence, RI, USA"	FALSE	-71.387543	41.8275981	street_address	rooftop	"150 e manning st, providence, ri 02906, usa"	NA	NA	NA	NA	41.8275981	-71.387543	High	41.86242822
3680	2010-06-02	31846	18:37:00	Pedestrian	1	NA	FALSE	FALSE	1	SMITH ST	CHALKSTONE AVE	6/2/10	"Two-Way , Not Divided"	Dry	Daylight	Clear	Angle (Front - to - Side) Right Angle (Includes Broadside)	No	No Controls	3	1	Complains Of Pain	NA	41.83535	-71.42599	FALSE	FALSE	"Smith Street and Chalkstone Ave, Providence, RI, USA"	FALSE	-71.4256425	41.8352214	intersection	geometric_center	"chalkstone ave & smith st, providence, ri 02908, usa"	NA	NA	NA	NA	41.8352214	-71.4256425	Med High	32.18124233
3678	2010-06-05	32076	19:08:00	Pedestrian	1	NA	FALSE	FALSE	1	WILLARD AVE	TAYLOR ST	6/5/10	"Two-Way , Not Divided"	Dry	Daylight	Clear	Other	No	No Controls	3	1	Complains Of Pain	2	41.80739	-71.41813	FALSE	FALSE	"Willard Ave and Taylor Street, Providence, RI, USA"	FALSE	-71.4179067	41.807429	intersection	geometric_center	"taylor st & willard ave, providence, ri 02907, usa"	NA	NA	NA	NA	41.807429	-71.4179067	Med High	19.03046282
3679	2010-06-05	32169	21:01:00	Bicycle	1	NA	FALSE	FALSE	1	TABER AVE	ANGELL STREET	6/7/10	"Two-Way , Not Divided"	Dry	Dark - Lighted	Clear	Angle (Front - to - Side) Same Direction	No	Traffic Control Signal	5	1	Complains Of Pain	2	41.82958	-71.39097	FALSE	FALSE	"Taber Ave and Angell Street, Providence, RI, USA"	FALSE	-71.3909687	41.8295909	intersection	geometric_center	"taber ave & angell st, providence, ri 02906, usa"	NA	NA	NA	NA	41.8295909	-71.3909687	Med High	1.218164483
3677	2010-06-06	32131	0:15:00	Bicycle	NA	1	FALSE	FALSE	1	LONGFELLOW ST	ELMWOOD AVE	6/7/10	"Two-Way, Divided, Positive Median Barrier"	Dry	Dark - Lighted	Clear	Head-On (Front - to - Front)	No	No Controls	7	1	Complains Of Pain	NA	41.79078	-71.42225	FALSE	FALSE	"Longfellow Street and Elmwood Ave, Providence, RI, USA"	FALSE	-71.4221645	41.7908152	intersection	geometric_center	"longfellow st & elmwood ave, providence, ri 02907, usa"	NA	NA	NA	NA	41.7908152	-71.4221645	Med High	8.106294689
3676	2010-06-07	32182	19:23:00	Bicycle	NA	1	FALSE	FALSE	1	HOMESTEAD AVE	POTTERS AVE	6/7/10	"Two-Way , Not Divided"	Dry	Daylight	Clear	Other	No	No Controls	3	1	Complains Of Pain	NA	41.80406	-71.43516	FALSE	FALSE	"Homestead Ave and Potters Ave, Providence, RI, USA"	FALSE	-71.4351412	41.8041009	intersection	geometric_center	"potters ave & homestead ave., providence, ri 02907, usa"	NA	NA	NA	NA	41.8041009	-71.4351412	Med High	4.812819076
3675	2010-06-10	32358	12:55:00	Bicycle	NA	1	FALSE	FALSE	1	BUTTON HOLE DR	GLENBRIDGE AVE	6/10/10	"Two-Way , Not Divided"	Dry	Daylight	Cloudy	Angle (Front - to - Side) Opposite Direction	No	No Controls	2	0	No Injury	NA	41.82307	-71.46044	FALSE	FALSE	"Button Hole Dr and Glenbridge Ave, Providence, RI, USA"	FALSE	-71.4603968	41.8230912	intersection	geometric_center	"buttonhole dr & glenbridge ave, providence, ri 02909, usa"	NA	NA	NA	NA	41.8230912	-71.4603968	Med High	4.290968228
3674	2010-06-14	32590	7:03:00	Pedestrian	1	NA	FALSE	FALSE	1	WASHINGTON ST	CLEMENCE ST	6/14/10	"Two-Way , Not Divided"	Dry	Daylight	Cloudy	Other	No	No Controls	3	0	No Injury	2	41.82323	-71.41454	FALSE	FALSE	"Washington Street and Clemence Street, Providence, RI, USA"	FALSE	-71.4143636	41.8233349	intersection	geometric_center	"clemence st & washington st, providence, ri 02903, usa"	NA	NA	NA	NA	41.8233349	-71.4143636	Med High	18.72161216
3672	2010-06-16	32678	16:33:00	Bicycle	NA	1	FALSE	FALSE	1	POCASSET AVE	DANIEL AVE	6/16/10	Unknown	Wet	Daylight	Rain	Other	No	No Controls	2	1	Complains Of Pain	NA	41.80939	-71.45503	FALSE	FALSE	"Pocasset Ave and Daniel Ave, Providence, RI, USA"	FALSE	-71.455276	41.8090392	intersection	geometric_center	"pocasset ave & daniel ave, providence, ri 02909, usa"	NA	NA	NA	NA	41.8090392	-71.455276	Med High	44.06365114
3673	2010-06-16	32693	20:18:00	Pedestrian	1	NA	FALSE	FALSE	1	Washington st	Memorial blvd	6/16/10	One-Way Trafficway	Dry	Dark - Lighted	Clear	Not a Collision Between Two Motor Vehicles in Transport	No	Traffic Control Signal	3	1	Complains Of Pain	NA	41.8264	-71.41022	FALSE	FALSE	"Washington Street and Memorial Blvd, Providence, RI, USA"	FALSE	-71.4134258	41.8263996	route	geometric_center	"memorial blvd, providence, ri 02903, usa"	"Washington Street & Memorial Blvd, Providence, RI, USA"	EjZXYXNoaW5ndG9uIFN0cmVldCAmIE1lbW9yaWFsIEJsdmQsIFByb3ZpZGVuY2UsIFJJLCBVU0EiZiJkChQKEgmdNVfiFkXkiRE6V1-x6gjhmRIUChIJnTVX4hZF5IkROldfseoI4ZkaFAoSCanazZwSReSJERoH0JajEjT2GhQKEgn3LDO1FkXkiRGsznR5eOTavSIKDZw07hgV6bBv1Q	41.826422	-71.4100503	41.826422	-71.4100503	Med	14.28836661
3671	2010-06-17	32739	15:52:00	Pedestrian	1	NA	FALSE	FALSE	1	EASTWOOD AVE	LAUREL HILL AVE	6/17/10	"Two-Way , Not Divided"	Dry	Daylight	Clear	Other	No	No Controls	3	1	Non-Incapacitating	NA	41.81524	-71.45601	FALSE	FALSE	"Eastwood Ave and Laurel Hill Ave, Providence, RI, USA"	FALSE	-71.4557799	41.815258	intersection	geometric_center	"laurel hill ave & eastwood ave, providence, ri 02909, usa"	NA	NA	NA	NA	41.815258	-71.4557799	Med High	19.19540527
3667	2010-06-18	32815	17:26:00	Bicycle	NA	1	FALSE	FALSE	1	HUNTINGTON AVE	CHAMBERS ST	6/18/10	One-Way Trafficway	Dry	Daylight	Clear	Other	No	No Controls	2	1	Complains Of Pain	NA	41.80188	-71.43425	FALSE	FALSE	"Huntington Ave and Chambers Street, Providence, RI, USA"	FALSE	-71.434189	41.801865	intersection	geometric_center	"chambers st & huntington ave, providence, ri 02907, usa"	NA	NA	NA	NA	41.801865	-71.434189	Med High	5.330294218
3668	2010-06-18	32819	17:54:00	Pedestrian	1	NA	FALSE	FALSE	1	ALTHEA ST	CRANSTON ST	6/18/10	"Two-Way , Not Divided"	Dry	Daylight	Clear	Other	No	No Controls	2	1	Non-Incapacitating	NA	41.80785	-71.43531	FALSE	FALSE	"Althea Street and Cranston Street, Providence, RI, USA"	FALSE	-71.4350772	41.807752	intersection	geometric_center	"althea st & cranston st, providence, ri 02907, usa"	NA	NA	NA	NA	41.807752	-71.4350772	Med High	22.1844868
3669	2010-06-18	32870	17:12:00	Pedestrian	1	NA	FALSE	FALSE	1	COMSTOCK AVE	TAYLOR ST	6/19/10	"Two-Way , Not Divided"	Dry	Daylight	Clear	Angle (Front - to - Side) Opposite Direction	No	No Controls	3	1	Complains Of Pain	NA	41.80903	-71.41792	FALSE	FALSE	"Comstock Ave and Taylor Street, Providence, RI, USA"	FALSE	-71.4179149	41.8090319	intersection	geometric_center	"taylor st & comstock ave, providence, ri 02905, usa"	NA	NA	NA	NA	41.8090319	-71.4179149	Med High	0.47308268
3670	2010-06-18	33056	17:06:00	Bicycle	NA	1	FALSE	FALSE	1	140 DODGE ST	BOOTH ST	6/22/10	One-Way Trafficway	Wet	Daylight	Clear	Angle (Front - to - Side) Right Angle (Includes Broadside)	No	No Controls	3	1	Non-Incapacitating	NA	41.81365	-71.42471	TRUE	FALSE	"140 Dodge Street, Providence, RI, USA"	FALSE	-71.4243977	41.8137251	street_address	rooftop	"140 dodge st, providence, ri 02907, usa"	NA	NA	NA	NA	41.8137251	-71.4243977	High	27.22628849
3663	2010-06-19	32839	1:32:00	Pedestrian	1	NA	FALSE	FALSE	1	Atwells Ave	EUTAW ST	6/19/10	"Two-Way, Divided, Unprotected (painted>4feet) Medium"	Dry	Dark - Lighted	Clear	Other	No	No Controls	4	1	Complains Of Pain	NA	41.82353	-71.42608	FALSE	FALSE	"Atwells Ave and Eutaw Street, Providence, RI, USA"	FALSE	-71.4263084	41.8235618	intersection	geometric_center	"eutaw st & atwells ave, providence, ri 02903, usa"	NA	NA	NA	NA	41.8235618	-71.4263084	Med High	19.27489508
3664	2010-06-19	32860	13:14:00	Pedestrian	1	NA	FALSE	FALSE	1	BROAD ST	LENOX AVE	6/19/10	"Two-Way , Not Divided"	Dry	Daylight	Clear	Not a Collision Between Two Motor Vehicles in Transport	"Yes, M/V and Driver Left Scene"	No Controls	1	1	Complains Of Pain	2	41.79853	-71.41508	FALSE	FALSE	"Broad Street and Lenox Ave, Providence, RI, USA"	FALSE	-71.4128343	41.8239891	locality	approximate	"providence, ri, usa"	"Broad Street & Lenox Ave, Providence, RI, USA"	Ei1Ccm9hZCBTdHJlZXQgJiBMZW5veCBBdmUsIFByb3ZpZGVuY2UsIFJJLCBVU0EiZiJkChQKEgmT6t8AiU_kiRFShKlWkME5IRIUChIJk-rfAIlP5IkRUoSpVpDBOSEaFAoSCYPefdWMT-SJESyiypOYSwijGhQKEgmLIQXfhU_kiRERQQXUPieyyyIKDcnq6RgVUvdu1Q	41.7983177	-71.4148014	41.7983177	-71.4148014	Med	33.06177397
3665	2010-06-19	32861	12:22:00	Bicycle	NA	1	FALSE	FALSE	1	SMITH ST	OAKLAND AVE	6/19/10	"Two-Way , Not Divided"	Dry	Daylight	Clear	Head-On (Front - to - Front)	No	Traffic Control Signal	2	0	No Injury	2	41.83619	-71.43035	FALSE	FALSE	"Smith Street and Oakland Ave, Providence, RI, USA"	FALSE	-71.430455	41.8362474	intersection	geometric_center	"oakland ave & smith st, providence, ri 02908, usa"	NA	NA	NA	NA	41.8362474	-71.430455	Med High	10.80132172
3666	2010-06-19	32875	20:47:00	Pedestrian	1	NA	FALSE	FALSE	1	CHARLES ST	GILLEN ST	6/19/10	"Two-Way , Not Divided"	Dry	Dark - Lighted	Clear	Other	No	No Controls	5	1	Complains Of Pain	NA	41.85245	-71.42032	FALSE	FALSE	"Charles Street and Gillen Street, Providence, RI, USA"	FALSE	-71.4190635	41.8529451	route	geometric_center	"gillen st, providence, ri 02904, usa"	"Charles Street & Gillen Street, Providence, RI, USA"	EjNDaGFybGVzIFN0cmVldCAmIEdpbGxlbiBTdHJlZXQsIFByb3ZpZGVuY2UsIFJJLCBVU0EiZiJkChQKEglD8_St8UTkiRHDI_WdOKw57xIUChIJQ_P0rfFE5IkRwyP1nTisOe8aFAoSCXULzmzxROSJEctkyy41Vf0yGhQKEglVe4_D8UTkiRHqjY5w7qPPpSIKDeIu8hgVXiBu1Q	41.8524898	-71.4203042	41.8524898	-71.4203042	Med	4.620156303
3662	2010-06-20	33003	18:54:00	Bicycle	NA	1	FALSE	FALSE	1	WESTMINSTER ST	EMPIRE ST	6/21/10	One-Way Trafficway	Dry	Daylight	Clear	Not a Collision Between Two Motor Vehicles in Transport	No	Traffic Control Signal	3	0	No Injury	NA	41.82097	-71.41532	FALSE	FALSE	"Westminster Street and Empire Street, Providence, RI, USA"	FALSE	-71.4153246	41.8209888	intersection	geometric_center	"empire st & westminster st, providence, ri 02903, usa"	NA	NA	NA	NA	41.8209888	-71.4153246	Med High	2.127314131
3661	2010-06-21	32995	16:51:00	Pedestrian	2	NA	FALSE	FALSE	1	ACADEMY AVE	NEWARK ST	6/21/10	"Two-Way , Not Divided"	Dry	Daylight	Clear	Head-On (Front - to - Front)	No	Pavement Markings	7	1	Complains Of Pain	2	41.82544	-71.4434	FALSE	FALSE	"Academy Ave and Newark Street, Providence, RI, USA"	FALSE	-71.4434441	41.8254949	intersection	geometric_center	"academy ave & newark st, providence, ri 02908, usa"	NA	NA	NA	NA	41.8254949	-71.4434441	Med High	7.122663329
3660	2010-06-23	33131	15:20:00	Pedestrian	1	NA	FALSE	FALSE	1	530 SHARON ST	ADMIRAL ST	6/23/10	"Two-Way , Not Divided"	Dry	Daylight	Clear	Other	No	No Controls	2	1	Complains Of Pain	NA	41.85079	-71.44322	TRUE	FALSE	"530 Sharon Street, Providence, RI, USA"	FALSE	-71.4433786	41.8504937	premise	rooftop	"530 sharon st, providence, ri 02908, usa"	NA	NA	NA	NA	41.8504937	-71.4433786	High	35.50908827
3659	2010-06-24	33235	18:22:00	Pedestrian	1	NA	FALSE	FALSE	1	ALMA ST	CANDACE ST	6/24/10	"Two-Way , Not Divided"	Dry	Daylight	Clear	Other	No	No Controls	3	1	Complains Of Pain	NA	41.83661	-71.42284	FALSE	FALSE	"Alma Street and Candace Street, Providence, RI, USA"	FALSE	-71.4224289	41.8355229	route	geometric_center	"candace st, providence, ri 02908, usa"	"Alma Street & Candace Street, Providence, RI, USA"	EjFBbG1hIFN0cmVldCAmIENhbmRhY2UgU3RyZWV0LCBQcm92aWRlbmNlLCBSSSwgVVNBImYiZAoUChIJba4w7ANF5IkR2sIteV4WHhwSFAoSCW2uMOwDReSJEdrCLXleFh4cGhQKEgmPKWX7A0XkiRGGEPb5l1WiMhoUChIJleMtdQRF5IkRoJYuotrr8t8iCg1Zw-8YFdy9bdU	41.8366297	-71.422826	41.8366297	-71.422826	Med	2.481424705
3658	2010-06-26	33296	14:10:00	Pedestrian	1	NA	FALSE	FALSE	1	Hartford Ave	RT 6 West On ramp	6/26/10	"Two-Way, Divided, Unprotected (painted>4feet) Medium"	Dry	Daylight	Clear	Other	No	Traffic Control Signal	3	1	Incapacitating	NA	41.81703	-71.44756	FALSE	FALSE	"Hartford Ave and Rt 6 West On Ramp, Providence, RI, USA"	FALSE	-71.4441051	41.8165429	street_address	range_interpolated	"6 hartford ave, providence, ri 02909, usa"	NA	NA	NA	NA	41.8165429	-71.4441051	Med High	291.7170364
3657	2010-06-29	33619	18:37:00	Bicycle	NA	1	FALSE	FALSE	1	ADELAIDE AVE	BROAD ST	6/29/10	"Two-Way , Not Divided"	Dry	Daylight	Clear	Angle (Front - to - Side) Opposite Direction	No	Traffic Control Signal	3	1	Complains Of Pain	NA	41.79884	-71.4155	FALSE	FALSE	"Adelaide Ave and Broad Street, Providence, RI, USA"	FALSE	-71.4154791	41.7988681	intersection	geometric_center	"adelaide ave & broad st, providence, ri 02905, usa"	NA	NA	NA	NA	41.7988681	-71.4154791	Med High	3.57675094
3655	2010-06-30	33672	19:08:00	Bicycle	NA	1	FALSE	FALSE	1	PRUDENCE AVE	ETHAN ST	6/30/10	"Two-Way , Not Divided"	Dry	Daylight	Clear	Angle (Front - to - Side) Right Angle (Includes Broadside)	No	No Controls	3	1	Complains Of Pain	NA	41.80555	-71.45786	FALSE	FALSE	"Prudence Ave and Ethan Street, Providence, RI, USA"	FALSE	-71.460092	41.8065018	intersection	geometric_center	"prudence ave & ethan st, providence, ri 02909, usa"	NA	NA	NA	NA	41.8065018	-71.460092	Med High	213.372891
3656	2010-06-30	33752	19:42:00	Pedestrian	1	NA	FALSE	FALSE	1	409 ATWELLS AVE	PIEDMONT ST	7/1/10	"Two-Way , Not Divided"	Dry	Dusk	Clear	Other	"Yes, M/V and Driver Left Scene"	No Controls	1	1	Complains Of Pain	NA	41.82389	-71.43106	TRUE	FALSE	"409 Atwells Ave, Providence, RI, USA"	FALSE	-71.4310727	41.8240569	premise	rooftop	"409 atwells ave, providence, ri 02909, usa"	NA	NA	NA	NA	41.8240569	-71.4310727	High	18.609069
3654	2010-07-01	33731	10:24:00	Pedestrian	1	NA	FALSE	FALSE	1	Broadway	SERVICE ROAD 7	7/1/10	"Two-Way , Not Divided"	Dry	Daylight	Clear	Other	No	Traffic Control Signal	3	1	Complains Of Pain	2	41.82178	-71.4208	FALSE	FALSE	"Broadway and Service Road 7, Providence, RI, USA"	FALSE	-71.4200451	41.8199608	route	geometric_center	"service rd 1, providence, ri, usa"	"Broadway & Service Road 7th, Providence, RI, USA"	EjBCcm9hZHdheSAmIFNlcnZpY2UgUm9hZCA3dGgsIFByb3ZpZGVuY2UsIFJJLCBVU0EiZiJkChQKEgn30PkmDUXkiRGVfBMop6wTihIUChIJ99D5Jg1F5IkRlXwTKKesE4oaFAoSCaW15YZ1ReSJERrCM7HXpG-zGhQKEgkHeHRCdkXkiRHLEV0GTCEFTCIKDd-B7RgV9gxu1Q	41.8218463	-71.420801	41.8218463	-71.420801	Med	7.380948454
3651	2010-07-02	34284	18:45:00	Pedestrian	1	NA	FALSE	FALSE	1	BUCKLIN ST	HAWTHORNE ST	7/9/10	"Two-Way , Not Divided"	Dry	Daylight	Clear	Other	No	No Controls	4	3	Complains Of Pain	2	41.80059	-71.42787	FALSE	FALSE	"Bucklin Street and Hawthorne Street, Providence, RI, USA"	FALSE	-71.42778	41.800976	intersection	geometric_center	"bucklin st & hawthorne st, providence, ri 02907, usa"	NA	NA	NA	NA	41.800976	-71.42778	Med High	43.61356994
3652	2010-07-02	34562	13:35:00	Pedestrian	1	NA	FALSE	FALSE	1	WASHINGTON ST	SERVICE ROAD 7	7/14/10	"Two-Way , Not Divided"	Dry	Daylight	Clear	Not a Collision Between Two Motor Vehicles in Transport	No	Traffic Control Signal	3	1	Complains Of Pain	NA	41.81962	-71.41982	FALSE	FALSE	"Washington Street and Service Road 7, Providence, RI, USA"	FALSE	-71.4200451	41.8199608	route	geometric_center	"service rd 1, providence, ri, usa"	"Washington Street & Service Road 7th, Providence, RI, USA"	EjlXYXNoaW5ndG9uIFN0cmVldCAmIFNlcnZpY2UgUm9hZCA3dGgsIFByb3ZpZGVuY2UsIFJJLCBVU0EiZiJkChQKEgkze0LqckXkiRHxieB7sk4wfhIUChIJM3tC6nJF5IkR8Ynge7JOMH4aFAoSCanazZwSReSJERoH0JajEjT2GhQKEgkHeHRCdkXkiRHLEV0GTCEFTCIKDcMr7RgVfDRu1Q	41.8196419	-71.4197892	41.8196419	-71.4197892	Med	3.531616643
3653	2010-07-02	36742	13:35:00	Pedestrian	1	NA	FALSE	FALSE	1	WASHINGTON STREET	SERVICE ROAD 7	7/3/10	"Two-Way , Not Divided"	Dry	Daylight	Clear	Not a Collision Between Two Motor Vehicles in Transport	No	Traffic Control Signal	2	1	Complains Of Pain	NA	41.81961	-71.41984	FALSE	FALSE	"Washington Street and Service Road 7, Providence, RI, USA"	FALSE	-71.4200451	41.8199608	route	geometric_center	"service rd 1, providence, ri, usa"	"Washington Street & Service Road 7th, Providence, RI, USA"	EjlXYXNoaW5ndG9uIFN0cmVldCAmIFNlcnZpY2UgUm9hZCA3dGgsIFByb3ZpZGVuY2UsIFJJLCBVU0EiZiJkChQKEgkze0LqckXkiRHxieB7sk4wfhIUChIJM3tC6nJF5IkR8Ynge7JOMH4aFAoSCanazZwSReSJERoH0JajEjT2GhQKEgkHeHRCdkXkiRHLEV0GTCEFTCIKDcMr7RgVfDRu1Q	41.8196419	-71.4197892	41.8196419	-71.4197892	Med	5.511025509
3650	2010-07-03	33960	23:15:00	Pedestrian	1	NA	FALSE	FALSE	1	MANTON AVE	PELHAM ST	7/4/10	"Two-Way , Not Divided"	Dry	Dark - Lighted	Clear	Unknown	"Yes, M/V and Driver Left Scene"	No Controls	2	1	Fatal	NA	41.82064	-71.44747	FALSE	FALSE	"Manton Ave and Pelham Street, Providence, RI, USA"	FALSE	-71.4477932	41.8209354	intersection	geometric_center	"pelham st & manton ave, providence, ri 02909, usa"	NA	NA	NA	NA	41.8209354	-71.4477932	Med High	42.42930965
3649	2010-07-05	37276	14:42:00	Pedestrian	1	NA	FALSE	FALSE	1	WASHINGTON ST	EAST APPROACH	8/12/10	One-Way Trafficway	Dry	Daylight	Clear	Not a Collision Between Two Motor Vehicles in Transport	No	No Controls	2	0	No Injury	NA	41.82476	-71.41231	FALSE	FALSE	"Washington Street and East Approach, Providence, RI, USA"	FALSE	-71.4125301	41.8252123	route	geometric_center	"e approach, providence, ri 02903, usa"	NA	NA	NA	NA	41.8252123	-71.4125301	Med	53.55801563
3648	2010-07-06	34138	17:13:00	Pedestrian	1	NA	FALSE	FALSE	1	fountain st	UNION ST	7/7/10	One-Way Trafficway	Dry	Daylight	Clear	Not a Collision Between Two Motor Vehicles in Transport	"Yes, M/V and Driver Left Scene"	Traffic Control Signal	2	1	Complains Of Pain	NA	41.82437	-71.41499	FALSE	FALSE	"Fountain Street and Union Street, Providence, RI, USA"	FALSE	-71.4150148	41.8243951	intersection	geometric_center	"union st & fountain st, providence, ri 02902, usa"	NA	NA	NA	NA	41.8243951	-71.4150148	Med High	3.469792654
3647	2010-07-07	34098	0:19:00	Pedestrian	1	NA	FALSE	FALSE	1	ALLENS AVE	ALLENS AVE EXIT	7/7/10	"Two-Way , Not Divided"	Dry	Dark - Lighted	Clear	Not a Collision Between Two Motor Vehicles in Transport	"Yes, M/V and Driver Left Scene"	No Controls	2	1	Complains Of Pain	NA	41.80141	-71.4007	FALSE	FALSE	"Allens Ave and Allens Ave Exit, Providence, RI, USA"	FALSE	-71.4014192	41.8030664	route	geometric_center	"allens ave, providence, ri, usa"	NA	NA	NA	NA	41.8030664	-71.4014192	Med	193.8076419
3646	2010-07-08	34273	16:42:00	Bicycle	NA	1	FALSE	FALSE	1	PONTIAC AVE	RUTHERGLEN AVE	7/9/10	"Two-Way, Divided, Unprotected (painted>4feet) Medium"	Dry	Daylight	Clear	Angle (Front - to - Side) Right Angle (Includes Broadside)	No	Stop Signs	2	1	Complains Of Pain	NA	41.78747	-71.43153	FALSE	FALSE	"Pontiac Ave and Rutherglen Ave, Providence, RI, USA"	FALSE	-71.4315409	41.7874822	intersection	geometric_center	"pontiac ave & rutherglen ave, providence, ri 02907, usa"	NA	NA	NA	NA	41.7874822	-71.4315409	Med High	1.631856483
3645	2010-07-10	34345	1:58:00	Pedestrian	1	NA	FALSE	FALSE	1	BROAD ST	PENNSYLVANIA AVE	7/10/10	"Two-Way , Not Divided"	Dry	Dark - Lighted	Clear	Other	No	Pavement Markings	2	1	Complains Of Pain	2	41.79747	-71.41377	FALSE	FALSE	"Broad Street and Pennsylvania Ave, Providence, RI, USA"	FALSE	-71.4127049	41.7976553	route	geometric_center	"pennsylvania ave, providence, ri 02905, usa"	"Broad Street & Pennsylvania Ave, Providence, RI, USA"	EjRCcm9hZCBTdHJlZXQgJiBQZW5uc3lsdmFuaWEgQXZlLCBQcm92aWRlbmNlLCBSSSwgVVNBImYiZAoUChIJH-USE4lP5IkR2eJtH_oD4z4SFAoSCR_lEhOJT-SJEdnibR_6A-M-GhQKEgmD3n3VjE_kiREsosqTmEsIoxoUChIJS6ioe4lP5IkRAMg8vWOnWooiCg1YyekYFXUhb9U	41.7974616	-71.4137227	41.7974616	-71.4137227	Med	4.035231741