row_number	crash_date	crash_report_id	crash_time	collision_type	count_pedestrian	count_bicycle	scooter	wheel_chair	number_of_vehicles	street_or_highway	nearest_intersection	report_date	type_of_roadway	road_surface_condition	light_condition	weather_condition	manner_of_impact	hit_and_run	traffic_control	person_count	injury_count	most_serious_injury	number_of_lanes	lat_raw	lon_raw	has_st_number	is_intersection_null	address_sent_to_geocoder	is_address_blank	lon_api_first_try	lat_api_first_try	type	loctype	address_returned_by_geocoder	address_returned_by_autocomplete	place_ids_autocompleted	lat_api_second_try	lon_api_second_try	lat_api_best	lon_api_best	api_coord_conf	distance_btwn_coords_meters
3644	2010-07-11	34393	20:36:00	Bicycle	NA	2	FALSE	FALSE	1	STATE HWY 10 N EXIT	PONTIAC AVE	7/11/10	"Two-Way , Not Divided"	Dry	Dark - Lighted	Clear	Angle (Front - to - Side) Same Direction	"Yes, M/V and Driver Left Scene"	No Controls	2	2	Complains Of Pain	NA	41.78753	-71.43245	FALSE	FALSE	"State Hwy 10 N Exit and Pontiac Ave, Providence, RI, USA"	FALSE	-71.4335887	41.7801818	route	geometric_center	"pontiac ave, providence, ri, usa"	NA	NA	NA	NA	41.7801818	-71.4335887	Med	823.4406841
3643	2010-07-16	34824	7:53:00	Pedestrian	1	NA	FALSE	FALSE	1	JILLSON ST	EDDY ST	7/16/10	"Two-Way , Not Divided"	Wet	Daylight	Clear	Angle (Front - to - Side) Same Direction	No	Stop Signs	3	1	Complains Of Pain	NA	41.7914	-71.40344	FALSE	FALSE	"Jillson Street and Eddy Street, Providence, RI, USA"	FALSE	-71.4034455	41.7914259	intersection	geometric_center	"eddy st & jillson st, providence, ri 02905, usa"	NA	NA	NA	NA	41.7914259	-71.4034455	Med High	2.919088012
3642	2010-07-18	34961	8:54:00	Pedestrian	1	NA	FALSE	FALSE	1	HOPE ST	CYPRESS ST	7/18/10	"Two-Way , Not Divided"	Dry	Daylight	Clear	Head-On (Front - to - Front)	No	Traffic Control Signal	4	1	Non-Incapacitating	NA	41.84102	-71.39899	FALSE	FALSE	"Hope Street and Cypress Street, Providence, RI, USA"	FALSE	-71.3989614	41.8410395	intersection	geometric_center	"hope st & cypress st, providence, ri 02906, usa"	NA	NA	NA	NA	41.8410395	-71.3989614	Med High	3.215257684
3640	2010-07-20	35248	17:55:00	Bicycle	1	NA	FALSE	FALSE	1	CHALKSTONE AVE	MANTON AVE	7/21/10	"Two-Way , Not Divided"	Dry	Daylight	Clear	Not a Collision Between Two Motor Vehicles in Transport	No	No Controls	3	0	No Injury	2	41.83393	-71.46626	FALSE	FALSE	"Chalkstone Ave and Manton Ave, Providence, RI, USA"	FALSE	-71.4669005	41.8339433	intersection	geometric_center	"chalkstone ave & manton ave, providence, ri 02909, usa"	NA	NA	NA	NA	41.8339433	-71.4669005	Med High	53.14500763
3641	2010-07-20	35302	16:45:00	Bicycle	NA	1	FALSE	FALSE	1	WESTMINSTER ST	PARADE ST	7/22/10	"Two-Way , Not Divided"	Dry	Daylight	Clear	Not a Collision Between Two Motor Vehicles in Transport	No	No Controls	2	1	Non-Incapacitating	2	41.81634	-71.43354	FALSE	FALSE	"Westminster Street and Parade Street, Providence, RI, USA"	FALSE	-71.4335568	41.816359	intersection	geometric_center	"westminster st & parade st, providence, ri 02909, usa"	NA	NA	NA	NA	41.816359	-71.4335568	Med High	2.533027148
3639	2010-07-21	35223	12:50:00	Pedestrian	1	NA	FALSE	FALSE	1	CENTRAL ST	PEARL ST	7/21/10	"Two-Way , Not Divided"	Dry	Daylight	Clear	Not a Collision Between Two Motor Vehicles in Transport	No	No Controls	5	1	Non-Incapacitating	NA	41.81502	-71.42132	FALSE	FALSE	"Central Street and Pearl Street, Providence, RI, USA"	FALSE	-71.4213467	41.8150314	intersection	geometric_center	"pearl st & central st, providence, ri 02907, usa"	NA	NA	NA	NA	41.8150314	-71.4213467	Med High	2.552960898
3638	2010-07-22	35256	1:28:00	Pedestrian	1	NA	FALSE	FALSE	1	RICHMOND ST	FRIENDSHIP ST	7/22/10	One-Way Trafficway	Dry	Dark - Lighted	Cloudy	Unknown	"Yes, M/V and Driver Left Scene"	Traffic Control Signal	1	1	Non-Incapacitating	NA	41.82023	-71.41111	FALSE	FALSE	"Richmond Street and Friendship Street, Providence, RI, USA"	FALSE	-71.4111462	41.8202499	intersection	geometric_center	"richmond st & friendship st, providence, ri 02903, usa"	NA	NA	NA	NA	41.8202499	-71.4111462	Med High	3.73178835
3634	2010-07-24	35500	21:10:00	Bicycle	NA	1	FALSE	FALSE	1	BROAD ST	THURBERS AVE	7/24/10	"Two-Way , Not Divided"	Dry	Dark - Lighted	Clear	Not a Collision Between Two Motor Vehicles in Transport	No	Traffic Control Signal	3	1	Complains Of Pain	2	41.7982	-71.41467	FALSE	FALSE	"Broad Street and Thurbers Ave, Providence, RI, USA"	FALSE	-71.4072534	41.7996465	route	geometric_center	"thurbers ave, providence, ri 02905, usa"	"Broad Street & Thurbers Ave, Providence, RI, USA"	EjBCcm9hZCBTdHJlZXQgJiBUaHVyYmVycyBBdmUsIFByb3ZpZGVuY2UsIFJJLCBVU0EiZiJkChQKEgnVbsoGiU_kiRFIi3UXtPpeWRIUChIJ1W7KBolP5IkRSIt1F7T6XlkaFAoSCYPefdWMT-SJESyiypOYSwijGhQKEgkroyggYEXkiRGzStN47BclxSIKDUjm6RgVr_xu1Q	41.7982024	-71.4146641	41.7982024	-71.4146641	Med	0.557778445
3635	2010-07-24	35509	22:24:00	Pedestrian	1	NA	FALSE	FALSE	1	Broad Street	COMSTOCK AVE	7/24/10	"Two-Way , Not Divided"	Dry	Dark - Lighted	Clear	Other	"Yes, M/V and Driver Left Scene"	No Controls	1	1	Incapacitating	NA	41.80953	-71.42094	FALSE	FALSE	"Broad Street and Comstock Ave, Providence, RI, USA"	FALSE	-71.4179149	41.8090319	route	geometric_center	"comstock ave, providence, ri, usa"	"Broad Street & Comstock Ave, Providence, RI, USA"	EjBCcm9hZCBTdHJlZXQgJiBDb21zdG9jayBBdmUsIFByb3ZpZGVuY2UsIFJJLCBVU0EiZiJkChQKEgnBhOz4ekXkiREu2QiTRc26oBIUChIJwYTs-HpF5IkRLtkIk0XNuqAaFAoSCYPefdWMT-SJESyiypOYSwijGhQKEgk_IyLSekXkiREDrEVabBXk4iIKDR2f6xgV9gdu1Q	41.8094877	-71.420929	41.8094877	-71.420929	Med	4.796454348
3636	2010-07-24	35724	12:33:00	Bicycle	1	NA	FALSE	FALSE	1	MANTON AVE	CHAFFEE ST	7/24/10	"Two-Way , Not Divided"	Dry	Daylight	Cloudy	Other	"Yes, M/V and Driver Left Scene"	No Controls	2	1	Complains Of Pain	NA	41.81844	-71.44528	FALSE	FALSE	"Manton Ave and Chaffee Street, Providence, RI, USA"	FALSE	-71.4456512	41.8187415	intersection	geometric_center	"chaffee st & manton ave, providence, ri 02909, usa"	NA	NA	NA	NA	41.8187415	-71.4456512	Med High	45.55023798
3637	2010-07-24	35928	22:33:00	Bicycle	NA	1	FALSE	FALSE	1	JOHN ST	BROOK ST	7/28/10	"Two-Way , Not Divided"	Dry	Daylight	Clear	Angle (Front - to - Side) Right Angle (Includes Broadside)	No	No Controls	2	1	Complains Of Pain	NA	41.82177	-71.39849	FALSE	FALSE	"John Street and Brook Street, Providence, RI, USA"	FALSE	-71.3989869	41.825126	route	geometric_center	"brook st, providence, ri, usa"	"John Street & Brook Street, Providence, RI, USA"	Ei9Kb2huIFN0cmVldCAmIEJyb29rIFN0cmVldCwgUHJvdmlkZW5jZSwgUkksIFVTQSJmImQKFAoSCQU5vmY5ReSJEVbzSSRzY6OCEhQKEgkFOb5mOUXkiRFW80kkc2OjghoUChIJZ8pYgTNF5IkRnRQkdIVtZo0aFAoSCZtmfXI7ReSJEXWGhyEQeABoIgoNX3_tGBXZc3HV	41.8217823	-71.3985063	41.8217823	-71.3985063	Med	1.924387658
3633	2010-07-25	35599	15:11:00	Pedestrian	2	NA	FALSE	FALSE	1	CROWNINSHIELD ST	IDA ST	7/25/10	"Two-Way , Not Divided"	Dry	Daylight	Cloudy	Not a Collision Between Two Motor Vehicles in Transport	"Yes, M/V and Driver Left Scene"	No Controls	2	2	Complains Of Pain	NA	41.81777	-71.45788	FALSE	FALSE	"Crowninshield Street and Ida Street, Providence, RI, USA"	FALSE	-71.457573	41.81773	intersection	geometric_center	"crowninshield st & ida st, providence, ri 02909, usa"	NA	NA	NA	NA	41.81773	-71.457573	Med High	25.85594994
3631	2010-07-27	35730	8:35:00	Bicycle	NA	1	FALSE	FALSE	1	HARTFORD AVE	KING PHILIP ST	7/27/10	"Two-Way , Not Divided"	Dry	Daylight	Clear	Not a Collision Between Two Motor Vehicles in Transport	No	Stop Signs	3	1	Complains Of Pain	2	41.81955	-71.4656	FALSE	FALSE	"Hartford Ave and King Philip Street, Providence, RI, USA"	FALSE	-71.4656029	41.8195761	intersection	geometric_center	"hartford ave & king philip st, providence, ri 02909, usa"	NA	NA	NA	NA	41.8195761	-71.4656029	Med High	2.915382598
3632	2010-07-27	35789	17:25:00	Bicycle	NA	1	FALSE	FALSE	1	HARRIS AVE	ATWELLS AVE	7/27/10	One-Way Trafficway	Dry	Daylight	Clear	Angle (Front - to - Side) Right Angle (Includes Broadside)	No	Traffic Control Signal	4	1	Complains Of Pain	2	41.82449	-71.43538	FALSE	FALSE	"Harris Ave and Atwells Ave, Providence, RI, USA"	FALSE	-71.4354014	41.8244572	intersection	geometric_center	"atwells ave & harris ave, providence, ri 02909, usa"	NA	NA	NA	NA	41.8244572	-71.4354014	Med High	4.059957429
3630	2010-07-28	35875	9:15:00	Bicycle	NA	1	FALSE	FALSE	1	BROAD ST	PORTLAND ST	7/28/10	"Two-Way , Not Divided"	Dry	Daylight	Clear	Not a Collision Between Two Motor Vehicles in Transport	No	No Controls	3	1	Complains Of Pain	NA	41.81415	-71.4213	FALSE	FALSE	"Broad Street and Portland Street, Providence, RI, USA"	FALSE	-71.419117	41.8129799	route	geometric_center	"portland st, providence, ri 02907, usa"	"Broad Street & Portland Street, Providence, RI, USA"	EjNCcm9hZCBTdHJlZXQgJiBQb3J0bGFuZCBTdHJlZXQsIFByb3ZpZGVuY2UsIFJJLCBVU0EiZiJkChQKEgmdnxIBcUXkiRGH5-VJjW7uEBIUChIJnZ8SAXFF5IkRh-flSY1u7hAaFAoSCYPefdWMT-SJESyiypOYSwijGhQKEglhSKowcEXkiRH5umXDAdaKhCIKDfdU7BgVvvht1Q	41.8141431	-71.4213186	41.8141431	-71.4213186	Med	1.72378872
3629	2010-07-29	36058	18:52:00	Pedestrian	1	NA	FALSE	FALSE	1	DABOLL ST	BUCKLIN ST	7/29/10	"Two-Way , Not Divided"	Dry	Daylight	Clear	Not a Collision Between Two Motor Vehicles in Transport	No	No Controls	3	1	Non-Incapacitating	NA	41.80407	-71.42883	FALSE	FALSE	"Daboll Street and Bucklin Street, Providence, RI, USA"	FALSE	-71.4277277	41.804097	intersection	geometric_center	"bucklin st & daboll st, providence, ri 02907, usa"	NA	NA	NA	NA	41.804097	-71.4277277	Med High	91.51901606
3626	2010-07-30	36082	8:40:00	Bicycle	NA	1	FALSE	FALSE	2	HOPE ST	LLOYD AVE	7/30/10	"Two-Way , Not Divided"	Dry	Daylight	Clear	"Sideswipe, Same Direction"	No	No Controls	2	1	Complains Of Pain	NA	41.83131	-71.39955	FALSE	FALSE	"Hope Street and Lloyd Ave, Providence, RI, USA"	FALSE	-71.3997648	41.8315633	intersection	geometric_center	"hope st & lloyd ave, providence, ri 02906, usa"	NA	NA	NA	NA	41.8315633	-71.3997648	Med High	33.35440803
3627	2010-07-30	36115	15:04:00	Bicycle	1	NA	FALSE	FALSE	1	AMHERST ST	JULIAN ST	7/30/10	"Two-Way , Not Divided"	Dry	Daylight	Clear	Angle (Front - to - Side) Right Angle (Includes Broadside)	No	No Controls	2	1	Complains Of Pain	NA	41.82334	-71.44451	FALSE	FALSE	"Amherst Street and Julian Street, Providence, RI, USA"	FALSE	-71.4448266	41.8233443	intersection	geometric_center	"amherst st & julian st, providence, ri 02909, usa"	NA	NA	NA	NA	41.8233443	-71.4448266	Med High	26.26815965
3628	2010-07-30	36116	15:27:00	Bicycle	NA	1	FALSE	FALSE	1	LABAN ST	LAUREL HILL AVE	7/30/10	"Two-Way , Not Divided"	Dry	Daylight	Clear	Rear End(Front-to-Rear)	"Yes, M/V and Driver Left Scene"	No Controls	1	1	Complains Of Pain	2	41.81457	-71.45568	FALSE	FALSE	"Laban Street and Laurel Hill Ave, Providence, RI, USA"	FALSE	-71.455681	41.814575	intersection	geometric_center	"laurel hill ave & laban st, providence, ri 02909, usa"	NA	NA	NA	NA	41.814575	-71.455681	Med High	0.562747075
3625	2010-08-02	36348	17:30:00	Pedestrian	2	NA	FALSE	FALSE	1	ELMWOOD AVE	PRINCETON AVE	8/2/10	"Two-Way , Not Divided"	Dry	Daylight	Clear	Other	"Yes, M/V and Driver Left Scene"	No Controls	2	2	Complains Of Pain	4	41.80507	-71.4253	FALSE	FALSE	"Elmwood Ave and Princeton Ave, Providence, RI, USA"	FALSE	-71.4252446	41.8053667	intersection	geometric_center	"princeton ave & elmwood ave, providence, ri 02907, usa"	NA	NA	NA	NA	41.8053667	-71.4252446	Med High	33.34687718
3624	2010-08-03	36400	18:15:00	Bicycle	NA	1	FALSE	FALSE	1	PRINCETON AVE	BROAD ST	8/3/10	"Two-Way , Not Divided"	Dry	Daylight	Clear	Not a Collision Between Two Motor Vehicles in Transport	No	No Controls	2	1	Complains Of Pain	2	41.80547	-71.41978	FALSE	FALSE	"Princeton Ave and Broad Street, Providence, RI, USA"	FALSE	-71.419693	41.8054769	intersection	geometric_center	"princeton ave & broad st, providence, ri 02907, usa"	NA	NA	NA	NA	41.8054769	-71.419693	Med High	7.259913434
3623	2010-08-04	36587	15:05:00	Bicycle	NA	1	FALSE	FALSE	1	BROAD ST	HOMER ST	8/4/10	"Two-Way, Not Divided With a Continuous Left Turn Lane"	Dry	Daylight	Clear	Not a Collision Between Two Motor Vehicles in Transport	"Yes, M/V and Driver Left Scene"	No Controls	1	1	Non-Incapacitating	3	41.78884	-71.40402	FALSE	FALSE	"Broad Street and Homer Street, Providence, RI, USA"	FALSE	-71.4062193	41.7880624	route	geometric_center	"homer st, providence, ri 02905, usa"	"Broad Street & Homer Street, Providence, RI, USA"	EjBCcm9hZCBTdHJlZXQgJiBIb21lciBTdHJlZXQsIFByb3ZpZGVuY2UsIFJJLCBVU0EiZiJkChQKEgkR9V5l7U_kiRFRmvldABU7ORIUChIJEfVeZe1P5IkRUZr5XQAVOzkaFAoSCYPefdWMT-SJESyiypOYSwijGhQKEgkZiakz7U_kiRGt9q97hmVqdCIKDVR56BgVnptw1Q	41.7888596	-71.4040418	41.7888596	-71.4040418	Med	2.834516795
3622	2010-08-05	36644	15:15:00	Pedestrian	1	NA	FALSE	FALSE	1	BRANCH AVE	VEAZIE ST	8/5/10	"Two-Way , Not Divided"	Dry	Daylight	Cloudy	Other	"Yes, M/V and Driver Left Scene"	Stop Signs	2	1	Complains Of Pain	2	41.85472	-71.4347	FALSE	FALSE	"Branch Ave and Veazie Street, Providence, RI, USA"	FALSE	-71.4346745	41.8547389	intersection	geometric_center	"branch ave & veazie st, providence, ri 02904, usa"	NA	NA	NA	NA	41.8547389	-71.4346745	Med High	2.982778734
3619	2010-08-07	36774	11:51:00	Pedestrian	1	NA	FALSE	FALSE	1	BROAD ST	CYR ST	8/7/10	"Two-Way, Divided, Positive Median Barrier"	Dry	Daylight	Clear	Other	"Yes, M/V and Driver Left Scene"	No Controls	2	1	Non-Incapacitating	NA	41.7871	-71.40255	FALSE	FALSE	"Broad Street and Cyr Street, Providence, RI, USA"	FALSE	-71.404366	41.7862882	route	geometric_center	"cyr st, providence, ri 02905, usa"	"Broad Street & Cyr Street, Providence, RI, USA"	Ei5Ccm9hZCBTdHJlZXQgJiBDeXIgU3RyZWV0LCBQcm92aWRlbmNlLCBSSSwgVVNBImYiZAoUChIJwX0_su1P5IkR9YAmTelZ75oSFAoSCcF9P7LtT-SJEfWAJk3pWe-aGhQKEgmD3n3VjE_kiREsosqTmEsIoxoUChIJIYlF9OxP5IkR1ospOVrh4W8iCg1GL-gYFcvacNU	41.7869638	-71.4024245	41.7869638	-71.4024245	Med	18.39533595
3620	2010-08-07	36805	21:20:00	Pedestrian	1	NA	FALSE	FALSE	1	ATWELLS AVE	ACADEMY AVE	8/7/10	"Two-Way , Not Divided"	Dry	Dark - Lighted	Clear	Unknown	"Yes, M/V and Driver Left Scene"	Unknown	1	1	Non-Incapacitating	NA	41.82478	-71.44342	FALSE	FALSE	"Atwells Ave and Academy Ave, Providence, RI, USA"	FALSE	-71.4435191	41.8247997	intersection	geometric_center	"atwells ave & academy ave, providence, ri 02909, usa"	NA	NA	NA	NA	41.8247997	-71.4435191	Med High	8.508210482
3621	2010-08-07	36807	18:52:00	Pedestrian	1	NA	FALSE	FALSE	1	BROAD ST	POTTERS AVE	8/7/10	"Two-Way , Not Divided"	Dry	Daylight	Clear	Not a Collision Between Two Motor Vehicles in Transport	No	No Controls	4	1	Complains Of Pain	NA	41.80314	-71.41896	FALSE	FALSE	"Broad Street and Potters Ave, Providence, RI, USA"	FALSE	-71.4218273	41.8021016	route	geometric_center	"potters ave, providence, ri, usa"	"Broad Street & Potters Ave, Providence, RI, USA"	Ei9Ccm9hZCBTdHJlZXQgJiBQb3R0ZXJzIEF2ZSwgUHJvdmlkZW5jZSwgUkksIFVTQSJmImQKFAoSCauAkzl9ReSJEY3tO4gYhWQKEhQKEgmrgJM5fUXkiRGN7TuIGIVkChoUChIJg9591YxP5IkRLKLKk5hLCKMaFAoSCaWCY799ReSJERKc-8AFuCoEIgoNaqHqGBXTVm7V	41.802993	-71.4189101	41.802993	-71.4189101	Med	16.87973964
3618	2010-08-10	37015	16:59:00	Pedestrian	1	NA	FALSE	FALSE	1	N MAIN ST	WHITE ST	8/10/10	Unknown	Dry	Daylight	Clear	Other	No	No Controls	3	1	Complains Of Pain	NA	41.85487	-71.4004	FALSE	FALSE	"N Main Street and White Street, Providence, RI, USA"	FALSE	-71.4001394	41.855496	route	geometric_center	"white st, providence, ri, usa"	"North Main Street & White Street, Providence, RI, USA"	EjVOb3J0aCBNYWluIFN0cmVldCAmIFdoaXRlIFN0cmVldCwgUHJvdmlkZW5jZSwgUkksIFVTQSJmImQKFAoSCVsuhlLHROSJEWBPecKyaCOiEhQKEglbLoZSx0TkiRFgT3nCsmgjohoUChIJ-fpBPd5E5IkRX9etvg1cIz8aFAoSCR1ItAS7ROSJEWP65zKBtMXWIgoNUKTyGBUONHHV	41.855496	-71.4001394	41.855496	-71.4001394	Med	72.95905513
3616	2010-08-11	37205	17:32:00	Pedestrian	1	NA	FALSE	FALSE	1	HARTFORD AVE	PRIVATE PROPERTY	8/11/10	"Two-Way , Not Divided"	Dry	Daylight	Clear	Rear End(Front-to-Rear)	No	No Controls	5	1	Complains Of Pain	NA	41.82	-71.46876	FALSE	FALSE	"Hartford Ave and Private Property, Providence, RI, USA"	FALSE	-71.5081715	41.8259948	route	geometric_center	"hartford ave, rhode island, usa"	NA	NA	NA	NA	41.8259948	-71.5081715	Med	3336.840781
3617	2010-08-11	37211	19:54:00	Pedestrian	1	NA	FALSE	FALSE	1	434 MOUNT PLEASANT AVE	NA	8/11/10	"Two-Way , Not Divided"	Dry	Dark - Lighted	Clear	Angle - Direction Not Specified	No	No Controls	4	0	No Injury	NA	41.83958	-71.45195	TRUE	TRUE	"434 Mount Pleasant Ave, Providence, RI, USA"	FALSE	-71.4527604	41.8388953	premise	rooftop	"434 mt pleasant ave, providence, ri 02908, usa"	NA	NA	NA	NA	41.8388953	-71.4527604	High	101.6210193
3615	2010-08-25	38610	16:36:00	Pedestrian	1	NA	FALSE	FALSE	1	WASHINGTON ST	DORRANCE ST	8/25/10	"Two-Way, Divided, Unprotected (painted>4feet) Medium"	Wet	Daylight	Rain	Other	No	Traffic Control Signal	5	1	Non-Incapacitating	NA	41.82445	-71.41277	FALSE	FALSE	"Washington Street and Dorrance Street, Providence, RI, USA"	FALSE	-71.412777	41.8244607	intersection	geometric_center	"washington st & dorrance st, providence, ri 02903, usa"	NA	NA	NA	NA	41.8244607	-71.412777	Med High	1.325123782
3614	2010-08-26	38684	15:11:00	Pedestrian	1	NA	FALSE	FALSE	1	THAYER ST	CUSHING ST	8/26/10	One-Way Trafficway	Dry	Daylight	Clear	Rear End(Front-to-Rear)	No	No Controls	3	1	Complains Of Pain	NA	41.82961	-71.40085	FALSE	FALSE	"Thayer Street and Cushing Street, Providence, RI, USA"	FALSE	-71.4008874	41.8300326	intersection	geometric_center	"thayer st & cushing st, providence, ri 02906, usa"	NA	NA	NA	NA	41.8300326	-71.4008874	Med High	47.14579224
3612	2010-08-27	38735	11:29:00	Pedestrian	1	NA	FALSE	FALSE	1	850 MANTON AVE	NA	8/27/10	"Two-Way , Not Divided"	Dry	Daylight	Clear	Other	No	No Controls	2	1	Complains Of Pain	1	41.83371	-71.46772	TRUE	TRUE	"850 Manton Ave, Providence, RI, USA"	FALSE	-71.4659043	41.8329814	premise	rooftop	"850 manton ave, providence, ri 02909, usa"	NA	NA	NA	NA	41.8329814	-71.4659043	High	171.0512948
3613	2010-08-27	39315	8:05:00	Bicycle	NA	1	FALSE	FALSE	1	DOUGLAS AVE	WHIPPLE ST	8/27/10	"Two-Way , Not Divided"	Dry	Daylight	Clear	Angle (Front - to - Side) Right Angle (Includes Broadside)	No	No Controls	2	1	Complains Of Pain	2	41.83685	-71.42154	FALSE	FALSE	"Douglas Ave and Whipple Street, Providence, RI, USA"	FALSE	-71.4215517	41.8368745	intersection	geometric_center	"whipple st & douglas ave, providence, ri 02908, usa"	NA	NA	NA	NA	41.8368745	-71.4215517	Med High	2.894813997
3611	2010-08-28	38945	18:08:00	Bicycle	NA	1	FALSE	FALSE	1	WESTMINSTER ST	BAINBRIDGE AVE	8/29/10	"Two-Way , Not Divided"	Dry	Daylight	Clear	Not a Collision Between Two Motor Vehicles in Transport	No	No Controls	3	1	Non-Incapacitating	NA	41.81608	-71.43539	FALSE	FALSE	"Westminster Street and Bainbridge Ave, Providence, RI, USA"	FALSE	-71.4353798	41.8160929	intersection	geometric_center	"bainbridge ave & westminster st, providence, ri 02909, usa"	NA	NA	NA	NA	41.8160929	-71.4353798	Med High	1.666819654
3610	2010-08-29	39201	18:38:00	Pedestrian	1	NA	FALSE	FALSE	1	BONANZA WAY	BONANZA WAY	8/29/10	One-Way Trafficway	Dry	Daylight	Clear	Other	No	No Controls	2	1	Complains Of Pain	NA	41.8545	-71.40568	FALSE	FALSE	"Bonanza Way and Bonanza Way, Providence, RI, USA"	FALSE	-71.4065993	41.8535725	route	geometric_center	"bonanza way, providence, ri 02904, usa"	NA	NA	NA	NA	41.8535725	-71.4065993	Med	128.337529
3607	2010-08-30	39060	11:33:00	Bicycle	NA	1	FALSE	FALSE	1	Hawkins Street	Russo Street	8/30/10	One-Way Trafficway	Dry	Daylight	Clear	Angle (Front - to - Side) Right Angle (Includes Broadside)	No	No Controls	3	0	No Injury	NA	41.85119	-71.42069	FALSE	FALSE	"Hawkins Street and Russo Street, Providence, RI, USA"	FALSE	-71.4212689	41.853925	route	geometric_center	"russo st, providence, ri 02904, usa"	NA	NA	NA	NA	41.853925	-71.4212689	Med	308.2195298
3608	2010-08-30	39065	13:58:00	Pedestrian	1	NA	FALSE	FALSE	1	BROAD ST	HOUSTON ST	8/30/10	"Two-Way , Not Divided"	Dry	Daylight	Clear	Not a Collision Between Two Motor Vehicles in Transport	"Yes, M/V and Driver Left Scene"	No Controls	3	1	Complains Of Pain	2	41.79976	-71.4166	FALSE	FALSE	"Broad Street and Houston Street, Providence, RI, USA"	FALSE	-71.4153882	41.8000062	route	geometric_center	"houston st, providence, ri 02905, usa"	"Broad Street & Houston Street, Providence, RI, USA"	EjJCcm9hZCBTdHJlZXQgJiBIb3VzdG9uIFN0cmVldCwgUHJvdmlkZW5jZSwgUkksIFVTQSJmImQKFAoSCQOYcGqIT-SJER8s92wjNzhfEhQKEgkDmHBqiE_kiREfLPdsIzc4XxoUChIJg9591YxP5IkRLKLKk5hLCKMaFAoSCRlwGTSIT-SJEZvqa9E8fGiNIgoNhyPqGBUasW7V	41.7997703	-71.416599	41.7997703	-71.416599	Med	1.149589965
3609	2010-08-30	39183	12:55:00	Bicycle	NA	1	FALSE	FALSE	1	WHITFORD AVE	NELSON ST	8/31/10	"Two-Way , Not Divided"	Dry	Daylight	Clear	Other	No	No Controls	3	1	Non-Incapacitating	2	41.83897	-71.44329	FALSE	FALSE	"Whitford Ave and Nelson Street, Providence, RI, USA"	FALSE	-71.4438709	41.8389883	intersection	geometric_center	"whitford ave & nelson st, providence, ri 02908, usa"	NA	NA	NA	NA	41.8389883	-71.4438709	Med High	48.22028916
3606	2010-09-01	39420	21:10:00	Pedestrian	1	NA	FALSE	FALSE	1	PUBLIC ST	BROAD ST	9/1/10	"Two-Way , Not Divided"	Dry	Dark - Lighted	Clear	Not a Collision Between Two Motor Vehicles in Transport	No	Traffic Control Signal	2	1	Complains Of Pain	NA	41.80442	-71.41935	FALSE	FALSE	"Public Street and Broad Street, Providence, RI, USA"	FALSE	-71.4193596	41.804449	intersection	geometric_center	"public st & broad st, providence, ri 02907, usa"	NA	NA	NA	NA	41.804449	-71.4193596	Med High	3.325099214
3605	2010-09-02	39508	16:04:00	Pedestrian	1	NA	FALSE	FALSE	1	BENTON ST	APPLETON ST	9/2/10	"Two-Way , Not Divided"	Dry	Daylight	Clear	Not a Collision Between Two Motor Vehicles in Transport	"Yes, M/V and Driver Left Scene"	No Controls	1	1	Complains Of Pain	NA	41.82028	-71.44403	FALSE	FALSE	"Benton Street and Appleton Street, Providence, RI, USA"	FALSE	-71.444023	41.8202859	intersection	geometric_center	"appleton st & benton st, providence, ri 02909, usa"	NA	NA	NA	NA	41.8202859	-71.444023	Med High	0.876698414
3604	2010-09-03	39542	8:34:00	Pedestrian	1	NA	FALSE	FALSE	1	DOUGLAS AVE	CONCANNON ST	9/3/10	"Two-Way, Divided, Unprotected (painted>4feet) Medium"	Dry	Daylight	Clear	Not a Collision Between Two Motor Vehicles in Transport	No	No Controls	3	1	Non-Incapacitating	NA	41.85336	-71.43806	FALSE	FALSE	"Douglas Ave and Concannon Street, Providence, RI, USA"	FALSE	-71.4379379	41.8532862	intersection	geometric_center	"concannon st & douglas ave, providence, ri 02904, usa"	NA	NA	NA	NA	41.8532862	-71.4379379	Med High	13.03805868
3603	2010-09-04	39754	14:42:00	Bicycle	NA	1	FALSE	FALSE	1	GLENBRIDGE AVE	BARBARA ST	9/4/10	"Two-Way , Not Divided"	Dry	Daylight	Clear	Angle (Front - to - Side) Right Angle (Includes Broadside)	No	Stop Signs	3	1	Complains Of Pain	2	41.82086	-71.46099	FALSE	FALSE	"Glenbridge Ave and Barbara Street, Providence, RI, USA"	FALSE	-71.4609597	41.8208627	intersection	geometric_center	"glenbridge ave & barbara st, providence, ri 02909, usa"	NA	NA	NA	NA	41.8208627	-71.4609597	Med High	2.531562965
3601	2010-09-06	39997	17:37:00	Bicycle	NA	1	FALSE	FALSE	1	S MAIN ST	PACKET ST	9/6/10	One-Way Trafficway	Dry	Daylight	Clear	Unknown	No	No Controls	3	1	Complains Of Pain	NA	41.82394	-71.40661	FALSE	FALSE	"S Main Street and Packet Street, Providence, RI, USA"	FALSE	-71.4128343	41.8239891	locality	approximate	"providence, ri, usa"	NA	NA	NA	NA	41.8239891	-71.4128343	Med	516.3655318
3602	2010-09-06	40999	22:08:00	Bicycle	NA	1	FALSE	FALSE	1	Point ST	RICHMOND ST	9/7/10	"Two-Way , Not Divided"	Dry	Dark - Lighted	Clear	Not a Collision Between Two Motor Vehicles in Transport	No	No Controls	3	1	Non-Incapacitating	NA	41.81656	-71.40725	FALSE	FALSE	"Point Street and Richmond Street, Providence, RI, USA"	FALSE	-71.407245	41.8165589	intersection	geometric_center	"point st & richmond st, providence, ri 02903, usa"	NA	NA	NA	NA	41.8165589	-71.407245	Med High	0.43251857