row_number	crash_date	crash_report_id	crash_time	collision_type	count_pedestrian	count_bicycle	scooter	wheel_chair	number_of_vehicles	street_or_highway	nearest_intersection	report_date	type_of_roadway	road_surface_condition	light_condition	weather_condition	manner_of_impact	hit_and_run	traffic_control	person_count	injury_count	most_serious_injury	number_of_lanes	lat_raw	lon_raw	has_st_number	is_intersection_null	address_sent_to_geocoder	is_address_blank	lon_api_first_try	lat_api_first_try	type	loctype	address_returned_by_geocoder	address_returned_by_autocomplete	place_ids_autocompleted	lat_api_second_try	lon_api_second_try	lat_api_best	lon_api_best	api_coord_conf	distance_btwn_coords_meters
3600	2010-09-07	40100	19:16:00	Pedestrian	2	NA	FALSE	FALSE	1	316 Pocasset Ave.	UNION AVE	9/7/10	"Two-Way , Not Divided"	Dry	Dark - Lighted	Clear	Rear - to - Side	No	No Controls	3	2	Complains Of Pain	NA	41.80617	-71.45729	TRUE	FALSE	"316 Pocasset Ave., Providence, RI, USA"	FALSE	-71.4569961	41.8062141	street_address	rooftop	"316 pocasset ave, providence, ri 02909, usa"	NA	NA	NA	NA	41.8062141	-71.4569961	High	24.87643832
3599	2010-09-13	40631	8:07:00	Pedestrian	5	NA	FALSE	FALSE	1	SMITH ST	PEMBROKE AVE	9/13/10	"Two-Way , Not Divided"	Dry	Daylight	Cloudy	Other	No	No Controls	7	1	Complains Of Pain	NA	41.83657	-71.43125	FALSE	FALSE	"Smith Street and Pembroke Ave, Providence, RI, USA"	FALSE	-71.4312435	41.8365916	intersection	geometric_center	"smith st & pembroke ave, providence, ri 02908, usa"	NA	NA	NA	NA	41.8365916	-71.4312435	Med High	2.464194591
3597	2010-09-14	40750	20:30:00	Pedestrian	1	NA	FALSE	FALSE	1	CAMDEN AVE	CHALKSTONE AVE	9/14/10	One-Way Trafficway	Dry	Dark - Lighted	Clear	Not a Collision Between Two Motor Vehicles in Transport	"Yes, M/V and Driver Left Scene"	No Controls	2	1	Complains Of Pain	NA	41.83604	-71.42562	FALSE	FALSE	"Camden Ave and Chalkstone Ave, Providence, RI, USA"	FALSE	-71.4253488	41.835296	intersection	geometric_center	"chalkstone ave & camden ave, providence, ri 02908, usa"	NA	NA	NA	NA	41.835296	-71.4253488	Med High	85.82180129
3598	2010-09-14	40779	15:35:00	Bicycle	1	NA	FALSE	FALSE	1	SORRENTO ST	ALTHEA ST	9/14/10	"Two-Way , Not Divided"	Dry	Daylight	Clear	Angle (Front - to - Side) Right Angle (Includes Broadside)	"Yes, M/V and Driver Left Scene"	No Controls	1	1	Non-Incapacitating	NA	41.80854	-71.43678	FALSE	FALSE	"Sorrento Street and Althea Street, Providence, RI, USA"	FALSE	-71.4367683	41.8085765	intersection	geometric_center	"sorrento st & althea st, providence, ri 02909, usa"	NA	NA	NA	NA	41.8085765	-71.4367683	Med High	4.177528715
3594	2010-09-15	40808	7:27:00	Pedestrian	1	NA	FALSE	FALSE	1	STOKES ST	WESTMINSTER ST	9/15/10	"Two-Way , Not Divided"	Dry	Daylight	Clear	Head-On (Front - to - Front)	No	No Controls	6	1	Fatal	3	41.81673	-71.44282	FALSE	FALSE	"Stokes Street and Westminster Street, Providence, RI, USA"	FALSE	-71.4428116	41.8167431	intersection	geometric_center	"westminster st & stokes st, providence, ri 02909, usa"	NA	NA	NA	NA	41.8167431	-71.4428116	Med High	1.616250674
3595	2010-09-15	40857	15:23:00	Pedestrian	1	NA	FALSE	FALSE	1	PRAIRIE AVE	ELMA ST	9/15/10	"Two-Way , Not Divided"	Dry	Daylight	Clear	Unknown	No	No Controls	3	1	Complains Of Pain	NA	41.79712	-71.41122	FALSE	FALSE	"Prairie Ave and Elma Street, Providence, RI, USA"	FALSE	-71.4112689	41.7972648	intersection	geometric_center	"elma st & prairie ave, providence, ri 02905, usa"	NA	NA	NA	NA	41.7972648	-71.4112689	Med High	16.62206677
3596	2010-09-15	40858	18:03:00	Bicycle	NA	1	FALSE	FALSE	1	IVES ST	E MANNING ST	9/15/10	"Two-Way , Not Divided"	Dry	Daylight	Clear	Angle (Front - to - Side) Right Angle (Includes Broadside)	No	Stop Signs	2	1	Non-Incapacitating	2	41.82703	-71.39282	FALSE	FALSE	"Ives Street and E Manning Street, Providence, RI, USA"	FALSE	-71.392795	41.8270406	intersection	geometric_center	"ives st & e manning st, providence, ri 02906, usa"	NA	NA	NA	NA	41.8270406	-71.392795	Med High	2.385981971
3593	2010-09-17	41099	13:55:00	Bicycle	NA	1	FALSE	FALSE	2	BROADWAY	DEAN ST	9/17/10	"Two-Way, Divided, Unprotected (painted>4feet) Medium"	Dry	Daylight	Clear	Other	No	Traffic Control Signal	3	1	Complains Of Pain	2	41.8214	-71.42253	FALSE	FALSE	"Broadway and Dean Street, Providence, RI, USA"	FALSE	-71.4242155	41.8234078	route	geometric_center	"dean st, providence, ri, usa"	"Broadway & Dean Street, Providence, RI, USA"	EitCcm9hZHdheSAmIERlYW4gU3RyZWV0LCBQcm92aWRlbmNlLCBSSSwgVVNBImYiZAoUChIJCcRZtQxF5IkRWJynngBsfzMSFAoSCQnEWbUMReSJEVicp54AbH8zGhQKEgmlteWGdUXkiREawjOx16RvsxoUChIJWwZsfgxF5IkRyLSf36DnQOQiCg38cO0YFWLJbdU	41.821414	-71.422531	41.821414	-71.422531	Med	1.560679265
3592	2010-09-18	41236	23:04:00	Bicycle	NA	1	FALSE	FALSE	1	GEORGE ST	THAYER ST	9/19/10	"Two-Way , Not Divided"	Dry	Dark - Lighted	Clear	Head-On (Front - to - Front)	"Yes, M/V and Driver Left Scene"	Stop Signs	4	1	Complains Of Pain	2	41.82553	-71.40037	FALSE	FALSE	"George Street and Thayer Street, Providence, RI, USA"	FALSE	-71.4005135	41.8268796	route	geometric_center	"thayer st, providence, ri, usa"	"George Street & Thayer Street, Providence, RI, USA"	EjJHZW9yZ2UgU3RyZWV0ICYgVGhheWVyIFN0cmVldCwgUHJvdmlkZW5jZSwgUkksIFVTQSJmImQKFAoSCUdpPp08ReSJEcUiisIDcbH9EhQKEglHaT6dPEXkiRHFIorCA3Gx_RoUChIJx-okYztF5IkRsmeONi5JlGUaFAoSCVG076s8ReSJEZJMNfXilGkAIgoNUhLuGBV7K3HV	41.8255442	-71.4003589	41.8255442	-71.4003589	Med	1.829360538
3591	2010-09-19	41247	14:00:00	Bicycle	NA	1	FALSE	FALSE	1	BLACKSTONE BLVD	ROCHAMBEAU AVE	9/19/10	One-Way Trafficway	Dry	Daylight	Clear	Angle (Front - to - Side) Right Angle (Includes Broadside)	No	Stop Signs	2	1	Complains Of Pain	NA	41.84554	-71.38722	FALSE	FALSE	"Blackstone Blvd and Rochambeau Ave, Providence, RI, USA"	FALSE	-71.3867339	41.8455643	intersection	geometric_center	"blackstone blvd & rochambeau ave, providence, ri 02906, usa"	NA	NA	NA	NA	41.8455643	-71.3867339	Med High	40.40147093
3588	2010-09-20	41336	17:07:00	Bicycle	NA	1	FALSE	FALSE	1	NELLIE ST	SELKIRK ST	9/20/10	"Two-Way , Not Divided"	Dry	Daylight	Clear	"Sidwswipe, Opposite Direction"	No	No Controls	2	1	Complains Of Pain	NA	41.85738	-71.41087	FALSE	FALSE	"Nellie Street and Selkirk Street, Providence, RI, USA"	FALSE	-71.4104032	41.8576772	route	geometric_center	"selkirk st, providence, ri 02860, usa"	NA	NA	NA	NA	41.8576772	-71.4104032	Med	50.91649057
3589	2010-09-20	41337	17:13:00	Pedestrian	1	NA	FALSE	FALSE	1	507 Public st.	NA	9/20/10	"Two-Way , Not Divided"	Dry	Daylight	Clear	Head-On (Front - to - Front)	No	No Controls	4	1	Incapacitating	NA	41.82357	-71.47113	TRUE	TRUE	"507 Public St., Providence, RI, USA"	FALSE	-71.4184731	41.8049047	street_address	range_interpolated	"507 public st, providence, ri 02907, usa"	NA	NA	NA	NA	41.8049047	-71.4184731	High	4837.752009
3590	2010-09-20	41355	15:21:00	Pedestrian	1	NA	FALSE	FALSE	1	OAKLAND AVE	SMITH ST	9/20/10	"Two-Way , Not Divided"	Dry	Daylight	Clear	Not a Collision Between Two Motor Vehicles in Transport	No	Traffic Control Signal	2	1	Incapacitating	NA	41.83623	-71.43046	FALSE	FALSE	"Oakland Ave and Smith Street, Providence, RI, USA"	FALSE	-71.430455	41.8362474	intersection	geometric_center	"oakland ave & smith st, providence, ri 02908, usa"	NA	NA	NA	NA	41.8362474	-71.430455	Med High	1.980854086
3584	2010-09-23	41523	6:31:00	Pedestrian	1	NA	FALSE	FALSE	1	WASHINGTON ST	EMPIRE ST	9/23/10	One-Way Trafficway	Dry	Daylight	Clear	Not a Collision Between Two Motor Vehicles in Transport	No	Traffic Control Signal	4	1	Incapacitating	NA	41.82181	-71.41647	FALSE	FALSE	"Washington Street and Empire Street, Providence, RI, USA"	FALSE	-71.4157797	41.821349	route	geometric_center	"empire st, providence, ri 02903, usa"	"Washington Street & Empire Street, Providence, RI, USA"	EjZXYXNoaW5ndG9uIFN0cmVldCAmIEVtcGlyZSBTdHJlZXQsIFByb3ZpZGVuY2UsIFJJLCBVU0EiZiJkChQKEgmNpp3sEkXkiRHnvAEsqcaDvRIUChIJjaad7BJF5IkR57wBLKnGg70aFAoSCanazZwSReSJERoH0JajEjT2GhQKEgnHPO_pEkXkiRGhxI4iuiomFSIKDWmC7RgVI7hu1Q	41.8218601	-71.4164189	41.8218601	-71.4164189	Med	7.00531392
3585	2010-09-23	41556	9:00:00	Bicycle	NA	1	FALSE	FALSE	1	WASHINGTON ST	DEAN ST	9/23/10	"Two-Way, Divided, Unprotected (painted>4feet) Medium"	Dry	Daylight	Clear	Head-On (Front - to - Front)	No	Stop Signs	6	1	Complains Of Pain	NA	41.81907	-71.42074	FALSE	FALSE	"Washington Street and Dean Street, Providence, RI, USA"	FALSE	-71.4242155	41.8234078	route	geometric_center	"dean st, providence, ri, usa"	"Washington Street & Dean Street, Providence, RI, USA"	EjRXYXNoaW5ndG9uIFN0cmVldCAmIERlYW4gU3RyZWV0LCBQcm92aWRlbmNlLCBSSSwgVVNBImYiZAoUChIJxd5n_HJF5IkR0-x289HvkKESFAoSCcXeZ_xyReSJEdPsdvPR75ChGhQKEgmp2s2cEkXkiREaB9CWoxI09hoUChIJWwZsfgxF5IkRyLSf36DnQOQiCg0wFu0YFTgPbtU	41.8190896	-71.4207432	41.8190896	-71.4207432	Med	2.197953469
3586	2010-09-23	41599	15:34:00	Pedestrian	1	NA	FALSE	FALSE	1	N MAIN ST	OLNEY ST	9/23/10	One-Way Trafficway	Dry	Daylight	Clear	Not a Collision Between Two Motor Vehicles in Transport	No	Traffic Control Signal	2	1	Complains Of Pain	NA	41.83508	-71.40982	FALSE	FALSE	"N Main Street and Olney Street, Providence, RI, USA"	FALSE	-71.4030852	41.8356978	route	geometric_center	"olney st, providence, ri, usa"	"North Main Street & Olney Street, Providence, RI, USA"	EjVOb3J0aCBNYWluIFN0cmVldCAmIE9sbmV5IFN0cmVldCwgUHJvdmlkZW5jZSwgUkksIFVTQSJmImQKFAoSCecyguceReSJEZoaCA_vhqGHEhQKEgnnMoLnHkXkiRGaGggP74ahhxoUChIJ-fpBPd5E5IkRX9etvg1cIz8aFAoSCQX4NfkgReSJEcWuz-GfMl1QIgoNEYfvGBVWum_V	41.8350865	-71.409809	41.8350865	-71.409809	Med	1.164447831
3587	2010-09-23	41713	16:51:00	Pedestrian	1	NA	FALSE	FALSE	1	ATLANTIC AVE	BROAD ST	9/23/10	"Two-Way , Not Divided"	Dry	Daylight	Clear	Not a Collision Between Two Motor Vehicles in Transport	No	No Controls	2	1	Complains Of Pain	2	41.79901	-71.41739	FALSE	FALSE	"Atlantic Ave and Broad Street, Providence, RI, USA"	FALSE	-71.4161381	41.7994012	intersection	geometric_center	"atlantic ave & broad st, providence, ri 02907, usa"	NA	NA	NA	NA	41.7994012	-71.4161381	Med High	112.6493781
3583	2010-09-24	41689	19:34:00	Bicycle	NA	1	FALSE	FALSE	2	HOPE ST	GLENDALE AVE	9/24/10	"Two-Way , Not Divided"	Dry	Dark - Lighted	Cloudy	Rear End(Front-to-Rear)	No	No Controls	4	1	Non-Incapacitating	NA	41.84739	-71.39582	FALSE	FALSE	"Hope Street and Glendale Ave, Providence, RI, USA"	FALSE	-71.3958007	41.8474356	intersection	geometric_center	"hope st & glendale ave, providence, ri 02906, usa"	NA	NA	NA	NA	41.8474356	-71.3958007	Med High	5.322491126
3580	2010-09-25	41724	3:11:00	Pedestrian	1	NA	FALSE	FALSE	1	LABAN ST	WEBSTER AVE	9/25/10	"Two-Way , Not Divided"	Dry	Dark - Lighted	Clear	Not a Collision Between Two Motor Vehicles in Transport	"Yes, Driver Left Scene"	Stop Signs	1	1	Complains Of Pain	NA	41.81502	-71.45106	FALSE	FALSE	"Laban Street and Webster Ave, Providence, RI, USA"	FALSE	-71.4510569	41.815025	intersection	geometric_center	"webster ave & laban st, providence, ri 02909, usa"	NA	NA	NA	NA	41.815025	-71.4510569	Med High	0.613148161
3581	2010-09-25	41740	8:43:00	Pedestrian	1	NA	FALSE	FALSE	1	CHALKSTONE AVE	ACADEMY AVE	9/25/10	"Two-Way , Not Divided"	Dry	Daylight	Cloudy	Other	No	No Controls	3	1	Complains Of Pain	2	41.83241	-71.44431	FALSE	FALSE	"Chalkstone Ave and Academy Ave, Providence, RI, USA"	FALSE	-71.4445249	41.8324538	intersection	geometric_center	"academy ave & chalkstone ave, providence, ri 02908, usa"	NA	NA	NA	NA	41.8324538	-71.4445249	Med High	18.47950318
3582	2010-09-25	43893	12:00:00	Pedestrian	1	NA	FALSE	FALSE	1	THAYER ST	CUSHING ST	9/25/10	One-Way Trafficway	Dry	Daylight	Clear	Other	No	No Controls	2	1	Incapacitating	NA	41.83003	-71.4009	FALSE	FALSE	"Thayer Street and Cushing Street, Providence, RI, USA"	FALSE	-71.4008874	41.8300326	intersection	geometric_center	"thayer st & cushing st, providence, ri 02906, usa"	NA	NA	NA	NA	41.8300326	-71.4008874	Med High	1.084469567
3579	2010-09-29	42161	19:59:00	Pedestrian	1	NA	FALSE	FALSE	1	12 harvard ave	NA	9/29/10	"Two-Way , Not Divided"	Dry	Dark - Lighted	Clear	Not a Collision Between Two Motor Vehicles in Transport	"Yes, Driver Left Scene"	No Controls	2	1	Incapacitating	NA	41.80044	-71.40304	TRUE	TRUE	"12 Harvard Ave, Providence, RI, USA"	FALSE	-71.4183719	41.8085174	street_address	rooftop	"12 harvard ave, providence, ri 02907, usa"	NA	NA	NA	NA	41.8085174	-71.4183719	High	1557.920353
3574	2010-10-01	42284	12:28:00	Pedestrian	1	NA	FALSE	FALSE	1	VALLEY ST	BARSTOW ST	10/1/10	"Two-Way, Divided, Unprotected (painted>4feet) Medium"	Wet	Daylight	Rain	"Sideswipe, Same Direction"	No	No Controls	6	1	Complains Of Pain	NA	41.82429	-71.43954	FALSE	FALSE	"Valley Street and Barstow Street, Providence, RI, USA"	FALSE	-71.4395871	41.8241707	intersection	geometric_center	"valley st & barstow st, providence, ri 02909, usa"	NA	NA	NA	NA	41.8241707	-71.4395871	Med High	13.84324203
3575	2010-10-01	42399	21:47:00	Pedestrian	2	NA	FALSE	FALSE	1	EXCHANGE ST	WASHINGTON ST	10/1/10	"Two-Way, Divided, Unprotected (painted>4feet) Medium"	Wet	Dark - Unknown Lighting	Clear	Not a Collision Between Two Motor Vehicles in Transport	No	No Controls	5	2	Complains Of Pain	NA	41.8259	-71.41129	FALSE	FALSE	"Exchange Street and Washington Street, Providence, RI, USA"	FALSE	-71.4110379	41.8257255	intersection	geometric_center	"exchange st & washington st, providence, ri 02903, usa"	NA	NA	NA	NA	41.8257255	-71.4110379	Med High	28.54236319
3576	2010-10-01	42460	14:55:00	Pedestrian	1	NA	FALSE	FALSE	1	VEAZIE ST	DOUGLAS AVE	10/2/10	"Two-Way , Not Divided"	Dry	Daylight	Clear	Not a Collision Between Two Motor Vehicles in Transport	"Yes, M/V and Driver Left Scene"	No Controls	2	1	Complains Of Pain	NA	41.85052	-71.43416	FALSE	FALSE	"Veazie Street and Douglas Ave, Providence, RI, USA"	FALSE	-71.4341761	41.8505578	intersection	geometric_center	"douglas ave & veazie st, providence, ri 02904, usa"	NA	NA	NA	NA	41.8505578	-71.4341761	Med High	4.41457886
3577	2010-10-01	42470	17:05:00	Pedestrian	1	NA	FALSE	FALSE	1	FELIX ST	CHALKSTONE AVE	10/2/10	"Two-Way , Not Divided"	Dry	Daylight	Clear	Unknown	No	Stop Signs	5	1	Complains Of Pain	NA	41.83457	-71.42839	FALSE	FALSE	"Felix Street and Chalkstone Ave, Providence, RI, USA"	FALSE	-71.4283949	41.8345788	intersection	geometric_center	"felix st & chalkstone ave, providence, ri 02908, usa"	NA	NA	NA	NA	41.8345788	-71.4283949	Med High	1.06057033
3578	2010-10-01	46119	23:22:00	Pedestrian	1	NA	FALSE	FALSE	1	HARRIS AVE	EXIT 22C	10/2/10	"Two-Way , Not Divided"	Wet	Dark - Not Lighted	Rain	Head-On (Front - to - Front)	No	No Controls	3	1	Complains Of Pain	NA	41.82705	-71.42369	FALSE	FALSE	"Harris Ave and Exit 22c, Providence, RI, USA"	FALSE	-71.4128343	41.8239891	locality	approximate	"providence, ri, usa"	NA	NA	NA	NA	41.8239891	-71.4128343	Med	962.8212665
3572	2010-10-02	42459	18:57:00	Pedestrian	1	NA	FALSE	FALSE	1	WESTMINSTER ST	STOKES ST	10/2/10	"Two-Way, Divided, Unprotected (painted>4feet) Medium"	Dry	Dark - Lighted	Clear	Not a Collision Between Two Motor Vehicles in Transport	No	No Controls	2	1	Complains Of Pain	NA	41.8167	-71.44258	FALSE	FALSE	"Westminster Street and Stokes Street, Providence, RI, USA"	FALSE	-71.4428116	41.8167431	intersection	geometric_center	"westminster st & stokes st, providence, ri 02909, usa"	NA	NA	NA	NA	41.8167431	-71.4428116	Med High	19.8045006
3573	2010-10-02	42517	16:53:00	Pedestrian	1	NA	FALSE	FALSE	1	PLAINFIELD ST	ROUTE 6 WEST EXIT	10/3/10	"Two-Way , Not Divided"	Dry	Daylight	Clear	Head-On (Front - to - Front)	No	No Controls	3	1	Non-Incapacitating	NA	41.81461	-71.44678	FALSE	FALSE	"Plainfield Street and Route 6 West Exit, Providence, RI, USA"	FALSE	-71.4439495	41.8166485	street_address	range_interpolated	"6 plainfield st, providence, ri 02909, usa"	NA	NA	NA	NA	41.8166485	-71.4439495	Med High	326.5610907
3570	2010-10-03	42510	16:32:00	Pedestrian	1	NA	FALSE	FALSE	1	BATH ST	ORMS ST	10/3/10	"Two-Way , Not Divided"	Dry	Daylight	Clear	Not a Collision Between Two Motor Vehicles in Transport	No	No Controls	3	1	Non-Incapacitating	NA	41.8335	-71.42554	FALSE	FALSE	"Bath Street and Orms Street, Providence, RI, USA"	FALSE	-71.4254527	41.8332163	intersection	geometric_center	"bath st & orms st, providence, ri 02908, usa"	NA	NA	NA	NA	41.8332163	-71.4254527	Med High	32.40079826
3571	2010-10-03	43336	2:00:00	Pedestrian	1	NA	FALSE	FALSE	1	HANOVER STREET	ELMWOOD AVE	10/12/10	Unknown	Unknown	Unknown	Clear	Not a Collision Between Two Motor Vehicles in Transport	"Yes, M/V and Driver Left Scene"	No Controls	1	1	Incapacitating	NA	41.80763	-71.4248	FALSE	FALSE	"Hanover Street and Elmwood Ave, Providence, RI, USA"	FALSE	-71.4248101	41.8076452	intersection	geometric_center	"hanover st & elmwood ave, providence, ri 02907, usa"	NA	NA	NA	NA	41.8076452	-71.4248101	Med High	1.888225864
3568	2010-10-04	42539	8:09:00	Bicycle	NA	1	FALSE	FALSE	1	HOPE ST	CUSHING ST	10/4/10	"Two-Way , Not Divided"	Wet	Daylight	Rain	"Sideswipe, Same Direction"	No	No Controls	2	1	Complains Of Pain	NA	41.83013	-71.39868	FALSE	FALSE	"Hope Street and Cushing Street, Providence, RI, USA"	FALSE	-71.3987121	41.8301906	intersection	geometric_center	"hope st & cushing st, providence, ri 02906, usa"	NA	NA	NA	NA	41.8301906	-71.3987121	Med High	7.252407409
3569	2010-10-04	42586	18:37:00	Pedestrian	1	NA	FALSE	FALSE	1	CARLETON ST	CHALKSTONE AVE	10/4/10	"Two-Way , Not Divided"	Wet	Dark - Lighted	Rain	Not a Collision Between Two Motor Vehicles in Transport	No	No Controls	2	1	Complains Of Pain	2	41.83284	-71.44811	FALSE	FALSE	"Carleton Street and Chalkstone Ave, Providence, RI, USA"	FALSE	-71.44811	41.8328835	intersection	geometric_center	"carleton st & chalkstone ave, providence, ri 02908, usa"	NA	NA	NA	NA	41.8328835	-71.44811	Med High	4.84239785
3565	2010-10-09	43123	17:08:00	Bicycle	NA	1	FALSE	FALSE	1	BLACKSTONE BLVD.	IRVING AVE.	10/9/10	One-Way Trafficway	Dry	Daylight	Clear	Not a Collision Between Two Motor Vehicles in Transport	No	Stop Signs	2	1	Non-Incapacitating	1	41.83413	-71.38419	FALSE	FALSE	"Blackstone Blvd. and Irving Ave., Providence, RI, USA"	FALSE	-71.3837393	41.8342209	intersection	geometric_center	"irving ave & blackstone blvd, providence, ri 02906, usa"	NA	NA	NA	NA	41.8342209	-71.3837393	Med High	38.72718681
3566	2010-10-09	43142	12:53:00	Pedestrian	1	NA	FALSE	FALSE	1	HOPE ST	9TH ST	10/9/10	"Two-Way, Divided, Unprotected (painted>4feet) Medium"	Dry	Daylight	Clear	Other	No	No Controls	4	1	Complains Of Pain	NA	41.85375	-71.39269	FALSE	FALSE	"Hope Street and 9th Street, Providence, RI, USA"	FALSE	-71.3927912	41.8535731	intersection	geometric_center	"hope st & 9th st, providence, ri 02906, usa"	NA	NA	NA	NA	41.8535731	-71.3927912	Med High	21.40566947
3567	2010-10-09	46164	21:48:00	Bicycle	NA	1	FALSE	FALSE	1	WASHINGTON ST	EMPIRE ST	11/9/10	"Two-Way , Not Divided"	Dry	Dark - Lighted	Clear	"Sidwswipe, Opposite Direction"	No	Traffic Control Signal	3	1	Complains Of Pain	2	41.82182	-71.41645	FALSE	FALSE	"Washington Street and Empire Street, Providence, RI, USA"	FALSE	-71.4157797	41.821349	route	geometric_center	"empire st, providence, ri 02903, usa"	"Washington Street & Empire Street, Providence, RI, USA"	EjZXYXNoaW5ndG9uIFN0cmVldCAmIEVtcGlyZSBTdHJlZXQsIFByb3ZpZGVuY2UsIFJJLCBVU0EiZiJkChQKEgmNpp3sEkXkiRHnvAEsqcaDvRIUChIJjaad7BJF5IkR57wBLKnGg70aFAoSCanazZwSReSJERoH0JajEjT2GhQKEgnHPO_pEkXkiRGhxI4iuiomFSIKDWmC7RgVI7hu1Q	41.8218601	-71.4164189	41.8218601	-71.4164189	Med	5.155853918
3564	2010-10-10	44055	15:05:00	Pedestrian	1	NA	FALSE	FALSE	1	MASSACHUSETTS AVE	NARRAGANSETT BLVD	10/14/10	"Two-Way , Not Divided"	Dry	Daylight	Clear	Not a Collision Between Two Motor Vehicles in Transport	No	Stop Signs	2	1	Complains Of Pain	NA	41.78756	-71.39551	FALSE	FALSE	"Massachusetts Ave and Narragansett Blvd, Providence, RI, USA"	FALSE	-71.3955134	41.7875704	intersection	geometric_center	"massachusetts ave & narragansett blvd, providence, ri 02905, usa"	NA	NA	NA	NA	41.7875704	-71.3955134	Med High	1.191621899
3563	2010-10-11	43247	15:12:00	Bicycle	NA	1	FALSE	FALSE	1	BLACKSTONE BLVD	WINFIELD RD	10/11/10	One-Way Trafficway	Dry	Daylight	Clear	Not a Collision Between Two Motor Vehicles in Transport	No	No Controls	2	1	Incapacitating	NA	41.85359	-71.38978	FALSE	FALSE	"Blackstone Blvd and Winfield Rd, Providence, RI, USA"	FALSE	-71.3897972	41.8536526	intersection	geometric_center	"winfield rd & blackstone blvd, providence, ri 02906, usa"	NA	NA	NA	NA	41.8536526	-71.3897972	Med High	7.113039609
3562	2010-10-14	43738	14:23:00	Pedestrian	1	NA	FALSE	FALSE	1	10 Arch Street	ELMWOOD AVE	10/15/10	"Two-Way , Not Divided"	Dry	Daylight	Clear	Other	"Yes, M/V and Driver Left Scene"	Traffic Control Signal	1	0	No Injury	NA	41.81207	-71.42258	TRUE	FALSE	"10 Arch Street, Providence, RI, USA"	FALSE	-71.4233732	41.8119219	premise	rooftop	"10 arch st, providence, ri 02907, usa"	NA	NA	NA	NA	41.8119219	-71.4233732	High	67.84574244
3561	2010-10-16	43672	1:45:00	Pedestrian	1	NA	FALSE	FALSE	1	ALLENS AVE	ALLENS AVE EXIT	10/16/10	"Two-Way , Not Divided"	Dry	Dark - Lighted	Clear	Not a Collision Between Two Motor Vehicles in Transport	"Yes, M/V and Driver Left Scene"	No Controls	3	0	No Injury	NA	41.8003	-71.4002	FALSE	FALSE	"Allens Ave and Allens Ave Exit, Providence, RI, USA"	FALSE	-71.4014192	41.8030664	route	geometric_center	"allens ave, providence, ri, usa"	NA	NA	NA	NA	41.8030664	-71.4014192	Med	324.1480655
3560	2010-10-19	43930	16:58:00	Bicycle	NA	1	FALSE	FALSE	1	JILLSON ST	OCONNOR ST	10/19/10	"Two-Way , Not Divided"	Dry	Daylight	Clear	Angle (Front - to - Side) Right Angle (Includes Broadside)	No	No Controls	2	1	Complains Of Pain	NA	41.7912	-71.40474	FALSE	FALSE	"Jillson Street and Oconnor Street, Providence, RI, USA"	FALSE	-71.4053172	41.791133	intersection	geometric_center	"o'connor st & jillson st, providence, ri 02905, usa"	NA	NA	NA	NA	41.791133	-71.4053172	Med High	48.48324216
3559	2010-10-21	44114	13:22:00	Bicycle	NA	1	FALSE	FALSE	1	NIANTIC AVE	CRANSTON ST	10/22/10	"Two-Way, Divided, Unprotected (painted>4feet) Medium"	Dry	Daylight	Clear	Other	No	Traffic Control Signal	2	0	No Injury	NA	41.80339	-71.44	FALSE	FALSE	"Niantic Ave and Cranston Street, Providence, RI, USA"	FALSE	-71.4400039	41.8034026	intersection	geometric_center	"cranston st & niantic ave, cranston, ri 02907, usa"	NA	NA	NA	NA	41.8034026	-71.4400039	Med High	1.439476916
3558	2010-10-22	44212	15:31:00	Pedestrian	1	NA	FALSE	FALSE	1	BROAD ST	CHESTNUT ST	10/22/10	"Two-Way, Divided, Positive Median Barrier"	Dry	Daylight	Clear	Other	No	No Controls	4	1	Complains Of Pain	NA	41.82	-71.41435	FALSE	FALSE	"Broad Street and Chestnut Street, Providence, RI, USA"	FALSE	-71.3876733	41.8928375	intersection	geometric_center	"chestnut st & broad st, central falls, ri 02863, usa"	NA	NA	NA	NA	41.8928375	-71.3876733	Med High	8404.504447
3556	2010-10-26	44574	15:31:00	Pedestrian	1	NA	FALSE	FALSE	1	BROAD ST	ADELAIDE AVE	10/26/10	"Two-Way, Divided, Unprotected (painted>4feet) Medium"	Dry	Daylight	Clear	Other	No	No Controls	2	0	No Injury	3	41.79907	-71.41574	FALSE	FALSE	"Broad Street and Adelaide Ave, Providence, RI, USA"	FALSE	-71.4229955	41.7965181	route	geometric_center	"adelaide ave, providence, ri 02907, usa"	"Broad Street & Adelaide Ave, Providence, RI, USA"	EjBCcm9hZCBTdHJlZXQgJiBBZGVsYWlkZSBBdmUsIFByb3ZpZGVuY2UsIFJJLCBVU0EiZiJkChQKEgmHmKxWiE_kiRHEyK6zP1G3PRIUChIJh5isVohP5IkRxMiusz9Rtz0aFAoSCYPefdWMT-SJESyiypOYSwijGhQKEgn7ze1zhE_kiRG6QeI0WTshsiIKDUkA6hgV2dxu1Q	41.7988681	-71.4154791	41.7988681	-71.4154791	Med	31.20780148
3557	2010-10-26	44579	20:50:00	Bicycle	NA	1	FALSE	FALSE	1	WESTMINSTER ST	MESSER ST	10/26/10	"Two-Way , Not Divided"	Dry	Dark - Lighted	Clear	Not a Collision Between Two Motor Vehicles in Transport	No	Stop Signs	3	1	Complains Of Pain	NA	41.81586	-71.43704	FALSE	FALSE	"Westminster Street and Messer Street, Providence, RI, USA"	FALSE	-71.437044	41.8158698	intersection	geometric_center	"messer st & westminster st, providence, ri 02909, usa"	NA	NA	NA	NA	41.8158698	-71.437044	Med High	1.140290643