row_number	crash_date	crash_report_id	crash_time	collision_type	count_pedestrian	count_bicycle	scooter	wheel_chair	number_of_vehicles	street_or_highway	nearest_intersection	report_date	type_of_roadway	road_surface_condition	light_condition	weather_condition	manner_of_impact	hit_and_run	traffic_control	person_count	injury_count	most_serious_injury	number_of_lanes	lat_raw	lon_raw	has_st_number	is_intersection_null	address_sent_to_geocoder	is_address_blank	lon_api_first_try	lat_api_first_try	type	loctype	address_returned_by_geocoder	address_returned_by_autocomplete	place_ids_autocompleted	lat_api_second_try	lon_api_second_try	lat_api_best	lon_api_best	api_coord_conf	distance_btwn_coords_meters
3510	2010-12-25	51424	3:21:00	Pedestrian	1	NA	FALSE	FALSE	1	25 Bancroft St.	MAGNOLIA ST	12/25/10	"Two-Way , Not Divided"	Dry	Dark - Lighted	Clear	Not a Collision Between Two Motor Vehicles in Transport	"Yes, M/V and Driver Left Scene"	No Controls	2	1	Incapacitating	2	41.81279	-71.44777	TRUE	FALSE	"25 Bancroft St., Providence, RI, USA"	FALSE	-71.4479587	41.8126956	street_address	rooftop	"25 bancroft st, providence, ri 02909, usa"	NA	NA	NA	NA	41.8126956	-71.4479587	High	18.8560597
3509	2010-12-30	52054	21:46:00	Pedestrian	1	NA	FALSE	FALSE	1	ALLENS AVE	TORONTO AVE	12/31/10	"Two-Way , Not Divided"	Ice/Frost	Dark - Lighted	Clear	Other	No	No Controls	3	1	Incapacitating	NA	41.79268	-71.39721	FALSE	FALSE	"Allens Ave and Toronto Ave, Providence, RI, USA"	FALSE	-71.3972047	41.7927052	intersection	geometric_center	"toronto ave & allens ave, providence, ri 02905, usa"	NA	NA	NA	NA	41.7927052	-71.3972047	Med High	2.839529012
3507	2011-01-02	52357	18:23:00	Pedestrian	1	NA	FALSE	FALSE	1	CRANSTON ST	DEXTER ST	1/2/11	"Two-Way , Not Divided"	Wet	Dark - Lighted	Rain	Head-On (Front - to - Front)	No	Traffic Control Signal	4	1	Non-Incapacitating	2	41.8126	-71.42959	FALSE	FALSE	"Cranston Street and Dexter Street, Providence, RI, USA"	FALSE	-71.429588	41.8126029	intersection	geometric_center	"cranston st & dexter st, providence, ri 02907, usa"	NA	NA	NA	NA	41.8126029	-71.429588	Med High	0.36297774
3508	2011-01-02	52362	20:36:00	Pedestrian	1	NA	FALSE	FALSE	1	CHARLES ST	HAWKINS ST	1/2/11	"Two-Way, Divided, Unprotected (painted>4feet) Medium"	Wet	Dark - Lighted	Rain	Other	No	No Controls	3	1	Non-Incapacitating	NA	41.8514	-71.42016	FALSE	FALSE	"Charles Street and Hawkins Street, Providence, RI, USA"	FALSE	-71.4232923	41.8502749	route	geometric_center	"hawkins st, providence, ri, usa"	"Charles Street & Hawkins Street, Providence, RI, USA"	EjRDaGFybGVzIFN0cmVldCAmIEhhd2tpbnMgU3RyZWV0LCBQcm92aWRlbmNlLCBSSSwgVVNBImYiZAoUChIJp7zvRPBE5IkRsQR9FhcT41QSFAoSCae870TwROSJEbEEfRYXE-NUGhQKEgl1C85s8UTkiRHLZMsuNVX9MhoUChIJpfJlFfpE5IkRLMzGtaGm9F0iCg3YA_IYFXEmbtU	41.851388	-71.4201487	41.851388	-71.4201487	Med	1.631686674
3505	2011-01-04	52531	9:26:00	Pedestrian	1	NA	FALSE	FALSE	1	PLAIN ST	BORDEN ST	1/4/11	"Two-Way , Not Divided"	Dry	Daylight	Clear	Not a Collision Between Two Motor Vehicles in Transport	"Yes, M/V and Driver Left Scene"	No Controls	3	1	Complains Of Pain	2	41.81356	-71.41241	FALSE	FALSE	"Plain Street and Borden Street, Providence, RI, USA"	FALSE	-71.4122769	41.8132938	intersection	geometric_center	"borden st & plain st, providence, ri 02903, usa"	NA	NA	NA	NA	41.8132938	-71.4122769	Med High	31.62404121
3506	2011-01-04	53803	14:59:00	Pedestrian	1	NA	FALSE	FALSE	1	MESSER ST	CRANSTON ST	1/13/11	"Two-Way , Not Divided"	Dry	Daylight	Clear	Other	No	No Controls	2	1	Complains Of Pain	2	41.80963	-71.43345	FALSE	FALSE	"Messer Street and Cranston Street, Providence, RI, USA"	FALSE	-71.4334345	41.809637	intersection	geometric_center	"cranston st & messer st, providence, ri 02907, usa"	NA	NA	NA	NA	41.809637	-71.4334345	Med High	1.503740757
3504	2011-01-05	52639	8:56:00	Pedestrian	1	NA	FALSE	FALSE	1	ROANOKE ST	LEAH ST	1/5/11	One-Way Trafficway	Dry	Daylight	Clear	Not a Collision Between Two Motor Vehicles in Transport	No	No Controls	3	1	Complains Of Pain	NA	41.83106	-71.45155	FALSE	FALSE	"Roanoke Street and Leah Street, Providence, RI, USA"	FALSE	-71.4515781	41.8310779	intersection	geometric_center	"leah st & roanoke st, providence, ri 02908, usa"	NA	NA	NA	NA	41.8310779	-71.4515781	Med High	3.066438716
3502	2011-01-06	52843	8:16:00	Pedestrian	1	NA	FALSE	FALSE	1	Hayward St	PEARL ST	1/6/11	"Two-Way , Not Divided"	Dry	Daylight	Clear	Other	No	Stop Signs	7	1	Complains Of Pain	NA	41.8142	-71.41992	FALSE	FALSE	"Hayward Street and Pearl Street, Providence, RI, USA"	FALSE	-71.4199237	41.8142232	intersection	geometric_center	"pearl st & hayward st, providence, ri 02907, usa"	NA	NA	NA	NA	41.8142232	-71.4199237	Med High	2.600792669
3503	2011-01-06	52876	12:07:00	Pedestrian	1	NA	FALSE	FALSE	1	215 Atwells Ave	MESSENGER ST	1/6/11	Unknown	Dry	Daylight	Clear	Other	"Yes, M/V and Driver Left Scene"	No Controls	2	1	Complains Of Pain	NA	41.82346	-71.42504	TRUE	FALSE	"215 Atwells Ave, Providence, RI, USA"	FALSE	-71.425158	41.8236787	premise	rooftop	"215 atwells ave, providence, ri 02903, usa"	NA	NA	NA	NA	41.8236787	-71.425158	High	26.23978785
3501	2011-01-08	53257	20:10:00	Pedestrian	1	NA	FALSE	FALSE	1	VALLEY ST	DELAINE ST	1/8/11	"Two-Way , Not Divided"	Snow	Dark - Lighted	Snow	"Sideswipe, Same Direction"	"Yes, M/V and Driver Left Scene"	No Controls	1	1	Complains Of Pain	NA	41.81979	-71.44046	FALSE	FALSE	"Valley Street and Delaine Street, Providence, RI, USA"	FALSE	-71.4405034	41.8195248	intersection	geometric_center	"delaine st & valley st, providence, ri 02909, usa"	NA	NA	NA	NA	41.8195248	-71.4405034	Med High	29.74067587
3500	2011-01-10	53467	16:18:00	Pedestrian	1	NA	FALSE	FALSE	1	CHALKSTONE AVENUE	FERN STREET	1/10/11	"Two-Way , Not Divided"	Dry	Daylight	Clear	Head-On (Front - to - Front)	No	No Controls	2	1	Non-Incapacitating	2	41.82422	-71.43364	FALSE	FALSE	"Chalkstone Avenue and Fern Street, Providence, RI, USA"	FALSE	-71.4378466	41.8328452	intersection	geometric_center	"fern st & chalkstone ave, providence, ri 02908, usa"	NA	NA	NA	NA	41.8328452	-71.4378466	Med High	1021.590966
3497	2011-01-13	53699	8:24:00	Pedestrian	2	NA	FALSE	FALSE	1	BROAD ST	LOCKWOOD ST	1/13/11	One-Way Trafficway	Slush	Daylight	Clear	Angle (Front - to - Side) Same Direction	No	No Controls	3	1	Complains Of Pain	NA	41.81539	-71.4206	FALSE	FALSE	"Broad Street and Lockwood Street, Providence, RI, USA"	FALSE	-71.4159924	41.8129685	route	geometric_center	"lockwood st, providence, ri, usa"	NA	NA	NA	NA	41.8129685	-71.4159924	Med	467.7627428
3498	2011-01-13	53759	14:22:00	Pedestrian	3	NA	FALSE	FALSE	1	BENEDICT ST	BRATTLE ST	1/13/11	"Two-Way , Not Divided"	Slush	Daylight	Clear	"Sidwswipe, Opposite Direction"	"Yes, M/V and Driver Left Scene"	No Controls	3	3	Complains Of Pain	NA	41.80466	-71.43503	FALSE	FALSE	"Benedict Street and Brattle Street, Providence, RI, USA"	FALSE	-71.4344704	41.8044938	intersection	geometric_center	"benedict st & brattle st, providence, ri 02907, usa"	NA	NA	NA	NA	41.8044938	-71.4344704	Med High	49.9856779
3499	2011-01-13	53772	8:47:00	Pedestrian	1	NA	FALSE	FALSE	1	EDDY ST	THURBERS AVE	1/13/11	"Two-Way , Not Divided"	Slush	Daylight	Clear	Not a Collision Between Two Motor Vehicles in Transport	"Yes, M/V and Driver Left Scene"	No Controls	2	0	No Injury	NA	41.8004	-71.40595	FALSE	FALSE	"Eddy Street and Thurbers Ave, Providence, RI, USA"	FALSE	-71.4058025	41.7999164	intersection	geometric_center	"thurbers ave & eddy st, providence, ri 02905, usa"	NA	NA	NA	NA	41.7999164	-71.4058025	Med High	55.20813783
3496	2011-01-16	54316	11:49:00	Pedestrian	1	NA	FALSE	FALSE	1	SMITH ST	NELSON ST	1/16/11	"Two-Way, Divided, Unprotected (painted>4feet) Medium"	Snow	Daylight	Clear	Angle (Front - to - Side) Right Angle (Includes Broadside)	No	No Controls	3	1	Complains Of Pain	2	41.84209	-71.444	FALSE	FALSE	"Smith Street and Nelson Street, Providence, RI, USA"	FALSE	-71.4442116	41.8422004	intersection	geometric_center	"smith st & nelson st, providence, ri 02908, usa"	NA	NA	NA	NA	41.8422004	-71.4442116	Med High	21.42378055
3495	2011-01-18	54665	18:26:00	Pedestrian	1	NA	FALSE	FALSE	1	WESTMINSTER ST	CAHIR ST	1/18/11	"Two-Way , Not Divided"	Wet	Dark - Lighted	Rain	Head-On (Front - to - Front)	No	Traffic Control Signal	4	1	Complains Of Pain	NA	41.81816	-71.42031	FALSE	FALSE	"Westminster Street and Cahir Street, Providence, RI, USA"	FALSE	-71.4201851	41.8182066	intersection	geometric_center	"cahir st & westminster st, providence, ri 02903, usa"	NA	NA	NA	NA	41.8182066	-71.4201851	Med High	11.58798103
3493	2011-01-24	55504	7:51:00	Pedestrian	1	NA	FALSE	FALSE	1	Whelan Road	BODELL AVE	1/24/11	"Two-Way , Not Divided"	Ice/Frost	Daylight	Clear	Not a Collision Between Two Motor Vehicles in Transport	No	No Controls	4	1	Complains Of Pain	2	41.81886	-71.45257	FALSE	FALSE	"Whelan Road and Bodell Ave, Providence, RI, USA"	FALSE	-71.454308	41.818283	intersection	geometric_center	"bodell ave & whelan rd, providence, ri 02909, usa"	NA	NA	NA	NA	41.818283	-71.454308	Med High	157.8474249
3494	2011-01-24	55577	13:14:00	Pedestrian	1	NA	FALSE	FALSE	1	WEST CLIFFORD ST	LOCKWOOD ST	1/24/11	"Two-Way , Not Divided"	Wet	Daylight	Clear	Other	"Yes, M/V and Driver Left Scene"	No Controls	3	1	Complains Of Pain	NA	41.81376	-71.41627	FALSE	FALSE	"West Clifford Street and Lockwood Street, Providence, RI, USA"	FALSE	-71.4166635	41.8133303	intersection	geometric_center	"w clifford st & lockwood st, providence, ri 02903, usa"	NA	NA	NA	NA	41.8133303	-71.4166635	Med High	57.91362529
3491	2011-01-27	56483	15:19:00	Pedestrian	1	NA	FALSE	FALSE	1	593 public	NA	1/27/11	"Two-Way , Not Divided"	Snow	Daylight	Clear	Not a Collision Between Two Motor Vehicles in Transport	No	No Controls	3	1	Complains Of Pain	NA	41.82577	-71.41527	TRUE	TRUE	"593 Public, Providence, RI, USA"	FALSE	-71.421701	41.8037545	premise	rooftop	"593 public st, providence, ri 02907, usa"	NA	NA	NA	NA	41.8037545	-71.421701	High	2508.163216
3492	2011-01-27	56815	12:19:00	Pedestrian	1	NA	FALSE	FALSE	1	SISSON ST	TICKNOR ST	1/29/11	"Two-Way , Not Divided"	Snow	Daylight	Clear	Not a Collision Between Two Motor Vehicles in Transport	"Yes, M/V and Driver Left Scene"	No Controls	2	1	Complains Of Pain	NA	41.82841	-71.45537	FALSE	FALSE	"Sisson Street and Ticknor Street, Providence, RI, USA"	FALSE	-71.4553514	41.8282	intersection	geometric_center	"ticknor st & sisson st, providence, ri 02909, usa"	NA	NA	NA	NA	41.8282	-71.4553514	Med High	23.42795105
3490	2011-01-29	56832	13:21:00	Pedestrian	1	NA	FALSE	FALSE	1	ALVERSON AVE	NYE ST	1/29/11	"Two-Way, Divided, Unprotected (painted>4feet) Medium"	Ice/Frost	Daylight	Clear	Other	"Yes, M/V and Driver Left Scene"	No Controls	1	1	Complains Of Pain	NA	41.81729	-71.45956	FALSE	FALSE	"Alverson Ave and Nye Street, Providence, RI, USA"	FALSE	-71.4594499	41.8169709	intersection	geometric_center	"nye st & alverson ave, providence, ri 02909, usa"	NA	NA	NA	NA	41.8169709	-71.4594499	Med High	36.67767363
3488	2011-02-01	57405	10:03:00	Pedestrian	1	NA	FALSE	FALSE	1	ELMWOOD AVE	PLENTY ST	2/1/11	"Two-Way , Not Divided"	Snow	Daylight	Snow	Other	"Yes, M/V and Driver Left Scene"	No Controls	1	1	Complains Of Pain	4	41.8073	-71.42484	FALSE	FALSE	"Elmwood Ave and Plenty Street, Providence, RI, USA"	FALSE	-71.4248794	41.8071885	intersection	geometric_center	"plenty st & elmwood ave, providence, ri 02907, usa"	NA	NA	NA	NA	41.8071885	-71.4248794	Med High	12.83545826
3489	2011-02-01	57489	14:15:00	Pedestrian	1	NA	FALSE	FALSE	1	ELMWOOD AVE	WARRINGTON ST	2/1/11	"Two-Way, Divided, Positive Median Barrier"	Snow	Daylight	"Sleet, Hail (Freezing Rain or Drizzle)"	Not a Collision Between Two Motor Vehicles in Transport	"Yes, M/V and Driver Left Scene"	No Controls	2	1	Complains Of Pain	4	41.79333	-71.42357	FALSE	FALSE	"Elmwood Ave and Warrington Street, Providence, RI, USA"	FALSE	-71.4236779	41.7933302	intersection	geometric_center	"warrington st & elmwood ave, providence, ri 02907, usa"	NA	NA	NA	NA	41.7933302	-71.4236779	Med High	8.955149941
3487	2011-02-03	57888	20:57:00	Bicycle	NA	1	FALSE	FALSE	1	BROADWAY	GREENMAN LN	2/3/11	One-Way Trafficway	Snow	Dark - Lighted	Clear	Other	No	Traffic Control Signal	3	1	Complains Of Pain	4	41.82232	-71.41867	FALSE	FALSE	"Broadway and Greenman Ln, Providence, RI, USA"	FALSE	-71.4119953	41.8109879	doctor	rooftop	"101 dudley st, providence, ri 02905, usa"	NA	NA	NA	NA	41.8109879	-71.4119953	Med	1377.677046
3486	2011-02-09	59624	14:29:00	Pedestrian	1	NA	FALSE	FALSE	1	GALILEO AVE	CHALKSTONE AVE	2/12/11	"Two-Way , Not Divided"	Dry	Daylight	Clear	Other	No	No Controls	5	0	No Injury	NA	41.83215	-71.45564	FALSE	FALSE	"Galileo Ave and Chalkstone Ave, Providence, RI, USA"	FALSE	-71.4552648	41.8321945	intersection	geometric_center	"chalkstone ave & galileo ave, providence, ri 02909, usa"	NA	NA	NA	NA	41.8321945	-71.4552648	Med High	31.51250749
3485	2011-02-11	59473	15:23:00	Pedestrian	1	NA	FALSE	FALSE	1	ATWELLS AVE	DUTTON ST	2/11/11	"Two-Way , Not Divided"	Wet	Daylight	Clear	Not a Collision Between Two Motor Vehicles in Transport	No	No Controls	2	1	Complains Of Pain	2	41.82528	-71.45304	FALSE	FALSE	"Atwells Ave and Dutton Street, Providence, RI, USA"	FALSE	-71.4530228	41.82529	intersection	geometric_center	"atwells ave & dutton st, providence, ri 02909, usa"	NA	NA	NA	NA	41.82529	-71.4530228	Med High	1.809682226
3482	2011-02-17	60564	1:28:00	Pedestrian	2	NA	FALSE	FALSE	1	N MAIN ST	BENEFIT ST	2/17/11	"Two-Way , Not Divided"	Dry	Dark - Lighted	Cloudy	Head-On (Front - to - Front)	"Yes, M/V and Driver Left Scene"	No Controls	7	1	Fatal	4	41.83392	-71.41027	FALSE	FALSE	"N Main Street and Benefit Street, Providence, RI, USA"	FALSE	-71.4068354	41.8260134	route	geometric_center	"benefit st, providence, ri, usa"	NA	NA	NA	NA	41.8260134	-71.4068354	Med	925.1172161
3483	2011-02-17	60663	15:25:00	Pedestrian	1	NA	FALSE	FALSE	1	1880 Westminster Street	Broadway/Valley Street	2/17/11	One-Way Trafficway	Dry	Daylight	Clear	Other	"Yes, M/V and Driver Left Scene"	Traffic Control Signal	2	1	Incapacitating	NA	41.82004	-71.43725	TRUE	FALSE	"1880 Westminster Street, Providence, RI, USA"	FALSE	-71.4414929	41.8161611	premise	rooftop	"1880 westminster st, providence, ri 02909, usa"	NA	NA	NA	NA	41.8161611	-71.4414929	High	557.0943463
3484	2011-02-17	60711	16:48:00	Pedestrian	1	NA	FALSE	FALSE	1	PLAINFIELD ST	LAUREL HILL AVE	2/17/11	"Two-Way , Not Divided"	Dry	Daylight	Clear	Other	"Yes, M/V and Driver Left Scene"	No Controls	2	1	Complains Of Pain	NA	41.8132	-71.45548	FALSE	FALSE	"Plainfield Street and Laurel Hill Ave, Providence, RI, USA"	FALSE	-71.4554097	41.8132285	intersection	geometric_center	"laurel hill ave & plainfield st, providence, ri 02909, usa"	NA	NA	NA	NA	41.8132285	-71.4554097	Med High	6.639726608
3481	2011-02-18	60842	14:49:00	Pedestrian	1	NA	FALSE	FALSE	1	HOPE ST	5TH ST	2/18/11	"Two-Way, Divided, Unprotected (painted>4feet) Medium"	Dry	Daylight	Clear	Head-On (Front - to - Front)	"Yes, M/V and Driver Left Scene"	No Controls	2	1	Complains Of Pain	NA	41.84993	-71.39458	FALSE	FALSE	"Hope Street and 5th Street, Providence, RI, USA"	FALSE	-71.3945685	41.8499382	intersection	geometric_center	"hope st & 5th st, providence, ri 02906, usa"	NA	NA	NA	NA	41.8499382	-71.3945685	Med High	1.320069557
3480	2011-02-19	60901	2:11:00	Pedestrian	1	NA	FALSE	FALSE	1	PEMBROKE AVE	CHAD BROWN ST	2/19/11	"Two-Way , Not Divided"	Dry	Dark - Lighted	Clear	Other	"Yes, M/V and Driver Left Scene"	No Controls	1	1	Complains Of Pain	NA	41.83946	-71.4301	FALSE	FALSE	"Pembroke Ave and Chad Brown Street, Providence, RI, USA"	FALSE	-71.4302372	41.8391171	intersection	geometric_center	"chad brown st & pembroke ave, providence, ri 02908, usa"	NA	NA	NA	NA	41.8391171	-71.4302372	Med High	39.83132691
3479	2011-02-20	61607	16:58:00	Pedestrian	1	NA	FALSE	FALSE	1	CHALKSTONE AVE	MOUNT PLEASANT AVE	2/20/11	"Two-Way , Not Divided"	Dry	Daylight	Clear	Head-On (Front - to - Front)	"Yes, M/V and Driver Left Scene"	Traffic Control Signal	2	1	Complains Of Pain	NA	41.83269	-71.44977	FALSE	FALSE	"Chalkstone Ave and Mount Pleasant Ave, Providence, RI, USA"	FALSE	-71.4497544	41.83271	intersection	geometric_center	"mt pleasant ave & chalkstone ave, providence, ri 02908, usa"	NA	NA	NA	NA	41.83271	-71.4497544	Med High	2.575081155
3478	2011-02-22	61293	15:43:00	Pedestrian	1	NA	FALSE	FALSE	1	WILLARD AVE	PLAIN ST	2/22/11	"Two-Way , Not Divided"	Dry	Daylight	Clear	Not a Collision Between Two Motor Vehicles in Transport	No	Stop Signs	2	1	Complains Of Pain	NA	41.80891	-71.41075	FALSE	FALSE	"Willard Ave and Plain Street, Providence, RI, USA"	FALSE	-71.4107596	41.8089396	intersection	geometric_center	"willard ave & plain st, providence, ri 02905, usa"	NA	NA	NA	NA	41.8089396	-71.4107596	Med High	3.38997044
3477	2011-02-28	62201	16:49:00	Pedestrian	1	NA	FALSE	FALSE	1	ERASTUS ST	ATWELLS AVE	2/28/11	"Two-Way , Not Divided"	Wet	Daylight	Rain	"Sideswipe, Same Direction"	No	No Controls	2	1	Complains Of Pain	NA	41.8252	-71.45083	FALSE	FALSE	"Erastus Street and Atwells Ave, Providence, RI, USA"	FALSE	-71.4508196	41.8251817	intersection	geometric_center	"atwells ave & erastus st, providence, ri 02909, usa"	NA	NA	NA	NA	41.8251817	-71.4508196	Med High	2.212293835
3476	2011-03-04	63141	7:02:00	Pedestrian	1	NA	FALSE	FALSE	1	WASHINGTON ST	UNION ST	3/4/11	"Two-Way , Not Divided"	Dry	Daylight	Clear	Not a Collision Between Two Motor Vehicles in Transport	"Yes, M/V and Driver Left Scene"	Traffic Control Signal	2	0	No Injury	2	41.8236	-71.414	FALSE	FALSE	"Washington Street and Union Street, Providence, RI, USA"	FALSE	-71.4128343	41.8239891	locality	approximate	"providence, ri, usa"	"Washington Street & Union Street, Providence, RI, USA"	EjVXYXNoaW5ndG9uIFN0cmVldCAmIFVuaW9uIFN0cmVldCwgUHJvdmlkZW5jZSwgUkksIFVTQSJmImQKFAoSCXvJS8cTReSJEcVp0B49EFpXEhQKEgl7yUvHE0XkiRHFadAePRBaVxoUChIJqdrNnBJF5IkRGgfQlqMSNPYaFAoSCXNAs5UTReSJEZJE18owa50QIgoN_cbtGBWuFm_V	41.8236157	-71.4139986	41.8236157	-71.4139986	Med	1.751570489
3475	2011-03-06	62937	18:05:00	Pedestrian	1	NA	FALSE	FALSE	1	ADELAIDE AVE	NIAGARA ST	3/6/11	"Two-Way , Not Divided"	Wet	Dark - Lighted	"Sleet, Hail (Freezing Rain or Drizzle)"	Not a Collision Between Two Motor Vehicles in Transport	No	Stop Signs	2	1	Complains Of Pain	NA	41.79797	-71.41827	FALSE	FALSE	"Adelaide Ave and Niagara Street, Providence, RI, USA"	FALSE	-71.4182864	41.7979925	intersection	geometric_center	"adelaide ave & niagara st, providence, ri 02907, usa"	NA	NA	NA	NA	41.7979925	-71.4182864	Med High	2.850582785
3474	2011-03-09	63226	13:22:00	Pedestrian	1	NA	FALSE	FALSE	1	WESTMINSTER ST	ABORN ST	3/9/11	One-Way Trafficway	Dry	Daylight	Clear	Other	No	No Controls	2	1	Complains Of Pain	NA	41.82132	-71.41482	FALSE	FALSE	"Westminster Street and Aborn Street, Providence, RI, USA"	FALSE	-71.4147851	41.821374	intersection	geometric_center	"aborn st & westminster st, providence, ri 02903, usa"	NA	NA	NA	NA	41.821374	-71.4147851	Med High	6.672151841
3472	2011-03-10	63431	19:30:00	Other	NA	NA	FALSE	FALSE	1	VERMONT AVE	EDDY ST	3/10/11	"Two-Way, Divided, Unprotected (painted>4feet) Medium"	Wet	Dark - Lighted	Rain	Other	No	No Controls	3	1	Complains Of Pain	2	41.78776	-71.40134	FALSE	FALSE	"Vermont Ave and Eddy Street, Providence, RI, USA"	FALSE	-71.4024104	41.7875793	intersection	geometric_center	"vermont ave & eddy st, providence, ri 02905, usa"	NA	NA	NA	NA	41.7875793	-71.4024104	Med High	91.09401928
3473	2011-03-10	63491	21:00:00	Pedestrian	1	NA	FALSE	FALSE	1	CYPRESS ST	CAMP ST	3/11/11	"Two-Way , Not Divided"	Wet	Dark - Lighted	Rain	Unknown	"Yes, M/V and Driver Left Scene"	Unknown	1	1	Complains Of Pain	2	41.84214	-71.40295	FALSE	FALSE	"Cypress Street and Camp Street, Providence, RI, USA"	FALSE	-71.402865	41.8421404	route	geometric_center	"camp st, providence, ri, usa"	"Cypress Street & Camp Street, Providence, RI, USA"	EjFDeXByZXNzIFN0cmVldCAmIENhbXAgU3RyZWV0LCBQcm92aWRlbmNlLCBSSSwgVVNBImYiZAoUChIJIaEEKtxE5IkR_HHFbw4Np8sSFAoSCSGhBCrcROSJEfxxxW8ODafLGhQKEgl3xfWF3kTkiRFR0EOAxijcgBoUChIJLULvg85E5IkRifK04CpJkuAiCg2cmvAYFZbJcNU	41.8421404	-71.402865	41.8421404	-71.402865	Med	7.049310882
3471	2011-03-11	63508	9:15:00	Pedestrian	1	NA	FALSE	FALSE	1	MEDWAY ST	WAYLAND AVE	3/11/11	"Two-Way, Divided, Unprotected (painted>4feet) Medium"	Wet	Daylight	Cloudy	Angle (Front - to - Side) Right Angle (Includes Broadside)	Unknown	Stop Signs	2	1	Complains Of Pain	NA	41.82932	-71.38824	FALSE	FALSE	"Medway Street and Wayland Ave, Providence, RI, USA"	FALSE	-71.3881737	41.8293336	intersection	geometric_center	"wayland ave & medway st, providence, ri 02906, usa"	NA	NA	NA	NA	41.8293336	-71.3881737	Med High	5.704035473
3469	2011-03-12	63641	0:33:00	Pedestrian	1	NA	FALSE	FALSE	1	301 HARRIS AVE	CHARLOTTE HOPE ST	3/12/11	"Two-Way, Divided, Unprotected (painted>4feet) Medium"	Dry	Dark - Lighted	Cloudy	Unknown	"Yes, M/V and Driver Left Scene"	No Controls	5	1	Non-Incapacitating	2	41.8258	-71.43003	TRUE	FALSE	"301 Harris Ave, Providence, RI, USA"	FALSE	-71.4301683	41.8259892	premise	rooftop	"301 harris ave, providence, ri 02909, usa"	NA	NA	NA	NA	41.8259892	-71.4301683	High	23.98347909
3470	2011-03-12	64073	0:30:00	Pedestrian	1	NA	FALSE	FALSE	1	MEMORIAL BLVD	STEEPLE ST	3/12/11	"Two-Way, Divided, Positive Median Barrier"	Wet	Dark - Lighted	Cloudy	Head-On (Front - to - Front)	No	Traffic Control Signal	3	1	Non-Incapacitating	NA	41.82677	-71.41063	FALSE	FALSE	"Memorial Blvd and Steeple Street, Providence, RI, USA"	FALSE	-71.409299	41.8273889	route	geometric_center	"steeple st, providence, ri 02903, usa"	NA	NA	NA	NA	41.8273889	-71.409299	Med	130.1401791
3468	2011-03-18	64458	1:23:00	Pedestrian	1	NA	FALSE	FALSE	1	MEMORIAL BLVD	EXCHANGE ST	3/18/11	"Two-Way, Divided, Positive Median Barrier"	Dry	Dark - Lighted	Clear	"Sideswipe, Same Direction"	"Yes, M/V and Driver Left Scene"	Traffic Control Signal	2	1	Complains Of Pain	NA	41.8268	-71.41207	FALSE	FALSE	"Memorial Blvd and Exchange Street, Providence, RI, USA"	FALSE	-71.4121426	41.8269244	intersection	geometric_center	"memorial blvd & exchange st, providence, ri 02903, usa"	NA	NA	NA	NA	41.8269244	-71.4121426	Med High	15.10095039
3467	2011-03-19	64774	9:57:00	Bicycle	NA	1	FALSE	FALSE	1	TRAVERSE ST	WICKENDEN ST	3/19/11	"Two-Way, Divided, Unprotected (painted>4feet) Medium"	Dry	Daylight	Clear	"Sideswipe, Same Direction"	No	No Controls	2	0	No Injury	NA	41.81934	-71.39968	FALSE	FALSE	"Traverse Street and Wickenden Street, Providence, RI, USA"	FALSE	-71.3996503	41.8193047	intersection	geometric_center	"wickenden st & traverse st, providence, ri 02906, usa"	NA	NA	NA	NA	41.8193047	-71.3996503	Med High	4.638166604
3466	2011-03-20	64903	1:30:00	Pedestrian	1	NA	FALSE	FALSE	1	W EXCHANGE ST	FOX PL	3/20/11	"Two-Way , Not Divided"	Dry	Dark - Not Lighted	Clear	Not a Collision Between Two Motor Vehicles in Transport	No	No Controls	2	1	Complains Of Pain	NA	41.82522	-71.42023	FALSE	FALSE	"W Exchange Street and Fox Pl, Providence, RI, USA"	FALSE	-71.4202531	41.825222	intersection	geometric_center	"fox pl & w exchange st, providence, ri 02903, usa"	NA	NA	NA	NA	41.825222	-71.4202531	Med High	1.929112596
3465	2011-03-22	65166	16:27:00	Pedestrian	1	NA	FALSE	FALSE	1	ACADEMY AVE	HEALTH AVE	3/22/11	Unknown	Dry	Daylight	Clear	Not a Collision Between Two Motor Vehicles in Transport	"Yes, M/V and Driver Left Scene"	No Controls	2	0	No Injury	NA	41.82752	-71.44376	FALSE	FALSE	"Academy Ave and Health Ave, Providence, RI, USA"	FALSE	-71.4438011	41.827781	intersection	geometric_center	"health ave & academy ave, providence, ri 02908, usa"	NA	NA	NA	NA	41.827781	-71.4438011	Med High	29.2537248