row_number	crash_date	crash_report_id	crash_time	collision_type	count_pedestrian	count_bicycle	scooter	wheel_chair	number_of_vehicles	street_or_highway	nearest_intersection	report_date	type_of_roadway	road_surface_condition	light_condition	weather_condition	manner_of_impact	hit_and_run	traffic_control	person_count	injury_count	most_serious_injury	number_of_lanes	lat_raw	lon_raw	has_st_number	is_intersection_null	address_sent_to_geocoder	is_address_blank	lon_api_first_try	lat_api_first_try	type	loctype	address_returned_by_geocoder	address_returned_by_autocomplete	place_ids_autocompleted	lat_api_second_try	lon_api_second_try	lat_api_best	lon_api_best	api_coord_conf	distance_btwn_coords_meters
3464	2011-03-23	65298	16:13:00	Pedestrian	2	NA	FALSE	FALSE	1	STILLMAN ST	PARK ROW	3/23/11	"Two-Way , Not Divided"	Dry	Daylight	Clear	Not a Collision Between Two Motor Vehicles in Transport	No	No Controls	3	2	Complains Of Pain	NA	41.82859	-71.41166	FALSE	FALSE	"Stillman Street and Park Row, Providence, RI, USA"	FALSE	-71.4116939	41.8286179	intersection	geometric_center	"park row w & stillman st, providence, ri 02903, usa"	NA	NA	NA	NA	41.8286179	-71.4116939	Med High	4.189660182
3463	2011-03-26	65709	17:16:00	Pedestrian	1	NA	FALSE	FALSE	1	110 BOWDOIN ST	AMHERST ST	3/26/11	"Two-Way , Not Divided"	Dry	Daylight	Clear	Other	No	No Controls	3	1	Complains Of Pain	NA	41.82311	-71.44308	TRUE	FALSE	"110 Bowdoin Street, Providence, RI, USA"	FALSE	-71.4432506	41.8229427	premise	rooftop	"110 bowdoin st, providence, ri 02909, usa"	NA	NA	NA	NA	41.8229427	-71.4432506	High	23.39086128
3461	2011-03-27	65781	7:12:00	Pedestrian	1	NA	FALSE	FALSE	1	THURBERS AVE	EDDY ST	3/27/11	"Two-Way , Not Divided"	Dry	Daylight	Clear	Other	No	No Controls	4	2	Complains Of Pain	NA	41.79994	-71.40584	FALSE	FALSE	"Thurbers Ave and Eddy Street, Providence, RI, USA"	FALSE	-71.4058025	41.7999164	intersection	geometric_center	"thurbers ave & eddy st, providence, ri 02905, usa"	NA	NA	NA	NA	41.7999164	-71.4058025	Med High	4.072625273
3462	2011-03-27	66470	19:37:00	Bicycle	NA	1	FALSE	FALSE	1	WESTMINSTER ST	BRIDGHAM ST	3/31/11	"Two-Way , Not Divided"	Dry	Daylight	Clear	Not a Collision Between Two Motor Vehicles in Transport	No	No Controls	2	1	Complains Of Pain	NA	41.8169	-71.42852	FALSE	FALSE	"Westminster Street and Bridgham Street, Providence, RI, USA"	FALSE	-71.4284038	41.8169384	intersection	geometric_center	"bridgham st & westminster st, providence, ri 02909, usa"	NA	NA	NA	NA	41.8169384	-71.4284038	Med High	10.54564548
3460	2011-03-29	66084	18:27:00	Pedestrian	1	NA	FALSE	FALSE	1	ATWELLS AVE	CARLETON ST	3/29/11	"Two-Way , Not Divided"	Dry	Daylight	Clear	Head-On (Front - to - Front)	No	No Controls	4	1	Complains Of Pain	2	41.82496	-71.44664	FALSE	FALSE	"Atwells Ave and Carleton Street, Providence, RI, USA"	FALSE	-71.4466564	41.8249741	intersection	geometric_center	"atwells ave & carleton st, providence, ri 02909, usa"	NA	NA	NA	NA	41.8249741	-71.4466564	Med High	2.077127036
3458	2011-03-31	66338	16:21:00	Bicycle	NA	1	FALSE	FALSE	1	BRANCH AVE	On Ramp	3/31/11	"Two-Way, Divided, Unprotected (painted>4feet) Medium"	Wet	Daylight	Rain	Other	No	No Controls	3	1	Incapacitating	NA	41.85301	-71.42634	FALSE	FALSE	"Branch Ave and On Ramp, Providence, RI, USA"	FALSE	-71.4228521	41.8515249	route	geometric_center	"branch ave, providence, ri 02904, usa"	NA	NA	NA	NA	41.8515249	-71.4228521	Med	333.1271821
3459	2011-03-31	66380	20:41:00	Pedestrian	1	NA	FALSE	FALSE	1	VALLEY ST	NEWARK ST	3/31/11	"Two-Way , Not Divided"	Wet	Dark - Lighted	Snow	Not a Collision Between Two Motor Vehicles in Transport	"Yes, M/V and Driver Left Scene"	No Controls	1	1	Incapacitating	2	41.82518	-71.43932	FALSE	FALSE	"Valley Street and Newark Street, Providence, RI, USA"	FALSE	-71.4393041	41.8252323	intersection	geometric_center	"valley st & newark st, providence, ri 02908, usa"	NA	NA	NA	NA	41.8252323	-71.4393041	Med High	5.96954306
3457	2011-04-01	66388	22:03:00	Pedestrian	1	NA	FALSE	FALSE	1	Waterman Street	THAYER ST	4/1/11	One-Way Trafficway	Wet	Dark - Unknown Lighting	Snow	Unknown	"Yes, M/V and Driver Left Scene"	Traffic Control Signal	3	1	Complains Of Pain	NA	41.82728	-71.40054	FALSE	FALSE	"Waterman Street and Thayer Street, Providence, RI, USA"	FALSE	-71.4005559	41.8272892	intersection	geometric_center	"thayer st & waterman st, providence, ri 02906, usa"	NA	NA	NA	NA	41.8272892	-71.4005559	Med High	1.669850189
3456	2011-04-03	66912	19:33:00	Bicycle	NA	1	FALSE	FALSE	1	BUCKLIN ST	HAWTHORNE ST	4/4/11	"Two-Way , Not Divided"	Dry	Dark - Lighted	Clear	Other	No	No Controls	2	1	Complains Of Pain	NA	41.80097	-71.42778	FALSE	FALSE	"Bucklin Street and Hawthorne Street, Providence, RI, USA"	FALSE	-71.42778	41.800976	intersection	geometric_center	"bucklin st & hawthorne st, providence, ri 02907, usa"	NA	NA	NA	NA	41.800976	-71.42778	Med High	0.667916945
3454	2011-04-04	66868	9:03:00	Pedestrian	1	NA	FALSE	FALSE	1	WESTMINSTER ST	WEYBOSSET ST	4/4/11	"Two-Way , Not Divided"	Dry	Daylight	Clear	Other	No	No Controls	3	1	Incapacitating	NA	41.82526	-71.40927	FALSE	FALSE	"Westminster Street and Weybosset Street, Providence, RI, USA"	FALSE	-71.4098909	41.8248745	intersection	geometric_center	"weybosset st & westminster st, providence, ri 02903, usa"	NA	NA	NA	NA	41.8248745	-71.4098909	Med High	67.04054995
3455	2011-04-04	66957	17:27:00	Bicycle	NA	1	FALSE	FALSE	1	BUTLER DR	RAY DR	4/4/11	One-Way Trafficway	Dry	Dawn	Clear	Other	"Yes, M/V and Driver Left Scene"	No Controls	1	1	Complains Of Pain	NA	41.84294	-71.38179	FALSE	FALSE	"Butler Dr and Ray Dr, Providence, RI, USA"	FALSE	-71.3830178	41.8458361	route	geometric_center	"ray dr, providence, ri 02906, usa"	NA	NA	NA	NA	41.8458361	-71.3830178	Med	338.0888621
3453	2011-04-06	67278	13:08:00	Pedestrian	1	NA	FALSE	FALSE	1	CLAVERICK ST	BROAD ST	4/6/11	One-Way Trafficway	Dry	Daylight	Clear	Not a Collision Between Two Motor Vehicles in Transport	No	No Controls	3	1	Non-Incapacitating	NA	41.81913	-71.4146	FALSE	FALSE	"Claverick Street and Broad Street, Providence, RI, USA"	FALSE	-71.414983	41.8193579	intersection	geometric_center	"claverick st & broad st, providence, ri 02903, usa"	NA	NA	NA	NA	41.8193579	-71.414983	Med High	40.65975143
3451	2011-04-09	67713	1:32:00	Pedestrian	1	NA	FALSE	FALSE	1	N MAIN ST	CADY ST	4/9/11	One-Way Trafficway	Dry	Dark - Lighted	Clear	Not a Collision Between Two Motor Vehicles in Transport	No	No Controls	4	1	Incapacitating	NA	41.82967	-71.40999	FALSE	FALSE	"N Main Street and Cady Street, Providence, RI, USA"	FALSE	-71.4098495	41.8297018	route	geometric_center	"cady st, providence, ri 02903, usa"	"North Main Street & Cady Street, Providence, RI, USA"	EjROb3J0aCBNYWluIFN0cmVldCAmIENhZHkgU3RyZWV0LCBQcm92aWRlbmNlLCBSSSwgVVNBImYiZAoUChIJFTCWxRlF5IkR-iggQXFLDAgSFAoSCRUwlsUZReSJEfooIEFxSwwIGhQKEgn5-kE93kTkiRFf162-DVwjPxoUChIJya0JyxlF5IkRdUPnWMG9t_kiCg0EtO4YFV-zb9U	41.8296836	-71.4099873	41.8296836	-71.4099873	Med	1.530420553
3452	2011-04-09	67929	22:55:00	Pedestrian	2	NA	FALSE	FALSE	1	Charlesfield Street	Hope Street	4/10/11	"Two-Way , Not Divided"	Dry	Dark - Not Lighted	Clear	Not a Collision Between Two Motor Vehicles in Transport	"Yes, M/V and Driver Left Scene"	No Controls	6	2	Incapacitating	2	41.82414	-71.39723	FALSE	FALSE	"Charlesfield Street and Hope Street, Providence, RI, USA"	FALSE	-71.3971831	41.8241348	intersection	geometric_center	"hope st & charlesfield st, providence, ri 02912, usa"	NA	NA	NA	NA	41.8241348	-71.3971831	Med High	3.93340482
3450	2011-04-11	68166	19:06:00	Bicycle	NA	1	FALSE	FALSE	1	BROADWAY	DEAN ST	4/11/11	"Two-Way , Not Divided"	Dry	Daylight	Clear	Not a Collision Between Two Motor Vehicles in Transport	No	Traffic Control Signal	7	1	Complains Of Pain	2	41.8214	-71.42253	FALSE	FALSE	"Broadway and Dean Street, Providence, RI, USA"	FALSE	-71.4242155	41.8234078	route	geometric_center	"dean st, providence, ri, usa"	"Broadway & Dean Street, Providence, RI, USA"	EitCcm9hZHdheSAmIERlYW4gU3RyZWV0LCBQcm92aWRlbmNlLCBSSSwgVVNBImYiZAoUChIJCcRZtQxF5IkRWJynngBsfzMSFAoSCQnEWbUMReSJEVicp54AbH8zGhQKEgmlteWGdUXkiREawjOx16RvsxoUChIJWwZsfgxF5IkRyLSf36DnQOQiCg38cO0YFWLJbdU	41.821414	-71.422531	41.821414	-71.422531	Med	1.560679265
3448	2011-04-14	68623	19:35:00	Pedestrian	1	NA	FALSE	FALSE	1	ATWELLS AVE	DE PASQUALE AVE	4/14/11	"Two-Way , Not Divided"	Dry	Dark - Unknown Lighting	Clear	Unknown	No	Traffic Control Signal	4	1	Complains Of Pain	NA	41.82359	-71.42696	FALSE	FALSE	"Atwells Ave and De Pasquale Ave, Providence, RI, USA"	FALSE	-71.4270169	41.8235993	intersection	geometric_center	"de pasquale ave & atwells ave, providence, ri 02903, usa"	NA	NA	NA	NA	41.8235993	-71.4270169	Med High	4.832364159
3449	2011-04-14	68794	15:25:00	Pedestrian	1	NA	FALSE	FALSE	1	ADMIRAL ST	EXIT	4/15/11	"Two-Way , Not Divided"	Dry	Daylight	Clear	Other	No	Traffic Control Signal	3	1	Complains Of Pain	NA	41.84068	-71.41897	FALSE	FALSE	"Admiral Street and Exit, Providence, RI, USA"	FALSE	-71.4318612	41.8466202	route	geometric_center	"admiral st, rhode island, usa"	NA	NA	NA	NA	41.8466202	-71.4318612	Med	1257.042004
3447	2011-04-15	68829	21:15:00	Pedestrian	1	NA	FALSE	FALSE	1	VALLEY ST	DEAN ST	4/15/11	"Two-Way, Divided, Positive Median Barrier"	Dry	Dark - Lighted	Clear	Not a Collision Between Two Motor Vehicles in Transport	No	Traffic Control Signal	4	0	No Injury	NA	41.83139	-71.42848	FALSE	FALSE	"Valley Street and Dean Street, Providence, RI, USA"	FALSE	-71.4242155	41.8234078	route	geometric_center	"dean st, providence, ri, usa"	NA	NA	NA	NA	41.8234078	-71.4242155	Med	956.3985976
3446	2011-04-17	69073	17:24:00	Bicycle	NA	1	FALSE	FALSE	1	BROAD ST	FARRAGUT AVE	4/17/11	"Two-Way, Divided, Unprotected (painted>4feet) Medium"	Dry	Daylight	Clear	Head-On (Front - to - Front)	No	Traffic Control Signal	4	1	Complains Of Pain	2	41.7874	-71.4028	FALSE	FALSE	"Broad Street and Farragut Ave, Providence, RI, USA"	FALSE	-71.4045683	41.7868048	route	geometric_center	"farragut ave, providence, ri 02905, usa"	"Broad Street & Farragut Ave, Providence, RI, USA"	EjBCcm9hZCBTdHJlZXQgJiBGYXJyYWd1dCBBdmUsIFByb3ZpZGVuY2UsIFJJLCBVU0EiZiJkChQKEglrzlev7U_kiRGvPDkhCBobwhIUChIJa85Xr-1P5IkRrzw5IQgaG8IaFAoSCYPefdWMT-SJESyiypOYSwijGhQKEgkdA2fn7E_kiRFCFmsTVIwyfSIKDY9B6BgVz8pw1Q	41.7874319	-71.4028337	41.7874319	-71.4028337	Med	4.520448568
3445	2011-04-18	69193	16:22:00	Pedestrian	1	NA	FALSE	FALSE	1	350 ORMS ST	NA	4/18/11	Unknown	"Mud, Dirt, Gravel"	Daylight	Clear	Not a Collision Between Two Motor Vehicles in Transport	No	No Controls	2	1	Non-Incapacitating	NA	41.83341	-71.42434	TRUE	TRUE	"350 Orms Street, Providence, RI, USA"	FALSE	-71.4238846	41.8332885	street_address	rooftop	"350 orms st, providence, ri 02908, usa"	NA	NA	NA	NA	41.8332885	-71.4238846	High	40.12069146
3444	2011-04-19	69408	16:11:00	Bicycle	NA	1	FALSE	FALSE	1	ANGELL ST	STIMSON AVE	4/19/11	Unknown	Wet	Daylight	"Sleet, Hail (Freezing Rain or Drizzle)"	Other	No	Stop Signs	4	1	Complains Of Pain	2	41.82886	-71.39482	FALSE	FALSE	"Angell Street and Stimson Ave, Providence, RI, USA"	FALSE	-71.3947984	41.8288697	intersection	geometric_center	"stimson ave & angell st, providence, ri 02906, usa"	NA	NA	NA	NA	41.8288697	-71.3947984	Med High	2.091917687
3443	2011-04-20	70121	20:12:00	Bicycle	NA	1	FALSE	FALSE	1	POTTERS AVE	PURITAN ST	4/21/11	"Two-Way , Not Divided"	Dry	Dusk	Clear	Not a Collision Between Two Motor Vehicles in Transport	"Yes, M/V and Driver Left Scene"	No Controls	1	1	Complains Of Pain	NA	41.80487	-71.4373	FALSE	FALSE	"Potters Ave and Puritan Street, Providence, RI, USA"	FALSE	-71.4371107	41.8048154	intersection	geometric_center	"potters ave & puritan st, providence, ri 02907, usa"	NA	NA	NA	NA	41.8048154	-71.4371107	Med High	16.84297786
3441	2011-04-21	69589	7:57:00	Bicycle	NA	1	FALSE	FALSE	1	DEAN ST	UNNAMED_42	4/21/11	"Two-Way, Not Divided With a Continuous Left Turn Lane"	Dry	Daylight	Clear	Rear End(Front-to-Rear)	No	No Controls	2	1	Non-Incapacitating	2	41.83007	-71.42745	FALSE	FALSE	"Dean Street and Unnamed_42, Providence, RI, USA"	FALSE	-71.4128343	41.8239891	locality	approximate	"providence, ri, usa"	NA	NA	NA	NA	41.8239891	-71.4128343	Med	1388.562658
3442	2011-04-21	70398	12:44:00	Pedestrian	1	NA	FALSE	FALSE	1	ACADEMY AVE	CHALKSTONE AVE	4/26/11	"Two-Way , Not Divided"	Dry	Daylight	Clear	Not a Collision Between Two Motor Vehicles in Transport	"Yes, M/V and Driver Left Scene"	No Controls	2	1	Complains Of Pain	2	41.83261	-71.44451	FALSE	FALSE	"Academy Ave and Chalkstone Ave, Providence, RI, USA"	FALSE	-71.4445249	41.8324538	intersection	geometric_center	"academy ave & chalkstone ave, providence, ri 02908, usa"	NA	NA	NA	NA	41.8324538	-71.4445249	Med High	17.43196878
3440	2011-04-26	70413	13:45:00	Bicycle	NA	1	FALSE	FALSE	1	N MAIN ST	STENTON AVE	4/26/11	"Two-Way, Divided, Unprotected (painted>4feet) Medium"	Dry	Daylight	Clear	Angle (Front - to - Side) Right Angle (Includes Broadside)	No	Stop Signs	2	1	Incapacitating	NA	41.84922	-71.40349	FALSE	FALSE	"N Main Street and Stenton Ave, Providence, RI, USA"	FALSE	-71.4022123	41.8491109	route	geometric_center	"stenton ave, providence, ri 02906, usa"	"North Main Street & Stenton Ave, Providence, RI, USA"	EjROb3J0aCBNYWluIFN0cmVldCAmIFN0ZW50b24gQXZlLCBQcm92aWRlbmNlLCBSSSwgVVNBImYiZAoUChIJqZzo_sJE5IkRhoi9ouQioRMSFAoSCamc6P7CROSJEYaIvaLkIqETGhQKEgn5-kE93kTkiRFf162-DVwjPxoUChIJQXuNCcNE5IkRQi4VzpZXS7UiCg31r_EYFTGxcNU	41.8492405	-71.4034895	41.8492405	-71.4034895	Med	2.282426171
3439	2011-04-27	70664	21:31:00	Pedestrian	1	NA	FALSE	FALSE	1	WATERMAN ST	BENEFIT ST	4/27/11	One-Way Trafficway	Wet	Dark - Lighted	Rain	Other	No	Traffic Control Signal	4	1	Complains Of Pain	2	41.82725	-71.40751	FALSE	FALSE	"Waterman Street and Benefit Street, Providence, RI, USA"	FALSE	-71.4074823	41.827215	intersection	geometric_center	"benefit st & waterman st, providence, ri 02906, usa"	NA	NA	NA	NA	41.827215	-71.4074823	Med High	4.523253598
3437	2011-04-28	70674	0:45:00	Pedestrian	1	NA	FALSE	FALSE	1	POWER ST	BENEFIT ST	4/28/11	"Two-Way , Not Divided"	Wet	Dark - Not Lighted	Rain	Not a Collision Between Two Motor Vehicles in Transport	No	No Controls	3	1	Complains Of Pain	NA	41.82282	-71.40392	FALSE	FALSE	"Power Street and Benefit Street, Providence, RI, USA"	FALSE	-71.4039218	41.8228439	intersection	geometric_center	"benefit st & power st, providence, ri 02906, usa"	NA	NA	NA	NA	41.8228439	-71.4039218	Med High	2.664722845
3438	2011-04-28	70743	10:46:00	Pedestrian	1	NA	FALSE	FALSE	1	SUTTON ST	ATWELLS AVE	4/28/11	One-Way Trafficway	Wet	Daylight	Clear	Not a Collision Between Two Motor Vehicles in Transport	No	No Controls	3	1	Complains Of Pain	NA	41.82374	-71.42929	FALSE	FALSE	"Sutton Street and Atwells Ave, Providence, RI, USA"	FALSE	-71.4292511	41.8237712	intersection	geometric_center	"atwells ave & sutton st, providence, ri 02903, usa"	NA	NA	NA	NA	41.8237712	-71.4292511	Med High	4.740902823
3436	2011-04-29	71406	20:24:00	Bicycle	NA	1	FALSE	FALSE	1	GEORGE ST	BROWN ST	5/2/11	"Two-Way , Not Divided"	Dry	Dark - Lighted	Clear	Not a Collision Between Two Motor Vehicles in Transport	No	No Controls	2	1	Non-Incapacitating	NA	41.82535	-71.40276	FALSE	FALSE	"George Street and Brown Street, Providence, RI, USA"	FALSE	-71.4034266	41.82934	route	geometric_center	"brown st, providence, ri, usa"	"George Street & Brown Street, Providence, RI, USA"	EjFHZW9yZ2UgU3RyZWV0ICYgQnJvd24gU3RyZWV0LCBQcm92aWRlbmNlLCBSSSwgVVNBImYiZAoUChIJPSHA-DxF5IkRr_LorNZUunsSFAoSCT0hwPg8ReSJEa_y6KzWVLp7GhQKEgnH6iRjO0XkiRGyZ442LkmUZRoUChIJjdFj6CJF5IkRfjtAGSc-nD0iCg0BC-4YFajPcNU	41.8253569	-71.4027096	41.8253569	-71.4027096	Med	4.250812246
3435	2011-04-30	71052	10:29:00	Bicycle	NA	1	FALSE	FALSE	1	160 Broad street	Service Road #7	4/30/11	"Two-Way , Not Divided"	Dry	Daylight	Clear	Not a Collision Between Two Motor Vehicles in Transport	"Yes, M/V and Driver Left Scene"	Traffic Control Signal	1	1	Complains Of Pain	NA	41.81734	-71.41699	TRUE	FALSE	"160 Broad Street, Providence, RI, USA"	FALSE	-71.4167171	41.8169108	premise	rooftop	"160 broad st, providence, ri 02903, usa"	NA	NA	NA	NA	41.8169108	-71.4167171	High	52.87131075
3434	2011-05-02	71559	12:23:00	Pedestrian	1	NA	FALSE	FALSE	1	96 HOLDEN ST	JEWETT ST	5/3/11	"Two-Way , Not Divided"	Dry	Daylight	Clear	Other	"Yes, M/V and Driver Left Scene"	No Controls	1	1	Complains Of Pain	2	41.83146	-71.41849	TRUE	FALSE	"96 Holden Street, Providence, RI, USA"	FALSE	-71.4187099	41.8314519	street_address	rooftop	"96 holden st, providence, ri 02908, usa"	NA	NA	NA	NA	41.8314519	-71.4187099	High	18.26193695
3432	2011-05-03	71543	8:24:00	Bicycle	NA	1	FALSE	FALSE	1	295 PROMENADE STREET	LELAND STREET	5/3/11	One-Way Trafficway	Dry	Daylight	Clear	Other	No	Stop Signs	2	1	Complains Of Pain	NA	41.82951	-71.42107	TRUE	FALSE	"295 Promenade Street, Providence, RI, USA"	FALSE	-71.4216338	41.8295937	premise	rooftop	"295 promenade st, providence, ri 02908, usa"	NA	NA	NA	NA	41.8295937	-71.4216338	High	47.68507977
3433	2011-05-03	71826	12:26:00	Bicycle	NA	1	FALSE	FALSE	1	CHARLESFIELD ST	THAYER ST	5/3/11	"Two-Way , Not Divided"	Dry	Daylight	Clear	Angle (Front - to - Side) Right Angle (Includes Broadside)	No	Stop Signs	2	1	Complains Of Pain	2	41.82391	-71.40015	FALSE	FALSE	"Charlesfield Street and Thayer Street, Providence, RI, USA"	FALSE	-71.4001533	41.8239262	intersection	geometric_center	"thayer st & charlesfield st, providence, ri 02906, usa"	NA	NA	NA	NA	41.8239262	-71.4001533	Med High	1.824035097
3431	2011-05-04	72003	23:00:00	Pedestrian	1	NA	FALSE	FALSE	1	SABIN ST	MATHEWSON ST	5/5/11	Unknown	Wet	Dark - Lighted	"Sleet, Hail (Freezing Rain or Drizzle)"	Other	No	No Controls	2	1	Complains Of Pain	NA	41.82394	-71.41634	FALSE	FALSE	"Sabin Street and Mathewson Street, Providence, RI, USA"	FALSE	-71.4142678	41.8226533	route	geometric_center	"mathewson st, providence, ri 02903, usa"	NA	NA	NA	NA	41.8226533	-71.4142678	Med	223.7547425
3430	2011-05-05	72030	8:58:00	Bicycle	NA	1	FALSE	FALSE	1	WASHINGTON ST	SERVICE ROAD 8	5/5/11	One-Way Trafficway	Dry	Daylight	Clear	Other	No	Traffic Control Signal	2	1	Incapacitating	2	41.82021	-71.41885	FALSE	FALSE	"Washington Street and Service Road 8, Providence, RI, USA"	FALSE	-71.391257	41.7939064	street_address	range_interpolated	"8 service rd, providence, ri 02905, usa"	NA	NA	NA	NA	41.7939064	-71.391257	Med High	3716.983824
3428	2011-05-06	72187	12:26:00	Bicycle	NA	1	FALSE	FALSE	1	ELMGROVE AVE	EMELINE ST	5/6/11	"Two-Way , Not Divided"	Dry	Daylight	Clear	"Sideswipe, Same Direction"	No	No Controls	4	1	Complains Of Pain	NA	41.83984	-71.39247	FALSE	FALSE	"Elmgrove Ave and Emeline Street, Providence, RI, USA"	FALSE	-71.3924539	41.8397261	intersection	geometric_center	"emeline st & elmgrove ave, providence, ri 02906, usa"	NA	NA	NA	NA	41.8397261	-71.3924539	Med High	12.74940289
3429	2011-05-06	72199	14:44:00	Pedestrian	1	NA	FALSE	FALSE	1	POMONA AVE	PEMBERTON ST	5/6/11	"Two-Way , Not Divided"	Dry	Daylight	Clear	Not a Collision Between Two Motor Vehicles in Transport	"Yes, M/V and Driver Left Scene"	No Controls	4	1	Incapacitating	2	41.82836	-71.44607	FALSE	FALSE	"Pomona Ave and Pemberton Street, Providence, RI, USA"	FALSE	-71.4454119	41.828426	intersection	geometric_center	"pomona ave & pemberton st, providence, ri 02908, usa"	NA	NA	NA	NA	41.828426	-71.4454119	Med High	55.08108902
3426	2011-05-07	72373	12:56:00	Pedestrian	1	NA	FALSE	FALSE	1	310 CRANSTON ST	DEXTER ST	5/7/11	"Two-Way , Not Divided"	Dry	Daylight	Clear	Not a Collision Between Two Motor Vehicles in Transport	No	No Controls	2	1	Complains Of Pain	NA	41.81284	-71.42912	TRUE	FALSE	"310 Cranston Street, Providence, RI, USA"	FALSE	-71.4291479	41.8126796	premise	rooftop	"310 cranston st, providence, ri 02907, usa"	NA	NA	NA	NA	41.8126796	-71.4291479	High	18.00507233
3427	2011-05-07	72486	11:30:00	Pedestrian	1	NA	FALSE	FALSE	1	BLACKSTONE BLVD	IRVING AVE	5/7/11	One-Way Trafficway	Dry	Daylight	Clear	Angle - Direction Not Specified	No	No Controls	2	1	Non-Incapacitating	NA	41.83407	-71.38367	FALSE	FALSE	"Blackstone Blvd and Irving Ave, Providence, RI, USA"	FALSE	-71.3837393	41.8342209	intersection	geometric_center	"irving ave & blackstone blvd, providence, ri 02906, usa"	NA	NA	NA	NA	41.8342209	-71.3837393	Med High	17.75428093
3423	2011-05-09	72717	17:01:00	Bicycle	NA	1	FALSE	FALSE	1	PRESIDENT AVE	BLACKSTONE BLVD	5/9/11	"Two-Way , Not Divided"	Dry	Daylight	Cloudy	Other	No	Stop Signs	5	1	Complains Of Pain	2	41.83642	-71.38497	FALSE	FALSE	"President Ave and Blackstone Blvd, Providence, RI, USA"	FALSE	-71.3845107	41.8365032	intersection	geometric_center	"president ave & blackstone blvd, providence, ri 02906, usa"	NA	NA	NA	NA	41.8365032	-71.3845107	Med High	39.20352782
3424	2011-05-09	72888	8:36:00	Bicycle	NA	1	FALSE	FALSE	1	100 GASPEE ST	FRANCIS ST	5/9/11	"Two-Way , Not Divided"	Dry	Daylight	Clear	Other	No	No Controls	3	1	Incapacitating	2	41.82944	-71.41377	TRUE	FALSE	"100 Gaspee Street, Providence, RI, USA"	FALSE	-71.4131918	41.8305102	premise	rooftop	"100 gaspee st, providence, ri 02903, usa"	NA	NA	NA	NA	41.8305102	-71.4131918	High	128.4254866
3425	2011-05-09	73527	20:53:00	Pedestrian	1	NA	FALSE	FALSE	1	DOUGLAS AVE	FILLMORE ST	5/16/11	"Two-Way , Not Divided"	Wet	Dark - Lighted	Rain	Not a Collision Between Two Motor Vehicles in Transport	"Yes, M/V and Driver Left Scene"	No Controls	1	1	Complains Of Pain	NA	41.83718	-71.42232	FALSE	FALSE	"Douglas Ave and Fillmore Street, Providence, RI, USA"	FALSE	-71.422311	41.8371944	intersection	geometric_center	"fillmore st & douglas ave, providence, ri 02908, usa"	NA	NA	NA	NA	41.8371944	-71.422311	Med High	1.768271632
3421	2011-05-12	73024	8:53:00	Bicycle	NA	1	FALSE	FALSE	1	324 HOPE ST	ONLEY ST	5/12/11	"Two-Way, Divided, Unprotected (painted>4feet) Medium"	Dry	Daylight	Cloudy	Not a Collision Between Two Motor Vehicles in Transport	No	No Controls	3	1	Complains Of Pain	NA	41.83576	-71.41603	TRUE	FALSE	"324 Hope Street, Providence, RI, USA"	FALSE	-71.4027585	41.8346647	premise	rooftop	"324 hope st, providence, ri 02906, usa"	NA	NA	NA	NA	41.8346647	-71.4027585	High	1107.47577
3422	2011-05-12	73082	15:54:00	Pedestrian	1	NA	FALSE	FALSE	1	FRANCIS ST	FINANCE WAY	5/12/11	"Two-Way, Divided, Unprotected (painted>4feet) Medium"	Dry	Daylight	Clear	Not a Collision Between Two Motor Vehicles in Transport	No	Traffic Control Signal	5	1	Complains Of Pain	NA	41.82745	-71.41541	FALSE	FALSE	"Francis Street and Finance Way, Providence, RI, USA"	FALSE	-71.4141847	41.8276529	route	geometric_center	"finance way, providence, ri 02903, usa"	"Francis Street & Finance Way, Providence, RI, USA"	EjFGcmFuY2lzIFN0cmVldCAmIEZpbmFuY2UgV2F5LCBQcm92aWRlbmNlLCBSSSwgVVNBImYiZAoUChIJV0u8VBBF5IkRSbWudbN2R1USFAoSCVdLvFQQReSJEUm1rnWzdkdVGhQKEgnjCiVZEEXkiREJ12uSbA5CmxoUChIJTVXC7xBF5IkRh9pEKJ3E5UwiCg3zXO4YFdnfbtU	41.8274547	-71.4154023	41.8274547	-71.4154023	Med	0.825651974
3420	2011-05-16	73568	22:32:00	Bicycle	NA	1	FALSE	FALSE	1	WASHINGTON ST	UNION ST	5/16/11	"Two-Way , Not Divided"	Wet	Dark - Lighted	Rain	Angle (Front - to - Side) Same Direction	No	Traffic Control Signal	2	1	Complains Of Pain	2	41.8236	-71.414	FALSE	FALSE	"Washington Street and Union Street, Providence, RI, USA"	FALSE	-71.4128343	41.8239891	locality	approximate	"providence, ri, usa"	"Washington Street & Union Street, Providence, RI, USA"	EjVXYXNoaW5ndG9uIFN0cmVldCAmIFVuaW9uIFN0cmVldCwgUHJvdmlkZW5jZSwgUkksIFVTQSJmImQKFAoSCXvJS8cTReSJEcVp0B49EFpXEhQKEgl7yUvHE0XkiRHFadAePRBaVxoUChIJqdrNnBJF5IkRGgfQlqMSNPYaFAoSCXNAs5UTReSJEZJE18owa50QIgoN_cbtGBWuFm_V	41.8236157	-71.4139986	41.8236157	-71.4139986	Med	1.751570489
3417	2011-05-19	73979	11:10:00	Pedestrian	1	NA	FALSE	FALSE	1	575 CHARLES ST	MARIETTA ST	5/19/11	"Two-Way , Not Divided"	Wet	Daylight	Rain	"Sideswipe, Same Direction"	No	No Controls	3	1	Complains Of Pain	NA	41.85159	-71.42019	TRUE	FALSE	"575 Charles Street, Providence, RI, USA"	FALSE	-71.4199336	41.8516498	premise	rooftop	"575 charles st, providence, ri 02904, usa"	NA	NA	NA	NA	41.8516498	-71.4199336	High	22.27827934