row_number	crash_date	crash_report_id	crash_time	collision_type	count_pedestrian	count_bicycle	scooter	wheel_chair	number_of_vehicles	street_or_highway	nearest_intersection	report_date	type_of_roadway	road_surface_condition	light_condition	weather_condition	manner_of_impact	hit_and_run	traffic_control	person_count	injury_count	most_serious_injury	number_of_lanes	lat_raw	lon_raw	has_st_number	is_intersection_null	address_sent_to_geocoder	is_address_blank	lon_api_first_try	lat_api_first_try	type	loctype	address_returned_by_geocoder	address_returned_by_autocomplete	place_ids_autocompleted	lat_api_second_try	lon_api_second_try	lat_api_best	lon_api_best	api_coord_conf	distance_btwn_coords_meters
3418	2011-05-19	74171	21:13:00	Pedestrian	1	NA	FALSE	FALSE	1	CHARLES ST	CHARLES ST EXIT	5/19/11	"Two-Way, Divided, Unprotected (painted>4feet) Medium"	Wet	Dark - Lighted	Cloudy	Other	No	Traffic Control Signal	4	1	Complains Of Pain	NA	41.8422	-71.41799	FALSE	FALSE	"Charles Street and Charles St Exit, Providence, RI, USA"	FALSE	-71.4128343	41.8239891	locality	approximate	"providence, ri, usa"	NA	NA	NA	NA	41.8239891	-71.4128343	Med	2071.840048
3419	2011-05-19	74180	20:59:00	Pedestrian	1	NA	FALSE	FALSE	1	48 ACADEMY AVE	NA	5/19/11	"Two-Way , Not Divided"	Wet	Dark - Unknown Lighting	Rain	Unknown	"Yes, M/V and Driver Left Scene"	No Controls	2	1	Complains Of Pain	NA	41.82618	-71.44354	TRUE	TRUE	"48 Academy Ave, Providence, RI, USA"	FALSE	-71.443746	41.8261428	street_address	rooftop	"48 academy ave, providence, ri 02908, usa"	NA	NA	NA	NA	41.8261428	-71.443746	High	17.58274748
3416	2011-05-20	74293	15:59:00	Pedestrian	1	NA	FALSE	FALSE	1	Manila St	Lubec Street	5/20/11	One-Way Trafficway	Dry	Daylight	Clear	Other	No	Stop Signs	4	1	Complains Of Pain	NA	41.85438	-71.44557	FALSE	FALSE	"Manila Street and Lubec Street, Providence, RI, USA"	FALSE	-71.4455518	41.8543745	intersection	geometric_center	"manila st & lubec st, providence, ri 02904, usa"	NA	NA	NA	NA	41.8543745	-71.4455518	Med High	1.628536215
3415	2011-05-22	74524	0:51:00	Pedestrian	1	NA	FALSE	FALSE	1	ELMWOOD AVE	PRINCETON AVE	5/22/11	"Two-Way , Not Divided"	Dry	Dark - Lighted	Clear	Not a Collision Between Two Motor Vehicles in Transport	"Yes, M/V and Driver Left Scene"	No Controls	3	1	Incapacitating	NA	41.80561	-71.42516	FALSE	FALSE	"Elmwood Ave and Princeton Ave, Providence, RI, USA"	FALSE	-71.4252446	41.8053667	intersection	geometric_center	"princeton ave & elmwood ave, providence, ri 02907, usa"	NA	NA	NA	NA	41.8053667	-71.4252446	Med High	27.97901725
3414	2011-05-24	74791	20:31:00	Pedestrian	1	NA	FALSE	FALSE	1	CRANSTON ST	DIAMOND ST	5/24/11	"Two-Way , Not Divided"	Dry	Daylight	Clear	"Sideswipe, Same Direction"	"Yes, M/V and Driver Left Scene"	No Controls	2	1	Complains Of Pain	2	41.8123	-71.43017	FALSE	FALSE	"Cranston Street and Diamond Street, Providence, RI, USA"	FALSE	-71.43036	41.8122284	intersection	geometric_center	"cranston st & diamond st, providence, ri 02909, usa"	NA	NA	NA	NA	41.8122284	-71.43036	Med High	17.66472138
3413	2011-05-25	74927	17:45:00	Pedestrian	1	NA	FALSE	FALSE	1	WESTMINSTER ST	MESSER ST	5/25/11	"Two-Way , Not Divided"	Dry	Daylight	Clear	"Sideswipe, Same Direction"	No	Stop Signs	3	1	Complains Of Pain	NA	41.81585	-71.43707	FALSE	FALSE	"Westminster Street and Messer Street, Providence, RI, USA"	FALSE	-71.437044	41.8158698	intersection	geometric_center	"messer st & westminster st, providence, ri 02909, usa"	NA	NA	NA	NA	41.8158698	-71.437044	Med High	3.084033189
3412	2011-05-29	75503	12:51:00	Bicycle	NA	1	FALSE	FALSE	1	RIVER AVE	EATON ST	5/29/11	"Two-Way, Divided, Unprotected (painted>4feet) Medium"	Dry	Daylight	Clear	Other	No	No Controls	3	1	Complains Of Pain	2	41.84231	-71.44053	FALSE	FALSE	"River Ave and Eaton Street, Providence, RI, USA"	FALSE	-71.4405101	41.8431147	intersection	geometric_center	"eaton st & river ave, providence, ri 02908, usa"	NA	NA	NA	NA	41.8431147	-71.4405101	Med High	89.59399497
3411	2011-06-02	75928	17:41:00	Pedestrian	1	NA	FALSE	FALSE	1	WARREN ST	HARRISON ST	6/2/11	"Two-Way , Not Divided"	Dry	Daylight	Clear	Not a Collision Between Two Motor Vehicles in Transport	No	No Controls	5	1	Non-Incapacitating	NA	41.81098	-71.42785	FALSE	FALSE	"Warren Street and Harrison Street, Providence, RI, USA"	FALSE	-71.4277249	41.8110035	intersection	geometric_center	"harrison st & warren st, providence, ri 02907, usa"	NA	NA	NA	NA	41.8110035	-71.4277249	Med High	10.70434949
3409	2011-06-03	76032	0:51:00	Pedestrian	1	NA	FALSE	FALSE	1	REGENT AVE	HAROLD ST	6/3/11	"Two-Way , Not Divided"	Dry	Dark - Lighted	Clear	Not a Collision Between Two Motor Vehicles in Transport	"Yes, M/V and Driver Left Scene"	No Controls	3	1	Non-Incapacitating	NA	41.82969	-71.43909	FALSE	FALSE	"Regent Ave and Harold Street, Providence, RI, USA"	FALSE	-71.4387133	41.8297388	intersection	geometric_center	"harold st & regent ave, providence, ri 02908, usa"	NA	NA	NA	NA	41.8297388	-71.4387133	Med High	31.71504373
3410	2011-06-03	76193	18:44:00	Pedestrian	1	NA	FALSE	FALSE	1	WEYBOSSET ST	RICHMOND ST	6/4/11	One-Way Trafficway	Dry	Daylight	Clear	Head-On (Front - to - Front)	No	Person	3	1	Complains Of Pain	NA	41.82307	-71.41098	FALSE	FALSE	"Weybosset Street and Richmond Street, Providence, RI, USA"	FALSE	-71.4128684	41.8211606	intersection	geometric_center	"weybosset st & richmond st, providence, ri 02906, usa"	NA	NA	NA	NA	41.8211606	-71.4128684	Med High	264.0459806
3408	2011-06-08	76728	1:16:00	Pedestrian	1	NA	FALSE	FALSE	1	SOUTH ST	CHESTNUT ST	6/8/11	"Two-Way , Not Divided"	Dry	Dark - Lighted	Clear	Not a Collision Between Two Motor Vehicles in Transport	No	No Controls	3	1	Complains Of Pain	NA	41.81708	-71.40858	FALSE	FALSE	"South Street and Chestnut Street, Providence, RI, USA"	FALSE	-71.4085739	41.81707	intersection	geometric_center	"chestnut st & south st, providence, ri 02903, usa"	NA	NA	NA	NA	41.81707	-71.4085739	Med High	1.222832619
3407	2011-06-09	76878	16:23:00	Pedestrian	1	NA	FALSE	FALSE	1	FLORENCE ST	KOSSUTH ST	6/9/11	One-Way Trafficway	Wet	Daylight	Clear	Not a Collision Between Two Motor Vehicles in Transport	No	No Controls	3	1	Complains Of Pain	NA	41.82157	-71.44596	FALSE	FALSE	"Florence Street and Kossuth Street, Providence, RI, USA"	FALSE	-71.4458569	41.8221544	intersection	geometric_center	"florence st & kossuth st, providence, ri 02909, usa"	NA	NA	NA	NA	41.8221544	-71.4458569	Med High	65.61493839
3405	2011-06-10	77001	22:16:00	Bicycle	NA	1	FALSE	FALSE	1	GILLEN ST	CARNAC ST	6/10/11	"Two-Way , Not Divided"	Dry	Dark - Lighted	Clear	Head-On (Front - to - Front)	"Yes, M/V and Driver Left Scene"	No Controls	3	1	Complains Of Pain	NA	41.85293	-71.41907	FALSE	FALSE	"Gillen Street and Carnac Street, Providence, RI, USA"	FALSE	-71.4190635	41.8529451	intersection	geometric_center	"carnac st & gillen st, providence, ri 02904, usa"	NA	NA	NA	NA	41.8529451	-71.4190635	Med High	1.765216105
3406	2011-06-10	77078	2:59:00	Pedestrian	1	NA	FALSE	FALSE	1	MOUNT PLEASANT AVE	OLD RD	6/11/11	"Two-Way , Not Divided"	Dry	Daylight	Clear	Rear - to - Side	No	No Controls	2	1	Complains Of Pain	NA	41.84589	-71.45382	FALSE	FALSE	"Mount Pleasant Ave and Old Rd, Providence, RI, USA"	FALSE	-71.4538004	41.8458919	intersection	geometric_center	"mt pleasant ave & old rd, providence, ri 02908, usa"	NA	NA	NA	NA	41.8458919	-71.4538004	Med High	1.639064307
3404	2011-06-13	77305	13:15:00	Bicycle	NA	1	FALSE	FALSE	1	WEYBOSSET ST	ORANGE ST	6/13/11	One-Way Trafficway	Dry	Daylight	Cloudy	Not a Collision Between Two Motor Vehicles in Transport	No	No Controls	3	1	Non-Incapacitating	NA	41.82334	-71.41058	FALSE	FALSE	"Weybosset Street and Orange Street, Providence, RI, USA"	FALSE	-71.410541	41.8233753	intersection	geometric_center	"weybosset st & orange st, providence, ri 02903, usa"	NA	NA	NA	NA	41.8233753	-71.410541	Med High	5.090047529
3402	2011-06-16	77727	7:56:00	Pedestrian	1	NA	FALSE	FALSE	1	ATWELLS AVE	VALLEY ST	6/16/11	"Two-Way, Divided, Unprotected (painted>4feet) Medium"	Dry	Daylight	Clear	Other	No	Traffic Control Signal	3	1	Non-Incapacitating	NA	41.82455	-71.43933	FALSE	FALSE	"Atwells Ave and Valley Street, Providence, RI, USA"	FALSE	-71.4394736	41.8245768	intersection	geometric_center	"valley st & atwells ave, providence, ri 02908, usa"	NA	NA	NA	NA	41.8245768	-71.4394736	Med High	12.28012546
3403	2011-06-16	77798	15:21:00	Pedestrian	1	NA	FALSE	FALSE	1	HARTFORD AVE	ELIZA ST	6/16/11	"Two-Way , Not Divided"	Dry	Daylight	Clear	Not a Collision Between Two Motor Vehicles in Transport	No	No Controls	6	1	Incapacitating	2	41.81925	-71.4635	FALSE	FALSE	"Hartford Ave and Eliza Street, Providence, RI, USA"	FALSE	-71.4636357	41.8193007	intersection	geometric_center	"eliza st & hartford ave, providence, ri 02909, usa"	NA	NA	NA	NA	41.8193007	-71.4636357	Med High	12.5933296
3401	2011-06-20	78303	19:09:00	Bicycle	NA	1	FALSE	FALSE	1	MONTROSE ST	RIDGELAND ST	6/20/11	"Two-Way , Not Divided"	Dry	Daylight	Clear	Not a Collision Between Two Motor Vehicles in Transport	No	No Controls	3	1	Incapacitating	NA	41.82574	-71.44947	FALSE	FALSE	"Montrose Street and Ridgeland Street, Providence, RI, USA"	FALSE	-71.4128343	41.8239891	locality	approximate	"providence, ri, usa"	NA	NA	NA	NA	41.8239891	-71.4128343	Med	3045.314346
3400	2011-06-21	78493	17:49:00	Bicycle	NA	1	FALSE	FALSE	1	ADELAIDE AVE	HAMILTON ST	6/21/11	"Two-Way , Not Divided"	Dry	Daylight	Clear	Other	No	No Controls	2	1	Complains Of Pain	NA	41.7972	-71.42076	FALSE	FALSE	"Adelaide Ave and Hamilton Street, Providence, RI, USA"	FALSE	-71.4201379	41.7973969	intersection	geometric_center	"adelaide ave & hamilton st, providence, ri 02907, usa"	NA	NA	NA	NA	41.7973969	-71.4201379	Med High	56.08797565
3399	2011-06-22	80941	23:12:00	Pedestrian	2	NA	FALSE	FALSE	1	BROAD ST	SERVICE ROAD 7	6/23/11	"Two-Way , Not Divided"	Wet	Dark - Lighted	Rain	Not a Collision Between Two Motor Vehicles in Transport	No	No Controls	4	2	Complains Of Pain	NA	41.81732	-71.41705	FALSE	FALSE	"Broad Street and Service Road 7, Providence, RI, USA"	FALSE	-71.4200451	41.8199608	route	geometric_center	"service rd 1, providence, ri, usa"	"Broad Street & Service Road 7th, Providence, RI, USA"	EjRCcm9hZCBTdHJlZXQgJiBTZXJ2aWNlIFJvYWQgN3RoLCBQcm92aWRlbmNlLCBSSSwgVVNBImYiZAoUChIJbbRukG1F5IkRg0XEjUgVvRgSFAoSCW20bpBtReSJEYNFxI1IFb0YGhQKEgmD3n3VjE_kiREsosqTmEsIoxoUChIJB3h0QnZF5IkRyxFdBkwhBUwiCg0k0-wYFUejbtU	41.8173732	-71.4169529	41.8173732	-71.4169529	Med	9.998384006
3398	2011-06-24	78991	13:26:00	Pedestrian	1	NA	FALSE	FALSE	1	461 PLAINFIELD STREET	RALPH ST	6/26/11	"Two-Way , Not Divided"	Dry	Daylight	Cloudy	Other	No	No Controls	4	1	Complains Of Pain	2	41.81342	-71.45379	TRUE	FALSE	"461 Plainfield Street, Providence, RI, USA"	FALSE	-71.4537688	41.8135569	street_address	rooftop	"461 plainfield st, providence, ri 02909, usa"	NA	NA	NA	NA	41.8135569	-71.4537688	High	15.34080899
3395	2011-06-25	78868	0:15:00	Pedestrian	3	NA	FALSE	FALSE	1	731 EDDY	PUBLIC ST	6/25/11	Unknown	Wet	Dark - Lighted	Rain	Not a Collision Between Two Motor Vehicles in Transport	"Yes, M/V and Driver Left Scene"	Other	4	2	Complains Of Pain	NA	41.80731	-71.40725	TRUE	FALSE	"731 Eddy, Providence, RI, USA"	FALSE	-71.4075635	41.8078196	premise	rooftop	"731 eddy st, providence, ri 02903, usa"	NA	NA	NA	NA	41.8078196	-71.4075635	High	62.40826192
3396	2011-06-25	78956	15:40:00	Bicycle	NA	1	FALSE	FALSE	1	UNION AVE	ALTHEA ST	6/25/11	"Two-Way , Not Divided"	Dry	Daylight	Clear	Not a Collision Between Two Motor Vehicles in Transport	No	Stop Signs	4	1	Non-Incapacitating	2	41.80932	-71.43828	FALSE	FALSE	"Union Ave and Althea Street, Providence, RI, USA"	FALSE	-71.4350772	41.807752	route	geometric_center	"althea st, providence, ri, usa"	"Union Ave & Althea Street, Providence, RI, USA"	Ei5VbmlvbiBBdmUgJiBBbHRoZWEgU3RyZWV0LCBQcm92aWRlbmNlLCBSSSwgVVNBImYiZAoUChIJG0Z3g4ZF5IkRRkh_ckDFXY0SFAoSCRtGd4OGReSJEUZIf3JAxV2NGhQKEgkjges4ikXkiRGe1Z8wsMWILxoUChIJp4GeQIFF5IkR1Ebe3VPYn2YiCg1lmOsYFaFja9U	41.8093157	-71.4382431	41.8093157	-71.4382431	Med	3.098930587
3397	2011-06-25	78998	12:43:00	Bicycle	NA	1	FALSE	FALSE	1	UNION AVE	POCASSET AVE	6/26/11	"Two-Way, Divided, Unprotected (painted>4feet) Medium"	Dry	Daylight	Clear	Other	"Yes, M/V and Driver Left Scene"	Traffic Control Signal	2	1	Complains Of Pain	NA	41.80639	-71.45714	FALSE	FALSE	"Union Ave and Pocasset Ave, Providence, RI, USA"	FALSE	-71.457112	41.8064114	intersection	geometric_center	"pocasset ave & union ave, providence, ri 02909, usa"	NA	NA	NA	NA	41.8064114	-71.457112	Med High	3.327631333
3394	2011-06-27	79101	10:11:00	Bicycle	NA	1	FALSE	FALSE	1	5TH ST	SUMMIT AVE	6/27/11	"Two-Way , Not Divided"	Dry	Daylight	Clear	Angle (Front - to - Side) Right Angle (Includes Broadside)	No	Stop Signs	2	1	Complains Of Pain	2	41.85115	-71.39794	FALSE	FALSE	"5th Street and Summit Ave, Providence, RI, USA"	FALSE	-71.398247	41.850533	route	geometric_center	"summit ave, providence, ri 02906, usa"	"5th Street & Summit Ave, Providence, RI, USA"	Eiw1dGggU3RyZWV0ICYgU3VtbWl0IEF2ZSwgUHJvdmlkZW5jZSwgUkksIFVTQSJmImQKFAoSCeFiY4PGROSJEbVDATS9S9cYEhQKEgnhYmODxkTkiRG1QwE0vUvXGBoUChIJXVOLd8ZE5IkRVilCcJwKpMIaFAoSCWc0otTFROSJEcuWttDdYL4lIgoN3frxGBVAjHHV	41.8511581	-71.3978816	41.8511581	-71.3978816	Med	4.925745261
3393	2011-06-28	79407	22:08:00	Pedestrian	1	NA	FALSE	FALSE	1	SMITH ST	BRIGHTWOOD AVE	6/28/11	"Two-Way , Not Divided"	Dry	Dark - Lighted	Clear	Head-On (Front - to - Front)	"Yes, M/V and Driver Left Scene"	No Controls	2	1	Non-Incapacitating	NA	41.84714	-71.45413	FALSE	FALSE	"Smith Street and Brightwood Ave, Providence, RI, USA"	FALSE	-71.4540789	41.847122	intersection	geometric_center	"brightwood ave & smith st, providence, ri 02908, usa"	NA	NA	NA	NA	41.847122	-71.4540789	Med High	4.687336645
3391	2011-06-29	79408	18:33:00	Pedestrian	1	NA	FALSE	FALSE	1	KIMBALL AVENUE	CHALKSTONE AVENUE	6/29/11	"Two-Way , Not Divided"	Dry	Daylight	Clear	Angle (Front - to - Side) Right Angle (Includes Broadside)	"Yes, Driver Left Scene"	Stop Signs	1	1	Incapacitating	2	41.82462	-71.41556	FALSE	FALSE	"Kimball Avenue and Chalkstone Avenue, Providence, RI, USA"	FALSE	-71.4417437	41.8322912	route	geometric_center	"chalkstone ave, providence, ri, usa"	"Kimball Street & Chalkstone Avenue, Providence, RI, USA"	EjdLaW1iYWxsIFN0cmVldCAmIENoYWxrc3RvbmUgQXZlbnVlLCBQcm92aWRlbmNlLCBSSSwgVVNBImYiZAoUChIJn4tKgLlF5IkRqZB2Lt0AAbYSFAoSCZ-LSoC5ReSJEamQdi7dAAG2GhQKEgmPsohbt0XkiRGHSDRiheiQIBoUChIJdzMxm69F5IkRFM5IhAG4zqsiCg2lMe8YFXXpadU	41.8328997	-71.4479243	41.8328997	-71.4479243	Med	2838.393383
3392	2011-06-29	80273	15:53:00	Bicycle	NA	1	FALSE	FALSE	1	N MAIN ST	STENTON AVE	6/29/11	One-Way Trafficway	Dry	Daylight	Clear	"Sidwswipe, Opposite Direction"	No	No Controls	3	1	Complains Of Pain	NA	41.84943	-71.40336	FALSE	FALSE	"N Main Street and Stenton Ave, Providence, RI, USA"	FALSE	-71.4022123	41.8491109	route	geometric_center	"stenton ave, providence, ri 02906, usa"	"North Main Street & Stenton Ave, Providence, RI, USA"	EjROb3J0aCBNYWluIFN0cmVldCAmIFN0ZW50b24gQXZlLCBQcm92aWRlbmNlLCBSSSwgVVNBImYiZAoUChIJqZzo_sJE5IkRhoi9ouQioRMSFAoSCamc6P7CROSJEYaIvaLkIqETGhQKEgn5-kE93kTkiRFf162-DVwjPxoUChIJQXuNCcNE5IkRQi4VzpZXS7UiCg31r_EYFTGxcNU	41.8492405	-71.4034895	41.8492405	-71.4034895	Med	23.67095943
3390	2011-07-02	79704	8:06:00	Bicycle	NA	1	FALSE	FALSE	1	825 hope st	4TH ST	7/2/11	"Two-Way, Divided, Unprotected (painted>4feet) Medium"	Dry	Daylight	Clear	Unknown	No	No Controls	2	1	Complains Of Pain	NA	41.84936	-71.39485	TRUE	FALSE	"825 Hope Street, Providence, RI, USA"	FALSE	-71.3944372	41.8492963	premise	rooftop	"825 hope st, providence, ri 02906, usa"	NA	NA	NA	NA	41.8492963	-71.3944372	High	34.95700906
3388	2011-07-04	79884	22:10:00	Bicycle	NA	1	FALSE	FALSE	1	HARTFORD AVE	OLNEYVILLE SQ	7/4/11	One-Way Trafficway	Dry	Dark - Lighted	Clear	Angle (Front - to - Side) Right Angle (Includes Broadside)	No	No Controls	3	0	No Injury	NA	41.81674	-71.44437	FALSE	FALSE	"Hartford Ave and Olneyville Sq, Providence, RI, USA"	FALSE	-71.4434849	41.8167835	route	geometric_center	"olneyville square, providence, ri 02909, usa"	NA	NA	NA	NA	41.8167835	-71.4434849	Med	73.59119167
3389	2011-07-04	79896	21:50:00	Pedestrian	1	NA	FALSE	FALSE	1	ROBIN ST	HARVEST ST	7/4/11	"Two-Way , Not Divided"	Dry	Dark - Lighted	Clear	Other	No	No Controls	3	1	Complains Of Pain	NA	41.83156	-71.43602	FALSE	FALSE	"Robin Street and Harvest Street, Providence, RI, USA"	FALSE	-71.435982	41.83152	intersection	geometric_center	"harvest st & robin st, providence, ri 02908, usa"	NA	NA	NA	NA	41.83152	-71.435982	Med High	5.455439438
3387	2011-07-07	80284	14:14:00	Pedestrian	1	NA	FALSE	FALSE	1	CHALKSTONE AVE	GENEVA ST	7/7/11	"Two-Way , Not Divided"	Dry	Daylight	Clear	Other	No	No Controls	4	1	Complains Of Pain	NA	41.83227	-71.44088	FALSE	FALSE	"Chalkstone Ave and Geneva Street, Providence, RI, USA"	FALSE	-71.4409323	41.832278	intersection	geometric_center	"chalkstone ave & geneva st, providence, ri 02908, usa"	NA	NA	NA	NA	41.832278	-71.4409323	Med High	4.428450637
3386	2011-07-08	80369	3:08:00	Pedestrian	1	NA	FALSE	FALSE	1	CONGRESS AVE	NIAGARA ST	7/8/11	"Two-Way , Not Divided"	Dry	Dark - Lighted	Clear	Not a Collision Between Two Motor Vehicles in Transport	"Yes, M/V and Driver Left Scene"	No Controls	1	1	Complains Of Pain	NA	41.80052	-71.4197	FALSE	FALSE	"Congress Ave and Niagara Street, Providence, RI, USA"	FALSE	-71.4196949	41.8005305	intersection	geometric_center	"congress ave & niagara st, providence, ri 02907, usa"	NA	NA	NA	NA	41.8005305	-71.4196949	Med High	1.243117352
3384	2011-07-10	80591	9:46:00	Bicycle	NA	1	FALSE	FALSE	1	112 POCASSET AVE	MAGNOLIA ST	7/10/11	"Two-Way , Not Divided"	Dry	Daylight	Clear	Angle (Front - to - Side) Right Angle (Includes Broadside)	No	No Controls	2	1	Complains Of Pain	NA	41.81136	-71.45203	TRUE	FALSE	"112 Pocasset Ave, Providence, RI, USA"	FALSE	-71.4519322	41.8111628	street_address	rooftop	"112 pocasset ave, providence, ri 02909, usa"	NA	NA	NA	NA	41.8111628	-71.4519322	High	23.40397531
3385	2011-07-10	82055	14:15:00	Bicycle	NA	1	FALSE	FALSE	1	GALLUP ST	PRAIRIE AVE	7/11/11	"Two-Way , Not Divided"	Dry	Daylight	Clear	Other	No	No Controls	3	1	Complains Of Pain	NA	41.80002	-71.41247	FALSE	FALSE	"Gallup Street and Prairie Ave, Providence, RI, USA"	FALSE	-71.4124604	41.8000325	intersection	geometric_center	"gallup st & prairie ave, providence, ri 02905, usa"	NA	NA	NA	NA	41.8000325	-71.4124604	Med High	1.603412058
3382	2011-07-11	80680	11:19:00	Bicycle	NA	1	FALSE	FALSE	1	CHAPEL ST	SNOW ST	7/11/11	One-Way Trafficway	Dry	Daylight	Clear	Angle (Front - to - Side) Right Angle (Includes Broadside)	No	Stop Signs	2	0	No Injury	NA	41.8212	-71.41384	FALSE	FALSE	"Chapel Street and Snow Street, Providence, RI, USA"	FALSE	-71.4150373	41.8221814	route	geometric_center	"snow st, providence, ri 02903, usa"	"Chapel Street & Snow Street, Providence, RI, USA"	EjBDaGFwZWwgU3RyZWV0ICYgU25vdyBTdHJlZXQsIFByb3ZpZGVuY2UsIFJJLCBVU0EiZiJkChQKEglvWKMVE0XkiRGEK_RpokQnfBIUChIJb1ijFRNF5IkRhCv0aaJEJ3waFAoSCbvh-RUTReSJEYc_0vLn5q88GhQKEgnb-G4CE0XkiRGUF36UELXa8iIKDT1p7RgV9hxv1Q	41.8212157	-71.4138378	41.8212157	-71.4138378	Med	1.757219592
3383	2011-07-11	80760	21:15:00	Pedestrian	1	NA	FALSE	FALSE	1	280 Broad St.	NA	7/11/11	"Two-Way, Divided, Unprotected (painted>4feet) Medium"	Dry	Dark - Lighted	Clear	Head-On (Front - to - Front)	"Yes, M/V and Driver Left Scene"	No Controls	1	1	Complains Of Pain	NA	41.82503	-71.4148	TRUE	TRUE	"280 Broad St., Providence, RI, USA"	FALSE	-71.4202425	41.8149485	premise	rooftop	"280 broad st, providence, ri 02907, usa"	NA	NA	NA	NA	41.8149485	-71.4202425	High	1209.688347
3380	2011-07-15	81271	1:09:00	Pedestrian	2	NA	FALSE	FALSE	1	ABBOTT PARK PL	WEYBOSSET ST	7/15/11	One-Way Trafficway	Dry	Dark - Lighted	Clear	Not a Collision Between Two Motor Vehicles in Transport	"Yes, M/V and Driver Left Scene"	No Controls	8	2	Incapacitating	NA	41.82061	-71.4134	FALSE	FALSE	"Abbott Park Pl and Weybosset Street, Providence, RI, USA"	FALSE	-71.4136706	41.8204998	intersection	geometric_center	"weybosset st & abbott park pl, providence, ri 02903, usa"	NA	NA	NA	NA	41.8204998	-71.4136706	Med High	25.58199259
3381	2011-07-15	82867	18:11:00	Bicycle	NA	1	FALSE	FALSE	1	BANCROFT ST	KELLEY ST	7/16/11	"Two-Way , Not Divided"	Dry	Daylight	Clear	Not a Collision Between Two Motor Vehicles in Transport	No	No Controls	3	0	No Injury	NA	41.81294	-71.44793	FALSE	FALSE	"Bancroft Street and Kelley Street, Providence, RI, USA"	FALSE	-71.4480739	41.8130759	intersection	geometric_center	"bancroft st & kelly st, providence, ri 02909, usa"	NA	NA	NA	NA	41.8130759	-71.4480739	Med High	19.27205267
3379	2011-07-19	83335	13:37:00	Bicycle	NA	1	FALSE	FALSE	1	PUBLIC ST	BROAD ST	7/21/11	"Two-Way , Not Divided"	Dry	Daylight	Clear	Not a Collision Between Two Motor Vehicles in Transport	No	Traffic Control Signal	4	0	No Injury	NA	41.80441	-71.41937	FALSE	FALSE	"Public Street and Broad Street, Providence, RI, USA"	FALSE	-71.4193596	41.804449	intersection	geometric_center	"public st & broad st, providence, ri 02907, usa"	NA	NA	NA	NA	41.804449	-71.4193596	Med High	4.426402177
3378	2011-07-20	82162	11:51:00	Bicycle	NA	1	FALSE	FALSE	1	549 RIVER AVE	EATON ST	7/21/11	"Two-Way , Not Divided"	Dry	Daylight	Clear	Angle (Front - to - Side) Right Angle (Includes Broadside)	No	Traffic Control Signal	2	1	Non-Incapacitating	NA	41.84304	-71.44051	TRUE	FALSE	"549 River Ave, Providence, RI, USA"	FALSE	-71.440636	41.8433025	street_address	rooftop	"549 river ave, providence, ri 02908, usa"	NA	NA	NA	NA	41.8433025	-71.440636	High	31.03343067
3376	2011-07-21	82157	9:59:00	Bicycle	NA	1	FALSE	FALSE	2	ANGELL ST	HOPE ST	7/21/11	"Two-Way , Not Divided"	Dry	Daylight	Clear	Angle (Front - to - Side) Right Angle (Includes Broadside)	No	Traffic Control Signal	3	1	Complains Of Pain	NA	41.8284	-71.39751	FALSE	FALSE	"Angell Street and Hope Street, Providence, RI, USA"	FALSE	-71.3974982	41.8284083	intersection	geometric_center	"hope st & angell st, providence, ri 02906, usa"	NA	NA	NA	NA	41.8284083	-71.3974982	Med High	1.346008085
3377	2011-07-21	82187	12:21:00	Bicycle	NA	1	FALSE	FALSE	1	CHALKSTONE AVE	GARFIELD AVE	7/21/11	"Two-Way , Not Divided"	Dry	Daylight	Clear	Angle (Front - to - Side) Right Angle (Includes Broadside)	No	No Controls	4	1	Incapacitating	2	41.83382	-71.43245	FALSE	FALSE	"Chalkstone Ave and Garfield Ave, Providence, RI, USA"	FALSE	-71.4324252	41.833837	intersection	geometric_center	"garfield ave & chalkstone ave, providence, ri 02908, usa"	NA	NA	NA	NA	41.833837	-71.4324252	Med High	2.795068232
3375	2011-07-23	82508	22:21:00	Bicycle	NA	1	FALSE	FALSE	1	STATE STREET	EXIT 23	7/23/11	One-Way Trafficway	Dry	Daylight	Clear	Angle (Front - to - Side) Opposite Direction	No	No Controls	2	1	Complains Of Pain	NA	41.83478	-71.41433	FALSE	FALSE	"State Street and Exit 23, Providence, RI, USA"	FALSE	-71.4128343	41.8239891	locality	approximate	"providence, ri, usa"	NA	NA	NA	NA	41.8239891	-71.4128343	Med	1207.627301
3374	2011-07-24	82622	13:20:00	Pedestrian	1	NA	FALSE	FALSE	1	BRADFORD ST	ATWELLS AVE	7/24/11	"Two-Way , Not Divided"	Dry	Daylight	Clear	Not a Collision Between Two Motor Vehicles in Transport	No	Stop Signs	2	1	Complains Of Pain	NA	41.82323	-71.42178	FALSE	FALSE	"Bradford Street and Atwells Ave, Providence, RI, USA"	FALSE	-71.4217897	41.8232404	intersection	geometric_center	"atwells ave & bradford st, providence, ri 02903, usa"	NA	NA	NA	NA	41.8232404	-71.4217897	Med High	1.40990051
3373	2011-07-25	86808	15:50:00	Bicycle	NA	1	FALSE	FALSE	1	MANTON AVE	FAIRFIELD AVE	7/25/11	"Two-Way , Not Divided"	Dry	Daylight	Cloudy	Angle (Front - to - Side) Opposite Direction	No	No Controls	3	1	Complains Of Pain	NA	41.82568	-71.45655	FALSE	FALSE	"Manton Ave and Fairfield Ave, Providence, RI, USA"	FALSE	-71.4564451	41.8256702	intersection	geometric_center	"fairfield ave & manton ave, providence, ri 02909, usa"	NA	NA	NA	NA	41.8256702	-71.4564451	Med High	8.76986157