row_number	crash_date	crash_report_id	crash_time	collision_type	count_pedestrian	count_bicycle	scooter	wheel_chair	number_of_vehicles	street_or_highway	nearest_intersection	report_date	type_of_roadway	road_surface_condition	light_condition	weather_condition	manner_of_impact	hit_and_run	traffic_control	person_count	injury_count	most_serious_injury	number_of_lanes	lat_raw	lon_raw	has_st_number	is_intersection_null	address_sent_to_geocoder	is_address_blank	lon_api_first_try	lat_api_first_try	type	loctype	address_returned_by_geocoder	address_returned_by_autocomplete	place_ids_autocompleted	lat_api_second_try	lon_api_second_try	lat_api_best	lon_api_best	api_coord_conf	distance_btwn_coords_meters
3372	2011-07-26	82968	13:35:00	Pedestrian	1	NA	FALSE	TRUE	2	PLAIN ST	OLDHAM ST	7/26/11	Unknown	Dry	Daylight	Clear	Other	No	No Controls	5	2	Complains Of Pain	NA	41.81281	-71.41214	FALSE	FALSE	"Plain Street and Oldham Street, Providence, RI, USA"	FALSE	-71.4122769	41.8132938	intersection	geometric_center	"oldham st & plain st, providence, ri 02903, usa"	NA	NA	NA	NA	41.8132938	-71.4122769	Med High	55.04110646
3371	2011-07-27	83161	17:21:00	Bicycle	NA	1	FALSE	FALSE	1	SORRENTO ST	LINWOOD AVE	7/27/11	"Two-Way , Not Divided"	Dry	Daylight	Clear	Not a Collision Between Two Motor Vehicles in Transport	No	Stop Signs	3	1	Complains Of Pain	2	41.80786	-71.43737	FALSE	FALSE	"Sorrento Street and Linwood Ave, Providence, RI, USA"	FALSE	-71.4373713	41.807869	intersection	geometric_center	"sorrento st & linwood ave, providence, ri 02909, usa"	NA	NA	NA	NA	41.807869	-71.4373713	Med High	1.007665609
3370	2011-07-29	83480	12:50:00	Pedestrian	1	NA	FALSE	FALSE	1	Tell Street	Courtland Street	7/29/11	"Two-Way , Not Divided"	Dry	Daylight	Cloudy	Not a Collision Between Two Motor Vehicles in Transport	No	No Controls	3	1	Incapacitating	1	41.82188	-71.43251	FALSE	FALSE	"Tell Street and Courtland Street, Providence, RI, USA"	FALSE	-71.4323001	41.8219436	intersection	geometric_center	"tell st & courtland st, providence, ri 02909, usa"	NA	NA	NA	NA	41.8219436	-71.4323001	Med High	18.7971027
3369	2011-07-30	83517	1:02:00	Bicycle	NA	1	FALSE	FALSE	1	WESTMINSTER ST	EMPIRE ST	7/30/11	One-Way Trafficway	Dry	Dark - Lighted	Clear	Angle (Front - to - Side) Right Angle (Includes Broadside)	No	Traffic Control Signal	3	1	Incapacitating	2	41.82097	-71.41532	FALSE	FALSE	"Westminster Street and Empire Street, Providence, RI, USA"	FALSE	-71.4153246	41.8209888	intersection	geometric_center	"empire st & westminster st, providence, ri 02903, usa"	NA	NA	NA	NA	41.8209888	-71.4153246	Med High	2.127314131
3367	2011-08-04	84466	22:11:00	Bicycle	NA	1	FALSE	FALSE	1	WESTMINSTER ST	MEMORIAL BOULEVARD	8/6/11	"Two-Way , Not Divided"	Dry	Dark - Lighted	Clear	"Sidwswipe, Opposite Direction"	No	Traffic Control Signal	2	1	Complains Of Pain	2	41.82529	-71.40895	FALSE	FALSE	"Westminster Street and Memorial Boulevard, Providence, RI, USA"	FALSE	-71.4088081	41.8253077	intersection	geometric_center	"memorial blvd & westminster st, providence, ri 02903, usa"	NA	NA	NA	NA	41.8253077	-71.4088081	Med High	11.93483387
3368	2011-08-04	87831	23:09:00	Pedestrian	1	NA	FALSE	FALSE	1	RESERVOIR AVE	ELMWOOD AVE	8/30/11	Unknown	Dry	Dark - Lighted	Clear	Not a Collision Between Two Motor Vehicles in Transport	No	No Controls	3	1	Complains Of Pain	NA	41.79755	-71.42606	FALSE	FALSE	"Reservoir Ave and Elmwood Ave, Providence, RI, USA"	FALSE	-71.4258248	41.7971616	intersection	geometric_center	"reservoir ave & elmwood ave, providence, ri 02907, usa"	NA	NA	NA	NA	41.7971616	-71.4258248	Med High	47.43827486
3365	2011-08-05	84368	15:27:00	Bicycle	NA	1	FALSE	FALSE	1	EMPIRE ST	BROADWAY	8/5/11	"Two-Way, Divided, Positive Median Barrier"	Dry	Daylight	Clear	Angle (Front - to - Side) Same Direction	No	No Controls	2	0	No Injury	2	41.82257	-71.41745	FALSE	FALSE	"Empire Street and Broadway, Providence, RI, USA"	FALSE	-71.4177642	41.822755	intersection	geometric_center	"empire st & broadway, providence, ri 02903, usa"	NA	NA	NA	NA	41.822755	-71.4177642	Med High	33.21897674
3366	2011-08-05	86232	1:32:00	Pedestrian	1	NA	FALSE	FALSE	1	ATWELLS AVE	MURPHY ST	8/18/11	"Two-Way, Divided, Unprotected (painted>4feet) Medium"	Dry	Dark - Lighted	Clear	"Sideswipe, Same Direction"	No	No Controls	3	1	Complains Of Pain	NA	41.82373	-71.42884	FALSE	FALSE	"Atwells Ave and Murphy Street, Providence, RI, USA"	FALSE	-71.4286718	41.8237332	intersection	geometric_center	"murphy st & atwells ave, providence, ri 02903, usa"	NA	NA	NA	NA	41.8237332	-71.4286718	Med High	13.95762271
3364	2011-08-06	84471	22:00:00	Pedestrian	1	NA	FALSE	FALSE	1	CHARLES ST	GILLEN ST	8/7/11	"Two-Way , Not Divided"	Wet	Dark - Lighted	Rain	Not a Collision Between Two Motor Vehicles in Transport	"Yes, M/V and Driver Left Scene"	No Controls	1	1	Complains Of Pain	2	41.85245	-71.42032	FALSE	FALSE	"Charles Street and Gillen Street, Providence, RI, USA"	FALSE	-71.4190635	41.8529451	route	geometric_center	"gillen st, providence, ri 02904, usa"	"Charles Street & Gillen Street, Providence, RI, USA"	EjNDaGFybGVzIFN0cmVldCAmIEdpbGxlbiBTdHJlZXQsIFByb3ZpZGVuY2UsIFJJLCBVU0EiZiJkChQKEglD8_St8UTkiRHDI_WdOKw57xIUChIJQ_P0rfFE5IkRwyP1nTisOe8aFAoSCXULzmzxROSJEctkyy41Vf0yGhQKEglVe4_D8UTkiRHqjY5w7qPPpSIKDeIu8hgVXiBu1Q	41.8524898	-71.4203042	41.8524898	-71.4203042	Med	4.620156303
3363	2011-08-07	85354	9:49:00	Pedestrian	1	NA	FALSE	FALSE	1	INDIA ST	S MAIN ST	8/12/11	"Two-Way , Not Divided"	Dry	Daylight	Clear	"Sideswipe, Same Direction"	No	No Controls	3	1	Complains Of Pain	NA	41.81634	-71.39891	FALSE	FALSE	"India Street and S Main Street, Providence, RI, USA"	FALSE	-71.3982088	41.8167209	intersection	geometric_center	"india st & s main st, providence, ri 02903, usa"	NA	NA	NA	NA	41.8167209	-71.3982088	Med High	71.98749737
3362	2011-08-09	84816	1:25:00	Bicycle	NA	1	FALSE	FALSE	1	W RIVER ST	BRANCH AVE	8/9/11	"Two-Way , Not Divided"	Unknown	Dark - Not Lighted	Clear	Not a Collision Between Two Motor Vehicles in Transport	"Yes, M/V and Driver Left Scene"	No Controls	1	0	Unknown	NA	41.8469	-71.41269	FALSE	FALSE	"W River Street and Branch Ave, Providence, RI, USA"	FALSE	-71.4126689	41.8468987	intersection	geometric_center	"w river st & branch ave, providence, ri 02904, usa"	NA	NA	NA	NA	41.8468987	-71.4126689	Med High	1.755697023
3361	2011-08-10	90025	21:20:00	Pedestrian	1	NA	FALSE	FALSE	1	MITCHELL ST	HAMILTON ST	9/13/11	"Two-Way , Not Divided"	Dry	Dark - Lighted	Clear	Other	No	No Controls	2	1	Complains Of Pain	NA	41.80035	-71.42268	FALSE	FALSE	"Mitchell Street and Hamilton Street, Providence, RI, USA"	FALSE	-71.4219078	41.8005942	intersection	geometric_center	"hamilton st & mitchell st, providence, ri 02907, usa"	NA	NA	NA	NA	41.8005942	-71.4219078	Med High	69.60889209
3360	2011-08-11	85325	17:27:00	Pedestrian	1	NA	FALSE	FALSE	1	GLENHAM ST	PRAIRIE AVE	8/11/11	"Two-Way , Not Divided"	Dry	Daylight	Clear	Not a Collision Between Two Motor Vehicles in Transport	No	Stop Signs	2	0	No Injury	NA	41.80609	-71.41509	FALSE	FALSE	"Glenham Street and Prairie Ave, Providence, RI, USA"	FALSE	-71.4150396	41.8061135	intersection	geometric_center	"glenham st & prairie ave, providence, ri 02905, usa"	NA	NA	NA	NA	41.8061135	-71.4150396	Med High	4.932892632
3358	2011-08-12	85379	9:41:00	Bicycle	NA	1	FALSE	FALSE	1	HOPE ST	CHARLESFIELD ST	8/12/11	"Two-Way , Not Divided"	Dry	Daylight	Clear	"Sideswipe, Same Direction"	No	No Controls	2	1	Complains Of Pain	NA	41.82421	-71.39721	FALSE	FALSE	"Hope Street and Charlesfield Street, Providence, RI, USA"	FALSE	-71.3971831	41.8241348	intersection	geometric_center	"hope st & charlesfield st, providence, ri 02912, usa"	NA	NA	NA	NA	41.8241348	-71.3971831	Med High	8.66354021
3359	2011-08-12	85507	13:43:00	Bicycle	NA	1	FALSE	FALSE	1	S MAIN ST	HOPKINS ST	8/13/11	One-Way Trafficway	Dry	Daylight	Clear	"Sideswipe, Same Direction"	No	No Controls	3	1	Complains Of Pain	NA	41.82423	-71.40682	FALSE	FALSE	"S Main Street and Hopkins Street, Providence, RI, USA"	FALSE	-71.4073013	41.8249706	intersection	geometric_center	"hopkins st & s main st, providence, ri 02903, usa"	NA	NA	NA	NA	41.8249706	-71.4073013	Med High	91.60215897
3356	2011-08-15	85730	11:26:00	Pedestrian	1	NA	FALSE	FALSE	1	SUMTER ST	BROAD ST	8/15/11	"Two-Way , Not Divided"	Wet	Daylight	Rain	Not a Collision Between Two Motor Vehicles in Transport	"Yes, M/V and Driver Left Scene"	No Controls	1	1	Complains Of Pain	2	41.79774	-71.41412	FALSE	FALSE	"Sumter Street and Broad Street, Providence, RI, USA"	FALSE	-71.4141112	41.7977723	intersection	geometric_center	"sumter st & broad st, providence, ri 02905, usa"	NA	NA	NA	NA	41.7977723	-71.4141112	Med High	3.66903552
3357	2011-08-15	86267	9:10:00	Bicycle	NA	1	FALSE	FALSE	1	OLDHAM ST	PLAIN ST	8/18/11	"Two-Way , Not Divided"	Wet	Daylight	Rain	Not a Collision Between Two Motor Vehicles in Transport	No	No Controls	2	1	Complains Of Pain	2	41.81328	-71.41232	FALSE	FALSE	"Oldham Street and Plain Street, Providence, RI, USA"	FALSE	-71.4122769	41.8132938	intersection	geometric_center	"oldham st & plain st, providence, ri 02903, usa"	NA	NA	NA	NA	41.8132938	-71.4122769	Med High	3.891965332
3353	2011-08-16	85921	15:07:00	Bicycle	1	NA	FALSE	FALSE	1	MANTON AVE	CHAFFEE ST	8/16/11	"Two-Way , Not Divided"	Dry	Daylight	Clear	Angle (Front - to - Side) Opposite Direction	No	No Controls	2	1	Complains Of Pain	2	41.81852	-71.44539	FALSE	FALSE	"Manton Ave and Chaffee Street, Providence, RI, USA"	FALSE	-71.4456512	41.8187415	intersection	geometric_center	"chaffee st & manton ave, providence, ri 02909, usa"	NA	NA	NA	NA	41.8187415	-71.4456512	Med High	32.82612112
3354	2011-08-16	85977	19:08:00	Bicycle	NA	1	FALSE	FALSE	1	SMITHFIELD AVE	SMITHFIELD AVE	8/16/11	"Two-Way , Not Divided"	Dry	Daylight	Clear	"Sideswipe, Same Direction"	No	No Controls	2	0	No Injury	NA	41.8588	-71.41098	FALSE	FALSE	"Smithfield Ave and Smithfield Ave, Providence, RI, USA"	FALSE	-71.4524031	41.8563993	intersection	geometric_center	"smithfield rd & smithfield ave, north providence, ri 02904, usa"	NA	NA	NA	NA	41.8563993	-71.4524031	Med High	3444.828022
3355	2011-08-16	86099	13:31:00	Pedestrian	1	NA	FALSE	FALSE	1	ORMS ST EXIT 23	ORMS ST	8/17/11	One-Way Trafficway	Dry	Daylight	Clear	Other	No	Traffic Control Signal	4	1	Complains Of Pain	NA	41.8348	-71.41434	FALSE	FALSE	"Orms Street Exit 23 and Orms Street, Providence, RI, USA"	FALSE	-71.4124815	41.8349171	street_address	range_interpolated	"23 orms st, providence, ri 02904, usa"	NA	NA	NA	NA	41.8349171	-71.4124815	Med High	154.6957727
3352	2011-08-17	86762	18:41:00	Bicycle	NA	1	FALSE	FALSE	1	CRANSTON ST	WAVERLY ST	8/21/11	"Two-Way , Not Divided"	Dry	Daylight	Clear	Not a Collision Between Two Motor Vehicles in Transport	"Yes, M/V and Driver Left Scene"	No Controls	2	1	Complains Of Pain	2	41.80832	-71.43454	FALSE	FALSE	"Cranston Street and Waverly Street, Providence, RI, USA"	FALSE	-71.4345674	41.8083361	intersection	geometric_center	"cranston st & waverly st, providence, ri 02907, usa"	NA	NA	NA	NA	41.8083361	-71.4345674	Med High	2.895001913
3350	2011-08-18	86295	11:40:00	Pedestrian	1	NA	FALSE	FALSE	1	WEBSTER AVE	STERLING AVE	8/18/11	"Two-Way , Not Divided"	Dry	Daylight	Clear	"Sideswipe, Same Direction"	No	No Controls	3	1	Complains Of Pain	NA	41.81064	-71.44936	FALSE	FALSE	"Webster Ave and Sterling Ave, Providence, RI, USA"	FALSE	-71.4493356	41.8106345	intersection	geometric_center	"webster ave & sterling ave, providence, ri 02909, usa"	NA	NA	NA	NA	41.8106345	-71.4493356	Med High	2.115076848
3351	2011-08-18	86445	11:35:00	Bicycle	NA	1	FALSE	FALSE	1	Frost Street	North Main Street	8/19/11	One-Way Trafficway	Dry	Daylight	Clear	Other	No	Traffic Control Signal	3	0	No Injury	2	41.85132	-71.40238	FALSE	FALSE	"Frost Street and North Main Street, Providence, RI, USA"	FALSE	-71.4128343	41.8239891	locality	approximate	"providence, ri, usa"	"Frost Street & North Main Street, Providence, RI, USA"	EjVGcm9zdCBTdHJlZXQgJiBOb3J0aCBNYWluIFN0cmVldCwgUHJvdmlkZW5jZSwgUkksIFVTQSJmImQKFAoSCX19LNrDROSJEaL1DS0QAB8hEhQKEgl9fSzaw0TkiRGi9Q0tEAAfIRoUChIJfX6pK8JE5IkRjwQl8NymCcgaFAoSCfn6QT3eROSJEV_Xrb4NXCM_IgoNkgHyGBXO3HDV	41.8513298	-71.402373	41.8513298	-71.402373	Med	1.235733415
3349	2011-08-19	86586	12:05:00	Pedestrian	2	NA	FALSE	FALSE	1	NORTH MAIN STREET	HEWES STREET	8/19/11	One-Way Trafficway	Dry	Daylight	Clear	Not a Collision Between Two Motor Vehicles in Transport	No	Stop Signs	3	2	Complains Of Pain	2	41.83677	-71.40991	FALSE	FALSE	"North Main Street and Hewes Street, Providence, RI, USA"	FALSE	-71.4104681	41.8361377	route	geometric_center	"hewes st, providence, ri 02904, usa"	"North Main Street & Hewes Street, Providence, RI, USA"	EjVOb3J0aCBNYWluIFN0cmVldCAmIEhld2VzIFN0cmVldCwgUHJvdmlkZW5jZSwgUkksIFVTQSJmImQKFAoSCQFrh08eReSJEU40cCWL6o6gEhQKEgkBa4dPHkXkiRFONHAli-qOoBoUChIJ-fpBPd5E5IkRX9etvg1cIz8aFAoSCVMeKVkeReSJEfz2D6TIf8iDIgoNd8rvGBVkt2_V	41.8368119	-71.4098844	41.8368119	-71.4098844	Med	5.12480638
3345	2011-08-21	86723	4:19:00	Pedestrian	1	NA	FALSE	FALSE	1	DOUGLAS AVE	CHAD BROWN ST	8/21/11	"Two-Way , Not Divided"	Dry	Dark - Lighted	Clear	Not a Collision Between Two Motor Vehicles in Transport	"Yes, M/V and Driver Left Scene"	Traffic Control Signal	2	1	Incapacitating	NA	41.83945	-71.42601	FALSE	FALSE	"Douglas Ave and Chad Brown Street, Providence, RI, USA"	FALSE	-71.4258269	41.8392775	intersection	geometric_center	"chad brown st & douglas ave, providence, ri 02908, usa"	NA	NA	NA	NA	41.8392775	-71.4258269	Med High	24.48135441
3346	2011-08-21	86741	12:18:00	Bicycle	NA	1	FALSE	FALSE	1	WASHINGTON ST	EMPIRE ST	8/21/11	"Two-Way , Not Divided"	Dry	Daylight	Clear	Not a Collision Between Two Motor Vehicles in Transport	No	Traffic Control Signal	6	1	Incapacitating	NA	41.82182	-71.41645	FALSE	FALSE	"Washington Street and Empire Street, Providence, RI, USA"	FALSE	-71.4157797	41.821349	route	geometric_center	"empire st, providence, ri 02903, usa"	"Washington Street & Empire Street, Providence, RI, USA"	EjZXYXNoaW5ndG9uIFN0cmVldCAmIEVtcGlyZSBTdHJlZXQsIFByb3ZpZGVuY2UsIFJJLCBVU0EiZiJkChQKEgmNpp3sEkXkiRHnvAEsqcaDvRIUChIJjaad7BJF5IkR57wBLKnGg70aFAoSCanazZwSReSJERoH0JajEjT2GhQKEgnHPO_pEkXkiRGhxI4iuiomFSIKDWmC7RgVI7hu1Q	41.8218601	-71.4164189	41.8218601	-71.4164189	Med	5.155853918
3347	2011-08-21	86743	15:50:00	Pedestrian	1	NA	FALSE	FALSE	1	BROADWAY	ATWELLS AVE	8/21/11	"Two-Way, Divided, Positive Median Barrier"	Dry	Daylight	Clear	Not a Collision Between Two Motor Vehicles in Transport	"Yes, M/V and Driver Left Scene"	No Controls	2	0	Unknown	NA	41.8226	-71.41788	FALSE	FALSE	"Broadway and Atwells Ave, Providence, RI, USA"	FALSE	-71.4363598	41.8244829	route	geometric_center	"atwells ave, providence, ri, usa"	"Broadway & Atwells Ave, Providence, RI, USA"	EitCcm9hZHdheSAmIEF0d2VsbHMgQXZlLCBQcm92aWRlbmNlLCBSSSwgVVNBImYiZAoUChIJTTRHew1F5IkRZCoShZCvLQ0SFAoSCU00R3sNReSJEWQqEoWQry0NGhQKEgmlteWGdUXkiREawjOx16RvsxoUChIJ7W1EBqJF5IkRRornUFgoCTQiCg3OmO0YFQVnbtU	41.8224334	-71.4184955	41.8224334	-71.4184955	Med	54.32370447
3348	2011-08-21	86802	23:16:00	Bicycle	NA	1	FALSE	FALSE	1	WESTMINSTER ST	WESTMINSTER ST EXIT	8/22/11	"Two-Way , Not Divided"	Wet	Daylight	Rain	Not a Collision Between Two Motor Vehicles in Transport	"Yes, M/V and Driver Left Scene"	No Controls	1	1	Incapacitating	NA	41.81576	-71.4387	FALSE	FALSE	"Westminster Street and Westminster St Exit, Providence, RI, USA"	FALSE	-71.4257801	41.8171825	route	geometric_center	"westminster st, providence, ri, usa"	NA	NA	NA	NA	41.8171825	-71.4257801	Med	1083.528906
3344	2011-08-22	87232	16:00:00	Bicycle	NA	1	FALSE	FALSE	1	BASSETT ST	East Franklin Street	8/22/11	"Two-Way , Not Divided"	Dry	Daylight	Clear	Not a Collision Between Two Motor Vehicles in Transport	No	Stop Signs	2	1	Complains Of Pain	2	41.8167	-71.41233	FALSE	FALSE	"Bassett Street and East Franklin Street, Providence, RI, USA"	FALSE	-71.4129125	41.8160644	intersection	geometric_center	"bassett st & franklin st, providence, ri 02903, usa"	NA	NA	NA	NA	41.8160644	-71.4129125	Med High	85.68384382
3342	2011-08-23	87045	15:21:00	Pedestrian	1	NA	FALSE	FALSE	1	GEORGE ST	HOPE ST	8/23/11	"Two-Way , Not Divided"	Dry	Daylight	Clear	Other	No	Stop Signs	3	1	Complains Of Pain	2	41.82579	-71.39727	FALSE	FALSE	"George Street and Hope Street, Providence, RI, USA"	FALSE	-71.3993016	41.8403661	route	geometric_center	"hope st, providence, ri, usa"	"George Street & Hope Street, Providence, RI, USA"	EjBHZW9yZ2UgU3RyZWV0ICYgSG9wZSBTdHJlZXQsIFByb3ZpZGVuY2UsIFJJLCBVU0EiZiJkChQKEgmrO17fOkXkiRFKEUPHX6jYWhIUChIJqzte3zpF5IkRShFDx1-o2FoaFAoSCcfqJGM7ReSJEbJnjjYuSZRlGhQKEgmRo8kFxUTkiRFr4T3VeAKWISIKDYkb7hgVJ6Rx1Q	41.8257801	-71.3972697	41.8257801	-71.3972697	Med	1.102343897
3343	2011-08-23	88037	16:41:00	Bicycle	NA	1	FALSE	FALSE	1	ACADEMY AVE	HEALTH AVE	8/31/11	"Two-Way , Not Divided"	Dry	Daylight	Clear	Not a Collision Between Two Motor Vehicles in Transport	No	No Controls	3	1	Complains Of Pain	NA	41.82776	-71.4438	FALSE	FALSE	"Academy Ave and Health Ave, Providence, RI, USA"	FALSE	-71.4438011	41.827781	intersection	geometric_center	"health ave & academy ave, providence, ri 02908, usa"	NA	NA	NA	NA	41.827781	-71.4438011	Med High	2.33948936
3340	2011-08-24	87231	19:15:00	Bicycle	NA	1	FALSE	FALSE	1	HOPE ST	OGDEN ST	8/24/11	"Two-Way , Not Divided"	Dry	Dusk	Clear	Not a Collision Between Two Motor Vehicles in Transport	No	No Controls	5	1	Incapacitating	NA	41.85176	-71.39368	FALSE	FALSE	"Hope Street and Ogden Street, Providence, RI, USA"	FALSE	-71.3936761	41.8517678	intersection	geometric_center	"hope st & ogden st, providence, ri 02906, usa"	NA	NA	NA	NA	41.8517678	-71.3936761	Med High	0.926557161
3341	2011-08-24	87271	17:46:00	Bicycle	NA	1	FALSE	FALSE	1	BRANCH AVE	VANDEWATER ST	8/24/11	"Two-Way , Not Divided"	Dry	Daylight	Clear	Not a Collision Between Two Motor Vehicles in Transport	No	No Controls	3	1	Incapacitating	2	41.85363	-71.42864	FALSE	FALSE	"Branch Ave and Vandewater Street, Providence, RI, USA"	FALSE	-71.428823	41.8536926	intersection	geometric_center	"vandewater st & branch ave, providence, ri 02904, usa"	NA	NA	NA	NA	41.8536926	-71.428823	Med High	16.69739636
3339	2011-08-25	87987	16:23:00	Pedestrian	1	NA	FALSE	FALSE	1	W EXCHANGE ST	W EXCHANGE ST EXIT 22A	8/25/11	One-Way Trafficway	Dry	Daylight	Clear	Not a Collision Between Two Motor Vehicles in Transport	No	No Controls	3	1	Complains Of Pain	NA	41.82482	-71.41768	FALSE	FALSE	"W Exchange Street and W Exchange St Exit 22a, Providence, RI, USA"	FALSE	-71.4202531	41.825222	route	geometric_center	"w exchange st, providence, ri 02903, usa"	NA	NA	NA	NA	41.825222	-71.4202531	Med	218.0885356
3338	2011-08-26	87829	22:12:00	Pedestrian	1	NA	FALSE	FALSE	1	ELMWOOD AVE	ADELAIDE AVE	8/27/11	"Two-Way, Divided, Positive Median Barrier"	Dry	Dark - Lighted	Clear	Head-On (Front - to - Front)	No	No Controls	5	0	No Injury	NA	41.7959	-71.42512	FALSE	FALSE	"Elmwood Ave and Adelaide Ave, Providence, RI, USA"	FALSE	-71.424995	41.795887	intersection	geometric_center	"adelaide ave & elmwood ave, providence, ri 02907, usa"	NA	NA	NA	NA	41.795887	-71.424995	Med High	10.47436785
3337	2011-08-27	87571	9:23:00	Pedestrian	1	NA	FALSE	FALSE	1	UNION AVE	WHITEHALL ST	8/27/11	Unknown	Dry	Daylight	Clear	Other	No	No Controls	3	1	Complains Of Pain	NA	41.80786	-71.44358	FALSE	FALSE	"Union Ave and Whitehall Street, Providence, RI, USA"	FALSE	-71.445114	41.8103179	route	geometric_center	"whitehall st, providence, ri, usa"	"Union Ave & Whitehall Street, Providence, RI, USA"	EjFVbmlvbiBBdmUgJiBXaGl0ZWhhbGwgU3RyZWV0LCBQcm92aWRlbmNlLCBSSSwgVVNBImYiZAoUChIJ-VAjWohF5IkRu98HnY0tfOASFAoSCflQI1qIReSJEbvfB52NLXzgGhQKEgkjges4ikXkiRGe1Z8wsMWILxoUChIJ0XzJ2IhF5IkRe7M5a8Uv5H4iCg1gXesYFW6GatU	41.8078048	-71.4439058	41.8078048	-71.4439058	Med	27.72311527
3336	2011-08-29	87996	11:58:00	Pedestrian	1	NA	FALSE	FALSE	1	ANGELL ST	BROOK ST	8/30/11	One-Way Trafficway	Dry	Daylight	Clear	Not a Collision Between Two Motor Vehicles in Transport	No	Traffic Control Signal	3	1	Complains Of Pain	NA	41.82821	-71.39947	FALSE	FALSE	"Angell Street and Brook Street, Providence, RI, USA"	FALSE	-71.3994627	41.8282166	intersection	geometric_center	"brook st & angell st, providence, ri 02906, usa"	NA	NA	NA	NA	41.8282166	-71.3994627	Med High	0.95208438
3335	2011-08-31	88134	15:38:00	Bicycle	NA	1	FALSE	FALSE	1	SMITH ST	GASPEE STREET	9/1/11	"Two-Way , Not Divided"	Dry	Daylight	Clear	Not a Collision Between Two Motor Vehicles in Transport	No	Traffic Control Signal	2	0	No Injury	NA	41.83152	-71.41281	FALSE	FALSE	"Smith Street and Gaspee Street, Providence, RI, USA"	FALSE	-71.4128107	41.8315462	intersection	geometric_center	"gaspee st & smith st, providence, ri 02908, usa"	NA	NA	NA	NA	41.8315462	-71.4128107	Med High	2.917148532
3333	2011-09-01	88125	13:10:00	Pedestrian	1	NA	FALSE	FALSE	1	WATERMAN ST	GANO ST	9/1/11	One-Way Trafficway	Dry	Daylight	Clear	Not a Collision Between Two Motor Vehicles in Transport	No	Traffic Control Signal	4	1	Non-Incapacitating	NA	41.82818	-71.39072	FALSE	FALSE	"Waterman Street and Gano Street, Providence, RI, USA"	FALSE	-71.3907591	41.8281814	intersection	geometric_center	"gano st & waterman st, providence, ri 02906, usa"	NA	NA	NA	NA	41.8281814	-71.3907591	Med High	3.247067834
3334	2011-09-01	88167	23:57:00	Bicycle	NA	1	FALSE	FALSE	1	Thayer ST	Angell ST	9/2/11	One-Way Trafficway	Dry	Dark - Lighted	Clear	"Sideswipe, Same Direction"	"Yes, M/V and Driver Left Scene"	Traffic Control Signal	2	1	Complains Of Pain	1	41.8281	-71.40065	FALSE	FALSE	"Thayer Street and Angell Street, Providence, RI, USA"	FALSE	-71.4006581	41.8280973	intersection	geometric_center	"thayer st & angell st, providence, ri 02906, usa"	NA	NA	NA	NA	41.8280973	-71.4006581	Med High	0.736054718
3330	2011-09-02	88246	14:45:00	Pedestrian	1	NA	FALSE	FALSE	1	CHALKSTONE AVE	GARFIELD AVE	9/2/11	"Two-Way , Not Divided"	Dry	Daylight	Clear	Head-On (Front - to - Front)	No	No Controls	2	1	Incapacitating	NA	41.83382	-71.43268	FALSE	FALSE	"Chalkstone Ave and Garfield Ave, Providence, RI, USA"	FALSE	-71.4324252	41.833837	intersection	geometric_center	"garfield ave & chalkstone ave, providence, ri 02908, usa"	NA	NA	NA	NA	41.833837	-71.4324252	Med High	21.21822954
3331	2011-09-02	88346	10:51:00	Bicycle	NA	1	FALSE	FALSE	1	SMITH ST	CALVERLY ST	9/3/11	"Two-Way , Not Divided"	Dry	Daylight	Clear	Head-On (Front - to - Front)	No	No Controls	4	1	Incapacitating	2	41.83303	-71.42013	FALSE	FALSE	"Smith Street and Calverly Street, Providence, RI, USA"	FALSE	-71.4205609	41.8332067	intersection	geometric_center	"calverly st & smith st, providence, ri 02908, usa"	NA	NA	NA	NA	41.8332067	-71.4205609	Med High	40.79553597
3332	2011-09-02	88634	17:19:00	Pedestrian	1	NA	FALSE	FALSE	1	MOWRY STREET	DOUGLAS AVE	9/5/11	"Two-Way , Not Divided"	Dry	Daylight	Clear	Head-On (Front - to - Front)	No	Stop Signs	2	1	Complains Of Pain	NA	41.84364	-71.42786	FALSE	FALSE	"Mowry Street and Douglas Ave, Providence, RI, USA"	FALSE	-71.4278792	41.8437434	intersection	geometric_center	"mowry st & douglas ave, providence, ri 02908, usa"	NA	NA	NA	NA	41.8437434	-71.4278792	Med High	11.62004151
3329	2011-09-04	88567	20:25:00	Bicycle	NA	1	FALSE	FALSE	1	Gallup Street	GORDON AVE	9/4/11	One-Way Trafficway	Dry	Dark - Lighted	Clear	Angle (Front - to - Side) Right Angle (Includes Broadside)	No	No Controls	2	1	Complains Of Pain	NA	41.79987	-71.41329	FALSE	FALSE	"Gallup Street and Gordon Ave, Providence, RI, USA"	FALSE	-71.4140427	41.7997126	intersection	geometric_center	"gordon ave & gallup st, providence, ri 02907, usa"	NA	NA	NA	NA	41.7997126	-71.4140427	Med High	64.87474376