row_number	crash_date	crash_report_id	crash_time	collision_type	count_pedestrian	count_bicycle	scooter	wheel_chair	number_of_vehicles	street_or_highway	nearest_intersection	report_date	type_of_roadway	road_surface_condition	light_condition	weather_condition	manner_of_impact	hit_and_run	traffic_control	person_count	injury_count	most_serious_injury	number_of_lanes	lat_raw	lon_raw	has_st_number	is_intersection_null	address_sent_to_geocoder	is_address_blank	lon_api_first_try	lat_api_first_try	type	loctype	address_returned_by_geocoder	address_returned_by_autocomplete	place_ids_autocompleted	lat_api_second_try	lon_api_second_try	lat_api_best	lon_api_best	api_coord_conf	distance_btwn_coords_meters
3285	2011-11-09	100401	17:09:00	Pedestrian	1	NA	FALSE	FALSE	1	Atwells Ave	Newton St	11/9/11	"Two-Way , Not Divided"	Wet	Dark - Lighted	Clear	Head-On (Front - to - Front)	No	No Controls	3	1	Complains Of Pain	NA	41.82326	-71.42223	FALSE	FALSE	"Atwells Ave and Newton Street, Providence, RI, USA"	FALSE	-71.4222395	41.823272	intersection	geometric_center	"newton st & atwells ave, providence, ri 02903, usa"	NA	NA	NA	NA	41.823272	-71.4222395	Med High	1.55097502
3286	2011-11-09	100622	17:55:00	Pedestrian	1	NA	FALSE	FALSE	1	310 CRANSTON ST	HARRISON ST	11/9/11	"Two-Way , Not Divided"	Dry	Daylight	Clear	Not a Collision Between Two Motor Vehicles in Transport	"Yes, M/V and Driver Left Scene"	No Controls	2	1	Complains Of Pain	NA	41.81286	-71.42908	TRUE	FALSE	"310 Cranston Street, Providence, RI, USA"	FALSE	-71.4291479	41.8126796	premise	rooftop	"310 cranston st, providence, ri 02907, usa"	NA	NA	NA	NA	41.8126796	-71.4291479	High	20.8572752
3282	2011-11-10	100629	11:15:00	Pedestrian	1	NA	FALSE	FALSE	1	ELMWOOD AVE	Lenox Ave	11/10/11	"Two-Way, Divided, Unprotected (painted>4feet) Medium"	Wet	Daylight	Cloudy	Not a Collision Between Two Motor Vehicles in Transport	No	No Controls	3	1	Complains Of Pain	4	41.80357	-71.42571	FALSE	FALSE	"Elmwood Ave and Lenox Ave, Providence, RI, USA"	FALSE	-71.424723	41.7952146	intersection	geometric_center	"lenox ave & elmwood ave, providence, ri 02907, usa"	NA	NA	NA	NA	41.7952146	-71.424723	Med High	933.718391
3280	2011-11-11	100914	14:57:00	Bicycle	NA	1	FALSE	FALSE	1	HOPE ST	CARRINGTON AVE	11/11/11	"Two-Way , Not Divided"	Dry	Daylight	Clear	Angle (Front - to - Side) Right Angle (Includes Broadside)	No	No Controls	5	0	No Injury	NA	41.83617	-71.40138	FALSE	FALSE	"Hope Street and Carrington Ave, Providence, RI, USA"	FALSE	-71.4011759	41.8365813	intersection	geometric_center	"hope st & carrington ave, providence, ri 02906, usa"	NA	NA	NA	NA	41.8365813	-71.4011759	Med High	48.81477478
3281	2011-11-11	100945	19:04:00	Pedestrian	1	NA	FALSE	FALSE	1	HUXLEY AVE	EATON ST	11/11/11	"Two-Way, Divided, Unprotected (painted>4feet) Medium"	Dry	Dark - Lighted	Clear	Head-On (Front - to - Front)	No	No Controls	4	1	Complains Of Pain	NA	41.84322	-71.43327	FALSE	FALSE	"Huxley Ave and Eaton Street, Providence, RI, USA"	FALSE	-71.433591	41.8415128	intersection	geometric_center	"eaton st & huxley ave, providence, ri 02908, usa"	NA	NA	NA	NA	41.8415128	-71.433591	Med High	191.900065
3279	2011-11-15	101752	19:17:00	Bicycle	NA	1	FALSE	FALSE	1	DEAN ST	KINSLEY AVE	11/15/11	"Two-Way, Divided, Positive Median Barrier"	Dry	Dark - Lighted	Clear	Not a Collision Between Two Motor Vehicles in Transport	"Yes, M/V and Driver Left Scene"	Traffic Control Signal	3	1	Non-Incapacitating	NA	41.82884	-71.42646	FALSE	FALSE	"Dean Street and Kinsley Ave, Providence, RI, USA"	FALSE	-71.4264711	41.828859	intersection	geometric_center	"kinsley ave & dean st, providence, ri 02903, usa"	NA	NA	NA	NA	41.828859	-71.4264711	Med High	2.306786942
3276	2011-11-18	102454	12:25:00	Pedestrian	1	NA	FALSE	FALSE	1	HARRIS AVE	ATWELLS AVE	11/18/11	"Two-Way , Not Divided"	Dry	Daylight	Clear	Head-On (Front - to - Front)	No	Traffic Control Signal	2	1	Complains Of Pain	NA	41.82446	-71.4355	FALSE	FALSE	"Harris Ave and Atwells Ave, Providence, RI, USA"	FALSE	-71.4354014	41.8244572	intersection	geometric_center	"atwells ave & harris ave, providence, ri 02909, usa"	NA	NA	NA	NA	41.8244572	-71.4354014	Med High	8.185233499
3277	2011-11-18	102469	15:39:00	Pedestrian	1	NA	FALSE	FALSE	1	896 CHALKSTONE AVE	NA	11/18/11	"Two-Way , Not Divided"	Dry	Daylight	Clear	Angle (Front - to - Side) Right Angle (Includes Broadside)	No	No Controls	4	1	Complains Of Pain	NA	41.83316	-71.43696	TRUE	TRUE	"896 Chalkstone Ave, Providence, RI, USA"	FALSE	-71.4369169	41.8330273	premise	rooftop	"896 chalkstone ave, providence, ri 02908, usa"	NA	NA	NA	NA	41.8330273	-71.4369169	High	15.19849928
3278	2011-11-18	102541	19:30:00	Pedestrian	1	NA	FALSE	FALSE	1	NEWARK ST	VALLEY ST	11/18/11	"Two-Way , Not Divided"	Dry	Dark - Lighted	Clear	Head-On (Front - to - Front)	No	No Controls	3	1	Complains Of Pain	NA	41.82521	-71.43932	FALSE	FALSE	"Newark Street and Valley Street, Providence, RI, USA"	FALSE	-71.4393041	41.8252323	intersection	geometric_center	"valley st & newark st, providence, ri 02908, usa"	NA	NA	NA	NA	41.8252323	-71.4393041	Med High	2.811064313
3274	2011-11-21	102984	12:07:00	Pedestrian	1	NA	FALSE	FALSE	1	WICKENDEN ST	TRAVERSE ST	11/21/11	"Two-Way , Not Divided"	Dry	Daylight	Clear	Other	No	No Controls	2	1	Complains Of Pain	NA	41.81938	-71.3993	FALSE	FALSE	"Wickenden Street and Traverse Street, Providence, RI, USA"	FALSE	-71.3996503	41.8193047	intersection	geometric_center	"wickenden st & traverse st, providence, ri 02906, usa"	NA	NA	NA	NA	41.8193047	-71.3996503	Med High	30.24596812
3275	2011-11-21	103034	15:17:00	Pedestrian	1	NA	FALSE	FALSE	1	NARRAGANSETT BLVD	WASHINGTON AVE	11/21/11	"Two-Way, Divided, Unprotected (painted>4feet) Medium"	Dry	Daylight	Clear	Not a Collision Between Two Motor Vehicles in Transport	No	No Controls	4	1	Complains Of Pain	NA	41.78811	-71.3957	FALSE	FALSE	"Narragansett Blvd and Washington Ave, Providence, RI, USA"	FALSE	-71.3957084	41.7881718	intersection	geometric_center	"washington ave & narragansett blvd, providence, ri 02905, usa"	NA	NA	NA	NA	41.7881718	-71.3957084	Med High	6.914783928
3273	2011-11-23	103609	16:34:00	Pedestrian	1	NA	FALSE	FALSE	1	CRANSTON ST	DODGE ST	11/23/11	"Two-Way , Not Divided"	Dry	Dark - Lighted	Cloudy	Not a Collision Between Two Motor Vehicles in Transport	No	No Controls	3	1	Complains Of Pain	NA	41.81454	-71.4259	FALSE	FALSE	"Cranston Street and Dodge Street, Providence, RI, USA"	FALSE	-71.4259042	41.8145699	intersection	geometric_center	"cranston st & dodge st, providence, ri 02907, usa"	NA	NA	NA	NA	41.8145699	-71.4259042	Med High	3.346643644
3272	2011-11-28	104102	21:55:00	Pedestrian	1	NA	FALSE	FALSE	1	WASHINGTON ST	DEAN ST	11/28/11	"Two-Way, Divided, Unprotected (painted>4feet) Medium"	Dry	Dark - Lighted	Clear	Rear End(Front-to-Rear)	"Yes, M/V and Driver Left Scene"	Traffic Control Signal	2	1	Complains Of Pain	NA	41.81957	-71.4199	FALSE	FALSE	"Washington Street and Dean Street, Providence, RI, USA"	FALSE	-71.4242155	41.8234078	route	geometric_center	"dean st, providence, ri, usa"	"Washington Street & Dean Street, Providence, RI, USA"	EjRXYXNoaW5ndG9uIFN0cmVldCAmIERlYW4gU3RyZWV0LCBQcm92aWRlbmNlLCBSSSwgVVNBImYiZAoUChIJxd5n_HJF5IkR0-x289HvkKESFAoSCcXeZ_xyReSJEdPsdvPR75ChGhQKEgmp2s2cEkXkiREaB9CWoxI09hoUChIJWwZsfgxF5IkRyLSf36DnQOQiCg0wFu0YFTgPbtU	41.8190896	-71.4207432	41.8190896	-71.4207432	Med	88.05261526
3271	2011-11-29	104381	19:06:00	Pedestrian	1	NA	FALSE	FALSE	1	1025 Chalkstone Avenue	Tiffany Street	11/29/11	"Two-Way , Not Divided"	Wet	Dark - Lighted	Cloudy	Head-On (Front - to - Front)	"Yes, M/V and Driver Left Scene"	No Controls	1	1	Complains Of Pain	NA	41.81901	-71.41835	TRUE	FALSE	"1025 Chalkstone Avenue, Providence, RI, USA"	FALSE	-71.4419493	41.8325346	premise	rooftop	"1025 chalkstone ave, providence, ri 02908, usa"	NA	NA	NA	NA	41.8325346	-71.4419493	High	2469.610652
3270	2011-11-30	104366	13:15:00	Bicycle	NA	1	FALSE	FALSE	1	CANAL ST	PARK ROW	11/30/11	One-Way Trafficway	Dry	Daylight	Clear	Angle (Front - to - Side) Same Direction	No	No Controls	2	1	Complains Of Pain	NA	41.82881	-71.41081	FALSE	FALSE	"Canal Street and Park Row, Providence, RI, USA"	FALSE	-71.4101424	41.8285609	route	geometric_center	"park row, providence, ri 02903, usa"	"Canal Street & Park Row, Providence, RI, USA"	EixDYW5hbCBTdHJlZXQgJiBQYXJrIFJvdywgUHJvdmlkZW5jZSwgUkksIFVTQSJmImQKFAoSCfnYQl0XReSJEb76n4zNKeooEhQKEgn52EJdF0XkiRG--p-MzSnqKBoUChIJy9SY0BlF5IkR-2tCJRBJALIaFAoSCYVjbGQXReSJEc7xB3V3CujAIgoNl4TuGBXll2_V	41.8284695	-71.4106907	41.8284695	-71.4106907	Med	39.174761
3269	2011-12-01	104466	9:30:00	Bicycle	NA	1	FALSE	FALSE	1	CADY ST	BENEFIT ST	12/1/11	"Two-Way , Not Divided"	Dry	Daylight	Clear	Angle (Front - to - Side) Right Angle (Includes Broadside)	No	No Controls	2	1	Non-Incapacitating	NA	41.82986	-71.40868	FALSE	FALSE	"Cady Street and Benefit Street, Providence, RI, USA"	FALSE	-71.4086611	41.829859	intersection	geometric_center	"cady st & benefit st, providence, ri 02903, usa"	NA	NA	NA	NA	41.829859	-71.4086611	Med High	1.57165184
3267	2011-12-06	105274	9:44:00	Pedestrian	1	NA	FALSE	FALSE	1	250 BROOK ST.	POWER ST	12/6/11	"Two-Way, Divided, Unprotected (painted>4feet) Medium"	Wet	Daylight	Cloudy	Head-On (Front - to - Front)	No	Stop Signs	3	1	Complains Of Pain	NA	41.82306	-71.3987	TRUE	FALSE	"250 Brook St., Providence, RI, USA"	FALSE	-71.399098	41.823516	street_address	rooftop	"250 brook st, providence, ri 02906, usa"	NA	NA	NA	NA	41.823516	-71.399098	High	60.5543832
3268	2011-12-06	105459	21:22:00	Pedestrian	1	NA	FALSE	FALSE	1	PLAINFIELD ST	EDNA ST	12/6/11	"Two-Way , Not Divided"	Wet	Dark - Lighted	Rain	Not a Collision Between Two Motor Vehicles in Transport	"Yes, M/V and Driver Left Scene"	Traffic Control Signal	2	1	Incapacitating	NA	41.81587	-71.44522	FALSE	FALSE	"Plainfield Street and Edna Street, Providence, RI, USA"	FALSE	-71.4455457	41.8156785	intersection	geometric_center	"plainfield st & edna st, providence, ri 02909, usa"	NA	NA	NA	NA	41.8156785	-71.4455457	Med High	34.41839706
3265	2011-12-07	105642	19:54:00	Pedestrian	1	NA	FALSE	FALSE	1	THAYER ST	MANNING WALK	12/7/11	One-Way Trafficway	Wet	Dark - Not Lighted	Rain	Not a Collision Between Two Motor Vehicles in Transport	No	No Controls	3	1	Complains Of Pain	NA	41.82628	-71.40045	FALSE	FALSE	"Thayer Street and Manning Walk, Providence, RI, USA"	FALSE	-71.4004563	41.8263877	intersection	geometric_center	"thayer st & manning walk, providence, ri 02912, usa"	NA	NA	NA	NA	41.8263877	-71.4004563	Med High	12.00049357
3266	2011-12-07	105671	16:37:00	Pedestrian	1	NA	FALSE	FALSE	1	ROCHAMBEAU AVE	HOPE ST	12/7/11	"Two-Way , Not Divided"	Wet	Dark - Lighted	Rain	Other	No	Traffic Control Signal	3	1	Complains Of Pain	NA	41.84691	-71.39617	FALSE	FALSE	"Rochambeau Ave and Hope Street, Providence, RI, USA"	FALSE	-71.3960532	41.8469319	intersection	geometric_center	"hope st & rochambeau ave, providence, ri 02906, usa"	NA	NA	NA	NA	41.8469319	-71.3960532	Med High	9.987765364
3264	2011-12-09	106269	15:23:00	Pedestrian	1	NA	FALSE	FALSE	1	BROAD ST	CAHIR ST	12/9/11	"Two-Way , Not Divided"	Dry	Daylight	Clear	Not a Collision Between Two Motor Vehicles in Transport	No	Traffic Control Signal	2	1	Complains Of Pain	NA	41.8169	-71.41797	FALSE	FALSE	"Broad Street and Cahir Street, Providence, RI, USA"	FALSE	-71.4189877	41.8178471	route	geometric_center	"cahir st, providence, ri 02903, usa"	"Broad Street & Cahir Street, Providence, RI, USA"	EjBCcm9hZCBTdHJlZXQgJiBDYWhpciBTdHJlZXQsIFByb3ZpZGVuY2UsIFJJLCBVU0EiZiJkChQKEglxchb1bUXkiRHx6X_pfAz-ChIUChIJcXIW9W1F5IkR8el_6XwM_goaFAoSCYPefdWMT-SJESyiypOYSwijGhQKEgmx_OtuckXkiRFRWF6nVg1mziIKDXPC7BgVlX5u1Q	41.8169459	-71.4178923	41.8169459	-71.4178923	Med	8.225725529
3263	2011-12-10	106320	20:32:00	Pedestrian	1	NA	FALSE	FALSE	1	SERVICE ROAD 8	BROADWAY	12/11/11	One-Way Trafficway	Dry	Dark - Lighted	Clear	Angle (Front - to - Side) Right Angle (Includes Broadside)	No	Traffic Control Signal	2	1	Complains Of Pain	3	41.82212	-71.41976	FALSE	FALSE	"Service Road 8 and Broadway, Providence, RI, USA"	FALSE	-71.418282	41.8225345	street_address	range_interpolated	"8 broadway, providence, ri 02903, usa"	NA	NA	NA	NA	41.8225345	-71.418282	Med High	131.0054624
3262	2011-12-12	106493	17:58:00	Pedestrian	1	NA	FALSE	FALSE	1	WEYBOSSET ST	EDDY ST	12/12/11	One-Way Trafficway	Dry	Dark - Lighted	Clear	Not a Collision Between Two Motor Vehicles in Transport	No	No Controls	3	1	Complains Of Pain	NA	41.82239	-71.41165	FALSE	FALSE	"Weybosset Street and Eddy Street, Providence, RI, USA"	FALSE	-71.4114379	41.8226389	intersection	geometric_center	"weybosset st & eddy st, providence, ri 02903, usa"	NA	NA	NA	NA	41.8226389	-71.4114379	Med High	32.8221022
3260	2011-12-13	106528	6:41:00	Pedestrian	1	NA	FALSE	FALSE	1	PUBLIC ST	EDDY ST	12/13/11	"Two-Way , Not Divided"	Dry	Dark - Lighted	Clear	"Sideswipe, Same Direction"	No	Traffic Control Signal	4	1	Complains Of Pain	2	41.80731	-71.40725	FALSE	FALSE	"Public Street and Eddy Street, Providence, RI, USA"	FALSE	-71.4072267	41.8073241	intersection	geometric_center	"public st & eddy st, providence, ri 02903, usa"	NA	NA	NA	NA	41.8073241	-71.4072267	Med High	2.490283902
3261	2011-12-13	106624	17:08:00	Pedestrian	1	NA	FALSE	FALSE	1	CHARLES ST	CHARLES ST	12/13/11	"Two-Way, Divided, Unprotected (painted>4feet) Medium"	Dry	Dark - Lighted	Clear	Other	No	No Controls	2	1	Complains Of Pain	NA	41.85344	-71.42047	FALSE	FALSE	"Charles Street and Charles Street, Providence, RI, USA"	FALSE	-71.419539	41.8474982	route	geometric_center	"charles st, providence, ri, usa"	NA	NA	NA	NA	41.8474982	-71.419539	Med	665.9280196
3258	2011-12-14	106786	18:09:00	Pedestrian	1	NA	FALSE	FALSE	1	CANTON STREET	LINTON STREET	12/14/11	"Two-Way , Not Divided"	Dry	Dark - Lighted	Clear	Angle (Front - to - Side) Right Angle (Includes Broadside)	"Yes, M/V and Driver Left Scene"	No Controls	3	1	Complains Of Pain	2	41.82998	-71.41313	FALSE	FALSE	"Canton Street and Linton Street, Providence, RI, USA"	FALSE	-71.442375	41.8316079	intersection	geometric_center	"linton st & canton st, providence, ri 02908, usa"	NA	NA	NA	NA	41.8316079	-71.442375	Med High	2432.518739
3259	2011-12-14	107955	16:42:00	Pedestrian	1	NA	FALSE	FALSE	1	BROAD ST	SERVICE ROAD 7	12/20/11	"Two-Way , Not Divided"	Dry	Dark - Lighted	Clear	Not a Collision Between Two Motor Vehicles in Transport	No	Traffic Control Signal	2	1	Complains Of Pain	NA	41.81736	-71.41696	FALSE	FALSE	"Broad Street and Service Road 7, Providence, RI, USA"	FALSE	-71.4200451	41.8199608	route	geometric_center	"service rd 1, providence, ri, usa"	"Broad Street & Service Road 7th, Providence, RI, USA"	EjRCcm9hZCBTdHJlZXQgJiBTZXJ2aWNlIFJvYWQgN3RoLCBQcm92aWRlbmNlLCBSSSwgVVNBImYiZAoUChIJbbRukG1F5IkRg0XEjUgVvRgSFAoSCW20bpBtReSJEYNFxI1IFb0YGhQKEgmD3n3VjE_kiREsosqTmEsIoxoUChIJB3h0QnZF5IkRyxFdBkwhBUwiCg0k0-wYFUejbtU	41.8173732	-71.4169529	41.8173732	-71.4169529	Med	1.583084453
3257	2011-12-15	107031	22:23:00	Pedestrian	1	NA	FALSE	FALSE	1	EXIT 21 (RT )	ATWELLS AVE	12/15/11	One-Way Trafficway	Wet	Dark - Not Lighted	Rain	Not a Collision Between Two Motor Vehicles in Transport	No	Traffic Control Signal	4	1	Complains Of Pain	NA	41.82327	-71.42051	FALSE	FALSE	"Exit 21 (Rt ) and Atwells Ave, Providence, RI, USA"	FALSE	-71.4363598	41.8244829	route	geometric_center	"atwells ave, providence, ri, usa"	NA	NA	NA	NA	41.8244829	-71.4363598	Med	1321.735859
3256	2011-12-17	107475	17:00:00	Pedestrian	1	NA	FALSE	FALSE	1	N MAIN ST	RANDALL ST	12/17/11	Unknown	Dry	Dark - Lighted	Clear	Other	No	No Controls	2	1	Complains Of Pain	NA	41.83787	-71.40933	FALSE	FALSE	"N Main Street and Randall Street, Providence, RI, USA"	FALSE	-71.4107138	41.837311	route	geometric_center	"randall st, providence, ri, usa"	"North Main Street & Randall Street, Providence, RI, USA"	EjdOb3J0aCBNYWluIFN0cmVldCAmIFJhbmRhbGwgU3RyZWV0LCBQcm92aWRlbmNlLCBSSSwgVVNBImYiZAoUChIJDY71Lh5F5IkRRD0q_3pm2QwSFAoSCQ2O9S4eReSJEUQ9Kv96ZtkMGhQKEgn5-kE93kTkiRFf162-DVwjPxoUChIJl4Ahbx5F5IkRBUfDXuGiS6oiCg2M9-8YFVXBb9U	41.837966	-71.4096299	41.837966	-71.4096299	Med	27.07138235
3255	2011-12-21	108193	17:55:00	Pedestrian	1	NA	FALSE	FALSE	1	POWER ST	IVES ST	12/21/11	"Two-Way , Not Divided"	Wet	Dark - Lighted	Rain	Other	No	Stop Signs	2	1	Complains Of Pain	2	41.82368	-71.39231	FALSE	FALSE	"Power Street and Ives Street, Providence, RI, USA"	FALSE	-71.3922617	41.8236936	intersection	geometric_center	"power st & ives st, providence, ri 02906, usa"	NA	NA	NA	NA	41.8236936	-71.3922617	Med High	4.28322467
3254	2011-12-27	109884	18:04:00	Pedestrian	1	NA	FALSE	FALSE	1	WEYBOSSET ST	BROAD ST	1/3/12	One-Way Trafficway	Wet	Dark - Lighted	Rain	Angle (Front - to - Side) Right Angle (Includes Broadside)	No	Flashing Traffic Control Signal	2	1	Complains Of Pain	2	41.82005	-71.41431	FALSE	FALSE	"Weybosset Street and Broad Street, Providence, RI, USA"	FALSE	-71.4143573	41.8200721	intersection	geometric_center	"weybosset st & broad st, providence, ri 02903, usa"	NA	NA	NA	NA	41.8200721	-71.4143573	Med High	4.631440249
3253	2011-12-29	109107	17:37:00	Pedestrian	1	NA	FALSE	FALSE	1	HOPE ST	CHACE AVE	12/29/11	"Two-Way , Not Divided"	Dry	Dark - Lighted	Clear	Not a Collision Between Two Motor Vehicles in Transport	No	No Controls	3	1	Non-Incapacitating	NA	41.85605	-71.39154	FALSE	FALSE	"Hope Street and Chace Ave, Providence, RI, USA"	FALSE	-71.3915342	41.8561535	intersection	geometric_center	"hope st & chace ave, providence, ri 02906, usa"	NA	NA	NA	NA	41.8561535	-71.3915342	Med High	11.53159898
3252	2012-01-01	109470	3:52:00	Pedestrian	1	NA	FALSE	FALSE	1	PAVILION AVE	EDDY ST	1/1/12	"Two-Way , Not Divided"	Wet	Dark - Not Lighted	Clear	Not a Collision Between Two Motor Vehicles in Transport	"Yes, M/V and Driver Left Scene"	No Controls	1	1	Complains Of Pain	NA	41.79749	-71.40558	FALSE	FALSE	"Pavilion Ave and Eddy Street, Providence, RI, USA"	FALSE	-71.4052149	41.7976798	intersection	geometric_center	"pavilion ave & eddy st, providence, ri 02905, usa"	NA	NA	NA	NA	41.7976798	-71.4052149	Med High	36.93860537
3251	2012-01-04	110204	15:40:00	Bicycle	NA	1	FALSE	FALSE	1	POTTERS AVE	SEABURY ST	1/5/12	"Two-Way , Not Divided"	Dry	Daylight	Clear	Not a Collision Between Two Motor Vehicles in Transport	No	No Controls	2	1	Complains Of Pain	NA	41.80318	-71.43255	FALSE	FALSE	"Potters Ave and Seabury Street, Providence, RI, USA"	FALSE	-71.432564	41.8031919	intersection	geometric_center	"potters ave & seabury st, providence, ri 02907, usa"	NA	NA	NA	NA	41.8031919	-71.432564	Med High	1.761956252
3250	2012-01-06	110481	22:54:00	Pedestrian	1	NA	FALSE	FALSE	1	200 UNION AVE	WHITEHALL ST	1/7/12	"Two-Way , Not Divided"	Dry	Dark - Lighted	Clear	Not a Collision Between Two Motor Vehicles in Transport	No	No Controls	3	1	Non-Incapacitating	NA	41.80778	-71.4439	TRUE	FALSE	"200 Union Ave, Providence, RI, USA"	FALSE	-71.4433639	41.8077864	premise	rooftop	"200 union ave, providence, ri 02909, usa"	NA	NA	NA	NA	41.8077864	-71.4433639	High	44.48910024
3249	2012-01-07	113774	16:56:00	Pedestrian	1	NA	FALSE	FALSE	1	Wickenden Street	HOPE ST	1/25/12	"Two-Way , Not Divided"	Dry	Dark - Lighted	Clear	Other	No	Stop Signs	2	1	Incapacitating	2	41.81981	-71.39542	FALSE	FALSE	"Wickenden Street and Hope Street, Providence, RI, USA"	FALSE	-71.3953923	41.8198132	intersection	geometric_center	"wickenden st & hope st, providence, ri 02903, usa"	NA	NA	NA	NA	41.8198132	-71.3953923	Med High	2.325447457
3248	2012-01-11	111363	17:28:00	Pedestrian	1	NA	FALSE	FALSE	1	WESTMINSTER ST EXIT	WESTMINSTER ST	1/11/12	One-Way Trafficway	Dry	Dark - Not Lighted	Clear	"Sideswipe, Same Direction"	No	Traffic Control Signal	4	0	No Injury	2	41.81575	-71.43866	FALSE	FALSE	"Westminster Street Exit and Westminster Street, Providence, RI, USA"	FALSE	-71.4257801	41.8171825	route	geometric_center	"westminster st, providence, ri, usa"	NA	NA	NA	NA	41.8171825	-71.4257801	Med	1080.409884
3247	2012-01-12	114078	23:35:00	Pedestrian	1	NA	FALSE	FALSE	1	307 ALLENS AVE	ALLENS AVE	1/12/12	"Two-Way , Not Divided"	Wet	Dark - Lighted	Rain	Not a Collision Between Two Motor Vehicles in Transport	No	No Controls	2	1	Complains Of Pain	NA	41.80486	-71.40223	TRUE	FALSE	"307 Allens Ave, Providence, RI, USA"	FALSE	-71.4024534	41.8047583	premise	rooftop	"307 allens ave, providence, ri 02905, usa"	NA	NA	NA	NA	41.8047583	-71.4024534	High	21.72130482
3246	2012-01-17	112343	14:52:00	Pedestrian	1	NA	FALSE	FALSE	1	N MAIN ST	OLNEY ST	1/17/12	One-Way Trafficway	Wet	Daylight	Rain	Other	No	No Controls	4	1	Fatal	NA	41.83606	-71.4097	FALSE	FALSE	"N Main Street and Olney Street, Providence, RI, USA"	FALSE	-71.4030852	41.8356978	route	geometric_center	"olney st, providence, ri, usa"	"North Main Street & Olney Street, Providence, RI, USA"	EjVOb3J0aCBNYWluIFN0cmVldCAmIE9sbmV5IFN0cmVldCwgUHJvdmlkZW5jZSwgUkksIFVTQSJmImQKFAoSCecyguceReSJEZoaCA_vhqGHEhQKEgnnMoLnHkXkiRGaGggP74ahhxoUChIJ-fpBPd5E5IkRX9etvg1cIz8aFAoSCQX4NfkgReSJEcWuz-GfMl1QIgoNEYfvGBVWum_V	41.8350865	-71.409809	41.8350865	-71.409809	Med	108.7459588
3244	2012-01-24	113411	10:14:00	Pedestrian	1	NA	FALSE	FALSE	1	1268 Broad St	PARKVIEW AVE	1/24/12	Unknown	Dry	Daylight	Clear	Not a Collision Between Two Motor Vehicles in Transport	No	No Controls	2	1	Incapacitating	NA	41.79213	-71.40712	TRUE	FALSE	"1268 Broad Street, Providence, RI, USA"	FALSE	-71.4062844	41.7921385	street_address	range_interpolated	"1268 broad st, providence, ri 02905, usa"	NA	NA	NA	NA	41.7921385	-71.4062844	High	69.35807441
3245	2012-01-24	113435	9:12:00	Bicycle	NA	1	FALSE	FALSE	1	BROAD ST	SERVICE ROAD 8	1/24/12	One-Way Trafficway	Wet	Daylight	Clear	Angle (Front - to - Side) Right Angle (Includes Broadside)	No	Traffic Control Signal	6	1	Incapacitating	2	41.81796	-71.41629	FALSE	FALSE	"Broad Street and Service Road 8, Providence, RI, USA"	FALSE	-71.391257	41.7939064	street_address	range_interpolated	"8 service rd, providence, ri 02905, usa"	NA	NA	NA	NA	41.7939064	-71.391257	Med High	3388.87462
3243	2012-01-25	113780	19:03:00	Bicycle	NA	1	FALSE	FALSE	1	RUGBY ST	THURBERS AVE	1/25/12	"Two-Way , Not Divided"	Dry	Dark - Lighted	Clear	Other	No	No Controls	2	1	Complains Of Pain	NA	41.79963	-71.40726	FALSE	FALSE	"Rugby Street and Thurbers Ave, Providence, RI, USA"	FALSE	-71.4072534	41.7996465	intersection	geometric_center	"thurbers ave & rugby st, providence, ri 02905, usa"	NA	NA	NA	NA	41.7996465	-71.4072534	Med High	1.916694281
3241	2012-01-26	113951	18:18:00	Pedestrian	1	NA	FALSE	FALSE	1	WESTMINSTER ST	CAHIR ST	1/26/12	"Two-Way , Not Divided"	Wet	Dark - Lighted	Rain	Head-On (Front - to - Front)	No	No Controls	3	1	Complains Of Pain	NA	41.81828	-71.42005	FALSE	FALSE	"Westminster Street and Cahir Street, Providence, RI, USA"	FALSE	-71.4201851	41.8182066	intersection	geometric_center	"cahir st & westminster st, providence, ri 02903, usa"	NA	NA	NA	NA	41.8182066	-71.4201851	Med High	13.87036187
3242	2012-01-26	114842	17:03:00	Pedestrian	1	NA	FALSE	FALSE	1	ASHBURTON ST	RANDALL ST	1/26/12	"Two-Way, Divided, Unprotected (painted>4feet) Medium"	Wet	Dark - Lighted	"Sleet, Hail (Freezing Rain or Drizzle)"	Not a Collision Between Two Motor Vehicles in Transport	No	No Controls	2	1	Complains Of Pain	2	41.83578	-71.41199	FALSE	FALSE	"Ashburton Street and Randall Street, Providence, RI, USA"	FALSE	-71.4122381	41.8360855	intersection	geometric_center	"randall st & ashburton, providence, ri 02904, usa"	NA	NA	NA	NA	41.8360855	-71.4122381	Med High	39.74890709
3239	2012-01-27	114155	17:22:00	Pedestrian	1	NA	FALSE	FALSE	1	POTTERS AVE	HAMILTON ST	1/27/12	"Two-Way , Not Divided"	Dry	Dark - Lighted	Clear	Not a Collision Between Two Motor Vehicles in Transport	"Yes, M/V and Driver Left Scene"	Stop Signs	1	1	Complains Of Pain	NA	41.80188	-71.42265	FALSE	FALSE	"Potters Ave and Hamilton Street, Providence, RI, USA"	FALSE	-71.4226249	41.8019071	intersection	geometric_center	"potters ave & hamilton st, providence, ri 02907, usa"	NA	NA	NA	NA	41.8019071	-71.4226249	Med High	3.665958185