row_number	crash_date	crash_report_id	crash_time	collision_type	count_pedestrian	count_bicycle	scooter	wheel_chair	number_of_vehicles	street_or_highway	nearest_intersection	report_date	type_of_roadway	road_surface_condition	light_condition	weather_condition	manner_of_impact	hit_and_run	traffic_control	person_count	injury_count	most_serious_injury	number_of_lanes	lat_raw	lon_raw	has_st_number	is_intersection_null	address_sent_to_geocoder	is_address_blank	lon_api_first_try	lat_api_first_try	type	loctype	address_returned_by_geocoder	address_returned_by_autocomplete	place_ids_autocompleted	lat_api_second_try	lon_api_second_try	lat_api_best	lon_api_best	api_coord_conf	distance_btwn_coords_meters
3194	2012-03-25	123759	4:03:00	Pedestrian	1	NA	FALSE	FALSE	1	HOLDEN ST	SMITH ST	3/25/12	"Two-Way , Not Divided"	Wet	Dark - Lighted	Rain	Other	No	No Controls	3	1	Complains Of Pain	NA	41.83221	-71.41802	FALSE	FALSE	"Holden Street and Smith Street, Providence, RI, USA"	FALSE	-71.4180055	41.8322069	intersection	geometric_center	"holden st & smith st, providence, ri 02908, usa"	NA	NA	NA	NA	41.8322069	-71.4180055	Med High	1.251221718
3192	2012-03-28	123484	13:31:00	Pedestrian	1	NA	TRUE	TRUE	1	CAMP ST	DOYLE AVE	3/29/12	"Two-Way , Not Divided"	Wet	Daylight	Rain	Other	No	Flashing Traffic Control Signal	4	1	Incapacitating	2	41.8388	-71.40419	FALSE	FALSE	"Camp Street and Doyle Ave, Providence, RI, USA"	FALSE	-71.4041847	41.838804	intersection	geometric_center	"camp st & doyle ave, providence, ri 02906, usa"	NA	NA	NA	NA	41.838804	-71.4041847	Med High	0.625687586
3193	2012-03-28	123510	14:18:00	Pedestrian	1	NA	FALSE	FALSE	1	BROAD ST	OXFORD ST	3/29/12	"Two-Way , Not Divided"	Dry	Daylight	Cloudy	Not a Collision Between Two Motor Vehicles in Transport	No	Traffic Control Signal	3	1	Incapacitating	2	41.80043	-71.41742	FALSE	FALSE	"Broad Street and Oxford Street, Providence, RI, USA"	FALSE	-71.4098094	41.8023702	route	geometric_center	"oxford st, providence, ri 02905, usa"	"Broad Street & Oxford Street, Providence, RI, USA"	EjFCcm9hZCBTdHJlZXQgJiBPeGZvcmQgU3RyZWV0LCBQcm92aWRlbmNlLCBSSSwgVVNBImYiZAoUChIJh-FuDohP5IkRI2IsCmv-T0ESFAoSCYfhbg6IT-SJESNiLApr_k9BGhQKEgmD3n3VjE_kiREsosqTmEsIoxoUChIJGaMJqWFF5IkRUr1E8WrWZNciCg0WPuoYFfqPbtU	41.8004502	-71.417447	41.8004502	-71.417447	Med	3.174391683
3191	2012-03-30	125349	15:00:00	Bicycle	NA	1	FALSE	FALSE	1	BROADWAY	HARRIS AVE	4/2/12	"Two-Way , Not Divided"	Dry	Daylight	Clear	Not a Collision Between Two Motor Vehicles in Transport	No	No Controls	3	0	No Injury	NA	41.81705	-71.44029	FALSE	FALSE	"Broadway and Harris Ave, Providence, RI, USA"	FALSE	-71.4312409	41.825502	route	geometric_center	"harris ave, providence, ri, usa"	"Broadway & Harris Ave, Providence, RI, USA"	EipCcm9hZHdheSAmIEhhcnJpcyBBdmUsIFByb3ZpZGVuY2UsIFJJLCBVU0EiZiJkChQKEgkLmF_1mkXkiRHm61hV9ZuL8RIUChIJC5hf9ZpF5IkR5utYVfWbi_EaFAoSCaW15YZ1ReSJERrCM7HXpG-zGhQKEglzHMMQmUXkiRHVQp50Ku4GJCIKDTbI7BgVHRZr1Q	41.8170934	-71.4402275	41.8170934	-71.4402275	Med	7.087163121
3190	2012-03-31	124603	16:18:00	Pedestrian	1	NA	FALSE	FALSE	1	Reservoir Ave	STATE HWY 10 N	4/6/12	"Two-Way, Not Divided With a Continuous Left Turn Lane"	Dry	Daylight	Clear	Not a Collision Between Two Motor Vehicles in Transport	"Yes, M/V and Driver Left Scene"	Traffic Control Signal	1	0	Unknown	NA	41.78665	-71.43366	FALSE	FALSE	"Reservoir Ave and State Hwy 10 N, Providence, RI, USA"	FALSE	-71.440033	41.8003755	route	geometric_center	"ri-10, providence, ri, usa"	NA	NA	NA	NA	41.8003755	-71.440033	Med	1616.875451
3188	2012-04-01	123829	18:42:00	Pedestrian	1	NA	FALSE	FALSE	1	PLAINFIELD ST	MURRAY ST	4/1/12	"Two-Way , Not Divided"	Dry	Dark - Lighted	Cloudy	Not a Collision Between Two Motor Vehicles in Transport	No	Stop Signs	2	1	Complains Of Pain	NA	41.80998	-71.4625	FALSE	FALSE	"Plainfield Street and Murray Street, Providence, RI, USA"	FALSE	-71.4624939	41.809978	intersection	geometric_center	"murray st & plainfield st, providence, ri 02909, usa"	NA	NA	NA	NA	41.809978	-71.4624939	Med High	0.552939039
3189	2012-04-01	126266	17:23:00	Pedestrian	1	NA	FALSE	FALSE	1	DEAN ST	ATWELLS AVE	4/18/12	"Two-Way, Divided, Unprotected (painted>4feet) Medium"	Dry	Daylight	Rain	Not a Collision Between Two Motor Vehicles in Transport	No	Traffic Control Signal	3	1	Complains Of Pain	NA	41.82339	-71.4242	FALSE	FALSE	"Dean Street and Atwells Ave, Providence, RI, USA"	FALSE	-71.4242155	41.8234078	intersection	geometric_center	"atwells ave & dean st, providence, ri 02903, usa"	NA	NA	NA	NA	41.8234078	-71.4242155	Med High	2.36211906
3187	2012-04-03	124383	12:01:00	Pedestrian	1	NA	FALSE	FALSE	1	cadillac dr	NIAGARA ST	4/3/12	"Two-Way, Divided, Unprotected (painted>4feet) Medium"	Dry	Daylight	Clear	Other	No	No Controls	3	1	Non-Incapacitating	2	41.79939	-71.41614	FALSE	FALSE	"Cadillac Dr and Niagara Street, Providence, RI, USA"	FALSE	-71.4161553	41.794175	intersection	geometric_center	"niagara st & cadillac dr, providence, ri 02907, usa"	NA	NA	NA	NA	41.794175	-71.4161553	Med High	580.5325331
3186	2012-04-04	124337	22:48:00	Bicycle	NA	NA	FALSE	FALSE	2	KINSLEY AVE	ACORN ST	4/5/12	"Two-Way, Divided, Unprotected (painted>4feet) Medium"	Dry	Dark - Lighted	Cloudy	Other	"Yes, M/V and Driver Left Scene"	No Controls	3	1	Incapacitating	2	41.82828	-71.42939	FALSE	FALSE	"Kinsley Ave and Acorn Street, Providence, RI, USA"	FALSE	-71.4285483	41.8284306	intersection	geometric_center	"acorn st & kinsley ave, providence, ri 02903, usa"	NA	NA	NA	NA	41.8284306	-71.4285483	Med High	71.80296459
3185	2012-04-05	124377	10:29:00	Pedestrian	1	NA	FALSE	FALSE	1	GEORGE ST	HOPE ST	4/5/12	"Two-Way , Not Divided"	Dry	Daylight	Clear	Not a Collision Between Two Motor Vehicles in Transport	No	Stop Signs	2	0	No Injury	NA	41.82579	-71.39727	FALSE	FALSE	"George Street and Hope Street, Providence, RI, USA"	FALSE	-71.3993016	41.8403661	route	geometric_center	"hope st, providence, ri, usa"	"George Street & Hope Street, Providence, RI, USA"	EjBHZW9yZ2UgU3RyZWV0ICYgSG9wZSBTdHJlZXQsIFByb3ZpZGVuY2UsIFJJLCBVU0EiZiJkChQKEgmrO17fOkXkiRFKEUPHX6jYWhIUChIJqzte3zpF5IkRShFDx1-o2FoaFAoSCcfqJGM7ReSJEbJnjjYuSZRlGhQKEgmRo8kFxUTkiRFr4T3VeAKWISIKDYkb7hgVJ6Rx1Q	41.8257801	-71.3972697	41.8257801	-71.3972697	Med	1.102343897
3183	2012-04-06	124593	12:51:00	Pedestrian	1	NA	FALSE	FALSE	1	GALLUP ST	PRAIRIE AVE	4/6/12	"Two-Way , Not Divided"	Dry	Daylight	Clear	Head-On (Front - to - Front)	"Yes, M/V and Driver Left Scene"	No Controls	1	1	Complains Of Pain	NA	41.80013	-71.41189	FALSE	FALSE	"Gallup Street and Prairie Ave, Providence, RI, USA"	FALSE	-71.4124604	41.8000325	intersection	geometric_center	"gallup st & prairie ave, providence, ri 02905, usa"	NA	NA	NA	NA	41.8000325	-71.4124604	Med High	48.56355666
3184	2012-04-06	124830	22:09:00	Pedestrian	1	NA	FALSE	FALSE	1	BRIDGHAM ST	DIVISION ST	4/7/12	"Two-Way , Not Divided"	Dry	Dark - Lighted	Clear	Not a Collision Between Two Motor Vehicles in Transport	No	No Controls	2	1	Incapacitating	NA	41.81529	-71.42761	FALSE	FALSE	"Bridgham Street and Division Street, Providence, RI, USA"	FALSE	-71.4276107	41.815305	intersection	geometric_center	"bridgham st & division st, providence, ri 02907, usa"	NA	NA	NA	NA	41.815305	-71.4276107	Med High	1.670802022
3181	2012-04-10	125139	20:16:00	Pedestrian	1	NA	FALSE	FALSE	1	DOYLE AVE	CAMP ST	4/10/12	"Two-Way , Not Divided"	Dry	Dark - Lighted	Clear	Not a Collision Between Two Motor Vehicles in Transport	No	No Controls	3	1	Complains Of Pain	NA	41.83879	-71.40369	FALSE	FALSE	"Doyle Ave and Camp Street, Providence, RI, USA"	FALSE	-71.4041847	41.838804	intersection	geometric_center	"camp st & doyle ave, providence, ri 02906, usa"	NA	NA	NA	NA	41.838804	-71.4041847	Med High	41.05790317
3182	2012-04-10	125235	16:14:00	Pedestrian	1	NA	FALSE	FALSE	1	UNION ST	FULTON ST	4/11/12	One-Way Trafficway	Dry	Daylight	Clear	Other	No	No Controls	3	0	No Injury	NA	41.82299	-71.41321	FALSE	FALSE	"Union Street and Fulton Street, Providence, RI, USA"	FALSE	-71.4116574	41.8246057	route	geometric_center	"fulton st, providence, ri 02903, usa"	"Union Street & Fulton Street, Providence, RI, USA"	EjFVbmlvbiBTdHJlZXQgJiBGdWx0b24gU3RyZWV0LCBQcm92aWRlbmNlLCBSSSwgVVNBImYiZAoUChIJaXHFlRNF5IkR2OIPPXR_5pgSFAoSCWlxxZUTReSJEdjiDz10f-aYGhQKEglzQLOVE0XkiRGSRNfKMGudEBoUChIJlf0nqRZF5IkRZ2YsjTovAYkiCg0euO0YFb8qb9U	41.823235	-71.4134849	41.823235	-71.4134849	Med	35.551124
3180	2012-04-11	125203	10:59:00	Pedestrian	1	NA	FALSE	FALSE	1	KENNEDY PLZ   C STOP	ARCADE ST	4/11/12	One-Way Trafficway	Dry	Daylight	Clear	Other	No	No Controls	5	1	Incapacitating	1	41.82463	-71.4117	FALSE	FALSE	"Kennedy Plz   C Stop and Arcade Street, Providence, RI, USA"	FALSE	-71.4113487	41.8243513	route	geometric_center	"arcade st, providence, ri 02903, usa"	NA	NA	NA	NA	41.8243513	-71.4113487	Med	42.56502664
3178	2012-04-12	125350	13:40:00	Bicycle	NA	1	FALSE	FALSE	1	ELMWOOD AVE	ARCH ST	4/12/12	One-Way Trafficway	Wet	Daylight	Cloudy	Not a Collision Between Two Motor Vehicles in Transport	No	No Controls	2	0	No Injury	NA	41.81207	-71.42257	FALSE	FALSE	"Elmwood Ave and Arch Street, Providence, RI, USA"	FALSE	-71.4225885	41.8120767	intersection	geometric_center	"arch st & elmwood ave, providence, ri 02907, usa"	NA	NA	NA	NA	41.8120767	-71.4225885	Med High	1.706562468
3179	2012-04-12	125427	19:36:00	Bicycle	NA	1	FALSE	FALSE	1	HOPE ST	NORTH AVE	4/12/12	"Two-Way, Divided, Unprotected (painted>4feet) Medium"	Dry	Dusk	Clear	Angle (Front - to - Side) Right Angle (Includes Broadside)	No	No Controls	5	1	Complains Of Pain	NA	41.85325	-71.39295	FALSE	FALSE	"Hope Street and North Ave, Providence, RI, USA"	FALSE	-71.3929444	41.8532539	intersection	geometric_center	"hope st & north ave, providence, ri 02906, usa"	NA	NA	NA	NA	41.8532539	-71.3929444	Med High	0.635680737
3177	2012-04-13	126091	14:42:00	Pedestrian	1	NA	FALSE	FALSE	1	DOUGLAS AVE	CHALKSTONE AVE	4/17/12	"Two-Way , Not Divided"	Dry	Daylight	Clear	Other	"Yes, M/V and Driver Left Scene"	No Controls	1	1	Complains Of Pain	NA	41.83637	-71.42039	FALSE	FALSE	"Douglas Ave and Chalkstone Ave, Providence, RI, USA"	FALSE	-71.4202644	41.8363536	intersection	geometric_center	"chalkstone ave & douglas ave, providence, ri 02908, usa"	NA	NA	NA	NA	41.8363536	-71.4202644	Med High	10.57589145
3176	2012-04-17	126054	8:33:00	Bicycle	NA	1	FALSE	FALSE	2	CHAFFEE STREET	MANTON AVE	4/17/12	"Two-Way , Not Divided"	Dry	Daylight	Clear	Head-On (Front - to - Front)	No	Stop Signs	3	2	Complains Of Pain	1	41.81874	-71.44566	FALSE	FALSE	"Chaffee Street and Manton Ave, Providence, RI, USA"	FALSE	-71.4456512	41.8187415	intersection	geometric_center	"chaffee st & manton ave, providence, ri 02909, usa"	NA	NA	NA	NA	41.8187415	-71.4456512	Med High	0.748915511
3175	2012-04-20	126546	13:05:00	Pedestrian	1	NA	FALSE	FALSE	1	WATERMAN ST	THAYER ST	4/21/12	One-Way Trafficway	Dry	Daylight	Clear	Not a Collision Between Two Motor Vehicles in Transport	No	Traffic Control Signal	2	0	No Injury	NA	41.82728	-71.40054	FALSE	FALSE	"Waterman Street and Thayer Street, Providence, RI, USA"	FALSE	-71.4005559	41.8272892	intersection	geometric_center	"thayer st & waterman st, providence, ri 02906, usa"	NA	NA	NA	NA	41.8272892	-71.4005559	Med High	1.669850189
3172	2012-04-23	126761	8:29:00	Pedestrian	1	NA	FALSE	FALSE	1	284 THAYER ST.	CUSHING ST	4/23/12	One-Way Trafficway	Wet	Daylight	Rain	Not a Collision Between Two Motor Vehicles in Transport	"Yes, M/V and Driver Left Scene"	No Controls	1	1	Complains Of Pain	NA	41.82961	-71.40085	TRUE	FALSE	"284 Thayer St., Providence, RI, USA"	FALSE	-71.4009911	41.8296483	street_address	rooftop	"284 thayer st, providence, ri 02912, usa"	NA	NA	NA	NA	41.8296483	-71.4009911	High	12.45629397
3173	2012-04-23	126765	9:03:00	Pedestrian	1	NA	FALSE	FALSE	1	WILLARD AVE	PLAIN ST	4/23/12	"Two-Way , Not Divided"	Wet	Daylight	Rain	Other	No	Stop Signs	3	1	Complains Of Pain	NA	41.80891	-71.41075	FALSE	FALSE	"Willard Ave and Plain Street, Providence, RI, USA"	FALSE	-71.4107596	41.8089396	intersection	geometric_center	"willard ave & plain st, providence, ri 02905, usa"	NA	NA	NA	NA	41.8089396	-71.4107596	Med High	3.38997044
3174	2012-04-23	126866	19:36:00	Pedestrian	1	NA	FALSE	FALSE	1	CHARLES ST	CHARLES ST	4/23/12	"Two-Way , Not Divided"	Wet	Daylight	Rain	Not a Collision Between Two Motor Vehicles in Transport	"Yes, M/V and Driver Left Scene"	No Controls	1	1	Complains Of Pain	NA	41.84679	-71.41934	FALSE	FALSE	"Charles Street and Charles Street, Providence, RI, USA"	FALSE	-71.419539	41.8474982	route	geometric_center	"charles st, providence, ri, usa"	NA	NA	NA	NA	41.8474982	-71.419539	Med	80.54505553
3171	2012-04-26	127117	7:04:00	Pedestrian	1	NA	FALSE	FALSE	1	EATON ST	SHARON ST	4/26/12	"Two-Way , Not Divided"	Dry	Daylight	Clear	Not a Collision Between Two Motor Vehicles in Transport	No	No Controls	3	1	Complains Of Pain	2	41.84334	-71.44244	FALSE	FALSE	"Eaton Street and Sharon Street, Providence, RI, USA"	FALSE	-71.4426294	41.8433819	intersection	geometric_center	"eaton st & sharon st, providence, ri 02908, usa"	NA	NA	NA	NA	41.8433819	-71.4426294	Med High	16.38482836
3170	2012-04-29	127429	2:16:00	Pedestrian	1	NA	FALSE	FALSE	1	VIOLET ST	ORMS ST	4/29/12	"Two-Way , Not Divided"	Dry	Dark - Lighted	Clear	Not a Collision Between Two Motor Vehicles in Transport	"Yes, M/V and Driver Left Scene"	No Controls	2	1	Complains Of Pain	NA	41.83397	-71.42645	FALSE	FALSE	"Violet Street and Orms Street, Providence, RI, USA"	FALSE	-71.4262468	41.8330977	intersection	geometric_center	"violet st & orms st, providence, ri 02908, usa"	NA	NA	NA	NA	41.8330977	-71.4262468	Med High	98.55577192
3169	2012-04-30	127556	10:35:00	Pedestrian	1	NA	FALSE	FALSE	1	WASHINGTON ST	UNION ST	4/30/12	"Two-Way , Not Divided"	Dry	Daylight	Clear	Other	No	No Controls	2	1	Complains Of Pain	NA	41.82373	-71.41381	FALSE	FALSE	"Washington Street and Union Street, Providence, RI, USA"	FALSE	-71.4128343	41.8239891	locality	approximate	"providence, ri, usa"	"Washington Street & Union Street, Providence, RI, USA"	EjVXYXNoaW5ndG9uIFN0cmVldCAmIFVuaW9uIFN0cmVldCwgUHJvdmlkZW5jZSwgUkksIFVTQSJmImQKFAoSCXvJS8cTReSJEcVp0B49EFpXEhQKEgl7yUvHE0XkiRHFadAePRBaVxoUChIJqdrNnBJF5IkRGgfQlqMSNPYaFAoSCXNAs5UTReSJEZJE18owa50QIgoN_cbtGBWuFm_V	41.8236157	-71.4139986	41.8236157	-71.4139986	Med	20.16614479
3168	2012-05-02	127924	15:55:00	Pedestrian	1	NA	FALSE	FALSE	1	CRANSTON ST	ALTHEA ST	5/2/12	"Two-Way , Not Divided"	Dry	Daylight	Cloudy	Not a Collision Between Two Motor Vehicles in Transport	No	No Controls	3	1	Complains Of Pain	NA	41.80775	-71.43506	FALSE	FALSE	"Cranston Street and Althea Street, Providence, RI, USA"	FALSE	-71.4350772	41.807752	intersection	geometric_center	"althea st & cranston st, providence, ri 02907, usa"	NA	NA	NA	NA	41.807752	-71.4350772	Med High	1.44444798
3167	2012-05-06	128481	23:03:00	Bicycle	NA	1	FALSE	FALSE	1	UNION AVE	WEBSTER AVE	5/6/12	"Two-Way , Not Divided"	Dry	Dark - Lighted	Clear	Not a Collision Between Two Motor Vehicles in Transport	"Yes, M/V and Driver Left Scene"	No Controls	1	1	Complains Of Pain	NA	41.80665	-71.44823	FALSE	FALSE	"Union Ave and Webster Ave, Providence, RI, USA"	FALSE	-71.4484433	41.8087282	route	geometric_center	"webster ave, providence, ri, usa"	"Union Ave & Webster Ave, Providence, RI, USA"	EixVbmlvbiBBdmUgJiBXZWJzdGVyIEF2ZSwgUHJvdmlkZW5jZSwgUkksIFVTQSJmImQKFAoSCYGwTPiJReSJEdURK9jB___mEhQKEgmBsEz4iUXkiRHVESvYwf__5hoUChIJI4HrOIpF5IkRntWfMLDFiC8aFAoSCUtPViuKReSJEQVPEPvUiEI-IgoNUDfrGBUa-GnV	41.8068304	-71.4475494	41.8068304	-71.4475494	Med	59.93862573
3166	2012-05-07	128552	9:40:00	Pedestrian	1	NA	FALSE	FALSE	1	WESTMINSTER ST	BRIDGHAM ST	5/7/12	Unknown	Dry	Daylight	Clear	Not a Collision Between Two Motor Vehicles in Transport	No	No Controls	2	1	Complains Of Pain	NA	41.81692	-71.42837	FALSE	FALSE	"Westminster Street and Bridgham Street, Providence, RI, USA"	FALSE	-71.4284038	41.8169384	intersection	geometric_center	"bridgham st & westminster st, providence, ri 02909, usa"	NA	NA	NA	NA	41.8169384	-71.4284038	Med High	3.472593305
3165	2012-05-10	129207	15:34:00	Bicycle	NA	1	FALSE	FALSE	1	WASHINGTON ST	SNOW ST	5/10/12	"Two-Way , Not Divided"	Dry	Daylight	Clear	Angle (Front - to - Side) Same Direction	No	No Controls	2	1	Complains Of Pain	2	41.82252	-71.4155	FALSE	FALSE	"Washington Street and Snow Street, Providence, RI, USA"	FALSE	-71.4154294	41.8225898	intersection	geometric_center	"snow st & washington st, providence, ri 02903, usa"	NA	NA	NA	NA	41.8225898	-71.4154294	Med High	9.730158137
3162	2012-05-13	129499	18:04:00	Pedestrian	1	NA	FALSE	FALSE	1	CHALKSTONE AVE	VICTORIA ST	5/13/12	"Two-Way , Not Divided"	Dry	Daylight	Clear	Unknown	"Yes, M/V and Driver Left Scene"	No Controls	1	1	Complains Of Pain	NA	41.83227	-71.45424	FALSE	FALSE	"Chalkstone Ave and Victoria Street, Providence, RI, USA"	FALSE	-71.4545285	41.8322532	intersection	geometric_center	"victoria st & chalkstone ave, providence, ri 02909, usa"	NA	NA	NA	NA	41.8322532	-71.4545285	Med High	24.00237537
3163	2012-05-13	129565	22:42:00	Bicycle	NA	1	FALSE	FALSE	1	ORMS ST	SMITH ST	5/13/12	"Two-Way , Not Divided"	Dry	Dark - Lighted	Clear	Not a Collision Between Two Motor Vehicles in Transport	No	Traffic Control Signal	4	1	Non-Incapacitating	NA	41.83377	-71.42198	FALSE	FALSE	"Orms Street and Smith Street, Providence, RI, USA"	FALSE	-71.4219437	41.8337775	intersection	geometric_center	"orms st & smith st, providence, ri 02904, usa"	NA	NA	NA	NA	41.8337775	-71.4219437	Med High	3.124418663
3164	2012-05-13	129722	23:24:00	Bicycle	NA	1	FALSE	FALSE	1	JOHNSON ST	EDDY ST	5/15/12	"Two-Way , Not Divided"	Dry	Dark - Lighted	Clear	Not a Collision Between Two Motor Vehicles in Transport	"Yes, M/V and Driver Left Scene"	No Controls	1	0	Unknown	2	41.79337	-71.404	FALSE	FALSE	"Johnson Street and Eddy Street, Providence, RI, USA"	FALSE	-71.4040064	41.7933712	intersection	geometric_center	"eddy st & johnson st, providence, ri 02905, usa"	NA	NA	NA	NA	41.7933712	-71.4040064	Med High	0.547705396
3161	2012-05-16	129985	21:09:00	Pedestrian	1	NA	FALSE	FALSE	1	CHALKSTONE AVE	CAMDEN AVE	5/16/12	"Two-Way , Not Divided"	Dry	Dark - Lighted	Clear	Unknown	No	No Controls	3	1	Complains Of Pain	NA	41.83531	-71.42529	FALSE	FALSE	"Chalkstone Ave and Camden Ave, Providence, RI, USA"	FALSE	-71.4253488	41.835296	intersection	geometric_center	"chalkstone ave & camden ave, providence, ri 02908, usa"	NA	NA	NA	NA	41.835296	-71.4253488	Med High	5.119851191
3160	2012-05-17	130105	18:24:00	Pedestrian	1	NA	FALSE	FALSE	1	UNIT ST	MAYNARD ST	5/17/12	"Two-Way , Not Divided"	Dry	Daylight	Clear	Not a Collision Between Two Motor Vehicles in Transport	No	No Controls	3	1	Complains Of Pain	NA	41.82817	-71.45461	FALSE	FALSE	"Unit Street and Maynard Street, Providence, RI, USA"	FALSE	-71.454567	41.8277049	intersection	geometric_center	"maynard st & unit st, providence, ri 02909, usa"	NA	NA	NA	NA	41.8277049	-71.454567	Med High	51.89741249
3159	2012-05-20	130439	2:18:00	Pedestrian	1	NA	FALSE	FALSE	1	HAYWARD ST	PEARL ST	5/20/12	"Two-Way , Not Divided"	Dry	Dark - Lighted	Clear	Not a Collision Between Two Motor Vehicles in Transport	"Yes, M/V and Driver Left Scene"	No Controls	1	1	Complains Of Pain	NA	41.8142	-71.41992	FALSE	FALSE	"Hayward Street and Pearl Street, Providence, RI, USA"	FALSE	-71.4199237	41.8142232	intersection	geometric_center	"pearl st & hayward st, providence, ri 02907, usa"	NA	NA	NA	NA	41.8142232	-71.4199237	Med High	2.600792669
3158	2012-05-21	130601	11:14:00	Pedestrian	1	NA	FALSE	FALSE	1	MESSER ST	490 CRANSTON ST	5/21/12	"Two-Way , Not Divided"	Dry	Daylight	Cloudy	Not a Collision Between Two Motor Vehicles in Transport	No	Stop Signs	2	1	Complains Of Pain	NA	41.80965	-71.43343	FALSE	FALSE	"Messer Street and 490 Cranston Street, Providence, RI, USA"	FALSE	-71.4332452	41.8096385	premise	rooftop	"490 cranston st, providence, ri 02907, usa"	NA	NA	NA	NA	41.8096385	-71.4332452	Med High	15.38685339
3157	2012-05-22	130837	10:56:00	Pedestrian	1	NA	FALSE	FALSE	1	321 SOUTH MAIN ST.	S MAIN ST	5/22/12	One-Way Trafficway	Wet	Daylight	Rain	"Sideswipe, Same Direction"	No	No Controls	2	1	Complains Of Pain	NA	41.82168	-71.40446	TRUE	FALSE	"321 South Main St., Providence, RI, USA"	FALSE	-71.4047212	41.8216177	premise	rooftop	"321 s main st, providence, ri 02903, usa"	NA	NA	NA	NA	41.8216177	-71.4047212	High	22.75139994
3155	2012-05-26	131538	1:56:00	Pedestrian	1	NA	FALSE	FALSE	1	UNION AVE	CUMERFORD ST	5/26/12	"Two-Way , Not Divided"	Dry	Dark - Lighted	Clear	Not a Collision Between Two Motor Vehicles in Transport	"Yes, M/V and Driver Left Scene"	No Controls	1	1	Complains Of Pain	NA	41.808	-71.44303	FALSE	FALSE	"Union Ave and Cumerford Street, Providence, RI, USA"	FALSE	-71.443046	41.8080312	intersection	geometric_center	"cumerford st & union ave, providence, ri 02909, usa"	NA	NA	NA	NA	41.8080312	-71.443046	Med High	3.71825835
3156	2012-05-26	132047	22:24:00	Pedestrian	1	NA	FALSE	FALSE	1	FRANCIS ST	AMERICAN EXPRESS PLZ	5/27/12	"Two-Way, Divided, Unprotected (painted>4feet) Medium"	Dry	Dark - Lighted	Clear	Not a Collision Between Two Motor Vehicles in Transport	No	No Controls	3	1	Complains Of Pain	NA	41.82798	-71.41533	FALSE	FALSE	"Francis Street and American Express Plz, Providence, RI, USA"	FALSE	-71.4128343	41.8239891	locality	approximate	"providence, ri, usa"	NA	NA	NA	NA	41.8239891	-71.4128343	Med	490.1330045
3154	2012-05-28	131981	8:56:00	Bicycle	NA	1	FALSE	FALSE	1	387 CHARLES ST	SILVER SPRING ST	5/29/12	"Two-Way , Not Divided"	Dry	Daylight	Clear	Angle (Front - to - Side) Right Angle (Includes Broadside)	No	Traffic Control Signal	3	1	Complains Of Pain	2	41.8437	-71.41835	TRUE	FALSE	"387 Charles Street, Providence, RI, USA"	FALSE	-71.417562	41.843616	street_address	rooftop	"387 charles st, providence, ri 02904, usa"	NA	NA	NA	NA	41.843616	-71.417562	High	66.01402988
3153	2012-05-29	132068	14:50:00	Pedestrian	1	NA	FALSE	FALSE	1	PRAIRIE AVE	THURBERS AVE	5/29/12	"Two-Way , Not Divided"	Dry	Daylight	Clear	Head-On (Front - to - Front)	"Yes, M/V and Driver Left Scene"	No Controls	2	1	Complains Of Pain	NA	41.79869	-71.41189	FALSE	FALSE	"Prairie Ave and Thurbers Ave, Providence, RI, USA"	FALSE	-71.4119105	41.7987434	intersection	geometric_center	"thurbers ave & prairie ave, providence, ri 02905, usa"	NA	NA	NA	NA	41.7987434	-71.4119105	Med High	6.183110584
3152	2012-05-30	132358	10:05:00	Bicycle	NA	1	FALSE	FALSE	1	BROADWAY	DEAN ST	5/31/12	"Two-Way , Not Divided"	Dry	Daylight	Cloudy	Angle (Front - to - Side) Right Angle (Includes Broadside)	No	Traffic Control Signal	3	1	Complains Of Pain	NA	41.8214	-71.42253	FALSE	FALSE	"Broadway and Dean Street, Providence, RI, USA"	FALSE	-71.4242155	41.8234078	route	geometric_center	"dean st, providence, ri, usa"	"Broadway & Dean Street, Providence, RI, USA"	EitCcm9hZHdheSAmIERlYW4gU3RyZWV0LCBQcm92aWRlbmNlLCBSSSwgVVNBImYiZAoUChIJCcRZtQxF5IkRWJynngBsfzMSFAoSCQnEWbUMReSJEVicp54AbH8zGhQKEgmlteWGdUXkiREawjOx16RvsxoUChIJWwZsfgxF5IkRyLSf36DnQOQiCg38cO0YFWLJbdU	41.821414	-71.422531	41.821414	-71.422531	Med	1.560679265
3150	2012-05-31	132461	15:01:00	Bicycle	NA	1	FALSE	FALSE	1	John Street	Governor Street	5/31/12	"Two-Way , Not Divided"	Dry	Daylight	Clear	Not a Collision Between Two Motor Vehicles in Transport	No	No Controls	2	1	Incapacitating	2	41.82253	-71.39402	FALSE	FALSE	"John Street and Governor Street, Providence, RI, USA"	FALSE	-71.3940564	41.8243217	route	geometric_center	"governor st, providence, ri, usa"	"John Street & Governor Street, Providence, RI, USA"	EjJKb2huIFN0cmVldCAmIEdvdmVybm9yIFN0cmVldCwgUHJvdmlkZW5jZSwgUkksIFVTQSJmImQKFAoSCTUj96EwReSJEb-c8JkwIui6EhQKEgk1I_ehMEXkiRG_nPCZMCLouhoUChIJZ8pYgTNF5IkRnRQkdIVtZo0aFAoSCQ3X03YwReSJESTqH5vd23UiIgoNQ53tGBWhJXLV	41.8225475	-71.3939551	41.8225475	-71.3939551	Med	5.725505101