row_number	crash_date	crash_report_id	crash_time	collision_type	count_pedestrian	count_bicycle	scooter	wheel_chair	number_of_vehicles	street_or_highway	nearest_intersection	report_date	type_of_roadway	road_surface_condition	light_condition	weather_condition	manner_of_impact	hit_and_run	traffic_control	person_count	injury_count	most_serious_injury	number_of_lanes	lat_raw	lon_raw	has_st_number	is_intersection_null	address_sent_to_geocoder	is_address_blank	lon_api_first_try	lat_api_first_try	type	loctype	address_returned_by_geocoder	address_returned_by_autocomplete	place_ids_autocompleted	lat_api_second_try	lon_api_second_try	lat_api_best	lon_api_best	api_coord_conf	distance_btwn_coords_meters
3151	2012-05-31	132497	18:49:00	Pedestrian	1	NA	FALSE	FALSE	1	VIOLET ST	CHALKSTONE AVE	5/31/12	"Two-Way , Not Divided"	Dry	Daylight	Clear	Not a Collision Between Two Motor Vehicles in Transport	No	No Controls	3	0	No Injury	NA	41.83464	-71.42661	FALSE	FALSE	"Violet Street and Chalkstone Ave, Providence, RI, USA"	FALSE	-71.4266625	41.8349722	intersection	geometric_center	"violet st & chalkstone ave, providence, ri 02908, usa"	NA	NA	NA	NA	41.8349722	-71.4266625	Med High	37.23581541
3149	2012-06-01	132553	18:30:00	Bicycle	NA	1	FALSE	FALSE	1	LEAH ST	FAIRMOUNT AVE	6/1/12	"Two-Way , Not Divided"	Dry	Daylight	Clear	Head-On (Front - to - Front)	No	No Controls	2	1	Incapacitating	NA	41.82591	-71.45146	FALSE	FALSE	"Leah Street and Fairmount Ave, Providence, RI, USA"	FALSE	-71.451454	41.826214	intersection	geometric_center	"leah st & fairmount ave, providence, ri 02908, usa"	NA	NA	NA	NA	41.826214	-71.451454	Med High	33.84478503
3145	2012-06-03	132814	3:02:00	Pedestrian	1	NA	FALSE	FALSE	1	SERVICE ROAD 7	BROAD ST.	6/3/12	One-Way Trafficway	Dry	Dark - Lighted	Clear	Not a Collision Between Two Motor Vehicles in Transport	No	Traffic Control Signal	5	1	Incapacitating	2	41.81736	-71.41696	FALSE	FALSE	"Service Road 7 and Broad St., Providence, RI, USA"	FALSE	-71.4169529	41.8173732	intersection	geometric_center	"service rd 1 & broad st, providence, ri 02903, usa"	NA	NA	NA	NA	41.8173732	-71.4169529	Med High	1.583084453
3146	2012-06-03	132866	17:20:00	Bicycle	NA	1	FALSE	FALSE	1	Manton Ave	Riverdale St	6/3/12	"Two-Way , Not Divided"	Dry	Daylight	Clear	Not a Collision Between Two Motor Vehicles in Transport	No	No Controls	7	1	Incapacitating	2	41.82628	-71.45977	FALSE	FALSE	"Manton Ave and Riverdale Street, Providence, RI, USA"	FALSE	-71.4597663	41.8262878	intersection	geometric_center	"riverdale st & manton ave, providence, ri 02909, usa"	NA	NA	NA	NA	41.8262878	-71.4597663	Med High	0.920940997
3147	2012-06-03	132868	18:41:00	Pedestrian	1	NA	FALSE	FALSE	1	PLAINFIELD ST	DUXBURY ST	6/3/12	"Two-Way, Divided, Positive Median Barrier"	Dry	Daylight	Clear	Other	No	No Controls	2	1	Complains Of Pain	NA	41.81216	-71.46155	FALSE	FALSE	"Plainfield Street and Duxbury Street, Providence, RI, USA"	FALSE	-71.461586	41.8121529	intersection	geometric_center	"duxbury st & plainfield st, providence, ri 02909, usa"	NA	NA	NA	NA	41.8121529	-71.461586	Med High	3.089729775
3148	2012-06-03	132877	16:31:00	Pedestrian	1	NA	FALSE	FALSE	1	SORRENTO ST	LINWOOD AVENUE	6/3/12	"Two-Way , Not Divided"	Dry	Daylight	Clear	Not a Collision Between Two Motor Vehicles in Transport	No	No Controls	4	1	Complains Of Pain	2	41.80829	-71.437	FALSE	FALSE	"Sorrento Street and Linwood Avenue, Providence, RI, USA"	FALSE	-71.4373713	41.807869	intersection	geometric_center	"sorrento st & linwood ave, providence, ri 02909, usa"	NA	NA	NA	NA	41.807869	-71.4373713	Med High	56.08528324
3143	2012-06-05	133026	17:41:00	Pedestrian	1	NA	FALSE	FALSE	1	711 Broad Street	BROAD ST	6/5/12	Unknown	Dry	Daylight	Cloudy	Unknown	No	No Controls	4	1	Complains Of Pain	NA	41.80483	-71.4195	TRUE	FALSE	"711 Broad Street, Providence, RI, USA"	FALSE	-71.4198683	41.8046069	premise	rooftop	"711 broad st, providence, ri 02907, usa"	NA	NA	NA	NA	41.8046069	-71.4198683	High	39.38021184
3144	2012-06-05	133049	16:42:00	Pedestrian	1	NA	FALSE	FALSE	1	DOUGLAS AVE	DOUGLAS AVE	6/5/12	"Two-Way , Not Divided"	Dry	Daylight	Clear	Unknown	No	No Controls	2	0	No Injury	NA	41.84663	-71.42969	FALSE	FALSE	"Douglas Ave and Douglas Ave, Providence, RI, USA"	FALSE	-71.4649957	41.8715442	intersection	geometric_center	"douglas turnpike & douglas ave, north providence, ri 02904, usa"	NA	NA	NA	NA	41.8715442	-71.4649957	Med High	4032.407052
3142	2012-06-06	133931	12:23:00	Pedestrian	1	NA	FALSE	FALSE	1	PUTNAM ST	AMHERST ST	6/6/12	"Two-Way , Not Divided"	Dry	Daylight	Cloudy	Angle (Front - to - Side) Right Angle (Includes Broadside)	No	Stop Signs	3	1	Complains Of Pain	NA	41.82338	-71.44394	FALSE	FALSE	"Putnam Street and Amherst Street, Providence, RI, USA"	FALSE	-71.443939	41.823383	intersection	geometric_center	"amherst st & putnam st, providence, ri 02909, usa"	NA	NA	NA	NA	41.823383	-71.443939	Med High	0.344107415
3141	2012-06-09	133748	23:23:00	Pedestrian	1	NA	FALSE	FALSE	1	SASSAFRAS ST	SAVINGS ST	6/11/12	"Two-Way , Not Divided"	Dry	Dark - Unknown Lighting	Clear	Not a Collision Between Two Motor Vehicles in Transport	No	No Controls	3	1	Complains Of Pain	NA	41.7939	-71.41379	FALSE	FALSE	"Sassafras Street and Savings Street, Providence, RI, USA"	FALSE	-71.412939	41.7942395	intersection	geometric_center	"sassafras st & savings st, providence, ri 02907, usa"	NA	NA	NA	NA	41.7942395	-71.412939	Med High	80.10349718
3140	2012-06-10	133549	8:16:00	Bicycle	NA	1	FALSE	FALSE	1	LESTER ST	GILMORE ST	6/10/12	"Two-Way , Not Divided"	Dry	Daylight	Clear	Angle (Front - to - Side) Right Angle (Includes Broadside)	No	Stop Signs	3	0	No Injury	NA	41.81312	-71.42722	FALSE	FALSE	"Lester Street and Gilmore Street, Providence, RI, USA"	FALSE	-71.4272253	41.813146	intersection	geometric_center	"gilmore st & lester st, providence, ri 02907, usa"	NA	NA	NA	NA	41.813146	-71.4272253	Med High	2.927520984
3138	2012-06-11	133806	15:02:00	Bicycle	NA	1	FALSE	FALSE	1	ELMWOOD AVE	WHITMARSH ST	6/11/12	"Two-Way , Not Divided"	Dry	Daylight	Cloudy	Not a Collision Between Two Motor Vehicles in Transport	No	No Controls	2	1	Complains Of Pain	NA	41.80604	-71.42504	FALSE	FALSE	"Elmwood Ave and Whitmarsh Street, Providence, RI, USA"	FALSE	-71.4250755	41.8059678	intersection	geometric_center	"elmwood ave & whitmarsh st, providence, ri 02907, usa"	NA	NA	NA	NA	41.8059678	-71.4250755	Med High	8.560080246
3139	2012-06-11	133820	15:26:00	Pedestrian	1	NA	FALSE	FALSE	1	NEWARK ST	VALLEY ST	6/11/12	"Two-Way , Not Divided"	Dry	Daylight	Clear	Head-On (Front - to - Front)	No	Stop Signs	3	1	Complains Of Pain	NA	41.82521	-71.43931	FALSE	FALSE	"Newark Street and Valley Street, Providence, RI, USA"	FALSE	-71.4393041	41.8252323	intersection	geometric_center	"valley st & newark st, providence, ri 02908, usa"	NA	NA	NA	NA	41.8252323	-71.4393041	Med High	2.530211188
3137	2012-06-13	134209	16:11:00	Pedestrian	1	NA	FALSE	FALSE	1	Chalkstone Avenue	Fallon Street	6/13/12	"Two-Way , Not Divided"	Wet	Daylight	Rain	Angle (Front - to - Side) Right Angle (Includes Broadside)	No	No Controls	3	1	Complains Of Pain	2	41.81512	-71.43972	FALSE	FALSE	"Chalkstone Avenue and Fallon Street, Providence, RI, USA"	FALSE	-71.443344	41.832336	intersection	geometric_center	"fallon ave & chalkstone ave, providence, ri 02908, usa"	NA	NA	NA	NA	41.832336	-71.443344	Med High	1939.912358
3136	2012-06-14	134257	14:24:00	Pedestrian	1	NA	FALSE	FALSE	1	KENNEDY PLZ	DORRANCE ST	6/14/12	One-Way Trafficway	Dry	Daylight	Clear	Not a Collision Between Two Motor Vehicles in Transport	No	No Controls	4	1	Complains Of Pain	NA	41.82437	-71.41206	FALSE	FALSE	"Kennedy Plz and Dorrance Street, Providence, RI, USA"	FALSE	-71.4123255	41.8241358	intersection	geometric_center	"kennedy plaza & dorrance st, providence, ri 02903, usa"	NA	NA	NA	NA	41.8241358	-71.4123255	Med High	34.12879272
3135	2012-06-16	134686	21:24:00	Pedestrian	1	NA	FALSE	FALSE	1	DORRANCE STREET	PINE ST	6/17/12	Unknown	Dry	Daylight	Clear	Not a Collision Between Two Motor Vehicles in Transport	No	No Controls	8	1	Complains Of Pain	NA	41.82252	-71.41028	FALSE	FALSE	"Dorrance Street and Pine Street, Providence, RI, USA"	FALSE	-71.4100874	41.822464	intersection	geometric_center	"pine st & dorrance st, providence, ri 02903, usa"	NA	NA	NA	NA	41.822464	-71.4100874	Med High	17.15056041
3133	2012-06-17	134482	0:50:00	Bicycle	NA	1	FALSE	FALSE	1	POTTERS AVE	HAMILTON ST	6/17/12	"Two-Way , Not Divided"	Dry	Dark - Lighted	Clear	Not a Collision Between Two Motor Vehicles in Transport	"Yes, M/V and Driver Left Scene"	No Controls	3	1	Complains Of Pain	NA	41.80188	-71.42265	FALSE	FALSE	"Potters Ave and Hamilton Street, Providence, RI, USA"	FALSE	-71.4226249	41.8019071	intersection	geometric_center	"potters ave & hamilton st, providence, ri 02907, usa"	NA	NA	NA	NA	41.8019071	-71.4226249	Med High	3.665958185
3134	2012-06-17	134523	11:00:00	Bicycle	NA	1	FALSE	FALSE	1	ELMWOOD AVE	WEST FRIENDSHIP STREET	6/17/12	"Two-Way , Not Divided"	Dry	Daylight	Clear	Angle (Front - to - Side) Right Angle (Includes Broadside)	No	Traffic Control Signal	4	1	Complains Of Pain	NA	41.80983	-71.42409	FALSE	FALSE	"Elmwood Ave and West Friendship Street, Providence, RI, USA"	FALSE	-71.424073	41.80989	intersection	geometric_center	"w friendship st & elmwood ave, providence, ri 02907, usa"	NA	NA	NA	NA	41.80989	-71.424073	Med High	6.826488254
3131	2012-06-18	134787	20:00:00	Bicycle	NA	1	FALSE	FALSE	1	Westminster St	Library Ct	6/18/12	"Two-Way, Divided, Unprotected (painted>4feet) Medium"	Dry	Daylight	Clear	Angle (Front - to - Side) Right Angle (Includes Broadside)	No	Traffic Control Signal	3	1	Complains Of Pain	NA	41.81675	-71.44355	FALSE	FALSE	"Westminster Street and Library Ct, Providence, RI, USA"	FALSE	-71.4434849	41.8167835	intersection	geometric_center	"library ct & westminster st, providence, ri 02909, usa"	NA	NA	NA	NA	41.8167835	-71.4434849	Med High	6.563344428
3132	2012-06-18	134819	19:54:00	Pedestrian	1	NA	FALSE	FALSE	1	F C GREENE MEMORIAL BLVD	F C GREENE MEMORIAL BLVD	6/18/12	"Two-Way , Not Divided"	Dry	Daylight	Clear	Not a Collision Between Two Motor Vehicles in Transport	No	No Controls	4	1	Complains Of Pain	NA	41.77944	-71.41418	FALSE	FALSE	"F C Greene Memorial Blvd and F C Greene Memorial Blvd, Providence, RI, USA"	FALSE	-71.4142058	41.7885473	intersection	geometric_center	"green memorial blvd & f c greene memorial blvd, providence, ri 02907, usa"	NA	NA	NA	NA	41.7885473	-71.4142058	Med High	1013.82226
3130	2012-06-19	134928	11:22:00	Pedestrian	1	NA	FALSE	FALSE	1	WESTERLY AVE	POCASSET AVE	6/19/12	"Two-Way , Not Divided"	Dry	Daylight	Clear	Other	"Yes, M/V and Driver Left Scene"	No Controls	1	1	Complains Of Pain	NA	41.80883	-71.45525	FALSE	FALSE	"Westerly Ave and Pocasset Ave, Providence, RI, USA"	FALSE	-71.4554139	41.808838	intersection	geometric_center	"pocasset ave & westerly ave, providence, ri 02909, usa"	NA	NA	NA	NA	41.808838	-71.4554139	Med High	13.62865917
3128	2012-06-20	135039	11:18:00	Bicycle	NA	1	FALSE	FALSE	1	HUNTINGTON AVENUE	PLYMOUTH AVENUE	6/20/12	"Two-Way , Not Divided"	Dry	Daylight	Clear	Angle (Front - to - Side) Right Angle (Includes Broadside)	No	Stop Signs	3	1	Complains Of Pain	4	41.83763	-71.43363	FALSE	FALSE	"Huntington Avenue and Plymouth Avenue, Providence, RI, USA"	FALSE	-71.432198	41.801147	intersection	geometric_center	"plymouth st & huntington ave, providence, ri 02907, usa"	NA	NA	NA	NA	41.801147	-71.432198	Med High	4063.006176
3129	2012-06-20	135784	10:14:00	Bicycle	NA	1	FALSE	FALSE	1	1229 WESTMINSTER ST	HAMMOND ST	6/26/12	"Two-Way , Not Divided"	Dry	Daylight	Clear	Angle (Front - to - Side) Right Angle (Includes Broadside)	No	No Controls	2	1	Complains Of Pain	2	41.81683	-71.42915	TRUE	FALSE	"1229 Westminster Street, Providence, RI, USA"	FALSE	-71.4296581	41.8172325	premise	rooftop	"1229 westminster st, providence, ri 02909, usa"	NA	NA	NA	NA	41.8172325	-71.4296581	High	61.51865096
3126	2012-06-23	135423	11:25:00	Bicycle	NA	1	FALSE	FALSE	1	ATWELLS AVE	CUTLER ST	6/23/12	"Two-Way , Not Divided"	Dry	Daylight	Clear	Angle (Front - to - Side) Same Direction	No	No Controls	3	1	Complains Of Pain	NA	41.82468	-71.44157	FALSE	FALSE	"Atwells Ave and Cutler Street, Providence, RI, USA"	FALSE	-71.4415532	41.8246953	intersection	geometric_center	"cutler st & atwells ave, providence, ri 02908, usa"	NA	NA	NA	NA	41.8246953	-71.4415532	Med High	2.20069268
3127	2012-06-23	135438	19:08:00	Bicycle	NA	1	FALSE	FALSE	1	Morning Star Row	PINE ST	6/23/12	Unknown	Dry	Daylight	Clear	Angle (Front - to - Side) Right Angle (Includes Broadside)	No	No Controls	7	1	Complains Of Pain	NA	41.81157	-71.42005	FALSE	FALSE	"Morning Star Row and Pine Street, Providence, RI, USA"	FALSE	-71.3928774	41.8805987	route	geometric_center	"pine st, rhode island, usa"	"Morning Star Row & Pine Street, Providence, RI, USA"	EjNNb3JuaW5nIFN0YXIgUm93ICYgUGluZSBTdHJlZXQsIFByb3ZpZGVuY2UsIFJJLCBVU0EiZiJkChQKEgljNAF6cEXkiRGW9V-M-JbGFxIUChIJYzQBenBF5IkRlvVfjPiWxhcaFAoSCeuMmnZwReSJETo9KRpMvvkjGhQKEgk5kwlTbEXkiRGgKSzwb-_CPCIKDeT16xgVWCBu1Q	41.8117092	-71.4203048	41.8117092	-71.4203048	Med	26.21178187
3123	2012-06-24	135526	10:47:00	Pedestrian	2	NA	FALSE	TRUE	1	PLAINFIELD ST	744 PLAINFIELD ST - INDOORS	6/24/12	Unknown	Dry	Daylight	Clear	Rear End(Front-to-Rear)	No	No Controls	3	1	Complains Of Pain	NA	41.81043	-71.4623	FALSE	FALSE	"Plainfield Street and 744 Plainfield St - Indoors, Providence, RI, USA"	FALSE	-71.4620989	41.8103262	street_address	range_interpolated	"744 plainfield st, providence, ri 02909, usa"	NA	NA	NA	NA	41.8103262	-71.4620989	Med High	20.29612129
3124	2012-06-24	135562	19:10:00	Bicycle	NA	1	FALSE	FALSE	1	PROMENADE ST	DEAN ST	6/24/12	One-Way Trafficway	Dry	Daylight	Clear	Not a Collision Between Two Motor Vehicles in Transport	No	Yield Signs	7	0	No Injury	NA	41.82941	-71.42624	FALSE	FALSE	"Promenade Street and Dean Street, Providence, RI, USA"	FALSE	-71.4267356	41.8292571	intersection	geometric_center	"promenade st & dean st, providence, ri 02908, usa"	NA	NA	NA	NA	41.8292571	-71.4267356	Med High	44.49335486
3125	2012-06-24	135839	18:26:00	Bicycle	NA	1	FALSE	FALSE	1	Gallup Street	BROAD ST	6/26/12	"Two-Way , Not Divided"	Dry	Daylight	Clear	Angle (Front - to - Side) Right Angle (Includes Broadside)	No	Stop Signs	2	1	Complains Of Pain	NA	41.79932	-71.41591	FALSE	FALSE	"Gallup Street and Broad Street, Providence, RI, USA"	FALSE	-71.4160215	41.7993131	intersection	geometric_center	"gallup st & broad st, providence, ri 02907, usa"	NA	NA	NA	NA	41.7993131	-71.4160215	Med High	9.284864502
3120	2012-06-26	135791	10:41:00	Bicycle	NA	1	FALSE	FALSE	1	WASHINGTON ST	CLEMENCE ST	6/26/12	"Two-Way , Not Divided"	Dry	Daylight	Clear	Other	No	No Controls	4	1	Complains Of Pain	2	41.82334	-71.41438	FALSE	FALSE	"Washington Street and Clemence Street, Providence, RI, USA"	FALSE	-71.4143636	41.8233349	intersection	geometric_center	"clemence st & washington st, providence, ri 02903, usa"	NA	NA	NA	NA	41.8233349	-71.4143636	Med High	1.47418056
3121	2012-06-26	135826	15:27:00	Bicycle	NA	1	FALSE	FALSE	1	MEMORIAL BLVD	STEEPLE ST	6/26/12	One-Way Trafficway	Dry	Daylight	Clear	Angle - Direction Not Specified	No	Traffic Control Signal	4	1	Complains Of Pain	2	41.82677	-71.41063	FALSE	FALSE	"Memorial Blvd and Steeple Street, Providence, RI, USA"	FALSE	-71.409299	41.8273889	route	geometric_center	"steeple st, providence, ri 02903, usa"	NA	NA	NA	NA	41.8273889	-71.409299	Med	130.1401791
3122	2012-06-26	135827	15:49:00	Bicycle	NA	1	FALSE	FALSE	1	Eddy St.	NA	6/26/12	"Two-Way , Not Divided"	Dry	Daylight	Clear	Angle (Front - to - Side) Right Angle (Includes Broadside)	No	No Controls	2	0	No Injury	NA	41.83148	-71.41133	FALSE	TRUE	"Eddy St., Providence, RI, USA"	FALSE	-71.4072274	41.8059506	route	geometric_center	"eddy st, providence, ri, usa"	NA	NA	NA	NA	41.8059506	-71.4072274	Inaccurate	2862.228573
3119	2012-06-28	135994	12:32:00	Bicycle	NA	1	FALSE	FALSE	1	CHALKSTONE AVE	FALLON AVE	6/28/12	"Two-Way , Not Divided"	Dry	Daylight	Clear	Rear End(Front-to-Rear)	No	No Controls	4	1	Non-Incapacitating	2	41.83234	-71.44337	FALSE	FALSE	"Chalkstone Ave and Fallon Ave, Providence, RI, USA"	FALSE	-71.443344	41.832336	intersection	geometric_center	"fallon ave & chalkstone ave, providence, ri 02908, usa"	NA	NA	NA	NA	41.832336	-71.443344	Med High	2.202037169
3117	2012-06-29	136370	21:46:00	Bicycle	NA	1	FALSE	FALSE	1	Knight St	WASHINGTON ST	7/1/12	"Two-Way , Not Divided"	Dry	Dark - Lighted	Clear	Angle (Front - to - Side) Right Angle (Includes Broadside)	"Yes, M/V and Driver Left Scene"	No Controls	2	0	No Injury	2	41.81775	-71.42688	FALSE	FALSE	"Knight Street and Washington Street, Providence, RI, USA"	FALSE	-71.4269011	41.8177945	intersection	geometric_center	"knight st & washington st, providence, ri 02903, usa"	NA	NA	NA	NA	41.8177945	-71.4269011	Med High	5.253915925
3118	2012-06-29	136409	16:25:00	Pedestrian	1	NA	FALSE	FALSE	1	F C GREENE MEMORIAL BLVD	MARION AVE	7/1/12	"Two-Way , Not Divided"	Dry	Daylight	Clear	Unknown	"Yes, M/V and Driver Left Scene"	No Controls	1	0	No Injury	NA	41.78669	-71.40754	FALSE	FALSE	"F C Greene Memorial Blvd and Marion Ave, Providence, RI, USA"	FALSE	-71.4066801	41.7866427	intersection	geometric_center	"f c greene memorial blvd & marion ave n, providence, ri 02905, usa"	NA	NA	NA	NA	41.7866427	-71.4066801	Med High	71.56847029
3116	2012-06-30	136225	0:40:00	Bicycle	NA	1	FALSE	FALSE	1	SACRAMENTO ST	GLENBRIDGE AVE	6/30/12	"Two-Way , Not Divided"	Dry	Dark - Lighted	Clear	Not a Collision Between Two Motor Vehicles in Transport	"Yes, M/V and Driver Left Scene"	No Controls	1	1	Complains Of Pain	NA	41.82402	-71.45977	FALSE	FALSE	"Sacramento Street and Glenbridge Ave, Providence, RI, USA"	FALSE	-71.4597442	41.8240288	intersection	geometric_center	"glenbridge ave & sacramento st, providence, ri 02909, usa"	NA	NA	NA	NA	41.8240288	-71.4597442	Med High	2.353773466
3115	2012-07-01	136694	11:06:00	Bicycle	NA	1	FALSE	FALSE	1	ACADEMY AVE	NEWARK ST	7/5/12	"Two-Way , Not Divided"	Dry	Daylight	Clear	Not a Collision Between Two Motor Vehicles in Transport	No	Stop Signs	2	1	Complains Of Pain	2	41.82544	-71.4434	FALSE	FALSE	"Academy Ave and Newark Street, Providence, RI, USA"	FALSE	-71.4434441	41.8254949	intersection	geometric_center	"academy ave & newark st, providence, ri 02908, usa"	NA	NA	NA	NA	41.8254949	-71.4434441	Med High	7.122663329
3114	2012-07-04	136616	12:32:00	Bicycle	NA	1	FALSE	FALSE	1	MOUNT PLEASANT AVENUE	CHALKSTONE AVENUE	7/4/12	"Two-Way , Not Divided"	Dry	Daylight	Clear	Angle (Front - to - Side) Right Angle (Includes Broadside)	No	Traffic Control Signal	3	1	Complains Of Pain	2	41.81499	-71.37472	FALSE	FALSE	"Mount Pleasant Avenue and Chalkstone Avenue, Providence, RI, USA"	FALSE	-71.4497544	41.83271	intersection	geometric_center	"mt pleasant ave & chalkstone ave, providence, ri 02908, usa"	NA	NA	NA	NA	41.83271	-71.4497544	Med High	6529.57245
3113	2012-07-07	137554	12:10:00	Pedestrian	1	NA	FALSE	FALSE	1	PLAINFIELD ST	DUXBURY ST	7/13/12	"Two-Way, Divided, Positive Median Barrier"	Dry	Daylight	Clear	Not a Collision Between Two Motor Vehicles in Transport	No	Stop Signs	2	1	Complains Of Pain	NA	41.81067	-71.46221	FALSE	FALSE	"Plainfield Street and Duxbury Street, Providence, RI, USA"	FALSE	-71.461586	41.8121529	intersection	geometric_center	"duxbury st & plainfield st, providence, ri 02909, usa"	NA	NA	NA	NA	41.8121529	-71.461586	Med High	173.0044211
3112	2012-07-08	137099	16:37:00	Pedestrian	1	NA	FALSE	FALSE	1	BANCROFT ST	KELLEY ST	7/9/12	Unknown	Dry	Daylight	Clear	Not a Collision Between Two Motor Vehicles in Transport	"Yes, M/V and Driver Left Scene"	No Controls	1	1	Complains Of Pain	NA	41.81299	-71.44798	FALSE	FALSE	"Bancroft Street and Kelley Street, Providence, RI, USA"	FALSE	-71.4480739	41.8130759	intersection	geometric_center	"bancroft st & kelly st, providence, ri 02909, usa"	NA	NA	NA	NA	41.8130759	-71.4480739	Med High	12.33430221
3109	2012-07-09	137117	16:44:00	Bicycle	NA	1	FALSE	FALSE	1	ALLSTON ST	RIVER AVE	7/9/12	"Two-Way , Not Divided"	Dry	Daylight	Clear	Angle (Front - to - Side) Right Angle (Includes Broadside)	No	Stop Signs	3	1	Complains Of Pain	NA	41.8298	-71.43651	FALSE	FALSE	"Allston Street and River Ave, Providence, RI, USA"	FALSE	-71.4365037	41.8298009	intersection	geometric_center	"river ave & allston st, providence, ri 02908, usa"	NA	NA	NA	NA	41.8298009	-71.4365037	Med High	0.532086031
3110	2012-07-09	137136	17:04:00	Pedestrian	1	NA	FALSE	FALSE	1	Hannah st	AMSTERDAM ST	7/9/12	"Two-Way , Not Divided"	Dry	Daylight	Clear	Not a Collision Between Two Motor Vehicles in Transport	"Yes, M/V and Driver Left Scene"	No Controls	1	1	Complains Of Pain	2	41.82435	-71.4487	FALSE	FALSE	"Hannah Street and Amsterdam Street, Providence, RI, USA"	FALSE	-71.4487397	41.8243733	intersection	geometric_center	"amsterdam st & hannah st, providence, ri 02909, usa"	NA	NA	NA	NA	41.8243733	-71.4487397	Med High	4.192049542
3111	2012-07-09	137173	22:24:00	Pedestrian	1	NA	FALSE	FALSE	1	KINSLEY AVE	PARK ST	7/9/12	One-Way Trafficway	Dry	Dark - Lighted	Clear	Not a Collision Between Two Motor Vehicles in Transport	No	No Controls	4	1	Complains Of Pain	NA	41.82754	-71.41768	FALSE	FALSE	"Kinsley Ave and Park Street, Providence, RI, USA"	FALSE	-71.4294878	41.8282653	route	geometric_center	"kinsley ave, providence, ri, usa"	NA	NA	NA	NA	41.8282653	-71.4294878	Med	982.7776249
3107	2012-07-13	137573	8:33:00	Pedestrian	1	NA	FALSE	FALSE	1	DORRANCE STREET	WEYBOSSET STREET	7/13/12	"Two-Way , Not Divided"	Dry	Daylight	Clear	Other	No	Traffic Control Signal	4	1	Complains Of Pain	2	41.82241	-71.41013	FALSE	FALSE	"Dorrance Street and Weybosset Street, Providence, RI, USA"	FALSE	-71.4109933	41.8230796	intersection	geometric_center	"weybosset st & dorrance st, providence, ri 02903, usa"	NA	NA	NA	NA	41.8230796	-71.4109933	Med High	103.368509
3108	2012-07-13	137628	17:07:00	Pedestrian	1	NA	TRUE	FALSE	1	JEWETT ST	CALAIS ST	7/13/12	"Two-Way , Not Divided"	Dry	Daylight	Clear	Other	No	No Controls	2	1	Complains Of Pain	NA	41.83224	-71.42005	FALSE	FALSE	"Jewett Street and Calais Street, Providence, RI, USA"	FALSE	-71.420219	41.83231	intersection	geometric_center	"jewett st & calais st, providence, ri 02908, usa"	NA	NA	NA	NA	41.83231	-71.420219	Med High	16.03786776
3106	2012-07-14	137724	21:19:00	Bicycle	NA	1	FALSE	FALSE	1	HOPE ST	GLENDALE AVE	7/14/12	"Two-Way , Not Divided"	Sand	Dark - Lighted	Clear	Not a Collision Between Two Motor Vehicles in Transport	No	No Controls	2	1	Non-Incapacitating	NA	41.84739	-71.39582	FALSE	FALSE	"Hope Street and Glendale Ave, Providence, RI, USA"	FALSE	-71.3958007	41.8474356	intersection	geometric_center	"hope st & glendale ave, providence, ri 02906, usa"	NA	NA	NA	NA	41.8474356	-71.3958007	Med High	5.322491126
3105	2012-07-16	137891	15:12:00	Bicycle	NA	1	FALSE	FALSE	1	MANTON AVE	ORTOLEVA DR	7/16/12	"Two-Way , Not Divided"	Dry	Daylight	Clear	Not a Collision Between Two Motor Vehicles in Transport	No	Traffic Control Signal	2	0	No Injury	2	41.82589	-71.45777	FALSE	FALSE	"Manton Ave and Ortoleva Dr, Providence, RI, USA"	FALSE	-71.457764	41.825893	intersection	geometric_center	"ortoleva dr & manton ave, providence, ri 02909, usa"	NA	NA	NA	NA	41.825893	-71.457764	Med High	0.599373262
3104	2012-07-17	138035	14:33:00	Pedestrian	1	NA	FALSE	FALSE	1	WHITEHALL ST	21-23 WHITEHALL ST	7/17/12	"Two-Way , Not Divided"	Dry	Daylight	Clear	Head-On (Front - to - Front)	No	No Controls	4	1	Complains Of Pain	NA	41.81222	-71.446	FALSE	FALSE	"Whitehall Street and 21-23 Whitehall Street, Providence, RI, USA"	FALSE	-71.4461459	41.8122287	premise	rooftop	"21 whitehall st, providence, ri 02909, usa"	NA	NA	NA	NA	41.8122287	-71.4461459	Med High	12.14402817