row_number	crash_date	crash_report_id	crash_time	collision_type	count_pedestrian	count_bicycle	scooter	wheel_chair	number_of_vehicles	street_or_highway	nearest_intersection	report_date	type_of_roadway	road_surface_condition	light_condition	weather_condition	manner_of_impact	hit_and_run	traffic_control	person_count	injury_count	most_serious_injury	number_of_lanes	lat_raw	lon_raw	has_st_number	is_intersection_null	address_sent_to_geocoder	is_address_blank	lon_api_first_try	lat_api_first_try	type	loctype	address_returned_by_geocoder	address_returned_by_autocomplete	place_ids_autocompleted	lat_api_second_try	lon_api_second_try	lat_api_best	lon_api_best	api_coord_conf	distance_btwn_coords_meters
3015	2012-10-19	153452	13:37:00	Pedestrian	1	NA	FALSE	FALSE	1	RANDELL ST.	NORTH MAIN ST.	10/19/12	One-Way Trafficway	Wet	Daylight	Cloudy	Not a Collision Between Two Motor Vehicles in Transport	No	Yield Signs	3	1	Complains Of Pain	NA	41.83688	-71.4147	FALSE	FALSE	"Randell St. and North Main St., Providence, RI, USA"	FALSE	-71.4128343	41.8239891	locality	approximate	"providence, ri, usa"	NA	NA	NA	NA	41.8239891	-71.4128343	Med	1443.328724
3016	2012-10-19	153488	18:14:00	Pedestrian	1	NA	FALSE	FALSE	1	MOUNT PLEASANT AVE	MANOMET ST	10/19/12	"Two-Way , Not Divided"	Wet	Dark - Lighted	Rain	Not a Collision Between Two Motor Vehicles in Transport	No	No Controls	4	1	Incapacitating	2	41.83438	-71.45015	FALSE	FALSE	"Mount Pleasant Ave and Manomet Street, Providence, RI, USA"	FALSE	-71.4501132	41.8341822	intersection	geometric_center	"mt pleasant ave & manomet st, providence, ri 02908, usa"	NA	NA	NA	NA	41.8341822	-71.4501132	Med High	22.22953865
3014	2012-10-20	153670	16:24:00	Bicycle	NA	1	FALSE	FALSE	1	WESTMINSTER STREET	SERVICE ROAD 8	10/20/12	"Two-Way , Not Divided"	Dry	Daylight	Clear	Angle (Front - to - Side) Opposite Direction	"Yes, M/V and Driver Left Scene"	Stop Signs	1	1	Complains Of Pain	NA	41.81921	-71.41786	FALSE	FALSE	"Westminster Street and Service Road 8, Providence, RI, USA"	FALSE	-71.4406099	41.816332	intersection	geometric_center	"service rd & westminster st, providence, ri 02909, usa"	NA	NA	NA	NA	41.816332	-71.4406099	Med High	1914.39796
3013	2012-10-22	153985	18:53:00	Pedestrian	1	NA	FALSE	FALSE	1	Sabin St	Exchange Ter	10/22/12	One-Way Trafficway	Dry	Dark - Lighted	Clear	Head-On (Front - to - Front)	No	No Controls	3	1	Complains Of Pain	NA	41.82473	-71.41545	FALSE	FALSE	"Sabin Street and Exchange Ter, Providence, RI, USA"	FALSE	-71.4127397	41.825713	route	geometric_center	"exchange terrace, providence, ri 02903, usa"	"Sabin Street & West Exchange Street, Providence, RI, USA"	EjhTYWJpbiBTdHJlZXQgJiBXZXN0IEV4Y2hhbmdlIFN0cmVldCwgUHJvdmlkZW5jZSwgUkksIFVTQSJmImQKFAoSCWFwUCoSReSJEV3fD8gHsadHEhQKEglhcFAqEkXkiRFd3w_IB7GnRxoUChIJvZdiPxJF5IkRTCSeUT_omAcaFAoSCWXJ58QNReSJEb_JCPl4pu4aIgoNxfftGBVU5G7V	41.8248645	-71.4152876	41.8248645	-71.4152876	Med	20.14105046
3011	2012-10-23	154245	17:50:00	Pedestrian	1	NA	FALSE	FALSE	1	NARRAGANSETT BLVD	MASSACHUSETTS AVE	10/23/12	"Two-Way, Divided, Unprotected (painted>4feet) Medium"	Dry	Daylight	Clear	Not a Collision Between Two Motor Vehicles in Transport	No	No Controls	3	1	Complains Of Pain	NA	41.78738	-71.39545	FALSE	FALSE	"Narragansett Blvd and Massachusetts Ave, Providence, RI, USA"	FALSE	-71.3955134	41.7875704	intersection	geometric_center	"massachusetts ave & narragansett blvd, providence, ri 02905, usa"	NA	NA	NA	NA	41.7875704	-71.3955134	Med High	21.8387283
3012	2012-10-23	154371	12:42:00	Pedestrian	1	NA	FALSE	FALSE	1	WEYBOSSETT STREET	UNION STREET	10/23/12	"Two-Way , Not Divided"	Dry	Daylight	Clear	Head-On (Front - to - Front)	No	No Controls	3	1	Complains Of Pain	2	41.82555	-71.41804	FALSE	FALSE	"Weybossett Street and Union Street, Providence, RI, USA"	FALSE	-71.4118986	41.8221261	intersection	geometric_center	"weybosset st & union st, providence, ri 02903, usa"	NA	NA	NA	NA	41.8221261	-71.4118986	Med High	636.2570494
3010	2012-10-24	154365	13:13:00	Bicycle	NA	1	FALSE	FALSE	1	WEYBOSSET ST	ORANGE ST	10/24/12	One-Way Trafficway	Dry	Daylight	Clear	Other	No	No Controls	2	1	Complains Of Pain	NA	41.82334	-71.41058	FALSE	FALSE	"Weybosset Street and Orange Street, Providence, RI, USA"	FALSE	-71.410541	41.8233753	intersection	geometric_center	"weybosset st & orange st, providence, ri 02903, usa"	NA	NA	NA	NA	41.8233753	-71.410541	Med High	5.090047529
3009	2012-10-26	154691	0:51:00	Pedestrian	1	NA	FALSE	FALSE	1	ADMIRAL ST	DOUGLAS AVE	10/26/12	"Two-Way, Divided, Unprotected (painted>4feet) Medium"	Dry	Dark - Lighted	Clear	"Sideswipe, Same Direction"	"Yes, M/V and Driver Left Scene"	Traffic Control Signal	3	1	Complains Of Pain	NA	41.84605	-71.429	FALSE	FALSE	"Admiral Street and Douglas Ave, Providence, RI, USA"	FALSE	-71.4289636	41.8460618	intersection	geometric_center	"admiral st & douglas ave, providence, ri 02908, usa"	NA	NA	NA	NA	41.8460618	-71.4289636	Med High	3.291947996
3007	2012-10-27	154875	0:46:00	Pedestrian	1	NA	FALSE	FALSE	1	431 ATWELLS AVENUE	DALE ST	10/27/12	"Two-Way, Divided, Unprotected (painted>4feet) Medium"	Dry	Dark - Lighted	Clear	Not a Collision Between Two Motor Vehicles in Transport	"Yes, M/V and Driver Left Scene"	No Controls	1	1	Complains Of Pain	2	41.82394	-71.43176	TRUE	FALSE	"431 Atwells Avenue, Providence, RI, USA"	FALSE	-71.4317419	41.8241332	street_address	rooftop	"431 atwells ave, providence, ri 02909, usa"	NA	NA	NA	NA	41.8241332	-71.4317419	High	21.55927414
3008	2012-10-27	155083	19:31:00	Pedestrian	1	NA	FALSE	FALSE	1	EMPIRE STREET	WASHINGTON ST	10/27/12	"Two-Way , Not Divided"	Dry	Dark - Lighted	Clear	Other	No	No Controls	3	1	Complains Of Pain	2	41.8217	-71.41629	FALSE	FALSE	"Empire Street and Washington Street, Providence, RI, USA"	FALSE	-71.4164189	41.8218601	intersection	geometric_center	"empire st & washington st, providence, ri 02903, usa"	NA	NA	NA	NA	41.8218601	-71.4164189	Med High	20.78409064
3006	2012-10-30	155499	18:06:00	Pedestrian	1	NA	FALSE	FALSE	1	MOUNT PLEASANT AVENUE	CHALKSTONE AVENUE	10/30/12	"Two-Way , Not Divided"	Wet	Dark - Lighted	Rain	Angle (Front - to - Side) Right Angle (Includes Broadside)	No	No Controls	3	1	Complains Of Pain	2	41.81322	-71.44015	FALSE	FALSE	"Mount Pleasant Avenue and Chalkstone Avenue, Providence, RI, USA"	FALSE	-71.4497544	41.83271	intersection	geometric_center	"mt pleasant ave & chalkstone ave, providence, ri 02908, usa"	NA	NA	NA	NA	41.83271	-71.4497544	Med High	2311.285392
3002	2012-11-01	155781	10:00:00	Pedestrian	1	NA	FALSE	FALSE	1	386 SMITH STREET	NA	11/1/12	"Two-Way , Not Divided"	Dry	Daylight	Clear	Other	No	No Controls	2	1	Complains Of Pain	2	41.82671	-71.41997	TRUE	TRUE	"386 Smith Street, Providence, RI, USA"	FALSE	-71.4243396	41.8345293	premise	rooftop	"386 smith st, providence, ri 02908, usa"	NA	NA	NA	NA	41.8345293	-71.4243396	High	942.8844616
3003	2012-11-01	155783	11:56:00	Pedestrian	1	NA	FALSE	FALSE	1	MANTON AVE	DELAINE ST	11/1/12	"Two-Way , Not Divided"	Dry	Daylight	Clear	"Sideswipe, Same Direction"	"Yes, M/V and Driver Left Scene"	Traffic Control Signal	1	0	No Injury	NA	41.81795	-71.44465	FALSE	FALSE	"Manton Ave and Delaine Street, Providence, RI, USA"	FALSE	-71.4446349	41.8179569	intersection	geometric_center	"delaine st & manton ave, providence, ri 02909, usa"	NA	NA	NA	NA	41.8179569	-71.4446349	Med High	1.469467929
3004	2012-11-01	155834	15:03:00	Bicycle	NA	1	FALSE	FALSE	1	673 BROADWAY	NA	11/1/12	"Two-Way, Divided, Positive Median Barrier"	Dry	Daylight	Clear	Head-On (Front - to - Front)	No	No Controls	4	0	No Injury	3	41.81671	-71.44139	TRUE	TRUE	"673 Broadway, Providence, RI, USA"	FALSE	-71.441498	41.817011	street_address	rooftop	"673 broadway, providence, ri 02909, usa"	NA	NA	NA	NA	41.817011	-71.441498	High	34.68449451
3005	2012-11-01	156275	8:03:00	Pedestrian	1	NA	FALSE	FALSE	1	THURBERS AVE	OCEAN ST	11/4/12	"Two-Way , Not Divided"	Dry	Daylight	Clear	Not a Collision Between Two Motor Vehicles in Transport	No	No Controls	3	0	No Injury	2	41.79936	-71.40869	FALSE	FALSE	"Thurbers Ave and Ocean Street, Providence, RI, USA"	FALSE	-71.4089834	41.7993122	intersection	geometric_center	"thurbers ave & ocean st, providence, ri 02905, usa"	NA	NA	NA	NA	41.7993122	-71.4089834	Med High	24.92299771
3001	2012-11-03	156212	16:53:00	Pedestrian	1	NA	FALSE	FALSE	1	DEAN ST	W EXCHANGE ST	11/3/12	"Two-Way, Divided, Positive Median Barrier"	Dry	Daylight	Clear	Not a Collision Between Two Motor Vehicles in Transport	No	Traffic Control Signal	2	1	Complains Of Pain	2	41.82542	-71.42583	FALSE	FALSE	"Dean Street and W Exchange Street, Providence, RI, USA"	FALSE	-71.4202531	41.825222	route	geometric_center	"w exchange st, providence, ri 02903, usa"	"Dean Street & West Exchange Street, Providence, RI, USA"	EjdEZWFuIFN0cmVldCAmIFdlc3QgRXhjaGFuZ2UgU3RyZWV0LCBQcm92aWRlbmNlLCBSSSwgVVNBImYiZAoUChIJtQnOuAtF5IkRkzwfpUoL0JcSFAoSCbUJzrgLReSJEZM8H6VKC9CXGhQKEglbBmx-DEXkiRHItJ_foOdA5BoUChIJZcnnxA1F5IkRv8kI-Xim7hoiCg3QDe4YFYlIbdU	41.8254288	-71.4258295	41.8254288	-71.4258295	Med	0.980489179
2999	2012-11-05	156507	16:03:00	Pedestrian	1	NA	FALSE	FALSE	1	MANTON AVE	ORTOLEVA DR	11/5/12	"Two-Way, Not Divided With a Continuous Left Turn Lane"	Dry	Daylight	Clear	Head-On (Front - to - Front)	No	No Controls	4	1	Complains Of Pain	3	41.82589	-71.45777	FALSE	FALSE	"Manton Ave and Ortoleva Dr, Providence, RI, USA"	FALSE	-71.457764	41.825893	intersection	geometric_center	"ortoleva dr & manton ave, providence, ri 02909, usa"	NA	NA	NA	NA	41.825893	-71.457764	Med High	0.599373262
3000	2012-11-05	156518	18:02:00	Pedestrian	1	NA	FALSE	FALSE	1	HARTFORD AVE	PONAGANSETT AVE	11/5/12	"Two-Way , Not Divided"	Dry	Dark - Not Lighted	Clear	Head-On (Front - to - Front)	No	Stop Signs	5	1	Complains Of Pain	2	41.81858	-71.45874	FALSE	FALSE	"Hartford Ave and Ponagansett Ave, Providence, RI, USA"	FALSE	-71.4587339	41.8185901	intersection	geometric_center	"ponagansett ave & hartford ave, providence, ri 02909, usa"	NA	NA	NA	NA	41.8185901	-71.4587339	Med High	1.232970201
2998	2012-11-06	156729	20:26:00	Pedestrian	1	NA	FALSE	FALSE	1	BROADWAY	TOBEY ST	11/6/12	"Two-Way, Divided, Unprotected (painted>4feet) Medium"	Dry	Dark - Lighted	Clear	Not a Collision Between Two Motor Vehicles in Transport	No	Traffic Control Signal	3	1	Complains Of Pain	NA	41.81848	-71.43503	FALSE	FALSE	"Broadway and Tobey Street, Providence, RI, USA"	FALSE	-71.4350823	41.8184808	route	geometric_center	"tobey st, providence, ri 02909, usa"	"Broadway & Tobey Street, Providence, RI, USA"	EixCcm9hZHdheSAmIFRvYmV5IFN0cmVldCwgUHJvdmlkZW5jZSwgUkksIFVTQSJmImQKFAoSCRfuNQOcReSJERM-cKucrPmwEhQKEgkX7jUDnEXkiRETPnCrnKz5sBoUChIJpbXlhnVF5IkRGsIzsdekb7MaFAoSCaeDYAScReSJEdnG3TCTK2fVIgoNaP7sGBUZ32vV	41.8184808	-71.4350823	41.8184808	-71.4350823	Med	4.339830208
2997	2012-11-07	156961	18:35:00	Pedestrian	1	NA	FALSE	FALSE	1	WEYBOSSET ST	PAGE ST	11/7/12	"Two-Way , Not Divided"	Wet	Daylight	Snow	Not a Collision Between Two Motor Vehicles in Transport	"Yes, M/V and Driver Left Scene"	No Controls	1	1	Complains Of Pain	2	41.82147	-71.41247	FALSE	FALSE	"Weybosset Street and Page Street, Providence, RI, USA"	FALSE	-71.412372	41.8215954	intersection	geometric_center	"weybosset st & page st, providence, ri 02903, usa"	NA	NA	NA	NA	41.8215954	-71.412372	Med High	16.15431339
2995	2012-11-08	156981	0:38:00	Pedestrian	1	NA	FALSE	FALSE	1	Waterman St.	Brown St.	11/8/12	One-Way Trafficway	Slush	Dark - Lighted	Snow	Not a Collision Between Two Motor Vehicles in Transport	"Yes, M/V and Driver Left Scene"	Stop Signs	3	1	Complains Of Pain	1	41.82705	-71.40304	FALSE	FALSE	"Waterman St. and Brown St., Providence, RI, USA"	FALSE	-71.4030136	41.8270531	intersection	geometric_center	"brown st & waterman st, providence, ri 02912, usa"	NA	NA	NA	NA	41.8270531	-71.4030136	Med High	2.216928891
2996	2012-11-08	157106	16:10:00	Pedestrian	1	NA	FALSE	FALSE	1	PLAINFIELD ST	WEBSTER AVE	11/8/12	"Two-Way, Divided, Positive Median Barrier"	Wet	Dark - Lighted	Cloudy	Head-On (Front - to - Front)	"Yes, M/V and Driver Left Scene"	Traffic Control Signal	1	1	Complains Of Pain	NA	41.81366	-71.45079	FALSE	FALSE	"Plainfield Street and Webster Ave, Providence, RI, USA"	FALSE	-71.4507916	41.813667	intersection	geometric_center	"webster ave & plainfield st, providence, ri 02909, usa"	NA	NA	NA	NA	41.813667	-71.4507916	Med High	0.790463029
2993	2012-11-09	157338	19:08:00	Pedestrian	1	NA	FALSE	FALSE	1	HUXLEY AVE	EATON ST	11/9/12	"Two-Way , Not Divided"	Dry	Dark - Lighted	Clear	Not a Collision Between Two Motor Vehicles in Transport	No	No Controls	2	1	Non-Incapacitating	NA	41.84375	-71.43317	FALSE	FALSE	"Huxley Ave and Eaton Street, Providence, RI, USA"	FALSE	-71.433591	41.8415128	intersection	geometric_center	"eaton st & huxley ave, providence, ri 02908, usa"	NA	NA	NA	NA	41.8415128	-71.433591	Med High	251.4793706
2994	2012-11-09	157358	17:54:00	Pedestrian	1	NA	FALSE	FALSE	1	EDNA ST	PLAINFIELD ST	11/9/12	One-Way Trafficway	Dry	Dark - Lighted	Clear	Head-On (Front - to - Front)	"Yes, M/V and Driver Left Scene"	Traffic Control Signal	2	1	Complains Of Pain	NA	41.81593	-71.44514	FALSE	FALSE	"Edna Street and Plainfield Street, Providence, RI, USA"	FALSE	-71.4455457	41.8156785	intersection	geometric_center	"plainfield st & edna st, providence, ri 02909, usa"	NA	NA	NA	NA	41.8156785	-71.4455457	Med High	43.78081797
2992	2012-11-10	157455	18:55:00	Pedestrian	1	NA	FALSE	FALSE	1	EXCHANGE TER	SABIN ST	11/10/12	One-Way Trafficway	Dry	Dark - Lighted	Clear	Angle - Direction Not Specified	"Yes, M/V and Driver Left Scene"	No Controls	1	1	Complains Of Pain	2	41.82493	-71.41507	FALSE	FALSE	"Exchange Ter and Sabin Street, Providence, RI, USA"	FALSE	-71.4163184	41.8239955	route	geometric_center	"sabin st, providence, ri, usa"	NA	NA	NA	NA	41.8239955	-71.4163184	Med	146.7874247
2991	2012-11-11	157510	18:53:00	Pedestrian	1	NA	FALSE	FALSE	1	DOUGLAS AVE	DOUGLAS AVE	11/11/12	"Two-Way, Divided, Unprotected (painted>4feet) Medium"	Dry	Dark - Lighted	Clear	Not a Collision Between Two Motor Vehicles in Transport	No	No Controls	4	1	Complains Of Pain	NA	41.836	-71.41949	FALSE	FALSE	"Douglas Ave and Douglas Ave, Providence, RI, USA"	FALSE	-71.4649957	41.8715442	intersection	geometric_center	"douglas turnpike & douglas ave, north providence, ri 02904, usa"	NA	NA	NA	NA	41.8715442	-71.4649957	Med High	5467.425994
2989	2012-11-13	157706	8:31:00	Pedestrian	1	NA	FALSE	FALSE	1	963 CHALKSTONE AVENUE	HAROLD STREET	11/13/12	"Two-Way , Not Divided"	Wet	Daylight	Rain	Other	No	No Controls	4	1	Complains Of Pain	2	41.82671	-71.41997	TRUE	FALSE	"963 Chalkstone Avenue, Providence, RI, USA"	FALSE	-71.4393661	41.8326767	street_address	rooftop	"963 chalkstone ave, providence, ri 02908, usa"	NA	NA	NA	NA	41.8326767	-71.4393661	High	1740.575129
2990	2012-11-13	157737	16:34:00	Pedestrian	1	NA	FALSE	FALSE	1	ROUTE 6 OFF RAMP	HARTFORD AVE	11/13/12	One-Way Trafficway	Wet	Dark - Lighted	Rain	Head-On (Front - to - Front)	No	Yield Signs	3	1	Complains Of Pain	1	41.81724	-71.44962	FALSE	FALSE	"Route 6 Off Ramp and Hartford Ave, Providence, RI, USA"	FALSE	-71.4587339	41.8185901	route	geometric_center	"hartford ave, providence, ri, usa"	NA	NA	NA	NA	41.8185901	-71.4587339	Med	770.9067814
2988	2012-11-17	158424	2:17:00	Pedestrian	1	NA	FALSE	FALSE	1	N MAIN ST	STEEPLE ST	11/17/12	Unknown	Dry	Dark - Not Lighted	Clear	Not a Collision Between Two Motor Vehicles in Transport	No	No Controls	3	1	Non-Incapacitating	NA	41.82753	-71.40909	FALSE	FALSE	"N Main Street and Steeple Street, Providence, RI, USA"	FALSE	-71.409299	41.8273889	route	geometric_center	"steeple st, providence, ri 02903, usa"	"North Main Street & Steeple Street, Providence, RI, USA"	EjdOb3J0aCBNYWluIFN0cmVldCAmIFN0ZWVwbGUgU3RyZWV0LCBQcm92aWRlbmNlLCBSSSwgVVNBImYiZAoUChIJUS88oBdF5IkRhG9IWd2q99wSFAoSCVEvPKAXReSJEYRvSFndqvfcGhQKEgn5-kE93kTkiRFf162-DVwjPxoUChIJZ9LkCxdF5IkRUKQiBhkBnmUiCg2wXe4YFQzYb9U	41.8274736	-71.4090484	41.8274736	-71.4090484	Med	7.164225535
2987	2012-11-18	159020	2:35:00	Pedestrian	1	NA	FALSE	FALSE	1	Lenox Ave	Broad St	11/20/12	"Two-Way , Not Divided"	Dry	Dark - Lighted	Clear	Not a Collision Between Two Motor Vehicles in Transport	"Yes, M/V and Driver Left Scene"	Pavement Markings	1	1	Complains Of Pain	NA	41.79829	-71.41477	FALSE	FALSE	"Lenox Ave and Broad Street, Providence, RI, USA"	FALSE	-71.4148014	41.7983177	intersection	geometric_center	"lenox ave & broad st, providence, ri 02905, usa"	NA	NA	NA	NA	41.7983177	-71.4148014	Med High	4.037155939
2986	2012-11-19	158630	0:59:00	Pedestrian	1	NA	FALSE	FALSE	1	319 Pocasset Avenue	NA	11/19/12	Unknown	Dry	Dark - Lighted	Clear	Not a Collision Between Two Motor Vehicles in Transport	"Yes, M/V and Driver Left Scene"	No Controls	1	1	Incapacitating	NA	41.80628	-71.45721	TRUE	TRUE	"319 Pocasset Avenue, Providence, RI, USA"	FALSE	-71.4578113	41.8060458	premise	rooftop	"319 pocasset ave, providence, ri 02909, usa"	NA	NA	NA	NA	41.8060458	-71.4578113	High	56.29545452
2985	2012-11-20	158944	17:17:00	Pedestrian	1	NA	FALSE	FALSE	1	POWER ST	GANO ST	11/20/12	"Two-Way , Not Divided"	Dry	Dark - Lighted	Clear	Angle - Direction Not Specified	No	Flashing Traffic Control Signal	3	1	Complains Of Pain	NA	41.82386	-71.3901	FALSE	FALSE	"Power Street and Gano Street, Providence, RI, USA"	FALSE	-71.3900983	41.8238695	intersection	geometric_center	"gano st & power st, providence, ri 02906, usa"	NA	NA	NA	NA	41.8238695	-71.3900983	Med High	1.066896571
2984	2012-11-21	159441	19:45:00	Pedestrian	1	NA	FALSE	FALSE	1	EDDY ST	BLACKSTONE ST	11/23/12	"Two-Way , Not Divided"	Dry	Dark - Lighted	Clear	Not a Collision Between Two Motor Vehicles in Transport	No	Pavement Markings	3	1	Complains Of Pain	NA	41.81014	-71.40722	FALSE	FALSE	"Eddy Street and Blackstone Street, Providence, RI, USA"	FALSE	-71.4072137	41.8101324	intersection	geometric_center	"eddy st & blackstone st, providence, ri 02905, usa"	NA	NA	NA	NA	41.8101324	-71.4072137	Med High	0.994489497
2982	2012-11-22	159346	2:11:00	Pedestrian	1	NA	FALSE	FALSE	1	S Main St	Tockwotton St	11/22/12	One-Way Trafficway	Dry	Dark - Lighted	Clear	Not a Collision Between Two Motor Vehicles in Transport	"Yes, M/V and Driver Left Scene"	No Controls	1	1	Complains Of Pain	2	41.81756	-71.40069	FALSE	FALSE	"S Main Street and Tockwotton Street, Providence, RI, USA"	FALSE	-71.3990414	41.8174597	intersection	geometric_center	"s main st & tockwotton st, providence, ri 02903, usa"	NA	NA	NA	NA	41.8174597	-71.3990414	Med High	137.2283238
2983	2012-11-22	159436	22:20:00	Pedestrian	1	NA	FALSE	FALSE	1	Charles St	Hawkins St	11/22/12	"Two-Way , Not Divided"	Dry	Dark - Lighted	Clear	Not a Collision Between Two Motor Vehicles in Transport	No	No Controls	3	0	No Injury	NA	41.8514	-71.42016	FALSE	FALSE	"Charles Street and Hawkins Street, Providence, RI, USA"	FALSE	-71.4232923	41.8502749	route	geometric_center	"hawkins st, providence, ri, usa"	"Charles Street & Hawkins Street, Providence, RI, USA"	EjRDaGFybGVzIFN0cmVldCAmIEhhd2tpbnMgU3RyZWV0LCBQcm92aWRlbmNlLCBSSSwgVVNBImYiZAoUChIJp7zvRPBE5IkRsQR9FhcT41QSFAoSCae870TwROSJEbEEfRYXE-NUGhQKEgl1C85s8UTkiRHLZMsuNVX9MhoUChIJpfJlFfpE5IkRLMzGtaGm9F0iCg3YA_IYFXEmbtU	41.851388	-71.4201487	41.851388	-71.4201487	Med	1.631686674
2981	2012-11-27	250923	17:07:00	Pedestrian	1	NA	FALSE	FALSE	1	BROADWAY	TOBEY ST	9/6/14	"Two-Way , Not Divided"	Wet	Dark - Lighted	Rain	Other	No	Traffic Control Signal	3	1	Complains Of Pain	NA	41.81848	-71.43503	FALSE	FALSE	"Broadway and Tobey Street, Providence, RI, USA"	FALSE	-71.4350823	41.8184808	route	geometric_center	"tobey st, providence, ri 02909, usa"	"Broadway & Tobey Street, Providence, RI, USA"	EixCcm9hZHdheSAmIFRvYmV5IFN0cmVldCwgUHJvdmlkZW5jZSwgUkksIFVTQSJmImQKFAoSCRfuNQOcReSJERM-cKucrPmwEhQKEgkX7jUDnEXkiRETPnCrnKz5sBoUChIJpbXlhnVF5IkRGsIzsdekb7MaFAoSCaeDYAScReSJEdnG3TCTK2fVIgoNaP7sGBUZ32vV	41.8184808	-71.4350823	41.8184808	-71.4350823	Med	4.339830208
2979	2012-11-28	160081	7:15:00	Pedestrian	1	NA	FALSE	FALSE	1	155 CRANSTON STREET	NA	11/28/12	"Two-Way , Not Divided"	Ice/Frost	Daylight	Clear	Other	No	No Controls	3	1	Complains Of Pain	2	41.82672	-71.41981	TRUE	TRUE	"155 Cranston Street, Providence, RI, USA"	FALSE	-71.4256923	41.8152751	premise	rooftop	"155 cranston st, providence, ri 02907, usa"	NA	NA	NA	NA	41.8152751	-71.4256923	High	1364.299062
2980	2012-11-28	160201	11:39:00	Bicycle	NA	1	FALSE	FALSE	1	EDDY STREET	POINT STREET	11/28/12	"Two-Way , Not Divided"	Dry	Daylight	Clear	Other	No	Traffic Control Signal	6	1	Complains Of Pain	4	41.82477	-71.41987	FALSE	FALSE	"Eddy Street and Point Street, Providence, RI, USA"	FALSE	-71.4064202	41.816823	intersection	geometric_center	"point st & eddy st, providence, ri 02903, usa"	NA	NA	NA	NA	41.816823	-71.4064202	Med High	1423.933899
2978	2012-11-29	160300	9:37:00	Pedestrian	2	NA	FALSE	FALSE	1	206 ELMWOOD AVENUE	NA	11/29/12	"Two-Way , Not Divided"	Dry	Daylight	Clear	Other	"Yes, M/V and Driver Left Scene"	No Controls	5	2	Complains Of Pain	NA	41.82597	-71.42112	TRUE	TRUE	"206 Elmwood Avenue, Providence, RI, USA"	FALSE	-71.4237245	41.8076933	premise	rooftop	"206 elmwood ave, providence, ri 02907, usa"	NA	NA	NA	NA	41.8076933	-71.4237245	High	2045.995196
2977	2012-11-30	160784	19:21:00	Bicycle	NA	1	FALSE	FALSE	1	ADELAIDE AVE	ELMWOOD AVE	12/1/12	"Two-Way , Not Divided"	Dry	Dark - Lighted	Clear	Other	"Yes, M/V and Driver Left Scene"	Traffic Control Signal	1	1	Complains Of Pain	NA	41.79586	-71.4251	FALSE	FALSE	"Adelaide Ave and Elmwood Ave, Providence, RI, USA"	FALSE	-71.424995	41.795887	intersection	geometric_center	"adelaide ave & elmwood ave, providence, ri 02907, usa"	NA	NA	NA	NA	41.795887	-71.424995	Med High	9.21787331
2976	2012-12-04	161035	17:17:00	Pedestrian	1	NA	FALSE	FALSE	1	W EXCHANGE ST	W EXCHANGE ST EXIT 22A	12/4/12	"Two-Way , Not Divided"	Wet	Dark - Lighted	Cloudy	Not a Collision Between Two Motor Vehicles in Transport	No	No Controls	3	1	Complains Of Pain	NA	41.82485	-71.41611	FALSE	FALSE	"W Exchange Street and W Exchange St Exit 22a, Providence, RI, USA"	FALSE	-71.4202531	41.825222	route	geometric_center	"w exchange st, providence, ri 02903, usa"	NA	NA	NA	NA	41.825222	-71.4202531	Med	346.1707955
2973	2012-12-07	161475	18:25:00	Pedestrian	1	NA	FALSE	FALSE	1	CHATHAM ST	SILVER SPRING ST	12/7/12	"Two-Way , Not Divided"	Wet	Dark - Lighted	Rain	Not a Collision Between Two Motor Vehicles in Transport	No	Traffic Control Signal	2	1	Complains Of Pain	2	41.84637	-71.41674	FALSE	FALSE	"Chatham Street and Silver Spring Street, Providence, RI, USA"	FALSE	-71.4167252	41.8463094	intersection	geometric_center	"silver spring st & chatham st, providence, ri 02904, usa"	NA	NA	NA	NA	41.8463094	-71.4167252	Med High	6.856695106
2974	2012-12-07	161484	20:16:00	Pedestrian	1	NA	FALSE	FALSE	1	GEORGE ST	BROWN ST	12/7/12	"Two-Way , Not Divided"	Wet	Dark - Lighted	Rain	Unknown	No	Pavement Markings	2	1	Complains Of Pain	NA	41.82535	-71.40276	FALSE	FALSE	"George Street and Brown Street, Providence, RI, USA"	FALSE	-71.4034266	41.82934	route	geometric_center	"brown st, providence, ri, usa"	"George Street & Brown Street, Providence, RI, USA"	EjFHZW9yZ2UgU3RyZWV0ICYgQnJvd24gU3RyZWV0LCBQcm92aWRlbmNlLCBSSSwgVVNBImYiZAoUChIJPSHA-DxF5IkRr_LorNZUunsSFAoSCT0hwPg8ReSJEa_y6KzWVLp7GhQKEgnH6iRjO0XkiRGyZ442LkmUZRoUChIJjdFj6CJF5IkRfjtAGSc-nD0iCg0BC-4YFajPcNU	41.8253569	-71.4027096	41.8253569	-71.4027096	Med	4.250812246
2975	2012-12-07	161514	20:42:00	Pedestrian	1	NA	FALSE	FALSE	1	CHALKSTONE AVE	CAMDEN AVE	12/7/12	"Two-Way , Not Divided"	Wet	Dark - Lighted	Rain	Not a Collision Between Two Motor Vehicles in Transport	No	Traffic Control Signal	3	1	Non-Incapacitating	NA	41.83529	-71.42536	FALSE	FALSE	"Chalkstone Ave and Camden Ave, Providence, RI, USA"	FALSE	-71.4253488	41.835296	intersection	geometric_center	"chalkstone ave & camden ave, providence, ri 02908, usa"	NA	NA	NA	NA	41.835296	-71.4253488	Med High	1.144126862