row_number	crash_date	crash_report_id	crash_time	collision_type	count_pedestrian	count_bicycle	scooter	wheel_chair	number_of_vehicles	street_or_highway	nearest_intersection	report_date	type_of_roadway	road_surface_condition	light_condition	weather_condition	manner_of_impact	hit_and_run	traffic_control	person_count	injury_count	most_serious_injury	number_of_lanes	lat_raw	lon_raw	has_st_number	is_intersection_null	address_sent_to_geocoder	is_address_blank	lon_api_first_try	lat_api_first_try	type	loctype	address_returned_by_geocoder	address_returned_by_autocomplete	place_ids_autocompleted	lat_api_second_try	lon_api_second_try	lat_api_best	lon_api_best	api_coord_conf	distance_btwn_coords_meters
2839	2013-06-03	181335	15:25:00	Pedestrian	1	NA	FALSE	FALSE	1	SILVER SPRING ST	ROYAL LITTLE DR	6/3/13	"Two-Way, Divided, Unprotected (painted>4feet) Medium"	Wet	Daylight	Cloudy	Angle (Front - to - Side) Right Angle (Includes Broadside)	No	No Controls	2	1	Complains Of Pain	NA	41.84669	-71.41621	FALSE	FALSE	"Silver Spring Street and Royal Little Dr, Providence, RI, USA"	FALSE	-71.4161796	41.8467224	intersection	geometric_center	"silver spring st & royal little dr, providence, ri 02904, usa"	NA	NA	NA	NA	41.8467224	-71.4161796	Med High	4.400428406
2840	2013-06-03	181350	13:10:00	Pedestrian	1	NA	FALSE	FALSE	1	530 NORTH MAIN ST	RANDALL SQ	6/3/13	Unknown	Dry	Daylight	Cloudy	Unknown	No	No Controls	2	1	Complains Of Pain	NA	41.83694	-71.40987	TRUE	FALSE	"530 North Main Street, Providence, RI, USA"	FALSE	-71.4100844	41.8363567	street_address	rooftop	"530 n main st, providence, ri 02904, usa"	NA	NA	NA	NA	41.8363567	-71.4100844	High	67.32347646
2841	2013-06-03	181653	13:49:00	Pedestrian	1	NA	FALSE	FALSE	1	HARTFORD AVE	HARTFORD AVE	6/5/13	"Two-Way, Divided, Unprotected (painted>4feet) Medium"	Dry	Daylight	Clear	"Sidwswipe, Opposite Direction"	No	No Controls	2	0	No Injury	NA	41.81846	-71.45798	FALSE	FALSE	"Hartford Ave and Hartford Ave, Providence, RI, USA"	FALSE	-71.4587339	41.8185901	route	geometric_center	"hartford ave, providence, ri, usa"	"Hartford Ave Service Rd & Hartford Ave, Johnston, Providence, RI, USA"	EkVIYXJ0Zm9yZCBBdmUgU2VydmljZSBSZCAmIEhhcnRmb3JkIEF2ZSwgSm9obnN0b24sIFByb3ZpZGVuY2UsIFJJLCBVU0EiZiJkChQKEgmP4Jty0EfkiRFZT82Cwq1hZxIUChIJj-CbctBH5IkRWU_NgsKtYWcaFAoSCUk2WRTQR-SJEffJJKBODzFaGhQKEgkvAx61JEbkiRGCwC0vu7gN1iIKDdap7hgVnoNc1Q	41.829423	-71.5357282	41.829423	-71.5357282	Med	6564.047863
2838	2013-06-04	181473	13:08:00	Pedestrian	1	NA	FALSE	FALSE	1	FENNER STREET	NA	6/4/13	"Two-Way , Not Divided"	Dry	Daylight	Clear	Other	No	No Controls	3	1	Non-Incapacitating	NA	41.82672	-71.41981	FALSE	TRUE	"Fenner Street, Providence, RI, USA"	FALSE	-71.4162027	41.8185258	route	geometric_center	"fenner st, providence, ri 02903, usa"	NA	NA	NA	NA	41.8185258	-71.4162027	Inaccurate	960.0063103
2837	2013-06-05	181663	10:19:00	Pedestrian	1	NA	FALSE	FALSE	1	1023 CHALKSTONE AVENUE	NA	6/5/13	"Two-Way , Not Divided"	Dry	Daylight	Clear	Other	"Yes, M/V and Driver Left Scene"	No Controls	1	1	Non-Incapacitating	2	41.82678	-71.41882	TRUE	TRUE	"1023 Chalkstone Avenue, Providence, RI, USA"	FALSE	-71.4415608	41.8324965	premise	rooftop	"1023 chalkstone ave, providence, ri 02908, usa"	NA	NA	NA	NA	41.8324965	-71.4415608	High	1990.743752
2836	2013-06-06	181945	14:25:00	Pedestrian	1	NA	FALSE	FALSE	1	WATERMAN ST	BROWN ST	6/7/13	One-Way Trafficway	Dry	Daylight	Clear	Other	No	Pavement Markings	3	1	Complains Of Pain	NA	41.82705	-71.40304	FALSE	FALSE	"Waterman Street and Brown Street, Providence, RI, USA"	FALSE	-71.4030136	41.8270531	intersection	geometric_center	"brown st & waterman st, providence, ri 02912, usa"	NA	NA	NA	NA	41.8270531	-71.4030136	Med High	2.216928891
2835	2013-06-08	182191	14:08:00	Bicycle	NA	1	FALSE	FALSE	1	102 ALTHEA ST	NA	6/8/13	"Two-Way , Not Divided"	Dry	Daylight	Clear	Not a Collision Between Two Motor Vehicles in Transport	No	No Controls	2	1	Complains Of Pain	2	41.80804	-71.4357	TRUE	TRUE	"102 Althea Street, Providence, RI, USA"	FALSE	-71.4329166	41.8069843	premise	rooftop	"102 althea st, providence, ri 02907, usa"	NA	NA	NA	NA	41.8069843	-71.4329166	High	259.1364561
2834	2013-06-10	183726	12:30:00	Pedestrian	1	NA	FALSE	FALSE	1	Cranston St.	HUNTINGTON AVE	6/18/13	"Two-Way , Not Divided"	Dry	Daylight	Clear	Angle (Front - to - Side) Right Angle (Includes Broadside)	No	Traffic Control Signal	2	1	Complains Of Pain	NA	41.80379	-71.43918	FALSE	FALSE	"Cranston St. and Huntington Ave, Providence, RI, USA"	FALSE	-71.4392216	41.8037523	intersection	geometric_center	"cranston st & huntington ave, providence, ri 02907, usa"	NA	NA	NA	NA	41.8037523	-71.4392216	Med High	5.434065979
2833	2013-06-12	183059	17:02:00	Pedestrian	1	NA	FALSE	FALSE	1	Chalkstone Ave	Violet St	6/12/13	"Two-Way , Not Divided"	Dry	Daylight	Clear	Not a Collision Between Two Motor Vehicles in Transport	"Yes, M/V and Driver Left Scene"	No Controls	1	1	Complains Of Pain	NA	41.83495	-71.42669	FALSE	FALSE	"Chalkstone Ave and Violet Street, Providence, RI, USA"	FALSE	-71.4266625	41.8349722	intersection	geometric_center	"violet st & chalkstone ave, providence, ri 02908, usa"	NA	NA	NA	NA	41.8349722	-71.4266625	Med High	3.362982971
2831	2013-06-13	183115	11:36:00	Pedestrian	1	NA	FALSE	FALSE	1	SMITH ST	ACADEMY AVE	6/13/13	"Two-Way , Not Divided"	Wet	Daylight	Rain	Not a Collision Between Two Motor Vehicles in Transport	"Yes, M/V and Driver Left Scene"	Traffic Control Signal	3	0	No Injury	2	41.84258	-71.44515	FALSE	FALSE	"Smith Street and Academy Ave, Providence, RI, USA"	FALSE	-71.4451406	41.8425939	intersection	geometric_center	"academy ave & smith st, providence, ri 02908, usa"	NA	NA	NA	NA	41.8425939	-71.4451406	Med High	1.732617068
2832	2013-06-13	183246	22:55:00	Bicycle	NA	1	FALSE	FALSE	1	Friendship	LOCKWOOD ST	6/13/13	"Two-Way , Not Divided"	Wet	Dark - Unknown Lighting	Rain	Angle (Front - to - Side) Right Angle (Includes Broadside)	No	Stop Signs	2	1	Complains Of Pain	1	41.81367	-71.4174	FALSE	FALSE	"Friendship and Lockwood Street, Providence, RI, USA"	FALSE	-71.4159924	41.8129685	route	geometric_center	"lockwood st, providence, ri, usa"	"Friendship Street & Lockwood Street, Providence, RI, USA"	EjhGcmllbmRzaGlwIFN0cmVldCAmIExvY2t3b29kIFN0cmVldCwgUHJvdmlkZW5jZSwgUkksIFVTQSJmImQKFAoSCQ09Ly5uReSJEaWuJueQDICQEhQKEgkNPS8ubkXkiRGlribnkAyAkBoUChIJL5ZgT2xF5IkRF4JBJvEmvYYaFAoSCftX5vFuReSJERTpGcX8V45MIgoN9EPsGBXlkm7V	41.8137076	-71.4173723	41.8137076	-71.4173723	Med	4.775057725
2830	2013-06-15	183496	23:00:00	Pedestrian	1	NA	FALSE	FALSE	1	DEAN ST	UNNAMED_38	6/16/13	One-Way Trafficway	Dry	Dark - Lighted	Clear	Other	"Yes, M/V and Driver Left Scene"	No Controls	1	1	Non-Incapacitating	NA	41.82995	-71.42713	FALSE	FALSE	"Dean Street and Unnamed_38, Providence, RI, USA"	FALSE	-71.4128343	41.8239891	locality	approximate	"providence, ri, usa"	NA	NA	NA	NA	41.8239891	-71.4128343	Med	1358.875581
2829	2013-06-17	183711	16:10:00	Pedestrian	1	NA	FALSE	FALSE	1	WICKENDEN ST	TRAVERSE ST	6/17/13	"Two-Way , Not Divided"	Dry	Daylight	Clear	Not a Collision Between Two Motor Vehicles in Transport	No	No Controls	2	1	Complains Of Pain	2	41.8193	-71.39969	FALSE	FALSE	"Wickenden Street and Traverse Street, Providence, RI, USA"	FALSE	-71.3996503	41.8193047	intersection	geometric_center	"wickenden st & traverse st, providence, ri 02906, usa"	NA	NA	NA	NA	41.8193047	-71.3996503	Med High	3.334850022
2828	2013-06-19	183933	20:33:00	Pedestrian	1	NA	FALSE	FALSE	1	unknown	unknown	6/19/13	"Two-Way , Not Divided"	Unknown	Dark - Lighted	Cloudy	Not a Collision Between Two Motor Vehicles in Transport	"Yes, M/V and Driver Left Scene"	Unknown	1	1	Complains Of Pain	2	41.82547	-71.40121	FALSE	FALSE	"Unknown and Unknown, Providence, RI, USA"	FALSE	-71.4128343	41.8239891	locality	approximate	"providence, ri, usa"	NA	NA	NA	NA	41.8239891	-71.4128343	Med	978.2720041
2827	2013-06-30	185346	19:07:00	Bicycle	NA	1	FALSE	FALSE	1	CRANSTON ST	WAVERLY ST	6/30/13	"Two-Way , Not Divided"	Dry	Daylight	Cloudy	Not a Collision Between Two Motor Vehicles in Transport	No	No Controls	2	1	Complains Of Pain	NA	41.80832	-71.43454	FALSE	FALSE	"Cranston Street and Waverly Street, Providence, RI, USA"	FALSE	-71.4345674	41.8083361	intersection	geometric_center	"cranston st & waverly st, providence, ri 02907, usa"	NA	NA	NA	NA	41.8083361	-71.4345674	Med High	2.895001913
2824	2013-07-01	185417	15:23:00	Bicycle	NA	1	FALSE	FALSE	1	INDUSTRIAL DR	N MAIN ST	7/1/13	"Two-Way, Divided, Unprotected (painted>4feet) Medium"	Dry	Daylight	Cloudy	Angle (Front - to - Side) Same Direction	"Yes, M/V and Driver Left Scene"	Flashing Traffic Control Signal	3	1	Complains Of Pain	NA	41.84063	-71.40872	FALSE	FALSE	"Industrial Dr and N Main Street, Providence, RI, USA"	FALSE	-71.3702575	41.8264716	establishment	rooftop	"105 wilmarth ave, east providence, ri 02914, usa"	"Industrial Dr & North Main Street, Providence, RI, USA"	EjZJbmR1c3RyaWFsIERyICYgTm9ydGggTWFpbiBTdHJlZXQsIFByb3ZpZGVuY2UsIFJJLCBVU0EiZiJkChQKEgkDezJW4ETkiRG9xnXQ5dwU2BIUChIJA3syVuBE5IkRvcZ10OXcFNgaFAoSCXnPQqDhROSJEYo636_w5uWZGhQKEgn5-kE93kTkiRFf162-DVwjPyIKDURg8BgV7uVv1Q	41.8406468	-71.408693	41.8406468	-71.408693	Med	2.917455443
2825	2013-07-01	185467	21:09:00	Pedestrian	1	NA	FALSE	FALSE	1	1022 BROAD STREET	BROAD ST	7/1/13	"Two-Way , Not Divided"	Wet	Dark - Not Lighted	Rain	Not a Collision Between Two Motor Vehicles in Transport	"Yes, M/V and Driver Left Scene"	No Controls	2	1	Incapacitating	NA	41.79716	-71.41337	TRUE	FALSE	"1022 Broad Street, Providence, RI, USA"	FALSE	-71.4130877	41.7971988	street_address	rooftop	"1022 broad st, providence, ri 02905, usa"	NA	NA	NA	NA	41.7971988	-71.4130877	High	23.82279932
2826	2013-07-01	186734	17:00:00	Pedestrian	1	NA	FALSE	FALSE	1	ELMWOOD AVE	POTTERS AVE	7/13/13	Unknown	Dry	Daylight	Clear	Not a Collision Between Two Motor Vehicles in Transport	"Yes, M/V and Driver Left Scene"	No Controls	3	1	Complains Of Pain	NA	41.80149	-71.42636	FALSE	FALSE	"Elmwood Ave and Potters Ave, Providence, RI, USA"	FALSE	-71.4263655	41.8015172	intersection	geometric_center	"potters ave & elmwood ave, providence, ri 02907, usa"	NA	NA	NA	NA	41.8015172	-71.4263655	Med High	3.062095847
2823	2013-07-03	185656	16:46:00	Pedestrian	1	NA	FALSE	FALSE	1	BROADWAY	KNIGHT ST	7/3/13	"Two-Way , Not Divided"	Dry	Daylight	Clear	Not a Collision Between Two Motor Vehicles in Transport	No	Traffic Control Signal	2	1	Complains Of Pain	NA	41.8198	-71.42936	FALSE	FALSE	"Broadway and Knight Street, Providence, RI, USA"	FALSE	-71.4298401	41.8202496	route	geometric_center	"knight st, providence, ri, usa"	"Broadway & Knight Street, Providence, RI, USA"	Ei1Ccm9hZHdheSAmIEtuaWdodCBTdHJlZXQsIFByb3ZpZGVuY2UsIFJJLCBVU0EiZiJkChQKEgmvZYGEdUXkiRHAVmwJ-u4XKRIUChIJr2WBhHVF5IkRwFZsCfruFykaFAoSCaW15YZ1ReSJERrCM7HXpG-zGhQKEgkPqvF6dUXkiRGsZxyELkktfCIKDcQy7RgVV79s1Q	41.8198212	-71.4293417	41.8198212	-71.4293417	Med	2.806123126
2821	2013-07-05	185796	13:45:00	Pedestrian	1	NA	FALSE	FALSE	1	PUBLIC ST	TEMPLE ST	7/5/13	"Two-Way , Not Divided"	Dry	Daylight	Clear	Other	No	No Controls	5	1	Complains Of Pain	NA	41.80691	-71.40895	FALSE	FALSE	"Public Street and Temple Street, Providence, RI, USA"	FALSE	-71.4087759	41.8069634	intersection	geometric_center	"temple st & public st, providence, ri 02905, usa"	NA	NA	NA	NA	41.8069634	-71.4087759	Med High	15.62153001
2822	2013-07-05	185863	13:17:00	Bicycle	NA	1	FALSE	FALSE	1	220 NIANTIC AVENUE	NA	7/5/13	"Two-Way , Not Divided"	Dry	Daylight	Clear	Rear End(Front-to-Rear)	No	No Controls	2	1	Non-Incapacitating	2	41.84187	-71.41864	TRUE	TRUE	"220 Niantic Avenue, Providence, RI, USA"	FALSE	-71.4379325	41.7965615	street_address	range_interpolated	"220 niantic ave, cranston, ri 02907, usa"	NA	NA	NA	NA	41.7965615	-71.4379325	High	5291.577302
2820	2013-07-06	185986	23:27:00	Bicycle	NA	1	FALSE	FALSE	1	SERVICE ROAD 8	BROADWAY	7/7/13	"Two-Way , Not Divided"	Dry	Dark - Lighted	Clear	Not a Collision Between Two Motor Vehicles in Transport	No	Traffic Control Signal	2	1	Complains Of Pain	4	41.82212	-71.41976	FALSE	FALSE	"Service Road 8 and Broadway, Providence, RI, USA"	FALSE	-71.418282	41.8225345	street_address	range_interpolated	"8 broadway, providence, ri 02903, usa"	NA	NA	NA	NA	41.8225345	-71.418282	Med High	131.0054624
2819	2013-07-07	186127	23:23:00	Pedestrian	1	NA	FALSE	FALSE	1	Valley St	Harold St	7/8/13	"Two-Way , Not Divided"	Dry	Dark - Lighted	Clear	Not a Collision Between Two Motor Vehicles in Transport	"Yes, M/V and Driver Left Scene"	No Controls	1	1	Complains Of Pain	NA	41.8269	-71.43756	FALSE	FALSE	"Valley Street and Harold Street, Providence, RI, USA"	FALSE	-71.4375676	41.826923	intersection	geometric_center	"valley st & harold st, providence, ri 02908, usa"	NA	NA	NA	NA	41.826923	-71.4375676	Med High	2.636820765
2818	2013-07-09	186225	12:19:00	Bicycle	NA	1	FALSE	FALSE	1	WATERMAN STREET	IVES STREET	7/9/13	One-Way Trafficway	Dry	Daylight	Clear	Angle (Front - to - Side) Opposite Direction	No	Stop Signs	2	1	Non-Incapacitating	NA	41.83199	-71.41746	FALSE	FALSE	"Waterman Street and Ives Street, Providence, RI, USA"	FALSE	-71.3929088	41.8277996	intersection	geometric_center	"ives st & waterman st, providence, ri 02906, usa"	NA	NA	NA	NA	41.8277996	-71.3929088	Med High	2089.197836
2817	2013-07-13	186839	20:34:00	Bicycle	NA	1	FALSE	FALSE	1	185 Glenbridge Ave	NA	7/14/13	"Two-Way , Not Divided"	Dry	Dark - Lighted	Clear	Not a Collision Between Two Motor Vehicles in Transport	No	No Controls	4	1	Complains Of Pain	NA	41.81972	-71.46128	TRUE	TRUE	"185 Glenbridge Ave, Providence, RI, USA"	FALSE	-71.461452	41.819701	premise	rooftop	"185 glenbridge ave, providence, ri 02909, usa"	NA	NA	NA	NA	41.819701	-71.461452	High	14.42510512
2816	2013-07-14	186787	13:11:00	Pedestrian	1	NA	FALSE	FALSE	1	ADMIRAL STREET	SHARON STREET	7/14/13	"Two-Way , Not Divided"	Dry	Daylight	Clear	Other	"Yes, M/V and Driver Left Scene"	Stop Signs	1	1	Complains Of Pain	2	41.83616	-71.42824	FALSE	FALSE	"Admiral Street and Sharon Street, Providence, RI, USA"	FALSE	-71.4432125	41.8508064	intersection	geometric_center	"admiral st & sharon st, providence, ri 02904, usa"	NA	NA	NA	NA	41.8508064	-71.4432125	Med High	2049.397987
2815	2013-07-15	186966	14:31:00	Bicycle	NA	1	FALSE	FALSE	1	SMITHFIELD AVE	SMITHFIELD AVE	7/15/13	"Two-Way , Not Divided"	Dry	Daylight	Clear	Angle - Direction Not Specified	No	No Controls	3	1	Complains Of Pain	NA	41.85778	-71.41084	FALSE	FALSE	"Smithfield Ave and Smithfield Ave, Providence, RI, USA"	FALSE	-71.4524031	41.8563993	intersection	geometric_center	"smithfield rd & smithfield ave, north providence, ri 02904, usa"	NA	NA	NA	NA	41.8563993	-71.4524031	Med High	3449.507087
2814	2013-07-18	187398	19:48:00	Pedestrian	1	NA	FALSE	FALSE	1	45 Victoria St	MANOMET ST	7/18/13	"Two-Way , Not Divided"	Dry	Daylight	Clear	Not a Collision Between Two Motor Vehicles in Transport	"Yes, M/V and Driver Left Scene"	No Controls	7	1	Complains Of Pain	2	41.83348	-71.45462	TRUE	FALSE	"45 Victoria Street, Providence, RI, USA"	FALSE	-71.4544488	41.8335495	premise	rooftop	"45 victoria st, providence, ri 02909, usa"	NA	NA	NA	NA	41.8335495	-71.4544488	High	16.17065615
2813	2013-07-19	187587	10:48:00	Bicycle	NA	1	FALSE	FALSE	1	ALLENS AVE	TERMINAL RD	7/20/13	"Two-Way , Not Divided"	Dry	Daylight	Clear	Angle - Direction Not Specified	No	No Controls	3	1	Complains Of Pain	NA	41.79567	-71.39821	FALSE	FALSE	"Allens Ave and Terminal Rd, Providence, RI, USA"	FALSE	-71.3981721	41.7956308	intersection	geometric_center	"allens ave & terminal rd, providence, ri 02905, usa"	NA	NA	NA	NA	41.7956308	-71.3981721	Med High	5.379174935
2812	2013-07-20	187952	17:14:00	Bicycle	NA	1	FALSE	FALSE	1	STANWOOD ST	NIAGARA ST	7/23/13	"Two-Way , Not Divided"	Dry	Daylight	Clear	Angle (Front - to - Side) Right Angle (Includes Broadside)	"Yes, M/V and Driver Left Scene"	No Controls	1	0	No Injury	NA	41.80368	-71.41913	FALSE	FALSE	"Stanwood Street and Niagara Street, Providence, RI, USA"	FALSE	-71.4211086	41.8030662	intersection	geometric_center	"stanwood st & niagara st, providence, ri 02907, usa"	NA	NA	NA	NA	41.8030662	-71.4211086	Med High	177.8376476
2811	2013-07-21	188308	3:09:00	Pedestrian	1	NA	FALSE	FALSE	1	LENOX AVE	HAMILTON ST	7/27/13	"Two-Way, Divided, Unprotected (painted>4feet) Medium"	Dry	Dark - Lighted	Clear	Not a Collision Between Two Motor Vehicles in Transport	"Yes, M/V and Driver Left Scene"	No Controls	1	1	Complains Of Pain	NA	41.79687	-71.41938	FALSE	FALSE	"Lenox Ave and Hamilton Street, Providence, RI, USA"	FALSE	-71.4197833	41.7967671	intersection	geometric_center	"lenox ave & hamilton st, providence, ri 02907, usa"	NA	NA	NA	NA	41.7967671	-71.4197833	Med High	35.37580177
2809	2013-07-24	187995	16:39:00	Bicycle	NA	1	FALSE	FALSE	1	1029 Broad St	BROAD ST	7/24/13	"Two-Way , Not Divided"	Dry	Daylight	Clear	Not a Collision Between Two Motor Vehicles in Transport	No	Pavement Markings	2	1	Complains Of Pain	2	41.79698	-71.41315	TRUE	FALSE	"1029 Broad Street, Providence, RI, USA"	FALSE	-71.413152	41.796756	street_address	rooftop	"1029 broad st, providence, ri 02905, usa"	NA	NA	NA	NA	41.796756	-71.413152	High	24.93611834
2810	2013-07-24	188014	19:17:00	Pedestrian	1	NA	FALSE	FALSE	1	Ruggles St.	Smith St.	7/24/13	"Two-Way , Not Divided"	Dry	Daylight	Clear	Not a Collision Between Two Motor Vehicles in Transport	No	Stop Signs	3	1	Complains Of Pain	2	41.83616	-71.42831	FALSE	FALSE	"Ruggles St. and Smith St., Providence, RI, USA"	FALSE	-71.4282411	41.8361735	intersection	geometric_center	"smith st & ruggles st, providence, ri 02908, usa"	NA	NA	NA	NA	41.8361735	-71.4282411	Med High	5.908810997
2808	2013-07-25	188072	16:25:00	Bicycle	NA	2	FALSE	FALSE	1	CAMP ST	DOYLE AVE	7/25/13	"Two-Way , Not Divided"	Wet	Daylight	Rain	Not a Collision Between Two Motor Vehicles in Transport	No	No Controls	4	2	Complains Of Pain	2	41.83878	-71.4042	FALSE	FALSE	"Camp Street and Doyle Ave, Providence, RI, USA"	FALSE	-71.4041847	41.838804	intersection	geometric_center	"camp st & doyle ave, providence, ri 02906, usa"	NA	NA	NA	NA	41.838804	-71.4041847	Med High	2.957694908
2805	2013-07-26	188124	1:32:00	Bicycle	NA	1	FALSE	FALSE	1	CRANSTON ST	WALDO ST	7/26/13	"Two-Way , Not Divided"	Wet	Dark - Lighted	Rain	Angle (Front - to - Side) Right Angle (Includes Broadside)	No	No Controls	3	1	Non-Incapacitating	NA	41.80665	-71.43602	FALSE	FALSE	"Cranston Street and Waldo Street, Providence, RI, USA"	FALSE	-71.4363086	41.8063492	intersection	geometric_center	"cranston st & waldo st, providence, ri 02909, usa"	NA	NA	NA	NA	41.8063492	-71.4363086	Med High	41.1668977
2806	2013-07-26	188203	8:30:00	Pedestrian	1	NA	FALSE	FALSE	1	POINT ST	EDDY ST	7/26/13	"Two-Way , Not Divided"	Wet	Daylight	Rain	Not a Collision Between Two Motor Vehicles in Transport	No	No Controls	2	1	Complains Of Pain	NA	41.81708	-71.40574	FALSE	FALSE	"Point Street and Eddy Street, Providence, RI, USA"	FALSE	-71.4064202	41.816823	intersection	geometric_center	"point st & eddy st, providence, ri 02903, usa"	NA	NA	NA	NA	41.816823	-71.4064202	Med High	63.26980748
2807	2013-07-26	188237	18:44:00	Pedestrian	1	NA	FALSE	FALSE	1	Potters Ave	Broad St	7/26/13	"Two-Way , Not Divided"	Dry	Daylight	Cloudy	Not a Collision Between Two Motor Vehicles in Transport	"Yes, M/V and Driver Left Scene"	Traffic Control Signal	1	0	No Injury	NA	41.80297	-71.41891	FALSE	FALSE	"Potters Ave and Broad Street, Providence, RI, USA"	FALSE	-71.4189101	41.802993	intersection	geometric_center	"potters ave & broad st, providence, ri 02905, usa"	NA	NA	NA	NA	41.802993	-71.4189101	Med High	2.560361737
2804	2013-07-27	188418	23:05:00	Bicycle	NA	1	FALSE	FALSE	1	Broad St	Reynolds Ave	7/28/13	"Two-Way, Not Divided With a Continuous Left Turn Lane"	Dry	Dark - Lighted	Clear	Not a Collision Between Two Motor Vehicles in Transport	"Yes, M/V and Driver Left Scene"	No Controls	1	1	Complains Of Pain	NA	41.80359	-71.4191	FALSE	FALSE	"Broad Street and Reynolds Ave, Providence, RI, USA"	FALSE	-71.416031	41.804398	route	geometric_center	"reynolds ave, providence, ri 02905, usa"	"Broad Street & Reynolds Ave, Providence, RI, USA"	EjBCcm9hZCBTdHJlZXQgJiBSZXlub2xkcyBBdmUsIFByb3ZpZGVuY2UsIFJJLCBVU0EiZiJkChQKEgkV5GckfUXkiRFomAyRQvKXfxIUChIJFeRnJH1F5IkRaJgMkULyl38aFAoSCYPefdWMT-SJESyiypOYSwijGhQKEgktj5UNY0XkiRFEAqDRaPGdYiIKDbS36hgV7U9u1Q	41.8035636	-71.4190867	41.8035636	-71.4190867	Med	3.139235093
2803	2013-07-28	188471	13:15:00	Pedestrian	1	NA	FALSE	FALSE	1	Wickenden Street	TRAVERSE ST	7/28/13	"Two-Way , Not Divided"	Dry	Daylight	Clear	Head-On (Front - to - Front)	No	No Controls	4	0	No Injury	NA	41.81931	-71.39968	FALSE	FALSE	"Wickenden Street and Traverse Street, Providence, RI, USA"	FALSE	-71.3996503	41.8193047	intersection	geometric_center	"wickenden st & traverse st, providence, ri 02906, usa"	NA	NA	NA	NA	41.8193047	-71.3996503	Med High	2.53359447
2802	2013-07-29	188830	14:04:00	Pedestrian	1	NA	FALSE	FALSE	1	FULTON STREET	DORRANCE STREET	8/1/13	"Two-Way , Not Divided"	Dry	Daylight	Clear	Other	No	No Controls	5	1	Non-Incapacitating	2	41.83578	-71.4154	FALSE	FALSE	"Fulton Street and Dorrance Street, Providence, RI, USA"	FALSE	-71.4113407	41.8233534	route	geometric_center	"dorrance st, providence, ri 02903, usa"	"Fulton Street & Dorrance Street, Providence, RI, USA"	EjRGdWx0b24gU3RyZWV0ICYgRG9ycmFuY2UgU3RyZWV0LCBQcm92aWRlbmNlLCBSSSwgVVNBImYiZAoUChIJf0Y9-RNF5IkRa402C95i2d0SFAoSCX9GPfkTReSJEWuNNgveYtndGhQKEgmV_SepFkXkiRFnZiyNOi8BiRoUChIJpfpicxRF5IkR4zxQTjprQnQiCg1O2-0YFQlYb9U	41.8241358	-71.4123255	41.8241358	-71.4123255	Med	1321.074833
2801	2013-07-30	188662	9:38:00	Pedestrian	1	NA	FALSE	FALSE	1	ADMIRAL ST	TAPPAN ST	7/30/13	"Two-Way , Not Divided"	Dry	Daylight	Clear	"Sideswipe, Same Direction"	No	No Controls	4	1	Complains Of Pain	2	41.84573	-71.42755	FALSE	FALSE	"Admiral Street and Tappan Street, Providence, RI, USA"	FALSE	-71.427588	41.8457499	intersection	geometric_center	"admiral st & tappan st, providence, ri 02908, usa"	NA	NA	NA	NA	41.8457499	-71.427588	Med High	3.851951791
2799	2013-08-01	188872	12:51:00	Bicycle	NA	1	FALSE	FALSE	1	DELAINE ST	MANTON AVE	8/1/13	"Two-Way , Not Divided"	Dry	Daylight	Clear	Unknown	"Yes, M/V and Driver Left Scene"	Traffic Control Signal	1	1	Non-Incapacitating	NA	41.81796	-71.44463	FALSE	FALSE	"Delaine Street and Manton Ave, Providence, RI, USA"	FALSE	-71.4446349	41.8179569	intersection	geometric_center	"delaine st & manton ave, providence, ri 02909, usa"	NA	NA	NA	NA	41.8179569	-71.4446349	Med High	0.533239017
2800	2013-08-01	188968	22:26:00	Bicycle	NA	1	FALSE	FALSE	1	WESTMINSTER ST	WESTMINSTER ST EXIT	8/2/13	"Two-Way , Not Divided"	Wet	Dark - Lighted	Rain	Not a Collision Between Two Motor Vehicles in Transport	No	No Controls	2	1	Complains Of Pain	NA	41.81576	-71.4387	FALSE	FALSE	"Westminster Street and Westminster St Exit, Providence, RI, USA"	FALSE	-71.4257801	41.8171825	route	geometric_center	"westminster st, providence, ri, usa"	NA	NA	NA	NA	41.8171825	-71.4257801	Med	1083.528906
2797	2013-08-03	188981	0:27:00	Pedestrian	1	NA	FALSE	FALSE	1	DEAN ST	RAYMOND ST	8/3/13	"Two-Way , Not Divided"	Dry	Dark - Lighted	Clear	Not a Collision Between Two Motor Vehicles in Transport	"Yes, M/V and Driver Left Scene"	No Controls	1	1	Complains Of Pain	NA	41.83107	-71.42829	FALSE	FALSE	"Dean Street and Raymond Street, Providence, RI, USA"	FALSE	-71.4294753	41.832779	route	geometric_center	"raymond st, providence, ri 02908, usa"	NA	NA	NA	NA	41.832779	-71.4294753	Med	214.1468302
2798	2013-08-03	189004	15:13:00	Bicycle	NA	1	FALSE	FALSE	1	VALLEY ST	DELAINE ST	8/3/13	"Two-Way, Divided, Unprotected (painted>4feet) Medium"	Dry	Daylight	Clear	Not a Collision Between Two Motor Vehicles in Transport	No	Stop Signs	5	1	Complains Of Pain	NA	41.81951	-71.4405	FALSE	FALSE	"Valley Street and Delaine Street, Providence, RI, USA"	FALSE	-71.4405034	41.8195248	intersection	geometric_center	"delaine st & valley st, providence, ri 02909, usa"	NA	NA	NA	NA	41.8195248	-71.4405034	Med High	1.671499787