row_number	crash_date	crash_report_id	crash_time	collision_type	count_pedestrian	count_bicycle	scooter	wheel_chair	number_of_vehicles	street_or_highway	nearest_intersection	report_date	type_of_roadway	road_surface_condition	light_condition	weather_condition	manner_of_impact	hit_and_run	traffic_control	person_count	injury_count	most_serious_injury	number_of_lanes	lat_raw	lon_raw	has_st_number	is_intersection_null	address_sent_to_geocoder	is_address_blank	lon_api_first_try	lat_api_first_try	type	loctype	address_returned_by_geocoder	address_returned_by_autocomplete	place_ids_autocompleted	lat_api_second_try	lon_api_second_try	lat_api_best	lon_api_best	api_coord_conf	distance_btwn_coords_meters
2752	2013-09-23	195345	17:29:00	Pedestrian	1	NA	FALSE	FALSE	1	HANDY ST	AMHERST ST	9/23/13	"Two-Way , Not Divided"	Dry	Daylight	Clear	Head-On (Front - to - Front)	"Yes, M/V and Driver Left Scene"	No Controls	1	1	Complains Of Pain	NA	41.82347	-71.44813	FALSE	FALSE	"Handy Street and Amherst Street, Providence, RI, USA"	FALSE	-71.4480969	41.8231199	intersection	geometric_center	"handy st & amherst st, providence, ri 02909, usa"	NA	NA	NA	NA	41.8231199	-71.4480969	Med High	39.06956295
2750	2013-09-24	195560	16:40:00	Bicycle	NA	1	FALSE	FALSE	1	CHARLES ST	CHARLES ST	9/24/13	"Two-Way , Not Divided"	Dry	Daylight	Clear	Angle (Front - to - Side) Right Angle (Includes Broadside)	No	Traffic Control Signal	4	0	No Injury	NA	41.83585	-71.41178	FALSE	FALSE	"Charles Street and Charles Street, Providence, RI, USA"	FALSE	-71.419539	41.8474982	route	geometric_center	"charles st, providence, ri, usa"	NA	NA	NA	NA	41.8474982	-71.419539	Med	1447.553285
2751	2013-09-24	195562	17:27:00	Pedestrian	1	NA	FALSE	FALSE	1	325 PUBLIC ST	NA	9/24/13	"Two-Way , Not Divided"	Dry	Daylight	Clear	Not a Collision Between Two Motor Vehicles in Transport	No	No Controls	3	1	Complains Of Pain	2	41.80542	-71.41536	TRUE	TRUE	"325 Public Street, Providence, RI, USA"	FALSE	-71.4105943	41.8071025	premise	rooftop	"325 public st, providence, ri 02905, usa"	NA	NA	NA	NA	41.8071025	-71.4105943	High	437.5595706
2748	2013-09-25	195659	8:11:00	Bicycle	NA	1	FALSE	FALSE	1	LAUREL HILL AVENUE	STERLING AVENUE	9/25/13	"Two-Way , Not Divided"	Dry	Daylight	Clear	Other	No	Stop Signs	4	1	Complains Of Pain	2	41.83201	-71.41745	FALSE	FALSE	"Laurel Hill Avenue and Sterling Avenue, Providence, RI, USA"	FALSE	-71.4532996	41.8095959	intersection	geometric_center	"laurel hill ave & sterling ave, providence, ri 02909, usa"	NA	NA	NA	NA	41.8095959	-71.4532996	Med High	3882.090044
2749	2013-09-25	195688	18:12:00	Pedestrian	1	NA	FALSE	FALSE	1	WICKENDEN STREET	EAST ST	9/25/13	"Two-Way , Not Divided"	Dry	Dusk	Clear	Not a Collision Between Two Motor Vehicles in Transport	"Yes, M/V and Driver Left Scene"	Stop Signs	3	1	Complains Of Pain	NA	41.82006	-71.39458	FALSE	FALSE	"Wickenden Street and East Street, Providence, RI, USA"	FALSE	-71.3945531	41.8200775	intersection	geometric_center	"wickenden st & east st, providence, ri 02903, usa"	NA	NA	NA	NA	41.8200775	-71.3945531	Med High	2.962297473
2746	2013-09-27	195894	11:48:00	Bicycle	NA	1	FALSE	FALSE	2	WESTMINISTER STREET	NA	9/27/13	"Two-Way , Not Divided"	Dry	Daylight	Clear	"Sideswipe, Same Direction"	No	No Controls	3	0	No Injury	2	41.82527	-71.41912	FALSE	TRUE	"Westminister Street, Providence, RI, USA"	FALSE	-71.4257801	41.8171825	route	geometric_center	"westminster st, providence, ri, usa"	NA	NA	NA	NA	41.8171825	-71.4257801	Inaccurate	1056.31581
2747	2013-09-27	195900	13:57:00	Pedestrian	1	NA	FALSE	FALSE	1	BROAD STREET	DAVE GAVITT WAY	9/27/13	"Two-Way , Not Divided"	Dry	Daylight	Clear	Other	No	Traffic Control Signal	3	0	No Injury	2	41.82955	-71.41802	FALSE	FALSE	"Broad Street and Dave Gavitt Way, Providence, RI, USA"	FALSE	-71.418832	41.8202201	route	geometric_center	"dave gavitt way, providence, ri 02903, usa"	"Broad Street & Dave Gavitt Way, Providence, RI, USA"	EjNCcm9hZCBTdHJlZXQgJiBEYXZlIEdhdml0dCBXYXksIFByb3ZpZGVuY2UsIFJJLCBVU0EiZiJkChQKEglNDQwKbUXkiRH5sOLmIymP2hIUChIJTQ0MCm1F5IkR-bDi5iMpj9oaFAoSCYPefdWMT-SJESyiypOYSwijGhQKEgkZ_mRVbUXkiRF-YhHNSrTAjiIKDd_p7BgVD75u1Q	41.8179551	-71.4162673	41.8179551	-71.4162673	Med	1298.90162
2745	2013-09-28	195944	0:35:00	Pedestrian	2	NA	FALSE	FALSE	1	Atwells Ave	WEEDEN ST	9/28/13	"Two-Way , Not Divided"	Dry	Dark - Lighted	Clear	Not a Collision Between Two Motor Vehicles in Transport	"Yes, M/V and Driver Left Scene"	Traffic Control Signal	2	2	Complains Of Pain	2	41.82342	-71.42456	FALSE	FALSE	"Atwells Ave and Weeden Street, Providence, RI, USA"	FALSE	-71.424769	41.8234469	intersection	geometric_center	"weeden st & atwells ave, providence, ri 02903, usa"	NA	NA	NA	NA	41.8234469	-71.424769	Med High	17.59442941
2744	2013-09-29	196729	11:43:00	Pedestrian	1	NA	FALSE	FALSE	1	ELMWOOD AVE	WEST FRIENDSHIP ST	10/2/13	"Two-Way , Not Divided"	Dry	Daylight	Clear	Other	No	No Controls	2	0	No Injury	NA	41.80989	-71.42405	FALSE	FALSE	"Elmwood Ave and West Friendship Street, Providence, RI, USA"	FALSE	-71.424073	41.80989	intersection	geometric_center	"w friendship st & elmwood ave, providence, ri 02907, usa"	NA	NA	NA	NA	41.80989	-71.424073	Med High	1.908383598
2743	2013-09-30	196174	13:13:00	Pedestrian	1	NA	FALSE	FALSE	1	BRANCH AVENUE	NORTH MAIN STREET	9/30/13	"Two-Way , Not Divided"	Dry	Daylight	Clear	Other	No	No Controls	3	1	Complains Of Pain	2	41.82602	-71.41884	FALSE	FALSE	"Branch Avenue and North Main Street, Providence, RI, USA"	FALSE	-71.4128343	41.8239891	locality	approximate	"providence, ri, usa"	"Branch Avenue & North Main Street, Providence, RI, USA"	EjZCcmFuY2ggQXZlbnVlICYgTm9ydGggTWFpbiBTdHJlZXQsIFByb3ZpZGVuY2UsIFJJLCBVU0EiZiJkChQKEglv1IfG4ETkiREr3MZ4wvyGhxIUChIJb9SHxuBE5IkRK9zGeML8hocaFAoSCem084X5ROSJEbp9Ht5SQ7aoGhQKEgn5-kE93kTkiRFf162-DVwjPyIKDfWW8BgVfwRw1Q	41.8420469	-71.4079105	41.8420469	-71.4079105	Med	2001.200282
2741	2013-10-01	196341	11:36:00	Pedestrian	1	NA	FALSE	FALSE	1	KENNEDY PLZ	EXCHANGE ST	10/1/13	One-Way Trafficway	Dry	Daylight	Clear	Not a Collision Between Two Motor Vehicles in Transport	No	No Controls	3	1	Incapacitating	1	41.82537	-71.41058	FALSE	FALSE	"Kennedy Plz and Exchange Street, Providence, RI, USA"	FALSE	-71.4106081	41.8253794	intersection	geometric_center	"kennedy plaza & exchange st, providence, ri 02903, usa"	NA	NA	NA	NA	41.8253794	-71.4106081	Med High	2.555081713
2742	2013-10-01	196462	16:54:00	Pedestrian	1	NA	FALSE	FALSE	1	MANTON AVE	ORTOLEVA DR	10/1/13	"Two-Way , Not Divided"	Dry	Daylight	Clear	Not a Collision Between Two Motor Vehicles in Transport	"Yes, M/V and Driver Left Scene"	No Controls	1	1	Complains Of Pain	NA	41.82589	-71.45777	FALSE	FALSE	"Manton Ave and Ortoleva Dr, Providence, RI, USA"	FALSE	-71.457764	41.825893	intersection	geometric_center	"ortoleva dr & manton ave, providence, ri 02909, usa"	NA	NA	NA	NA	41.825893	-71.457764	Med High	0.599373262
2740	2013-10-03	196794	21:14:00	Pedestrian	1	NA	FALSE	FALSE	1	100 Harborside Blvd	HARBORSIDE BLVD	10/4/13	"Two-Way , Not Divided"	Dry	Dark - Lighted	Clear	Not a Collision Between Two Motor Vehicles in Transport	No	No Controls	6	1	Incapacitating	2	41.78639	-71.39141	TRUE	FALSE	"100 Harborside Blvd, Providence, RI, USA"	FALSE	-71.3909919	41.7863864	premise	rooftop	"100 harborside blvd, providence, ri 02905, usa"	NA	NA	NA	NA	41.7863864	-71.3909919	High	34.70613302
2738	2013-10-04	196832	8:15:00	Pedestrian	1	NA	FALSE	FALSE	1	PETTEYS AVE	GLENBRIDGE AVE	10/4/13	"Two-Way , Not Divided"	Dry	Daylight	Cloudy	Not a Collision Between Two Motor Vehicles in Transport	"Yes, M/V and Driver Left Scene"	Traffic Control Signal	3	1	Complains Of Pain	NA	41.81897	-71.46159	FALSE	FALSE	"Petteys Ave and Glenbridge Ave, Providence, RI, USA"	FALSE	-71.4615818	41.8190078	intersection	geometric_center	"glenbridge ave & petteys ave, providence, ri 02909, usa"	NA	NA	NA	NA	41.8190078	-71.4615818	Med High	4.262512466
2739	2013-10-04	196850	11:55:00	Bicycle	NA	1	FALSE	FALSE	1	BLACKSTONE BLVD	BUTLER DR	10/4/13	"Two-Way, Divided, Unprotected (painted>4feet) Medium"	Wet	Daylight	Rain	Angle (Front - to - Side) Right Angle (Includes Broadside)	No	No Controls	3	0	No Injury	NA	41.84616	-71.38677	FALSE	FALSE	"Blackstone Blvd and Butler Dr, Providence, RI, USA"	FALSE	-71.3870926	41.8450883	route	geometric_center	"blackstone blvd, providence, ri 02906, usa"	NA	NA	NA	NA	41.8450883	-71.3870926	Med	122.2637853
2737	2013-10-05	196963	7:25:00	Bicycle	NA	1	FALSE	FALSE	1	1880 WESTMINSTER ST	TROY ST	10/5/13	"Two-Way , Not Divided"	Dry	Daylight	Cloudy	Not a Collision Between Two Motor Vehicles in Transport	No	No Controls	3	0	No Injury	NA	41.81649	-71.44118	TRUE	FALSE	"1880 Westminster Street, Providence, RI, USA"	FALSE	-71.4414929	41.8161611	premise	rooftop	"1880 westminster st, providence, ri 02909, usa"	NA	NA	NA	NA	41.8161611	-71.4414929	High	44.88225341
2735	2013-10-06	197120	16:20:00	Pedestrian	1	NA	FALSE	FALSE	1	MESSER ST	NA	10/6/13	"Two-Way , Not Divided"	Unknown	Unknown	Clear	Unknown	"Yes, M/V and Driver Left Scene"	No Controls	1	1	Complains Of Pain	2	41.8109	-71.4354	FALSE	TRUE	"Messer Street, Providence, RI, USA"	FALSE	-71.4359273	41.8124849	route	geometric_center	"messer st, providence, ri 02909, usa"	NA	NA	NA	NA	41.8124849	-71.4359273	Inaccurate	181.7738884
2736	2013-10-06	197725	22:02:00	Pedestrian	1	NA	FALSE	FALSE	1	365 Atwells Ave	NA	10/7/13	"Two-Way , Not Divided"	Wet	Dark - Lighted	Rain	Not a Collision Between Two Motor Vehicles in Transport	No	No Controls	3	1	Complains Of Pain	NA	41.82379	-71.42978	TRUE	TRUE	"365 Atwells Ave, Providence, RI, USA"	FALSE	-71.4297213	41.8240929	premise	rooftop	"365 atwells ave, providence, ri 02903, usa"	NA	NA	NA	NA	41.8240929	-71.4297213	High	34.06846907
2734	2013-10-07	197272	18:09:00	Pedestrian	1	1	FALSE	FALSE	1	ACADEMY AVENUE	WHITFORD AVENUE	10/7/13	"Two-Way , Not Divided"	Dry	Daylight	Clear	Not a Collision Between Two Motor Vehicles in Transport	No	Stop Signs	5	2	Incapacitating	2	41.82351	-71.43477	FALSE	FALSE	"Academy Avenue and Whitford Avenue, Providence, RI, USA"	FALSE	-71.4448616	41.8389717	intersection	geometric_center	"whitford ave & academy ave, providence, ri 02908, usa"	NA	NA	NA	NA	41.8389717	-71.4448616	Med High	1913.935252
2730	2013-10-08	197313	0:16:00	Bicycle	NA	1	FALSE	FALSE	1	WHITMARSH ST	ELMWOOD AVE	10/8/13	"Two-Way , Not Divided"	Dry	Dark - Lighted	Cloudy	Not a Collision Between Two Motor Vehicles in Transport	"Yes, M/V and Driver Left Scene"	Stop Signs	1	1	Complains Of Pain	2	41.80596	-71.42507	FALSE	FALSE	"Whitmarsh Street and Elmwood Ave, Providence, RI, USA"	FALSE	-71.4250755	41.8059678	intersection	geometric_center	"elmwood ave & whitmarsh st, providence, ri 02907, usa"	NA	NA	NA	NA	41.8059678	-71.4250755	Med High	0.98092521
2731	2013-10-08	197348	6:56:00	Bicycle	NA	1	FALSE	FALSE	1	530 NORTH MAIN STREET	NA	10/8/13	"Two-Way , Not Divided"	Dry	Daylight	Clear	Other	No	No Controls	2	0	No Injury	2	41.83294	-71.41683	TRUE	TRUE	"530 North Main Street, Providence, RI, USA"	FALSE	-71.4100844	41.8363567	street_address	rooftop	"530 n main st, providence, ri 02904, usa"	NA	NA	NA	NA	41.8363567	-71.4100844	High	676.527143
2732	2013-10-08	197390	13:04:00	Bicycle	NA	1	FALSE	FALSE	1	BROOK STREET	TRANSIT STREET	10/8/13	"Two-Way , Not Divided"	Dry	Daylight	Clear	Other	No	Stop Signs	4	1	Complains Of Pain	NA	41.83286	-71.41687	FALSE	FALSE	"Brook Street and Transit Street, Providence, RI, USA"	FALSE	-71.3983698	41.820544	intersection	geometric_center	"transit st & brook st, providence, ri 02906, usa"	NA	NA	NA	NA	41.820544	-71.3983698	Med High	2057.844192
2733	2013-10-08	197438	19:03:00	Pedestrian	1	NA	FALSE	FALSE	1	REGENT AVE	HAROLD ST	10/8/13	"Two-Way , Not Divided"	Dry	Daylight	Clear	Not a Collision Between Two Motor Vehicles in Transport	"Yes, M/V and Driver Left Scene"	No Controls	3	1	Complains Of Pain	NA	41.82971	-71.43876	FALSE	FALSE	"Regent Ave and Harold Street, Providence, RI, USA"	FALSE	-71.4387133	41.8297388	intersection	geometric_center	"harold st & regent ave, providence, ri 02908, usa"	NA	NA	NA	NA	41.8297388	-71.4387133	Med High	5.028279718
2729	2013-10-09	197542	22:45:00	Bicycle	NA	1	FALSE	FALSE	1	Dean St.	West Exchange St.	10/9/13	"Two-Way, Divided, Positive Median Barrier"	Dry	Dark - Lighted	Clear	Not a Collision Between Two Motor Vehicles in Transport	No	Traffic Control Signal	3	1	Complains Of Pain	4	41.82543	-71.42583	FALSE	FALSE	"Dean St. and West Exchange St., Providence, RI, USA"	FALSE	-71.4259485	41.8254247	intersection	geometric_center	"w exchange st & dean st, providence, ri 02903, usa"	NA	NA	NA	NA	41.8254247	-71.4259485	Med High	9.847628833
2727	2013-10-10	197572	0:45:00	Bicycle	NA	1	FALSE	FALSE	1	Promenade St	ACORN ST	10/10/13	One-Way Trafficway	Dry	Dark - Not Lighted	Clear	Not a Collision Between Two Motor Vehicles in Transport	No	No Controls	2	1	Complains Of Pain	NA	41.82886	-71.42864	FALSE	FALSE	"Promenade Street and Acorn Street, Providence, RI, USA"	FALSE	-71.4287023	41.8288486	intersection	geometric_center	"promenade st & acorn st, providence, ri 02908, usa"	NA	NA	NA	NA	41.8288486	-71.4287023	Med High	5.321239417
2728	2013-10-10	198226	16:05:00	Pedestrian	1	NA	FALSE	FALSE	1	FISK ST	BERNARD ST	10/16/13	Unknown	Dry	Daylight	Clear	Other	No	No Controls	5	1	Complains Of Pain	NA	41.7906	-71.40594	FALSE	FALSE	"Fisk Street and Bernard Street, Providence, RI, USA"	FALSE	-71.4075022	41.79003	intersection	geometric_center	"bernard st & fisk st, providence, ri 02905, usa"	NA	NA	NA	NA	41.79003	-71.4075022	Med High	144.3536369
2726	2013-10-11	197680	13:00:00	Bicycle	NA	1	FALSE	FALSE	1	CHURCH ST	BENEFIT ST	10/11/13	"Two-Way , Not Divided"	Dry	Daylight	Clear	"Sidwswipe, Opposite Direction"	No	No Controls	2	1	Non-Incapacitating	NA	41.83099	-71.40908	FALSE	FALSE	"Church Street and Benefit Street, Providence, RI, USA"	FALSE	-71.4068354	41.8260134	route	geometric_center	"benefit st, providence, ri, usa"	"Church Street & Benefit Street, Providence, RI, USA"	EjNDaHVyY2ggU3RyZWV0ICYgQmVuZWZpdCBTdHJlZXQsIFByb3ZpZGVuY2UsIFJJLCBVU0EiZiJkChQKEgnxjyFVGEXkiREH0J7zsBu-UhIUChIJ8Y8hVRhF5IkRB9Ce87AbvlIaFAoSCYHcKK8ZReSJEXSjkTer6G6pGhQKEgl52TgIPUXkiRHF9uaqCsJSKiIKDYHn7hgVH9dv1Q	41.8310017	-71.4090721	41.8310017	-71.4090721	Med	1.457987175
2723	2013-10-12	197735	2:45:00	Pedestrian	1	NA	FALSE	FALSE	1	DOUGLAS AVE	EATON ST	10/12/13	"Two-Way , Not Divided"	Dry	Dark - Lighted	Clear	Not a Collision Between Two Motor Vehicles in Transport	"Yes, M/V and Driver Left Scene"	No Controls	1	1	Incapacitating	NA	41.84093	-71.42727	FALSE	FALSE	"Douglas Ave and Eaton Street, Providence, RI, USA"	FALSE	-71.4273088	41.8410051	intersection	geometric_center	"eaton st & douglas ave, providence, ri 02908, usa"	NA	NA	NA	NA	41.8410051	-71.4273088	Med High	8.957979164
2724	2013-10-12	197831	20:11:00	Bicycle	NA	1	FALSE	FALSE	1	WATERMAN ST	BROWN ST	10/12/13	One-Way Trafficway	Dry	Dark - Lighted	Clear	Not a Collision Between Two Motor Vehicles in Transport	No	Stop Signs	2	1	Complains Of Pain	NA	41.82705	-71.40304	FALSE	FALSE	"Waterman Street and Brown Street, Providence, RI, USA"	FALSE	-71.4030136	41.8270531	intersection	geometric_center	"brown st & waterman st, providence, ri 02912, usa"	NA	NA	NA	NA	41.8270531	-71.4030136	Med High	2.216928891
2725	2013-10-12	198912	14:57:00	Bicycle	NA	1	FALSE	FALSE	1	S MAIN ST	COLLEGE ST	10/21/13	One-Way Trafficway	Dry	Daylight	Clear	Unknown	No	No Controls	1	1	Complains Of Pain	NA	41.82547	-71.40771	FALSE	FALSE	"S Main Street and College Street, Providence, RI, USA"	FALSE	-71.4078251	41.8256787	intersection	geometric_center	"s main st & college st, providence, ri 02903, usa"	NA	NA	NA	NA	41.8256787	-71.4078251	Med High	25.11782881
2720	2013-10-14	197951	0:55:00	Pedestrian	2	NA	FALSE	FALSE	1	BROAD ST	BROAD ST	10/14/13	"Two-Way , Not Divided"	Dry	Dark - Lighted	Clear	Not a Collision Between Two Motor Vehicles in Transport	"Yes, M/V and Driver Left Scene"	No Controls	2	0	No Injury	NA	41.80956	-71.42095	FALSE	FALSE	"Broad Street and Broad Street, Providence, RI, USA"	FALSE	-71.4101636	41.7945838	route	geometric_center	"broad st, providence, ri, usa"	NA	NA	NA	NA	41.7945838	-71.4101636	Med	1892.235222
2721	2013-10-14	198016	14:52:00	Pedestrian	1	NA	FALSE	FALSE	1	POCASSET AVE	BANCROFT ST	10/14/13	"Two-Way , Not Divided"	Dry	Daylight	Clear	Not a Collision Between Two Motor Vehicles in Transport	No	Pavement Markings	4	1	Complains Of Pain	2	41.81334	-71.44837	FALSE	FALSE	"Pocasset Ave and Bancroft Street, Providence, RI, USA"	FALSE	-71.4483431	41.8133787	intersection	geometric_center	"pocasset ave & bancroft st, providence, ri 02909, usa"	NA	NA	NA	NA	41.8133787	-71.4483431	Med High	4.851866544
2722	2013-10-14	198054	19:01:00	Bicycle	NA	1	FALSE	FALSE	1	Berlin St	Chalkstone Ave.	10/14/13	"Two-Way , Not Divided"	Dry	Dark - Lighted	Clear	Not a Collision Between Two Motor Vehicles in Transport	No	Stop Signs	6	1	Complains Of Pain	2	41.83228	-71.44173	FALSE	FALSE	"Berlin Street and Chalkstone Ave., Providence, RI, USA"	FALSE	-71.4417437	41.8322912	intersection	geometric_center	"berlin st & chalkstone ave, providence, ri 02908, usa"	NA	NA	NA	NA	41.8322912	-71.4417437	Med High	1.686924461
2719	2013-10-15	198110	18:34:00	Bicycle	NA	1	FALSE	FALSE	1	WATERMAN STREET	IVES ST	10/15/13	One-Way Trafficway	Dry	Dark - Lighted	Clear	Not a Collision Between Two Motor Vehicles in Transport	No	Stop Signs	4	1	Non-Incapacitating	2	41.82778	-71.39291	FALSE	FALSE	"Waterman Street and Ives Street, Providence, RI, USA"	FALSE	-71.3929088	41.8277996	intersection	geometric_center	"ives st & waterman st, providence, ri 02906, usa"	NA	NA	NA	NA	41.8277996	-71.3929088	Med High	2.184131426
2718	2013-10-16	198165	9:00:00	Pedestrian	1	NA	FALSE	FALSE	1	JULIAN ST	KOSSUTH ST	10/16/13	Unknown	Dry	Daylight	Cloudy	Other	No	No Controls	3	1	Complains Of Pain	NA	41.82269	-71.44492	FALSE	FALSE	"Julian Street and Kossuth Street, Providence, RI, USA"	FALSE	-71.4449941	41.8220868	intersection	geometric_center	"kossuth st & julian st, providence, ri 02909, usa"	NA	NA	NA	NA	41.8220868	-71.4449941	Med High	67.42870125
2717	2013-10-17	198292	9:36:00	Bicycle	NA	1	FALSE	FALSE	1	GOVERNOR ST	PRESTON ST	10/17/13	"Two-Way , Not Divided"	Dry	Daylight	Clear	"Sideswipe, Same Direction"	No	No Controls	3	1	Complains Of Pain	NA	41.82408	-71.39409	FALSE	FALSE	"Governor Street and Preston Street, Providence, RI, USA"	FALSE	-71.3940736	41.8242077	intersection	geometric_center	"governor st & preston st, providence, ri 02906, usa"	NA	NA	NA	NA	41.8242077	-71.3940736	Med High	14.28045014
2715	2013-10-18	198494	17:15:00	Bicycle	NA	1	FALSE	FALSE	1	WESTMINSTER ST	HAMMOND ST	10/18/13	"Two-Way , Not Divided"	Dry	Daylight	Clear	Not a Collision Between Two Motor Vehicles in Transport	No	No Controls	4	1	Complains Of Pain	2	41.81684	-71.42907	FALSE	FALSE	"Westminster Street and Hammond Street, Providence, RI, USA"	FALSE	-71.4290701	41.816861	intersection	geometric_center	"westminster st & hammond st, providence, ri 02909, usa"	NA	NA	NA	NA	41.816861	-71.4290701	Med High	2.337724029
2716	2013-10-18	198638	0:04:00	Pedestrian	1	NA	FALSE	FALSE	1	765 Westminster St	Cahir St	10/20/13	"Two-Way , Not Divided"	Dry	Dark - Lighted	Clear	Not a Collision Between Two Motor Vehicles in Transport	No	No Controls	3	1	Complains Of Pain	NA	41.81815	-71.42034	TRUE	FALSE	"765 Westminster Street, Providence, RI, USA"	FALSE	-71.4208662	41.8180452	street_address	rooftop	"765 westminster st, providence, ri 02903, usa"	NA	NA	NA	NA	41.8180452	-71.4208662	High	45.18686466
2714	2013-10-20	198742	5:32:00	Pedestrian	1	NA	FALSE	FALSE	1	BRIDGHAM ST	ELMWOOD AVE	10/21/13	"Two-Way , Not Divided"	Dry	Dark - Lighted	Clear	Other	"Yes, M/V and Driver Left Scene"	Traffic Control Signal	2	1	Complains Of Pain	4	41.81277	-71.42218	FALSE	FALSE	"Bridgham Street and Elmwood Ave, Providence, RI, USA"	FALSE	-71.4221436	41.8127945	intersection	geometric_center	"bridgham st & elmwood ave, providence, ri 02907, usa"	NA	NA	NA	NA	41.8127945	-71.4221436	Med High	4.069305546
2713	2013-10-21	199148	13:10:00	Pedestrian	1	NA	FALSE	FALSE	1	MESSER ST	OAK ST	10/21/13	"Two-Way , Not Divided"	Dry	Daylight	Clear	Other	No	No Controls	3	1	Complains Of Pain	NA	41.81496	-71.43677	FALSE	FALSE	"Messer Street and Oak Street, Providence, RI, USA"	FALSE	-71.436745	41.8148879	intersection	geometric_center	"messer st & oak st, providence, ri 02909, usa"	NA	NA	NA	NA	41.8148879	-71.436745	Med High	8.289814009
2711	2013-10-22	199046	14:59:00	Bicycle	NA	1	FALSE	FALSE	1	WESTMINSTER ST	WINTER ST	10/22/13	"Two-Way , Not Divided"	Dry	Daylight	Clear	"Sideswipe, Same Direction"	"Yes, M/V and Driver Left Scene"	No Controls	4	1	Complains Of Pain	2	41.81741	-71.42241	FALSE	FALSE	"Westminster Street and Winter Street, Providence, RI, USA"	FALSE	-71.4223096	41.817219	intersection	geometric_center	"winter st & westminster st, providence, ri 02903, usa"	NA	NA	NA	NA	41.817219	-71.4223096	Med High	22.83538721
2712	2013-10-22	199171	9:55:00	Bicycle	NA	1	FALSE	FALSE	1	345 BLACKSTONE BLVD	BUTLER DR	10/23/13	"Two-Way , Not Divided"	Dry	Daylight	Clear	Not a Collision Between Two Motor Vehicles in Transport	No	No Controls	2	1	Complains Of Pain	NA	41.84616	-71.38677	TRUE	FALSE	"345 Blackstone Blvd, Providence, RI, USA"	FALSE	-71.385631	41.846263	street_address	rooftop	"345 blackstone blvd, providence, ri 02906, usa"	NA	NA	NA	NA	41.846263	-71.385631	High	95.14626564
2709	2013-10-23	199173	9:46:00	Pedestrian	1	NA	FALSE	FALSE	1	BROAD ST	HOMER ST	10/23/13	"Two-Way , Not Divided"	Dry	Daylight	Cloudy	Not a Collision Between Two Motor Vehicles in Transport	"Yes, M/V and Driver Left Scene"	No Controls	2	1	Complains Of Pain	NA	41.78886	-71.40405	FALSE	FALSE	"Broad Street and Homer Street, Providence, RI, USA"	FALSE	-71.4062193	41.7880624	route	geometric_center	"homer st, providence, ri 02905, usa"	"Broad Street & Homer Street, Providence, RI, USA"	EjBCcm9hZCBTdHJlZXQgJiBIb21lciBTdHJlZXQsIFByb3ZpZGVuY2UsIFJJLCBVU0EiZiJkChQKEgkR9V5l7U_kiRFRmvldABU7ORIUChIJEfVeZe1P5IkRUZr5XQAVOzkaFAoSCYPefdWMT-SJESyiypOYSwijGhQKEgkZiakz7U_kiRGt9q97hmVqdCIKDVR56BgVnptw1Q	41.7888596	-71.4040418	41.7888596	-71.4040418	Med	0.682058593
2710	2013-10-23	199208	15:27:00	Pedestrian	1	NA	FALSE	FALSE	1	WESTMINSTER ST	CAHIR ST	10/23/13	"Two-Way, Divided, Unprotected (painted>4feet) Medium"	Dry	Daylight	Cloudy	Not a Collision Between Two Motor Vehicles in Transport	No	No Controls	2	1	Complains Of Pain	NA	41.81797	-71.42071	FALSE	FALSE	"Westminster Street and Cahir Street, Providence, RI, USA"	FALSE	-71.4201851	41.8182066	intersection	geometric_center	"cahir st & westminster st, providence, ri 02903, usa"	NA	NA	NA	NA	41.8182066	-71.4201851	Med High	50.89250066
2708	2013-10-26	199688	17:23:00	Pedestrian	1	NA	FALSE	FALSE	1	1 West Exchange Street	EXCHANGE TER	10/26/13	One-Way Trafficway	Dry	Daylight	Cloudy	Unknown	No	No Controls	3	1	Complains Of Pain	NA	41.82485	-71.41559	TRUE	FALSE	"1 West Exchange Street, Providence, RI, USA"	FALSE	-71.4148047	41.8250247	intersection	geometric_center	"us-1 & w exchange st, providence, ri 02903, usa"	NA	NA	NA	NA	41.8250247	-71.4148047	High	67.98446466
2705	2013-10-29	199963	9:33:00	Bicycle	NA	1	FALSE	FALSE	1	BATH ST	CHALKSTONE AVE	10/29/13	"Two-Way , Not Divided"	Dry	Daylight	Clear	Angle (Front - to - Side) Right Angle (Includes Broadside)	No	No Controls	4	1	Complains Of Pain	2	41.83511	-71.42583	FALSE	FALSE	"Bath Street and Chalkstone Ave, Providence, RI, USA"	FALSE	-71.425822	41.8351738	intersection	geometric_center	"bath st & chalkstone ave, providence, ri 02908, usa"	NA	NA	NA	NA	41.8351738	-71.425822	Med High	7.133111143