row_number	crash_date	crash_report_id	crash_time	collision_type	count_pedestrian	count_bicycle	scooter	wheel_chair	number_of_vehicles	street_or_highway	nearest_intersection	report_date	type_of_roadway	road_surface_condition	light_condition	weather_condition	manner_of_impact	hit_and_run	traffic_control	person_count	injury_count	most_serious_injury	number_of_lanes	lat_raw	lon_raw	has_st_number	is_intersection_null	address_sent_to_geocoder	is_address_blank	lon_api_first_try	lat_api_first_try	type	loctype	address_returned_by_geocoder	address_returned_by_autocomplete	place_ids_autocompleted	lat_api_second_try	lon_api_second_try	lat_api_best	lon_api_best	api_coord_conf	distance_btwn_coords_meters
2533	2014-07-08	241405	23:13:00	Bicycle	NA	1	FALSE	FALSE	1	BROAD ST	STANWOOD ST	7/9/14	"Two-Way , Not Divided"	Dry	Dark - Lighted	Clear	Not a Collision Between Two Motor Vehicles in Transport	No	No Controls	2	1	Complains Of Pain	NA	41.80382	-71.41917	FALSE	FALSE	"Broad Street and Stanwood Street, Providence, RI, USA"	FALSE	-71.4224823	41.8025269	route	geometric_center	"stanwood st, providence, ri 02907, usa"	"Broad Street & Stanwood Street, Providence, RI, USA"	EjNCcm9hZCBTdHJlZXQgJiBTdGFud29vZCBTdHJlZXQsIFByb3ZpZGVuY2UsIFJJLCBVU0EiZiJkChQKEgl7bh0kfUXkiRHmUNEw7jz-axIUChIJe24dJH1F5IkR5lDRMO48_msaFAoSCYPefdWMT-SJESyiypOYSwijGhQKEgljUmPtfUXkiRE3RrR4ALggmiIKDUC86hgVl05u1Q	41.80368	-71.4191209	41.80368	-71.4191209	Med	16.10851629
2532	2014-07-09	241527	21:42:00	Bicycle	NA	1	FALSE	FALSE	1	N MAIN ST	OLNEY ST	7/10/14	One-Way Trafficway	Dry	Dark - Lighted	Clear	Angle (Front - to - Side) Right Angle (Includes Broadside)	No	Stop Signs	2	1	Complains Of Pain	NA	41.83639	-71.40965	FALSE	FALSE	"N Main Street and Olney Street, Providence, RI, USA"	FALSE	-71.4030852	41.8356978	route	geometric_center	"olney st, providence, ri, usa"	"North Main Street & Olney Street, Providence, RI, USA"	EjVOb3J0aCBNYWluIFN0cmVldCAmIE9sbmV5IFN0cmVldCwgUHJvdmlkZW5jZSwgUkksIFVTQSJmImQKFAoSCecyguceReSJEZoaCA_vhqGHEhQKEgnnMoLnHkXkiRGaGggP74ahhxoUChIJ-fpBPd5E5IkRX9etvg1cIz8aFAoSCQX4NfkgReSJEcWuz-GfMl1QIgoNEYfvGBVWum_V	41.8350865	-71.409809	41.8350865	-71.409809	Med	145.7029726
2531	2014-07-10	241700	19:02:00	Pedestrian	1	NA	FALSE	FALSE	1	Morning Star Row	PINE ST	7/11/14	"Two-Way , Not Divided"	Dry	Daylight	Clear	Other	No	No Controls	6	1	Incapacitating	2	41.81158	-71.42005	FALSE	FALSE	"Morning Star Row and Pine Street, Providence, RI, USA"	FALSE	-71.3928774	41.8805987	route	geometric_center	"pine st, rhode island, usa"	"Morning Star Row & Pine Street, Providence, RI, USA"	EjNNb3JuaW5nIFN0YXIgUm93ICYgUGluZSBTdHJlZXQsIFByb3ZpZGVuY2UsIFJJLCBVU0EiZiJkChQKEgljNAF6cEXkiRGW9V-M-JbGFxIUChIJYzQBenBF5IkRlvVfjPiWxhcaFAoSCeuMmnZwReSJETo9KRpMvvkjGhQKEgk5kwlTbEXkiRGgKSzwb-_CPCIKDeT16xgVWCBu1Q	41.8117092	-71.4203048	41.8117092	-71.4203048	Med	25.56945899
2530	2014-07-12	241995	11:47:00	Bicycle	NA	1	FALSE	FALSE	1	CRANSTON STREET	DEXTER STREET	7/12/14	"Two-Way , Not Divided"	Dry	Daylight	Clear	Other	No	Traffic Control Signal	2	1	Non-Incapacitating	2	41.83208	-71.41765	FALSE	FALSE	"Cranston Street and Dexter Street, Providence, RI, USA"	FALSE	-71.429588	41.8126029	intersection	geometric_center	"cranston st & dexter st, providence, ri 02907, usa"	NA	NA	NA	NA	41.8126029	-71.429588	Med High	2383.649403
2528	2014-07-14	242258	1:18:00	Pedestrian	1	NA	FALSE	FALSE	1	80 Putnam St	NA	7/14/14	"Two-Way , Not Divided"	Dry	Dark - Lighted	Clear	Not a Collision Between Two Motor Vehicles in Transport	No	No Controls	2	1	Complains Of Pain	NA	41.82271	-71.44404	TRUE	TRUE	"80 Putnam Street, Providence, RI, USA"	FALSE	-71.4442763	41.822694	street_address	range_interpolated	"80 putnam st, providence, ri 02909, usa"	NA	NA	NA	NA	41.822694	-71.4442763	High	19.6833956
2529	2014-07-14	242371	18:15:00	Pedestrian	1	NA	FALSE	FALSE	1	Dean St	BROADWAY	7/14/14	"Two-Way , Not Divided"	Wet	Daylight	Cloudy	Not a Collision Between Two Motor Vehicles in Transport	No	Traffic Control Signal	3	1	Complains Of Pain	2	41.82142	-71.42254	FALSE	FALSE	"Dean Street and Broadway, Providence, RI, USA"	FALSE	-71.422531	41.821414	intersection	geometric_center	"dean st & broadway, providence, ri 02903, usa"	NA	NA	NA	NA	41.821414	-71.422531	Med High	1.001778947
2527	2014-07-15	242604	17:11:00	Pedestrian	1	NA	FALSE	FALSE	1	ATWELLS AVE	CUTLER ST	7/15/14	"Two-Way , Not Divided"	Dry	Daylight	Clear	Not a Collision Between Two Motor Vehicles in Transport	"Yes, M/V and Driver Left Scene"	No Controls	3	1	Complains Of Pain	2	41.82468	-71.44157	FALSE	FALSE	"Atwells Ave and Cutler Street, Providence, RI, USA"	FALSE	-71.4415532	41.8246953	intersection	geometric_center	"cutler st & atwells ave, providence, ri 02908, usa"	NA	NA	NA	NA	41.8246953	-71.4415532	Med High	2.20069268
2526	2014-07-16	242666	15:09:00	Pedestrian	1	NA	FALSE	FALSE	1	1050 CHALKSTONE AVE	NA	7/16/14	"Two-Way , Not Divided"	Wet	Daylight	Clear	Not a Collision Between Two Motor Vehicles in Transport	No	No Controls	4	1	Complains Of Pain	2	41.83231	-71.4427	TRUE	TRUE	"1050 Chalkstone Ave, Providence, RI, USA"	FALSE	-71.442684	41.8321779	premise	rooftop	"1050 chalkstone ave, providence, ri 02908, usa"	NA	NA	NA	NA	41.8321779	-71.442684	High	14.76506697
2525	2014-07-18	243339	23:01:00	Pedestrian	1	NA	FALSE	FALSE	1	159 Bridgham St	Westminster St	7/18/14	"Two-Way , Not Divided"	Dry	Dark - Lighted	Clear	Unknown	"Yes, M/V and Driver Left Scene"	No Controls	2	1	Complains Of Pain	2	41.81594	-71.42794	TRUE	FALSE	"159 Bridgham Street, Providence, RI, USA"	FALSE	-71.4278447	41.8163047	premise	rooftop	"159 bridgham st, providence, ri 02907, usa"	NA	NA	NA	NA	41.8163047	-71.4278447	High	41.36096326
2522	2014-07-21	243719	21:20:00	Bicycle	NA	1	FALSE	FALSE	1	Westminster St	EXCHANGE ST	7/22/14	One-Way Trafficway	Dry	Dark - Lighted	Clear	Other	No	No Controls	3	1	Complains Of Pain	1	41.82491	-71.40997	FALSE	FALSE	"Westminster Street and Exchange Street, Providence, RI, USA"	FALSE	-71.4098909	41.8248745	intersection	geometric_center	"exchange st & westminster st, providence, ri 02903, usa"	NA	NA	NA	NA	41.8248745	-71.4098909	Med High	7.659778808
2523	2014-07-21	243746	11:30:00	Bicycle	NA	1	FALSE	FALSE	1	WESTMINSTER ST	SERVICE ROAD 7	7/22/14	"Two-Way , Not Divided"	Dry	Daylight	Clear	Other	No	Traffic Control Signal	2	1	Complains Of Pain	NA	41.81881	-71.41883	FALSE	FALSE	"Westminster Street and Service Road 7, Providence, RI, USA"	FALSE	-71.4188188	41.8188132	intersection	geometric_center	"service rd 1 & westminster st, providence, ri 02903, usa"	NA	NA	NA	NA	41.8188132	-71.4188188	Med High	0.995114072
2524	2014-07-21	243785	14:04:00	Pedestrian	1	NA	FALSE	FALSE	1	BRANCH AVE	BURLEIGH ST	7/22/14	"Two-Way , Not Divided"	Dry	Daylight	Clear	Angle (Front - to - Side) Right Angle (Includes Broadside)	No	No Controls	5	1	Complains Of Pain	NA	41.85462	-71.43364	FALSE	FALSE	"Branch Ave and Burleigh Street, Providence, RI, USA"	FALSE	-71.4335813	41.8546299	intersection	geometric_center	"burleigh st & branch ave, providence, ri 02904, usa"	NA	NA	NA	NA	41.8546299	-71.4335813	Med High	4.990334633
2520	2014-07-25	244187	10:33:00	Pedestrian	1	NA	FALSE	FALSE	1	70 KENNEDY PLZ	NA	7/25/14	One-Way Trafficway	Dry	Daylight	Clear	Not a Collision Between Two Motor Vehicles in Transport	"Yes, M/V and Driver Left Scene"	No Controls	1	1	Complains Of Pain	NA	41.8245	-71.41188	TRUE	TRUE	"70 Kennedy Plz, Providence, RI, USA"	FALSE	-71.411635	41.8243973	street_address	rooftop	"70 kennedy plaza, providence, ri 02903, usa"	NA	NA	NA	NA	41.8243973	-71.411635	High	23.31865588
2521	2014-07-25	250019	11:18:00	Bicycle	NA	1	FALSE	FALSE	1	N MAIN ST	MATHILDA STREET	8/28/14	"Two-Way , Not Divided"	Dry	Daylight	Clear	Not a Collision Between Two Motor Vehicles in Transport	No	No Controls	2	1	Complains Of Pain	NA	41.85399	-71.40076	FALSE	FALSE	"N Main Street and Mathilda Street, Providence, RI, USA"	FALSE	-71.4016478	41.854289	route	geometric_center	"matilda st, providence, ri 02904, usa"	NA	NA	NA	NA	41.854289	-71.4016478	Med	80.78792973
2519	2014-07-27	244545	14:24:00	Pedestrian	1	NA	FALSE	FALSE	1	148 DOVER STREET	NA	7/27/14	"Two-Way , Not Divided"	Dry	Daylight	Clear	Other	No	No Controls	4	1	Non-Incapacitating	2	41.83691	-71.41438	TRUE	TRUE	"148 Dover Street, Providence, RI, USA"	FALSE	-71.45056	41.8293753	premise	rooftop	"148 dover st, providence, ri 02908, usa"	NA	NA	NA	NA	41.8293753	-71.45056	High	3115.894725
2518	2014-07-28	244818	12:21:00	Bicycle	NA	NA	FALSE	FALSE	2	BROAD ST	POTTERS AVE	7/29/14	"Two-Way , Not Divided"	Dry	Daylight	Clear	Head-On (Front - to - Front)	No	Traffic Control Signal	3	1	Complains Of Pain	2	41.7977	-71.41426	FALSE	FALSE	"Broad Street and Potters Ave, Providence, RI, USA"	FALSE	-71.4218273	41.8021016	route	geometric_center	"potters ave, providence, ri, usa"	"Broad Street & Potters Ave, Providence, RI, USA"	Ei9Ccm9hZCBTdHJlZXQgJiBQb3R0ZXJzIEF2ZSwgUHJvdmlkZW5jZSwgUkksIFVTQSJmImQKFAoSCauAkzl9ReSJEY3tO4gYhWQKEhQKEgmrgJM5fUXkiRGN7TuIGIVkChoUChIJg9591YxP5IkRLKLKk5hLCKMaFAoSCaWCY799ReSJERKc-8AFuCoEIgoNaqHqGBXTVm7V	41.802993	-71.4189101	41.802993	-71.4189101	Med	704.3331564
2517	2014-07-30	245268	23:39:00	Bicycle	NA	1	FALSE	FALSE	1	BROADWAY	TOBEY ST	7/31/14	"Two-Way , Not Divided"	Dry	Dark - Lighted	Clear	Not a Collision Between Two Motor Vehicles in Transport	"Yes, M/V and Driver Left Scene"	Traffic Control Signal	3	1	Complains Of Pain	2	41.81848	-71.43503	FALSE	FALSE	"Broadway and Tobey Street, Providence, RI, USA"	FALSE	-71.4350823	41.8184808	route	geometric_center	"tobey st, providence, ri 02909, usa"	"Broadway & Tobey Street, Providence, RI, USA"	EixCcm9hZHdheSAmIFRvYmV5IFN0cmVldCwgUHJvdmlkZW5jZSwgUkksIFVTQSJmImQKFAoSCRfuNQOcReSJERM-cKucrPmwEhQKEgkX7jUDnEXkiRETPnCrnKz5sBoUChIJpbXlhnVF5IkRGsIzsdekb7MaFAoSCaeDYAScReSJEdnG3TCTK2fVIgoNaP7sGBUZ32vV	41.8184808	-71.4350823	41.8184808	-71.4350823	Med	4.339830208
2516	2014-08-01	245642	20:49:00	Pedestrian	1	NA	FALSE	FALSE	1	Douglas Ave	Candace St	8/2/14	"Two-Way , Not Divided"	Dry	Dark - Lighted	Clear	Not a Collision Between Two Motor Vehicles in Transport	"Yes, M/V and Driver Left Scene"	No Controls	1	1	Complains Of Pain	NA	41.83755	-71.42317	FALSE	FALSE	"Douglas Ave and Candace Street, Providence, RI, USA"	FALSE	-71.42315	41.8375393	intersection	geometric_center	"candace st & douglas ave, providence, ri 02908, usa"	NA	NA	NA	NA	41.8375393	-71.42315	Med High	2.042108317
2514	2014-08-03	245740	15:24:00	Pedestrian	1	NA	FALSE	FALSE	1	SAWYER ST	STAMFORD AVE	8/3/14	"Two-Way, Divided, Unprotected (painted>4feet) Medium"	Dry	Daylight	Clear	Not a Collision Between Two Motor Vehicles in Transport	No	No Controls	3	1	Complains Of Pain	2	41.77852	-71.41973	FALSE	FALSE	"Sawyer Street and Stamford Ave, Providence, RI, USA"	FALSE	-71.4192334	41.7784506	intersection	geometric_center	"sawyer st & stamford ave, providence, ri 02907, usa"	NA	NA	NA	NA	41.7784506	-71.4192334	Med High	41.94233101
2515	2014-08-03	245748	15:36:00	Pedestrian	1	NA	FALSE	FALSE	1	PUTNAM ST	HALE ST	8/3/14	"Two-Way , Not Divided"	Dry	Daylight	Clear	Rear - to - Side	"Yes, M/V and Driver Left Scene"	No Controls	1	1	Complains Of Pain	NA	41.82437	-71.4438	FALSE	FALSE	"Putnam Street and Hale Street, Providence, RI, USA"	FALSE	-71.443871	41.823948	intersection	geometric_center	"hale st & putnam st, providence, ri 02909, usa"	NA	NA	NA	NA	41.823948	-71.443871	Med High	47.34460542
2513	2014-08-04	246104	11:35:00	Bicycle	NA	1	FALSE	FALSE	1	1955 WESTMINISTER STREET	NA	8/4/14	"Two-Way , Not Divided"	Dry	Daylight	Clear	Unknown	No	No Controls	3	1	Complains Of Pain	2	41.82955	-71.41802	TRUE	TRUE	"1955 Westminister Street, Providence, RI, USA"	FALSE	-71.4427841	41.8170578	premise	rooftop	"1955 westminster st, providence, ri 02909, usa"	NA	NA	NA	NA	41.8170578	-71.4427841	High	2480.744912
2512	2014-08-05	246030	4:52:00	Bicycle	NA	1	FALSE	FALSE	1	Benefit Street	N MAIN ST	8/5/14	One-Way Trafficway	Dry	Dawn	Clear	Not a Collision Between Two Motor Vehicles in Transport	No	Other	2	1	Complains Of Pain	NA	41.83471	-71.40983	FALSE	FALSE	"Benefit Street and N Main Street, Providence, RI, USA"	FALSE	-71.3702575	41.8264716	establishment	rooftop	"105 wilmarth ave, east providence, ri 02914, usa"	NA	NA	NA	NA	41.8264716	-71.3702575	Med	3408.105564
2507	2014-08-06	246549	15:43:00	Pedestrian	1	NA	FALSE	FALSE	1	160 Ledge St	HAMPTON ST	8/6/14	"Two-Way , Not Divided"	Dry	Daylight	Clear	Not a Collision Between Two Motor Vehicles in Transport	"Yes, M/V and Driver Left Scene"	No Controls	1	1	Complains Of Pain	2	41.85353	-71.41449	TRUE	FALSE	"160 Ledge Street, Providence, RI, USA"	FALSE	-71.4148385	41.8537307	premise	rooftop	"160 ledge st, providence, ri 02904, usa"	NA	NA	NA	NA	41.8537307	-71.4148385	High	36.52614642
2508	2014-08-06	246576	18:34:00	Pedestrian	1	NA	FALSE	FALSE	1	LLOYD AVE	HOPE ST	8/6/14	"Two-Way , Not Divided"	Dry	Daylight	Clear	Not a Collision Between Two Motor Vehicles in Transport	No	Pavement Markings	4	0	No Injury	2	41.83155	-71.39975	FALSE	FALSE	"Lloyd Ave and Hope Street, Providence, RI, USA"	FALSE	-71.3997648	41.8315633	intersection	geometric_center	"hope st & lloyd ave, providence, ri 02906, usa"	NA	NA	NA	NA	41.8315633	-71.3997648	Med High	1.923277966
2509	2014-08-06	246597	18:39:00	Pedestrian	1	NA	FALSE	FALSE	1	Memorial Blvd	EXCHANGE ST	8/6/14	"Two-Way, Divided, Positive Median Barrier"	Dry	Daylight	Clear	Not a Collision Between Two Motor Vehicles in Transport	No	Traffic Control Signal	2	1	Complains Of Pain	4	41.8269	-71.41213	FALSE	FALSE	"Memorial Blvd and Exchange Street, Providence, RI, USA"	FALSE	-71.4121426	41.8269244	intersection	geometric_center	"memorial blvd & exchange st, providence, ri 02903, usa"	NA	NA	NA	NA	41.8269244	-71.4121426	Med High	2.9103486
2510	2014-08-06	246634	18:11:00	Bicycle	NA	1	FALSE	FALSE	1	BRANCH AVE	DRYDEN LN	8/7/14	"Two-Way , Not Divided"	Dry	Daylight	Clear	"Sidwswipe, Opposite Direction"	No	No Controls	3	0	Unknown	NA	41.84257	-71.40832	FALSE	FALSE	"Branch Ave and Dryden Ln, Providence, RI, USA"	FALSE	-71.4084611	41.8429742	intersection	geometric_center	"branch ave & dryden ln, providence, ri 02904, usa"	NA	NA	NA	NA	41.8429742	-71.4084611	Med High	46.49199635
2511	2014-08-06	248384	12:35:00	Bicycle	NA	1	FALSE	FALSE	1	S MAIN ST	S MAIN ST	8/13/14	One-Way Trafficway	Dry	Daylight	Clear	Not a Collision Between Two Motor Vehicles in Transport	No	No Controls	2	1	Non-Incapacitating	NA	41.8237	-71.40636	FALSE	FALSE	"S Main Street and S Main Street, Providence, RI, USA"	FALSE	-71.5243372	41.7041527	route	geometric_center	"main st, rhode island, usa"	NA	NA	NA	NA	41.7041527	-71.5243372	Med	16524.59416
2506	2014-08-07	249311	15:53:00	Bicycle	NA	1	FALSE	FALSE	1	LENOX AVE	NIAGARA ST	8/7/14	"Two-Way , Not Divided"	Dry	Daylight	Clear	Not a Collision Between Two Motor Vehicles in Transport	No	No Controls	2	1	Complains Of Pain	2	41.79726	-71.41813	FALSE	FALSE	"Lenox Ave and Niagara Street, Providence, RI, USA"	FALSE	-71.4179306	41.7973363	intersection	geometric_center	"lenox ave & niagara st, providence, ri 02907, usa"	NA	NA	NA	NA	41.7973363	-71.4179306	Med High	18.60060276
2505	2014-08-09	247963	15:25:00	Pedestrian	1	NA	FALSE	FALSE	1	MEMORIAL BLVD	EXCHANGE TER	8/12/14	"Two-Way , Not Divided"	Dry	Daylight	Clear	Not a Collision Between Two Motor Vehicles in Transport	No	Traffic Control Signal	3	1	Complains Of Pain	NA	41.82665	-71.41063	FALSE	FALSE	"Memorial Blvd and Exchange Ter, Providence, RI, USA"	FALSE	-71.4107503	41.8267034	intersection	geometric_center	"exchange terrace & memorial blvd, providence, ri 02903, usa"	NA	NA	NA	NA	41.8267034	-71.4107503	Med High	11.61543153
2503	2014-08-11	247437	10:08:00	Bicycle	NA	1	FALSE	FALSE	1	GILMORE STREET	LESTER STREET	8/11/14	"Two-Way , Not Divided"	Dry	Daylight	Clear	Other	No	Stop Signs	2	0	No Injury	2	41.83886	-71.41697	FALSE	FALSE	"Gilmore Street and Lester Street, Providence, RI, USA"	FALSE	-71.4272253	41.813146	intersection	geometric_center	"gilmore st & lester st, providence, ri 02907, usa"	NA	NA	NA	NA	41.813146	-71.4272253	Med High	2986.205472
2504	2014-08-11	247562	19:42:00	Bicycle	NA	1	FALSE	FALSE	1	BUCKLIN ST	POTTERS AVE	8/11/14	"Two-Way , Not Divided"	Dry	Daylight	Clear	Not a Collision Between Two Motor Vehicles in Transport	No	Traffic Control Signal	4	1	Complains Of Pain	2	41.80175	-71.42765	FALSE	FALSE	"Bucklin Street and Potters Ave, Providence, RI, USA"	FALSE	-71.4276517	41.8017719	intersection	geometric_center	"bucklin st & potters ave, providence, ri 02907, usa"	NA	NA	NA	NA	41.8017719	-71.4276517	Med High	2.441975112
2502	2014-08-14	248835	20:48:00	Bicycle	NA	1	FALSE	FALSE	1	WASHINGTON ST	ABORN ST	8/14/14	"Two-Way , Not Divided"	Dry	Dark - Lighted	Clear	Not a Collision Between Two Motor Vehicles in Transport	No	No Controls	3	1	Complains Of Pain	NA	41.82221	-71.41591	FALSE	FALSE	"Washington Street and Aborn Street, Providence, RI, USA"	FALSE	-71.4159277	41.8222378	intersection	geometric_center	"aborn st & washington st, providence, ri 02903, usa"	NA	NA	NA	NA	41.8222378	-71.4159277	Med High	3.425359311
2501	2014-08-15	248994	6:09:00	Bicycle	NA	1	FALSE	FALSE	1	910 Atwells Ave	COVELL ST	8/15/14	"Two-Way, Divided, Positive Median Barrier"	Dry	Daylight	Clear	Head-On (Front - to - Front)	No	No Controls	5	1	Incapacitating	NA	41.82501	-71.44752	TRUE	FALSE	"910 Atwells Ave, Providence, RI, USA"	FALSE	-71.4475504	41.8248528	premise	rooftop	"910 atwells ave, providence, ri 02909, usa"	NA	NA	NA	NA	41.8248528	-71.4475504	High	17.68019452
2500	2014-08-16	249074	16:28:00	Pedestrian	1	NA	FALSE	FALSE	1	MARINO PARK	HARTFORD AVE	8/16/14	"Two-Way , Not Divided"	Dry	Daylight	Clear	Not a Collision Between Two Motor Vehicles in Transport	No	No Controls	3	1	Complains Of Pain	1	41.81724	-71.44963	FALSE	FALSE	"Marino Park and Hartford Ave, Providence, RI, USA"	FALSE	-71.4587339	41.8185901	route	geometric_center	"hartford ave, providence, ri, usa"	NA	NA	NA	NA	41.8185901	-71.4587339	Med	770.0930891
2498	2014-08-18	249267	11:34:00	Pedestrian	1	NA	FALSE	FALSE	1	SOCIAL ST	RUSSO ST	8/18/14	"Two-Way , Not Divided"	Dry	Daylight	Clear	Not a Collision Between Two Motor Vehicles in Transport	"Yes, M/V and Driver Left Scene"	No Controls	1	1	Complains Of Pain	NA	41.85395	-71.42059	FALSE	FALSE	"Social Street and Russo Street, Providence, RI, USA"	FALSE	-71.4212689	41.853925	intersection	geometric_center	"russo st & social st, providence, ri 02904, usa"	NA	NA	NA	NA	41.853925	-71.4212689	Med High	56.36050735
2499	2014-08-18	249282	16:56:00	Bicycle	NA	1	FALSE	FALSE	1	REDWING ST	ELMWOOD AVE	8/18/14	One-Way Trafficway	Dry	Daylight	Clear	Not a Collision Between Two Motor Vehicles in Transport	No	Stop Signs	3	0	No Injury	NA	41.79938	-71.42656	FALSE	FALSE	"Redwing Street and Elmwood Ave, Providence, RI, USA"	FALSE	-71.4264846	41.7993881	intersection	geometric_center	"redwing st & elmwood ave, providence, ri 02907, usa"	NA	NA	NA	NA	41.7993881	-71.4264846	Med High	6.321839756
2497	2014-08-20	249365	9:24:00	Bicycle	NA	1	FALSE	FALSE	1	BROAD ST	PORTLAND ST	8/20/14	"Two-Way , Not Divided"	Dry	Daylight	Clear	Other	No	No Controls	2	2	Complains Of Pain	NA	41.81415	-71.4213	FALSE	FALSE	"Broad Street and Portland Street, Providence, RI, USA"	FALSE	-71.419117	41.8129799	route	geometric_center	"portland st, providence, ri 02907, usa"	"Broad Street & Portland Street, Providence, RI, USA"	EjNCcm9hZCBTdHJlZXQgJiBQb3J0bGFuZCBTdHJlZXQsIFByb3ZpZGVuY2UsIFJJLCBVU0EiZiJkChQKEgmdnxIBcUXkiRGH5-VJjW7uEBIUChIJnZ8SAXFF5IkRh-flSY1u7hAaFAoSCYPefdWMT-SJESyiypOYSwijGhQKEglhSKowcEXkiRH5umXDAdaKhCIKDfdU7BgVvvht1Q	41.8141431	-71.4213186	41.8141431	-71.4213186	Med	1.72378872
2496	2014-08-21	249476	15:21:00	Pedestrian	1	NA	FALSE	FALSE	1	Francis St	MEMORIAL BLVD	8/21/14	"Two-Way , Not Divided"	Dry	Daylight	Cloudy	Other	"Yes, M/V and Driver Left Scene"	Traffic Control Signal	3	1	Complains Of Pain	5	41.82602	-71.4154	FALSE	FALSE	"Francis Street and Memorial Blvd, Providence, RI, USA"	FALSE	-71.4134258	41.8263996	route	geometric_center	"memorial blvd, providence, ri 02903, usa"	"Francis Street & Memorial Blvd, Providence, RI, USA"	EjNGcmFuY2lzIFN0cmVldCAmIE1lbW9yaWFsIEJsdmQsIFByb3ZpZGVuY2UsIFJJLCBVU0EiZiJkChQKEgkDtc6dEUXkiRFK7mftfMbegBIUChIJA7XOnRFF5IkRSu5n7XzG3oAaFAoSCeMKJVkQReSJEQnXa5JsDkKbGhQKEgn3LDO1FkXkiRGsznR5eOTavSIKDRwg7hgVW-Bu1Q	41.8258972	-71.4153893	41.8258972	-71.4153893	Med	13.69881863
2495	2014-08-22	249650	21:54:00	Pedestrian	2	NA	FALSE	FALSE	1	CRANSTON ST	HANOVER ST	8/23/14	"Two-Way , Not Divided"	Dry	Dark - Lighted	Clear	Not a Collision Between Two Motor Vehicles in Transport	"Yes, M/V and Driver Left Scene"	No Controls	3	2	Complains Of Pain	2	41.80927	-71.43373	FALSE	FALSE	"Cranston Street and Hanover Street, Providence, RI, USA"	FALSE	-71.4335598	41.809491	intersection	geometric_center	"cranston st & hanover st, providence, ri 02907, usa"	NA	NA	NA	NA	41.809491	-71.4335598	Med High	28.36678052
2494	2014-08-23	249615	8:40:00	Bicycle	NA	1	FALSE	FALSE	1	ELMWOOD AVENUE	EARL STREET	8/23/14	"Two-Way , Not Divided"	Dry	Daylight	Clear	Unknown	No	Stop Signs	3	1	Complains Of Pain	4	41.83616	-71.41597	FALSE	FALSE	"Elmwood Avenue and Earl Street, Providence, RI, USA"	FALSE	-71.4262189	41.7981132	intersection	geometric_center	"elmwood ave & earl st, providence, ri 02907, usa"	NA	NA	NA	NA	41.7981132	-71.4262189	Med High	4319.859063
2493	2014-08-24	249685	23:15:00	Bicycle	NA	1	FALSE	FALSE	1	PRAIRIE AVE	POTTERS AVE	8/24/14	"Two-Way , Not Divided"	Dry	Dark - Lighted	Clear	Not a Collision Between Two Motor Vehicles in Transport	No	Stop Signs	2	1	Complains Of Pain	NA	41.80388	-71.41411	FALSE	FALSE	"Prairie Ave and Potters Ave, Providence, RI, USA"	FALSE	-71.4141974	41.804104	intersection	geometric_center	"potters ave & prairie ave, providence, ri 02905, usa"	NA	NA	NA	NA	41.804104	-71.4141974	Med High	25.96885774
2492	2014-08-25	249743	9:25:00	Pedestrian	1	NA	FALSE	FALSE	1	206 ELMWOOD AVE	ELMWOOD AVE	8/25/14	"Two-Way , Not Divided"	Dry	Daylight	Clear	Not a Collision Between Two Motor Vehicles in Transport	"Yes, M/V and Driver Left Scene"	No Controls	3	1	Non-Incapacitating	NA	41.80779	-71.42478	TRUE	FALSE	"206 Elmwood Ave, Providence, RI, USA"	FALSE	-71.4237245	41.8076933	premise	rooftop	"206 elmwood ave, providence, ri 02907, usa"	NA	NA	NA	NA	41.8076933	-71.4237245	High	88.24020768
2490	2014-08-26	249914	9:20:00	Pedestrian	1	NA	FALSE	FALSE	1	65 GILLEN ST	NA	8/26/14	Unknown	Dry	Daylight	Clear	Not a Collision Between Two Motor Vehicles in Transport	No	No Controls	2	0	No Injury	NA	41.85282	-71.41938	TRUE	TRUE	"65 Gillen Street, Providence, RI, USA"	FALSE	-71.4178535	41.8532591	premise	rooftop	"65 gillen st, providence, ri 02904, usa"	NA	NA	NA	NA	41.8532591	-71.4178535	High	135.6837391
2491	2014-08-26	249978	20:09:00	Bicycle	NA	1	FALSE	FALSE	1	Broadway	KNIGHT ST	8/27/14	"Two-Way , Not Divided"	Dry	Dark - Lighted	Cloudy	Other	No	No Controls	2	1	Complains Of Pain	2	41.8197	-71.42978	FALSE	FALSE	"Broadway and Knight Street, Providence, RI, USA"	FALSE	-71.4298401	41.8202496	route	geometric_center	"knight st, providence, ri, usa"	"Broadway & Knight Street, Providence, RI, USA"	Ei1Ccm9hZHdheSAmIEtuaWdodCBTdHJlZXQsIFByb3ZpZGVuY2UsIFJJLCBVU0EiZiJkChQKEgmvZYGEdUXkiRHAVmwJ-u4XKRIUChIJr2WBhHVF5IkRwFZsCfruFykaFAoSCaW15YZ1ReSJERrCM7HXpG-zGhQKEgkPqvF6dUXkiRGsZxyELkktfCIKDcQy7RgVV79s1Q	41.8198212	-71.4293417	41.8198212	-71.4293417	Med	38.78394305
2487	2014-08-28	250012	8:00:00	Bicycle	NA	1	FALSE	FALSE	1	80 WASHINGTON STREET	I 95 S	8/28/14	"Two-Way , Not Divided"	Dry	Daylight	Clear	Other	No	No Controls	2	1	Non-Incapacitating	2	41.83618	-71.41545	TRUE	FALSE	"80 Washington Street, Providence, RI, USA"	FALSE	-71.4138689	41.8233511	street_address	rooftop	"80 washington st, providence, ri 02903, usa"	NA	NA	NA	NA	41.8233511	-71.4138689	High	1434.115881