row_number	crash_date	crash_report_id	crash_time	collision_type	count_pedestrian	count_bicycle	scooter	wheel_chair	number_of_vehicles	street_or_highway	nearest_intersection	report_date	type_of_roadway	road_surface_condition	light_condition	weather_condition	manner_of_impact	hit_and_run	traffic_control	person_count	injury_count	most_serious_injury	number_of_lanes	lat_raw	lon_raw	has_st_number	is_intersection_null	address_sent_to_geocoder	is_address_blank	lon_api_first_try	lat_api_first_try	type	loctype	address_returned_by_geocoder	address_returned_by_autocomplete	place_ids_autocompleted	lat_api_second_try	lon_api_second_try	lat_api_best	lon_api_best	api_coord_conf	distance_btwn_coords_meters
2446	2014-10-06	254476	9:45:00	Pedestrian	1	NA	FALSE	FALSE	1	SABIN ST	SABIN ST	10/9/14	One-Way Trafficway	Dry	Daylight	Clear	Not a Collision Between Two Motor Vehicles in Transport	"Yes, M/V and Driver Left Scene"	Traffic Control Signal	1	1	Complains Of Pain	NA	41.82462	-71.41556	FALSE	FALSE	"Sabin Street and Sabin Street, Providence, RI, USA"	FALSE	-71.4163184	41.8239955	route	geometric_center	"sabin st, providence, ri, usa"	NA	NA	NA	NA	41.8239955	-71.4163184	Med	93.75981814
2445	2014-10-07	254213	7:45:00	Pedestrian	1	NA	FALSE	FALSE	1	HOPE STREET	ONLEY STREET	10/7/14	"Two-Way , Not Divided"	Dry	Daylight	Clear	Other	No	Traffic Control Signal	2	0	No Injury	2	41.8331	-71.41676	FALSE	FALSE	"Hope Street and Onley Street, Providence, RI, USA"	FALSE	-71.4015677	41.8357179	intersection	geometric_center	"hope st & olney st, providence, ri 02906, usa"	NA	NA	NA	NA	41.8357179	-71.4015677	Med High	1293.33168
2443	2014-10-08	254362	9:39:00	Pedestrian	1	NA	FALSE	FALSE	1	CULVER ST	DUDLEY ST	10/8/14	"Two-Way , Not Divided"	Dry	Daylight	Clear	Other	No	Stop Signs	5	1	Complains Of Pain	NA	41.81056	-71.40865	FALSE	FALSE	"Culver Street and Dudley Street, Providence, RI, USA"	FALSE	-71.4086492	41.8106124	intersection	geometric_center	"dudley st & culver st, providence, ri 02903, usa"	NA	NA	NA	NA	41.8106124	-71.4086492	Med High	5.833518976
2444	2014-10-08	254436	16:40:00	Bicycle	NA	1	FALSE	FALSE	1	CHARLES ST	MARIETTA ST	10/8/14	"Two-Way, Divided, Unprotected (painted>4feet) Medium"	Dry	Daylight	Cloudy	Other	No	Stop Signs	2	1	Complains Of Pain	NA	41.85177	-71.42021	FALSE	FALSE	"Charles Street and Marietta Street, Providence, RI, USA"	FALSE	-71.4186723	41.8523615	route	geometric_center	"marietta st, providence, ri 02904, usa"	"Charles Street & Marietta Street, Providence, RI, USA"	EjVDaGFybGVzIFN0cmVldCAmIE1hcmlldHRhIFN0cmVldCwgUHJvdmlkZW5jZSwgUkksIFVTQSJmImQKFAoSCfu9Nk7wROSJEedYuJfQAu0aEhQKEgn7vTZO8ETkiRHnWLiX0ALtGhoUChIJdQvObPFE5IkRy2TLLjVV_TIaFAoSCbWTcNHxROSJEbdi2hWrFBwBIgoNKxPyGBVIJG7V	41.8517803	-71.420204	41.8517803	-71.420204	Med	1.249876033
2441	2014-10-09	254482	8:11:00	Bicycle	NA	1	FALSE	FALSE	1	SMITH ST	HOLDEN ST	10/9/14	"Two-Way , Not Divided"	Dry	Daylight	Clear	Angle (Front - to - Side) Right Angle (Includes Broadside)	No	No Controls	2	0	No Injury	2	41.83225	-71.41816	FALSE	FALSE	"Smith Street and Holden Street, Providence, RI, USA"	FALSE	-71.4180055	41.8322069	intersection	geometric_center	"holden st & smith st, providence, ri 02908, usa"	NA	NA	NA	NA	41.8322069	-71.4180055	Med High	13.68360021
2442	2014-10-09	254558	22:08:00	Bicycle	NA	1	FALSE	FALSE	1	CHALKSTONE AVE	CAMDEN AVE	10/9/14	"Two-Way , Not Divided"	Dry	Dark - Lighted	Clear	Other	No	No Controls	2	1	Incapacitating	NA	41.83529	-71.42536	FALSE	FALSE	"Chalkstone Ave and Camden Ave, Providence, RI, USA"	FALSE	-71.4253488	41.835296	intersection	geometric_center	"chalkstone ave & camden ave, providence, ri 02908, usa"	NA	NA	NA	NA	41.835296	-71.4253488	Med High	1.144126862
2440	2014-10-11	254767	1:57:00	Bicycle	NA	1	FALSE	FALSE	2	WASHINGTON ST	MATHEWSON ST	10/12/14	"Two-Way , Not Divided"	Dry	Dark - Lighted	Cloudy	"Sideswipe, Same Direction"	"Yes, M/V and Driver Left Scene"	No Controls	4	0	No Injury	NA	41.82296	-71.41492	FALSE	FALSE	"Washington Street and Mathewson Street, Providence, RI, USA"	FALSE	-71.4147864	41.8230454	intersection	geometric_center	"mathewson st & washington st, providence, ri 02903, usa"	NA	NA	NA	NA	41.8230454	-71.4147864	Med High	14.6016723
2439	2014-10-14	254979	7:53:00	Pedestrian	1	NA	FALSE	FALSE	1	BROAD STREET	SERVICE ROAD 7	10/14/14	"Two-Way , Not Divided"	Dry	Daylight	Clear	Unknown	No	Traffic Control Signal	2	1	Complains Of Pain	2	41.82933	-71.41804	FALSE	FALSE	"Broad Street and Service Road 7, Providence, RI, USA"	FALSE	-71.4200451	41.8199608	route	geometric_center	"service rd 1, providence, ri, usa"	"Broad Street & Service Road 7th, Providence, RI, USA"	EjRCcm9hZCBTdHJlZXQgJiBTZXJ2aWNlIFJvYWQgN3RoLCBQcm92aWRlbmNlLCBSSSwgVVNBImYiZAoUChIJbbRukG1F5IkRg0XEjUgVvRgSFAoSCW20bpBtReSJEYNFxI1IFb0YGhQKEgmD3n3VjE_kiREsosqTmEsIoxoUChIJB3h0QnZF5IkRyxFdBkwhBUwiCg0k0-wYFUejbtU	41.8173732	-71.4169529	41.8173732	-71.4169529	Med	1334.076423
2436	2014-10-15	255078	11:49:00	Bicycle	NA	1	FALSE	FALSE	1	ALLENS AVE	ERNEST ST	10/15/14	"Two-Way , Not Divided"	Dry	Daylight	Clear	Not a Collision Between Two Motor Vehicles in Transport	No	No Controls	3	1	Non-Incapacitating	NA	41.79481	-71.39793	FALSE	FALSE	"Allens Ave and Ernest Street, Providence, RI, USA"	FALSE	-71.3979097	41.7948568	intersection	geometric_center	"allens ave & ernest st, providence, ri 02905, usa"	NA	NA	NA	NA	41.7948568	-71.3979097	Med High	5.475390969
2437	2014-10-15	255100	21:11:00	Pedestrian	1	NA	FALSE	FALSE	1	DEAN ST	PROMENADE ST	10/15/14	"Two-Way, Divided, Positive Median Barrier"	Wet	Dark - Lighted	Rain	Not a Collision Between Two Motor Vehicles in Transport	No	Traffic Control Signal	4	1	Incapacitating	NA	41.82905	-71.42666	FALSE	FALSE	"Dean Street and Promenade Street, Providence, RI, USA"	FALSE	-71.3626988	41.870929	route	geometric_center	"dean st, pawtucket, ri 02861, usa"	"Dean Street & Promenade Street, Providence, RI, USA"	EjNEZWFuIFN0cmVldCAmIFByb21lbmFkZSBTdHJlZXQsIFByb3ZpZGVuY2UsIFJJLCBVU0EiZiJkChQKEgk5ePT7CEXkiREW6uFEh9BKrRIUChIJOXj0-whF5IkRFurhRIfQSq0aFAoSCVsGbH4MReSJEci0n9-g50DkGhQKEglXQzwqD0XkiRH9-pmeRajOBSIKDSWk7hgViClt1Q	41.8292773	-71.4266232	41.8292773	-71.4266232	Med	25.48637869
2438	2014-10-15	255125	13:01:00	Pedestrian	1	NA	FALSE	FALSE	1	IVES ST	WICKENDEN ST	10/16/14	"Two-Way , Not Divided"	Dry	Daylight	Clear	Other	"Yes, Driver Left Scene"	Stop Signs	1	1	Incapacitating	NA	41.82027	-71.3918	FALSE	FALSE	"Ives Street and Wickenden Street, Providence, RI, USA"	FALSE	-71.3917681	41.8202605	intersection	geometric_center	"wickenden st & ives st, providence, ri 02903, usa"	NA	NA	NA	NA	41.8202605	-71.3917681	Med High	2.84989475
2434	2014-10-16	255218	16:45:00	Pedestrian	1	NA	FALSE	FALSE	1	PRAIRIE AVE	OXFORD ST	10/16/14	"Two-Way , Not Divided"	Wet	Dusk	Rain	Not a Collision Between Two Motor Vehicles in Transport	No	No Controls	2	1	Complains Of Pain	NA	41.80164	-71.41315	FALSE	FALSE	"Prairie Ave and Oxford Street, Providence, RI, USA"	FALSE	-71.413116	41.8015958	intersection	geometric_center	"oxford st & prairie ave, providence, ri 02905, usa"	NA	NA	NA	NA	41.8015958	-71.413116	Med High	5.671874553
2435	2014-10-16	255272	23:30:00	Pedestrian	1	NA	FALSE	FALSE	1	Elmwood Avenue	Princeton Avenue	10/17/14	"Two-Way , Not Divided"	Wet	Dark - Lighted	Clear	Not a Collision Between Two Motor Vehicles in Transport	"Yes, M/V and Driver Left Scene"	No Controls	3	1	Complains Of Pain	NA	41.8053	-71.42524	FALSE	FALSE	"Elmwood Avenue and Princeton Avenue, Providence, RI, USA"	FALSE	-71.4252446	41.8053667	intersection	geometric_center	"princeton ave & elmwood ave, providence, ri 02907, usa"	NA	NA	NA	NA	41.8053667	-71.4252446	Med High	7.434814851
2433	2014-10-17	255450	21:50:00	Bicycle	NA	1	FALSE	FALSE	1	CAMBRIDGE ST	Academy Ave	10/18/14	"Two-Way , Not Divided"	Dry	Dusk	Clear	Not a Collision Between Two Motor Vehicles in Transport	No	No Controls	4	1	Complains Of Pain	NA	41.82553	-71.44404	FALSE	FALSE	"Cambridge Street and Academy Ave, Providence, RI, USA"	FALSE	-71.4434441	41.8254949	intersection	geometric_center	"academy ave & cambridge st, providence, ri 02908, usa"	NA	NA	NA	NA	41.8254949	-71.4434441	Med High	49.58585583
2431	2014-10-18	255373	0:58:00	Bicycle	NA	1	FALSE	FALSE	1	WATERMAN ST	IVES ST	10/18/14	One-Way Trafficway	Dry	Dark - Lighted	Clear	Angle (Front - to - Side) Right Angle (Includes Broadside)	No	No Controls	3	1	Complains Of Pain	NA	41.82778	-71.39291	FALSE	FALSE	"Waterman Street and Ives Street, Providence, RI, USA"	FALSE	-71.3929088	41.8277996	intersection	geometric_center	"ives st & waterman st, providence, ri 02906, usa"	NA	NA	NA	NA	41.8277996	-71.3929088	Med High	2.184131426
2432	2014-10-18	255906	13:44:00	Pedestrian	1	NA	FALSE	FALSE	1	150 STAMFORD AVE	PARKING LOT	10/23/14	Unknown	Dry	Daylight	Clear	Not a Collision Between Two Motor Vehicles in Transport	No	No Controls	5	1	Complains Of Pain	NA	41.77731	-71.41966	TRUE	FALSE	"150 Stamford Ave, Providence, RI, USA"	FALSE	-71.4195634	41.7766532	premise	rooftop	"150 stamford ave, providence, ri 02907, usa"	NA	NA	NA	NA	41.7766532	-71.4195634	High	73.55311292
2430	2014-10-20	255625	12:03:00	Bicycle	NA	1	FALSE	FALSE	1	BRIDGHAM ST	CRANSTON ST	10/20/14	"Two-Way , Not Divided"	Dry	Daylight	Clear	Not a Collision Between Two Motor Vehicles in Transport	"Yes, M/V and Driver Left Scene"	Traffic Control Signal	1	1	Complains Of Pain	NA	41.81398	-71.42695	FALSE	FALSE	"Bridgham Street and Cranston Street, Providence, RI, USA"	FALSE	-71.426947	41.8139796	intersection	geometric_center	"cranston st & bridgham st, providence, ri 02907, usa"	NA	NA	NA	NA	41.8139796	-71.426947	Med High	0.252855256
2428	2014-10-21	255787	8:17:00	Pedestrian	1	NA	FALSE	FALSE	1	CHARLES ST	GILLEN ST	10/22/14	"Two-Way , Not Divided"	Dry	Daylight	Clear	Not a Collision Between Two Motor Vehicles in Transport	No	No Controls	4	0	No Injury	NA	41.85245	-71.42032	FALSE	FALSE	"Charles Street and Gillen Street, Providence, RI, USA"	FALSE	-71.4190635	41.8529451	route	geometric_center	"gillen st, providence, ri 02904, usa"	"Charles Street & Gillen Street, Providence, RI, USA"	EjNDaGFybGVzIFN0cmVldCAmIEdpbGxlbiBTdHJlZXQsIFByb3ZpZGVuY2UsIFJJLCBVU0EiZiJkChQKEglD8_St8UTkiRHDI_WdOKw57xIUChIJQ_P0rfFE5IkRwyP1nTisOe8aFAoSCXULzmzxROSJEctkyy41Vf0yGhQKEglVe4_D8UTkiRHqjY5w7qPPpSIKDeIu8hgVXiBu1Q	41.8524898	-71.4203042	41.8524898	-71.4203042	Med	4.620156303
2429	2014-10-21	255809	18:17:00	Pedestrian	1	NA	FALSE	FALSE	1	BROADWAY	SUTTON ST	10/22/14	"Two-Way, Divided, Unprotected (painted>4feet) Medium"	Dry	Dawn	Clear	Not a Collision Between Two Motor Vehicles in Transport	No	No Controls	4	1	Non-Incapacitating	2	41.82019	-71.42767	FALSE	FALSE	"Broadway and Sutton Street, Providence, RI, USA"	FALSE	-71.4285283	41.8223473	route	geometric_center	"sutton st, providence, ri 02903, usa"	NA	NA	NA	NA	41.8223473	-71.4285283	Med	250.4829388
2426	2014-10-22	255852	21:00:00	Pedestrian	1	NA	FALSE	FALSE	1	DOUGLAS AVE	DOUGLAS AVE	10/22/14	"Two-Way , Not Divided"	Wet	Dark - Not Lighted	Rain	Not a Collision Between Two Motor Vehicles in Transport	No	Stop Signs	3	1	Complains Of Pain	NA	41.84762	-71.43084	FALSE	FALSE	"Douglas Ave and Douglas Ave, Providence, RI, USA"	FALSE	-71.4649957	41.8715442	intersection	geometric_center	"douglas turnpike & douglas ave, north providence, ri 02904, usa"	NA	NA	NA	NA	41.8715442	-71.4649957	Med High	3887.406634
2427	2014-10-22	255858	20:00:00	Pedestrian	1	NA	FALSE	FALSE	1	N MAIN ST	RANDALL ST	10/22/14	"Two-Way, Divided, Positive Median Barrier"	Wet	Dark - Lighted	Rain	Not a Collision Between Two Motor Vehicles in Transport	No	No Controls	3	1	Incapacitating	4	41.83815	-71.40958	FALSE	FALSE	"N Main Street and Randall Street, Providence, RI, USA"	FALSE	-71.4107138	41.837311	route	geometric_center	"randall st, providence, ri, usa"	"North Main Street & Randall Street, Providence, RI, USA"	EjdOb3J0aCBNYWluIFN0cmVldCAmIFJhbmRhbGwgU3RyZWV0LCBQcm92aWRlbmNlLCBSSSwgVVNBImYiZAoUChIJDY71Lh5F5IkRRD0q_3pm2QwSFAoSCQ2O9S4eReSJEUQ9Kv96ZtkMGhQKEgn5-kE93kTkiRFf162-DVwjPxoUChIJl4Ahbx5F5IkRBUfDXuGiS6oiCg2M9-8YFVXBb9U	41.837966	-71.4096299	41.837966	-71.4096299	Med	20.89669977
2425	2014-10-24	256195	19:05:00	Pedestrian	1	NA	FALSE	FALSE	1	PARK ST	SMITH ST	10/25/14	"Two-Way , Not Divided"	Dry	Dusk	Clear	Not a Collision Between Two Motor Vehicles in Transport	"Yes, M/V and Driver Left Scene"	No Controls	1	0	Unknown	NA	41.83185	-71.4169	FALSE	FALSE	"Park Street and Smith Street, Providence, RI, USA"	FALSE	-71.4168712	41.8319005	intersection	geometric_center	"park st & smith st, providence, ri 02903, usa"	NA	NA	NA	NA	41.8319005	-71.4168712	Med High	6.108123691
2424	2014-10-25	256155	3:23:00	Bicycle	NA	1	FALSE	FALSE	1	GROVE ST	KNIGHT ST	10/25/14	"Two-Way , Not Divided"	Dry	Dark - Lighted	Clear	Not a Collision Between Two Motor Vehicles in Transport	No	Stop Signs	5	1	Complains Of Pain	NA	41.82039	-71.43003	FALSE	FALSE	"Grove Street and Knight Street, Providence, RI, USA"	FALSE	-71.4300307	41.8204053	intersection	geometric_center	"knight st & grove st, providence, ri 02909, usa"	NA	NA	NA	NA	41.8204053	-71.4300307	Med High	1.704177924
2422	2014-10-27	256430	18:15:00	Bicycle	NA	1	FALSE	FALSE	1	PRESCOTT ST	WOLCOTT ST	10/27/14	"Two-Way, Divided, Unprotected (painted>4feet) Medium"	Dry	Dark - Not Lighted	Clear	Head-On (Front - to - Front)	No	No Controls	3	1	Complains Of Pain	NA	41.82999	-71.43421	FALSE	FALSE	"Prescott Street and Wolcott Street, Providence, RI, USA"	FALSE	-71.434212	41.829994	intersection	geometric_center	"wolcott st & prescott st, providence, ri 02908, usa"	NA	NA	NA	NA	41.829994	-71.434212	Med High	0.475177218
2423	2014-10-27	256450	20:01:00	Pedestrian	1	NA	FALSE	FALSE	1	WASHINGTON ST	DORRANCE ST	10/27/14	"Two-Way , Not Divided"	Dry	Dark - Lighted	Clear	Not a Collision Between Two Motor Vehicles in Transport	No	Traffic Control Signal	3	1	Complains Of Pain	2	41.82445	-71.41277	FALSE	FALSE	"Washington Street and Dorrance Street, Providence, RI, USA"	FALSE	-71.412777	41.8244607	intersection	geometric_center	"washington st & dorrance st, providence, ri 02903, usa"	NA	NA	NA	NA	41.8244607	-71.412777	Med High	1.325123782
2420	2014-10-29	256581	6:53:00	Pedestrian	1	NA	FALSE	FALSE	1	338 Hartford Ave	LAUREL HILL AVE	10/29/14	"Two-Way, Divided, Unprotected (painted>4feet) Medium"	Wet	Daylight	Clear	Head-On (Front - to - Front)	No	No Controls	3	2	Complains Of Pain	2	41.81777	-71.45442	TRUE	FALSE	"338 Hartford Ave, Providence, RI, USA"	FALSE	-71.4545421	41.8176486	street_address	rooftop	"338 hartford ave, providence, ri 02909, usa"	NA	NA	NA	NA	41.8176486	-71.4545421	High	16.88922419
2421	2014-10-29	256729	22:15:00	Bicycle	NA	1	FALSE	FALSE	1	119 Atwells Ave	BRADFORD ST	10/29/14	"Two-Way , Not Divided"	Wet	Dark - Lighted	Rain	Not a Collision Between Two Motor Vehicles in Transport	"Yes, M/V and Driver Left Scene"	No Controls	1	1	Non-Incapacitating	NA	41.82324	-71.42193	TRUE	FALSE	"119 Atwells Ave, Providence, RI, USA"	FALSE	-71.4219054	41.8234197	street_address	rooftop	"119 atwells ave, providence, ri 02903, usa"	NA	NA	NA	NA	41.8234197	-71.4219054	High	20.10793435
2419	2014-11-01	257142	15:41:00	Pedestrian	1	NA	FALSE	FALSE	1	2 Tobey Street	PENN ST	11/1/14	One-Way Trafficway	Wet	Daylight	Rain	Not a Collision Between Two Motor Vehicles in Transport	No	No Controls	3	1	Complains Of Pain	NA	41.82037	-71.43582	TRUE	FALSE	"2 Tobey Street, Providence, RI, USA"	FALSE	-71.4355634	41.8203816	premise	rooftop	"2 tobey st, providence, ri 02909, usa"	NA	NA	NA	NA	41.8203816	-71.4355634	High	21.32656732
2418	2014-11-02	257269	1:52:00	Pedestrian	1	NA	FALSE	FALSE	1	MORRIS AVE	CYPRESS ST	11/2/14	"Two-Way , Not Divided"	Dry	Dark - Lighted	Clear	Not a Collision Between Two Motor Vehicles in Transport	No	Stop Signs	2	1	Complains Of Pain	2	41.84058	-71.39733	FALSE	FALSE	"Morris Ave and Cypress Street, Providence, RI, USA"	FALSE	-71.397331	41.8405799	intersection	geometric_center	"morris ave & cypress st, providence, ri 02906, usa"	NA	NA	NA	NA	41.8405799	-71.397331	Med High	0.083677208
2416	2014-11-07	258311	7:47:00	Bicycle	NA	1	FALSE	FALSE	1	MOUNT HOPE AVE	HOPE ST	11/7/14	"Two-Way, Divided, Unprotected (painted>4feet) Medium"	Dry	Daylight	Clear	Angle (Front - to - Side) Right Angle (Includes Broadside)	No	No Controls	3	2	Complains Of Pain	NA	41.84036	-71.39931	FALSE	FALSE	"Mount Hope Ave and Hope Street, Providence, RI, USA"	FALSE	-71.3993016	41.8403661	intersection	geometric_center	"hope st & mt hope ave, providence, ri 02906, usa"	NA	NA	NA	NA	41.8403661	-71.3993016	Med High	0.972840783
2417	2014-11-07	258452	13:06:00	Bicycle	NA	1	FALSE	FALSE	1	FRANCIS STREET	FINANCE WAY	11/7/14	"Two-Way , Not Divided"	Dry	Daylight	Clear	Other	No	No Controls	5	1	Non-Incapacitating	4	41.82955	-71.41802	FALSE	FALSE	"Francis Street and Finance Way, Providence, RI, USA"	FALSE	-71.4141847	41.8276529	route	geometric_center	"finance way, providence, ri 02903, usa"	"Francis Street & Finance Way, Providence, RI, USA"	EjFGcmFuY2lzIFN0cmVldCAmIEZpbmFuY2UgV2F5LCBQcm92aWRlbmNlLCBSSSwgVVNBImYiZAoUChIJV0u8VBBF5IkRSbWudbN2R1USFAoSCVdLvFQQReSJEUm1rnWzdkdVGhQKEgnjCiVZEEXkiREJ12uSbA5CmxoUChIJTVXC7xBF5IkRh9pEKJ3E5UwiCg3zXO4YFdnfbtU	41.8274547	-71.4154023	41.8274547	-71.4154023	Med	318.6729838
2415	2014-11-09	258945	12:28:00	Bicycle	NA	1	FALSE	FALSE	1	STEEPLE STREET	MEMORIAL BLVD.	11/9/14	"Two-Way , Not Divided"	Dry	Daylight	Clear	Other	No	Traffic Control Signal	4	1	Non-Incapacitating	4	41.8317	-71.41732	FALSE	FALSE	"Steeple Street and Memorial Blvd., Providence, RI, USA"	FALSE	-71.4134258	41.8263996	route	geometric_center	"memorial blvd, providence, ri 02903, usa"	NA	NA	NA	NA	41.8263996	-71.4134258	Med	672.670048
2414	2014-11-10	260452	8:43:00	Pedestrian	1	NA	FALSE	FALSE	1	ANGELL ST	S ANGELL ST	11/17/14	One-Way Trafficway	Dry	Daylight	Clear	Not a Collision Between Two Motor Vehicles in Transport	No	Traffic Control Signal	7	1	Non-Incapacitating	NA	41.83008	-71.38825	FALSE	FALSE	"Angell Street and S Angell Street, Providence, RI, USA"	FALSE	-71.3879538	41.8300494	intersection	geometric_center	"s angell st & angell st, providence, ri 02906, usa"	NA	NA	NA	NA	41.8300494	-71.3879538	Med High	24.80393598
2412	2014-11-11	259757	16:03:00	Pedestrian	1	NA	FALSE	FALSE	1	HARTFORD AVE	HARTFORD AVE	11/13/14	"Two-Way, Divided, Unprotected (painted>4feet) Medium"	Dry	Daylight	Clear	Other	"Yes, M/V and Driver Left Scene"	No Controls	1	1	Complains Of Pain	NA	41.81755	-71.45283	FALSE	FALSE	"Hartford Ave and Hartford Ave, Providence, RI, USA"	FALSE	-71.4587339	41.8185901	route	geometric_center	"hartford ave, providence, ri, usa"	"Hartford Ave Service Rd & Hartford Ave, Johnston, Providence, RI, USA"	EkVIYXJ0Zm9yZCBBdmUgU2VydmljZSBSZCAmIEhhcnRmb3JkIEF2ZSwgSm9obnN0b24sIFByb3ZpZGVuY2UsIFJJLCBVU0EiZiJkChQKEgmP4Jty0EfkiRFZT82Cwq1hZxIUChIJj-CbctBH5IkRWU_NgsKtYWcaFAoSCUk2WRTQR-SJEffJJKBODzFaGhQKEgkvAx61JEbkiRGCwC0vu7gN1iIKDdap7hgVnoNc1Q	41.829423	-71.5357282	41.829423	-71.5357282	Med	7002.728155
2413	2014-11-11	259876	17:22:00	Bicycle	NA	1	FALSE	FALSE	1	BLACKSTONE BLVD	HOPE ST	11/11/14	"Two-Way, Divided, Unprotected (painted>4feet) Medium"	Dry	Dark - Lighted	Clear	Angle (Front - to - Side) Right Angle (Includes Broadside)	No	No Controls	3	0	No Injury	NA	41.85622	-71.39145	FALSE	FALSE	"Blackstone Blvd and Hope Street, Providence, RI, USA"	FALSE	-71.3915342	41.8561535	intersection	geometric_center	"hope st & blackstone blvd, providence, ri 02906, usa"	NA	NA	NA	NA	41.8561535	-71.3915342	Med High	10.1754159
2411	2014-11-12	259622	19:00:00	Pedestrian	1	NA	FALSE	FALSE	1	CHALKSTONE AVENUE	HOME AVENUE	11/12/14	"Two-Way , Not Divided"	Dry	Dark - Lighted	Clear	Not a Collision Between Two Motor Vehicles in Transport	No	No Controls	2	1	Non-Incapacitating	2	41.81513	-71.41188	FALSE	FALSE	"Chalkstone Avenue and Home Avenue, Providence, RI, USA"	FALSE	-71.4451081	41.8325367	intersection	geometric_center	"chalkstone ave & home ave, providence, ri 02908, usa"	NA	NA	NA	NA	41.8325367	-71.4451081	Med High	3369.372431
2410	2014-11-13	259797	18:32:00	Pedestrian	1	NA	FALSE	FALSE	1	CLAVERICK ST	BROAD ST	11/13/14	One-Way Trafficway	Dry	Dark - Not Lighted	Clear	Not a Collision Between Two Motor Vehicles in Transport	No	Traffic Control Signal	4	1	Complains Of Pain	NA	41.81936	-71.41492	FALSE	FALSE	"Claverick Street and Broad Street, Providence, RI, USA"	FALSE	-71.414983	41.8193579	intersection	geometric_center	"claverick st & broad st, providence, ri 02903, usa"	NA	NA	NA	NA	41.8193579	-71.414983	Med High	5.231764251
2409	2014-11-14	259916	13:44:00	Pedestrian	1	NA	FALSE	FALSE	1	BRANCH AVE	DRYDEN LN	11/14/14	Unknown	Dry	Daylight	Clear	Not a Collision Between Two Motor Vehicles in Transport	No	No Controls	2	1	Complains Of Pain	NA	41.84341	-71.40865	FALSE	FALSE	"Branch Ave and Dryden Ln, Providence, RI, USA"	FALSE	-71.4084611	41.8429742	intersection	geometric_center	"branch ave & dryden ln, providence, ri 02904, usa"	NA	NA	NA	NA	41.8429742	-71.4084611	Med High	50.97962289
2408	2014-11-15	260188	17:33:00	Pedestrian	1	NA	FALSE	FALSE	1	Amherst Street	FLORENCE ST	11/15/14	"Two-Way , Not Divided"	Dry	Dark - Lighted	Clear	Angle (Front - to - Side) Same Direction	No	Stop Signs	4	1	Complains Of Pain	NA	41.82327	-71.44575	FALSE	FALSE	"Amherst Street and Florence Street, Providence, RI, USA"	FALSE	-71.445702	41.823273	intersection	geometric_center	"florence st & amherst st, providence, ri 02909, usa"	NA	NA	NA	NA	41.823273	-71.445702	Med High	3.995861459
2405	2014-11-17	260487	14:15:00	Pedestrian	1	NA	FALSE	FALSE	1	100 HARTFORD AVE	EDNA ST	11/17/14	"Two-Way, Divided, Unprotected (painted>4feet) Medium"	Wet	Daylight	Rain	Other	No	No Controls	5	1	Complains Of Pain	NA	41.81688	-71.44587	TRUE	FALSE	"100 Hartford Ave, Providence, RI, USA"	FALSE	-71.4461467	41.8167165	premise	rooftop	"100 hartford ave, providence, ri 02909, usa"	NA	NA	NA	NA	41.8167165	-71.4461467	High	29.29597788
2406	2014-11-17	260499	17:34:00	Pedestrian	1	NA	FALSE	FALSE	1	CANDACE ST	ORMS ST	11/17/14	"Two-Way , Not Divided"	Wet	Dark - Unknown Lighting	Rain	Angle (Front - to - Side) Right Angle (Includes Broadside)	No	Traffic Control Signal	2	1	Complains Of Pain	NA	41.8338	-71.4219	FALSE	FALSE	"Candace Street and Orms Street, Providence, RI, USA"	FALSE	-71.421862	41.8337901	intersection	geometric_center	"candace st & orms st, providence, ri 02908, usa"	NA	NA	NA	NA	41.8337901	-71.421862	Med High	3.338924347
2407	2014-11-17	260507	17:48:00	Pedestrian	1	NA	FALSE	FALSE	1	122 BATH ST	ORMS ST	11/17/14	"Two-Way , Not Divided"	Wet	Dark - Lighted	Rain	Not a Collision Between Two Motor Vehicles in Transport	No	No Controls	3	1	Complains Of Pain	NA	41.83354	-71.42555	TRUE	FALSE	"122 Bath Street, Providence, RI, USA"	FALSE	-71.4256785	41.8335304	premise	rooftop	"122 bath st, providence, ri 02908, usa"	NA	NA	NA	NA	41.8335304	-71.4256785	High	10.71156229
2404	2014-11-18	260619	17:03:00	Pedestrian	1	NA	FALSE	FALSE	1	CHALKSTONE AVENUE	CANTON STREET	11/18/14	"Two-Way , Not Divided"	Dry	Dark - Lighted	Clear	Not a Collision Between Two Motor Vehicles in Transport	"Yes, M/V and Driver Left Scene"	No Controls	2	0	Unknown	2	41.82937	-71.41803	FALSE	FALSE	"Chalkstone Avenue and Canton Street, Providence, RI, USA"	FALSE	-71.4425118	41.8323096	intersection	geometric_center	"canton st & chalkstone ave, providence, ri 02908, usa"	NA	NA	NA	NA	41.8323096	-71.4425118	Med High	2056.866176