row_number	crash_date	crash_report_id	crash_time	collision_type	count_pedestrian	count_bicycle	scooter	wheel_chair	number_of_vehicles	street_or_highway	nearest_intersection	report_date	type_of_roadway	road_surface_condition	light_condition	weather_condition	manner_of_impact	hit_and_run	traffic_control	person_count	injury_count	most_serious_injury	number_of_lanes	lat_raw	lon_raw	has_st_number	is_intersection_null	address_sent_to_geocoder	is_address_blank	lon_api_first_try	lat_api_first_try	type	loctype	address_returned_by_geocoder	address_returned_by_autocomplete	place_ids_autocompleted	lat_api_second_try	lon_api_second_try	lat_api_best	lon_api_best	api_coord_conf	distance_btwn_coords_meters
2403	2014-11-21	261044	0:31:00	Bicycle	NA	1	FALSE	FALSE	1	WASHINGTON ST	EMPIRE ST	11/21/14	"Two-Way , Not Divided"	Dry	Dark - Lighted	Clear	Not a Collision Between Two Motor Vehicles in Transport	No	Traffic Control Signal	2	1	Incapacitating	NA	41.82182	-71.41645	FALSE	FALSE	"Washington Street and Empire Street, Providence, RI, USA"	FALSE	-71.4157797	41.821349	route	geometric_center	"empire st, providence, ri 02903, usa"	"Washington Street & Empire Street, Providence, RI, USA"	EjZXYXNoaW5ndG9uIFN0cmVldCAmIEVtcGlyZSBTdHJlZXQsIFByb3ZpZGVuY2UsIFJJLCBVU0EiZiJkChQKEgmNpp3sEkXkiRHnvAEsqcaDvRIUChIJjaad7BJF5IkR57wBLKnGg70aFAoSCanazZwSReSJERoH0JajEjT2GhQKEgnHPO_pEkXkiRGhxI4iuiomFSIKDWmC7RgVI7hu1Q	41.8218601	-71.4164189	41.8218601	-71.4164189	Med	5.155853918
2402	2014-11-22	261424	13:07:00	Pedestrian	1	NA	FALSE	FALSE	1	871 ELMWOOD AVE	ROGER WILLIAMS CT	11/22/14	"Two-Way , Not Divided"	Dry	Daylight	Clear	Other	"Yes, M/V and Driver Left Scene"	No Controls	3	1	Complains Of Pain	NA	41.78885	-71.4212	TRUE	FALSE	"871 Elmwood Ave, Providence, RI, USA"	FALSE	-71.4214714	41.7886971	premise	rooftop	"871 elmwood ave, providence, ri 02907, usa"	NA	NA	NA	NA	41.7886971	-71.4214714	High	28.2337084
2399	2014-11-24	261631	17:08:00	Pedestrian	1	NA	FALSE	FALSE	1	WEYBOSSET ST	SNOW ST	11/24/14	"Two-Way, Divided, Unprotected (painted>4feet) Medium"	Wet	Dark - Lighted	Cloudy	Not a Collision Between Two Motor Vehicles in Transport	No	Other	3	0	No Injury	NA	41.82068	-71.41328	FALSE	FALSE	"Weybosset Street and Snow Street, Providence, RI, USA"	FALSE	-71.4132721	41.8207059	intersection	geometric_center	"weybosset st & snow st, providence, ri 02903, usa"	NA	NA	NA	NA	41.8207059	-71.4132721	Med High	2.956724024
2400	2014-11-24	261597	13:54:00	Pedestrian	1	NA	FALSE	FALSE	1	HOPE ST	WICKENDEN ST	11/24/14	"Two-Way , Not Divided"	Wet	Daylight	Rain	Other	No	No Controls	2	1	Complains Of Pain	NA	41.81982	-71.39543	FALSE	FALSE	"Hope Street and Wickenden Street, Providence, RI, USA"	FALSE	-71.3953923	41.8198132	intersection	geometric_center	"wickenden st & hope st, providence, ri 02903, usa"	NA	NA	NA	NA	41.8198132	-71.3953923	Med High	3.217906091
2401	2014-11-24	261608	12:57:00	Bicycle	NA	1	FALSE	FALSE	1	WATERMAN ST	PROSPECT ST	11/24/14	"Two-Way , Not Divided"	Wet	Daylight	Rain	Angle (Front - to - Side) Right Angle (Includes Broadside)	No	Stop Signs	2	0	No Injury	NA	41.82691	-71.40472	FALSE	FALSE	"Waterman Street and Prospect Street, Providence, RI, USA"	FALSE	-71.4047103	41.8269107	intersection	geometric_center	"waterman st & prospect st, providence, ri 02906, usa"	NA	NA	NA	NA	41.8269107	-71.4047103	Med High	0.808390595
2397	2014-11-26	262032	16:24:00	Pedestrian	1	NA	FALSE	FALSE	1	WAVERLY ST	CRANSTON ST	11/26/14	"Two-Way , Not Divided"	Wet	Dark - Not Lighted	"Sleet, Hail (Freezing Rain or Drizzle)"	Other	"Yes, M/V and Driver Left Scene"	No Controls	1	1	Complains Of Pain	NA	41.80834	-71.43458	FALSE	FALSE	"Waverly Street and Cranston Street, Providence, RI, USA"	FALSE	-71.4345674	41.8083361	intersection	geometric_center	"cranston st & waverly st, providence, ri 02907, usa"	NA	NA	NA	NA	41.8083361	-71.4345674	Med High	1.132045574
2398	2014-11-26	262445	9:39:00	Pedestrian	1	NA	FALSE	FALSE	1	PLAINFIELD ST	DIKE ST	11/30/14	"Two-Way , Not Divided"	Dry	Daylight	Clear	Other	"Yes, M/V and Driver Left Scene"	No Controls	3	1	Complains Of Pain	NA	41.81643	-71.44431	FALSE	FALSE	"Plainfield Street and Dike Street, Providence, RI, USA"	FALSE	-71.444405	41.816372	intersection	geometric_center	"dike st & plainfield st, providence, ri 02909, usa"	NA	NA	NA	NA	41.816372	-71.444405	Med High	10.18858361
2396	2014-11-28	262259	18:30:00	Pedestrian	2	NA	FALSE	FALSE	1	POCASSET AVE	PLAINFIELD ST	11/28/14	"Two-Way , Not Divided"	Dry	Dark - Lighted	Clear	Other	"Yes, Driver Left Scene"	No Controls	2	1	Complains Of Pain	NA	41.8137	-71.44794	FALSE	FALSE	"Pocasset Ave and Plainfield Street, Providence, RI, USA"	FALSE	-71.4477942	41.8138447	intersection	geometric_center	"pocasset ave & plainfield st, providence, ri 02909, usa"	NA	NA	NA	NA	41.8138447	-71.4477942	Med High	20.14440383
2395	2014-11-30	262408	2:53:00	Pedestrian	1	NA	FALSE	FALSE	1	PINE ST	RICHMOND ST	11/30/14	One-Way Trafficway	Dry	Dark - Lighted	Clear	Unknown	"Yes, M/V and Driver Left Scene"	No Controls	6	1	Non-Incapacitating	NA	41.82027	-71.41213	FALSE	FALSE	"Pine Street and Richmond Street, Providence, RI, USA"	FALSE	-71.4088649	41.8188298	route	geometric_center	"richmond st, providence, ri, usa"	"Pine Street & Richmond Street, Providence, RI, USA"	EjJQaW5lIFN0cmVldCAmIFJpY2htb25kIFN0cmVldCwgUHJvdmlkZW5jZSwgUkksIFVTQSJmImQKFAoSCbP-c6EUReSJEYeVs9Zva_4EEhQKEgmz_nOhFEXkiRGHlbPWb2v-BBoUChIJOZMJU2xF5IkRoCks8G_vwjwaFAoSCbFeXiRrReSJEfWPLeMumlQUIgoNzlHtGBWXa2_V	41.8206158	-71.4118249	41.8206158	-71.4118249	Med	46.07009774
2394	2014-12-01	262587	12:00:00	Bicycle	NA	1	FALSE	FALSE	2	ORMS ST	CHARLES ST	12/1/14	"Two-Way , Not Divided"	Dry	Daylight	Clear	Head-On (Front - to - Front)	No	Pavement Markings	6	3	Incapacitating	NA	41.83489	-71.41223	FALSE	FALSE	"Orms Street and Charles Street, Providence, RI, USA"	FALSE	-71.4113858	41.8348611	intersection	geometric_center	"charles st & orms st, providence, ri 02904, usa"	NA	NA	NA	NA	41.8348611	-71.4113858	Med High	70.09251777
2393	2014-12-04	263058	13:30:00	Pedestrian	1	NA	FALSE	FALSE	1	Washington St	GREENE ST	12/4/14	"Two-Way , Not Divided"	Dry	Daylight	Clear	Other	No	Traffic Control Signal	2	1	Non-Incapacitating	NA	41.82126	-71.4172	FALSE	FALSE	"Washington Street and Greene Street, Providence, RI, USA"	FALSE	-71.4168727	41.8210088	route	geometric_center	"greene st, providence, ri 02903, usa"	"Washington Street & Greene Street, Providence, RI, USA"	EjZXYXNoaW5ndG9uIFN0cmVldCAmIEdyZWVuZSBTdHJlZXQsIFByb3ZpZGVuY2UsIFJJLCBVU0EiZiJkChQKEgm34he7EkXkiRGsc_jDIc_nwRIUChIJt-IXuxJF5IkRrHP4wyHP58EaFAoSCanazZwSReSJERoH0JajEjT2GhQKEgn9APC2EkXkiRFL2JV2CXi6tSIKDatr7RgVkphu1Q	41.8212779	-71.417227	41.8212779	-71.417227	Med	2.997930172
2392	2014-12-05	263431	7:53:00	Pedestrian	1	NA	FALSE	FALSE	1	ORMS ST	SMITH ST	12/6/14	"Two-Way, Divided, Unprotected (painted>4feet) Medium"	Dry	Daylight	Clear	Head-On (Front - to - Front)	No	Traffic Control Signal	2	2	Complains Of Pain	NA	41.83377	-71.42198	FALSE	FALSE	"Orms Street and Smith Street, Providence, RI, USA"	FALSE	-71.4219437	41.8337775	intersection	geometric_center	"orms st & smith st, providence, ri 02904, usa"	NA	NA	NA	NA	41.8337775	-71.4219437	Med High	3.124418663
2391	2014-12-09	264368	16:57:00	Bicycle	NA	1	FALSE	FALSE	1	Broadway	KNIGHT ST	12/9/14	"Two-Way , Not Divided"	Wet	Dark - Lighted	Rain	Not a Collision Between Two Motor Vehicles in Transport	No	No Controls	3	1	Complains Of Pain	2	41.8197	-71.42975	FALSE	FALSE	"Broadway and Knight Street, Providence, RI, USA"	FALSE	-71.4298401	41.8202496	route	geometric_center	"knight st, providence, ri, usa"	"Broadway & Knight Street, Providence, RI, USA"	Ei1Ccm9hZHdheSAmIEtuaWdodCBTdHJlZXQsIFByb3ZpZGVuY2UsIFJJLCBVU0EiZiJkChQKEgmvZYGEdUXkiRHAVmwJ-u4XKRIUChIJr2WBhHVF5IkRwFZsCfruFykaFAoSCaW15YZ1ReSJERrCM7HXpG-zGhQKEgkPqvF6dUXkiRGsZxyELkktfCIKDcQy7RgVV79s1Q	41.8198212	-71.4293417	41.8198212	-71.4293417	Med	36.46085949
2387	2014-12-10	264553	8:09:00	Pedestrian	1	NA	FALSE	FALSE	1	STATE ST	ORMS ST EXIT 23	12/10/14	"Two-Way , Not Divided"	Wet	Daylight	Cloudy	Angle (Front - to - Side) Same Direction	No	Pavement Markings	3	1	Complains Of Pain	NA	41.83475	-71.41433	FALSE	FALSE	"State Street and Orms St Exit 23, Providence, RI, USA"	FALSE	-71.4191013	41.8342191	route	geometric_center	"orms st, providence, ri, usa"	"State Street & Orms St, Providence, RI, USA"	EitTdGF0ZSBTdHJlZXQgJiBPcm1zIFN0LCBQcm92aWRlbmNlLCBSSSwgVVNBImYiZAoUChIJgXSfcBxF5IkRpQWViS383hMSFAoSCYF0n3AcReSJEaUFlYkt_N4TGhQKEgm94rfqG0XkiRE8RkwHh4qxWBoUChIJJ2knvwRF5IkRzK6GSUqZqcEiCg2Seu8YFTUIb9U	41.8347666	-71.4143691	41.8347666	-71.4143691	Med	3.732525558
2388	2014-12-10	264694	17:18:00	Pedestrian	1	NA	FALSE	FALSE	1	HOPE ST	ANGELL ST	12/10/14	"Two-Way , Not Divided"	Wet	Dark - Lighted	Rain	Not a Collision Between Two Motor Vehicles in Transport	No	Pavement Markings	2	1	Complains Of Pain	NA	41.82881	-71.39779	FALSE	FALSE	"Hope Street and Angell Street, Providence, RI, USA"	FALSE	-71.3974982	41.8284083	intersection	geometric_center	"hope st & angell st, providence, ri 02906, usa"	NA	NA	NA	NA	41.8284083	-71.3974982	Med High	50.84753293
2389	2014-12-10	264746	15:47:00	Pedestrian	2	NA	FALSE	FALSE	1	Hayward St	PEARL ST	12/10/14	"Two-Way , Not Divided"	Wet	Dusk	Rain	Not a Collision Between Two Motor Vehicles in Transport	"Yes, M/V and Driver Left Scene"	Stop Signs	2	2	Complains Of Pain	2	41.8142	-71.41992	FALSE	FALSE	"Hayward Street and Pearl Street, Providence, RI, USA"	FALSE	-71.4199237	41.8142232	intersection	geometric_center	"pearl st & hayward st, providence, ri 02907, usa"	NA	NA	NA	NA	41.8142232	-71.4199237	Med High	2.600792669
2390	2014-12-10	264780	21:21:00	Pedestrian	1	NA	FALSE	FALSE	1	WATERMAN ST	HOPE ST	12/10/14	"Two-Way , Not Divided"	Wet	Dark - Lighted	Rain	Not a Collision Between Two Motor Vehicles in Transport	No	Traffic Control Signal	2	1	Complains Of Pain	2	41.82758	-71.39723	FALSE	FALSE	"Waterman Street and Hope Street, Providence, RI, USA"	FALSE	-71.3972305	41.8276014	intersection	geometric_center	"hope st & waterman st, providence, ri 02906, usa"	NA	NA	NA	NA	41.8276014	-71.3972305	Med High	2.382598122
2386	2014-12-12	265143	18:48:00	Pedestrian	1	NA	FALSE	FALSE	1	MEMORIAL BOULEVARD	COLLEGE ST	12/12/14	"Two-Way , Not Divided"	Dry	Dark - Lighted	Clear	Not a Collision Between Two Motor Vehicles in Transport	No	Traffic Control Signal	4	1	Complains Of Pain	NA	41.82529	-71.40895	FALSE	FALSE	"Memorial Boulevard and College Street, Providence, RI, USA"	FALSE	-71.4088081	41.8253077	intersection	geometric_center	"memorial blvd & college st, providence, ri 02903, usa"	NA	NA	NA	NA	41.8253077	-71.4088081	Med High	11.93483387
2385	2014-12-13	265254	15:17:00	Bicycle	NA	1	FALSE	FALSE	1	BROADWAY	KNIGHT ST	12/13/14	"Two-Way , Not Divided"	Dry	Daylight	Clear	Not a Collision Between Two Motor Vehicles in Transport	No	Traffic Control Signal	3	0	No Injury	2	41.8198	-71.42936	FALSE	FALSE	"Broadway and Knight Street, Providence, RI, USA"	FALSE	-71.4298401	41.8202496	route	geometric_center	"knight st, providence, ri, usa"	"Broadway & Knight Street, Providence, RI, USA"	Ei1Ccm9hZHdheSAmIEtuaWdodCBTdHJlZXQsIFByb3ZpZGVuY2UsIFJJLCBVU0EiZiJkChQKEgmvZYGEdUXkiRHAVmwJ-u4XKRIUChIJr2WBhHVF5IkRwFZsCfruFykaFAoSCaW15YZ1ReSJERrCM7HXpG-zGhQKEgkPqvF6dUXkiRGsZxyELkktfCIKDcQy7RgVV79s1Q	41.8198212	-71.4293417	41.8198212	-71.4293417	Med	2.806123126
2384	2014-12-14	265317	1:33:00	Pedestrian	1	NA	FALSE	FALSE	1	ELMWOOD AVE	RESERVOIR AVE	12/14/14	"Two-Way, Divided, Positive Median Barrier"	Dry	Dark - Lighted	Clear	Head-On (Front - to - Front)	"Yes, M/V and Driver Left Scene"	Traffic Control Signal	3	1	Fatal	NA	41.79785	-71.42611	FALSE	FALSE	"Elmwood Ave and Reservoir Ave, Providence, RI, USA"	FALSE	-71.4258248	41.7971616	intersection	geometric_center	"reservoir ave & elmwood ave, providence, ri 02907, usa"	NA	NA	NA	NA	41.7971616	-71.4258248	Med High	80.20420498
2383	2014-12-15	265481	19:48:00	Pedestrian	1	NA	FALSE	FALSE	1	POINT ST	RICHMOND ST	12/15/14	"Two-Way, Divided, Unprotected (painted>4feet) Medium"	Dry	Dark - Lighted	Clear	Not a Collision Between Two Motor Vehicles in Transport	No	Traffic Control Signal	2	1	Complains Of Pain	NA	41.81655	-71.40729	FALSE	FALSE	"Point Street and Richmond Street, Providence, RI, USA"	FALSE	-71.407245	41.8165589	intersection	geometric_center	"point st & richmond st, providence, ri 02903, usa"	NA	NA	NA	NA	41.8165589	-71.407245	Med High	3.86262727
2381	2014-12-16	265560	8:25:00	Pedestrian	1	NA	FALSE	FALSE	1	DOUGLAS AVE	DOUGLAS AVE	12/16/14	"Two-Way , Not Divided"	Dry	Daylight	Clear	Not a Collision Between Two Motor Vehicles in Transport	No	No Controls	2	1	Complains Of Pain	NA	41.84762	-71.43084	FALSE	FALSE	"Douglas Ave and Douglas Ave, Providence, RI, USA"	FALSE	-71.4649957	41.8715442	intersection	geometric_center	"douglas turnpike & douglas ave, north providence, ri 02904, usa"	NA	NA	NA	NA	41.8715442	-71.4649957	Med High	3887.406634
2382	2014-12-16	265641	20:04:00	Pedestrian	1	NA	FALSE	FALSE	1	Francis St	AMERICAN EXPRESS PLZ	12/16/14	"Two-Way , Not Divided"	Dry	Dark - Lighted	Clear	Not a Collision Between Two Motor Vehicles in Transport	No	Traffic Control Signal	7	1	Incapacitating	NA	41.82753	-71.41539	FALSE	FALSE	"Francis Street and American Express Plz, Providence, RI, USA"	FALSE	-71.4128343	41.8239891	locality	approximate	"providence, ri, usa"	NA	NA	NA	NA	41.8239891	-71.4128343	Med	447.5665304
2380	2014-12-17	265755	16:47:00	Pedestrian	1	NA	FALSE	FALSE	1	ATWELLS AVE	ACADEMY AVE	12/17/14	"Two-Way , Not Divided"	Dry	Dark - Lighted	Clear	Not a Collision Between Two Motor Vehicles in Transport	No	Traffic Control Signal	2	1	Complains Of Pain	NA	41.82478	-71.4434	FALSE	FALSE	"Atwells Ave and Academy Ave, Providence, RI, USA"	FALSE	-71.4435191	41.8247997	intersection	geometric_center	"atwells ave & academy ave, providence, ri 02909, usa"	NA	NA	NA	NA	41.8247997	-71.4435191	Med High	10.12026944
2377	2014-12-20	266142	12:40:00	Pedestrian	1	NA	FALSE	FALSE	1	100 FRANCIS STREET	NA	12/20/14	"Two-Way , Not Divided"	Dry	Daylight	Clear	Other	No	No Controls	5	1	Non-Incapacitating	4	41.82955	-71.41802	TRUE	TRUE	"100 Francis Street, Providence, RI, USA"	FALSE	-71.415882	41.8260966	street_address	rooftop	"100 francis st, providence, ri 02903, usa"	NA	NA	NA	NA	41.8260966	-71.415882	High	423.3662187
2378	2014-12-20	266150	16:28:00	Bicycle	NA	1	FALSE	FALSE	1	Valley St	DELAINE ST	12/20/14	"Two-Way , Not Divided"	Wet	Daylight	Clear	Angle (Front - to - Side) Right Angle (Includes Broadside)	No	Flashing Traffic Control Signal	3	0	No Injury	NA	41.81951	-71.4405	FALSE	FALSE	"Valley Street and Delaine Street, Providence, RI, USA"	FALSE	-71.4405034	41.8195248	intersection	geometric_center	"delaine st & valley st, providence, ri 02909, usa"	NA	NA	NA	NA	41.8195248	-71.4405034	Med High	1.671499787
2379	2014-12-20	266280	17:35:00	Pedestrian	1	NA	FALSE	FALSE	1	CRANSTON ST	HOLLIS ST	12/21/14	"Two-Way , Not Divided"	Snow	Dark - Lighted	Snow	Not a Collision Between Two Motor Vehicles in Transport	No	No Controls	2	1	Complains Of Pain	2	41.81099	-71.43206	FALSE	FALSE	"Cranston Street and Hollis Street, Providence, RI, USA"	FALSE	-71.4320632	41.8110018	intersection	geometric_center	"cranston st & hollis st, providence, ri 02907, usa"	NA	NA	NA	NA	41.8110018	-71.4320632	Med High	1.340134881
2375	2014-12-23	266641	15:45:00	Pedestrian	1	NA	FALSE	FALSE	1	Francis Street	MEMORIAL BLVD	12/23/14	"Two-Way , Not Divided"	Dry	Daylight	Clear	Not a Collision Between Two Motor Vehicles in Transport	"Yes, M/V and Driver Left Scene"	No Controls	1	1	Complains Of Pain	NA	41.82657	-71.41551	FALSE	FALSE	"Francis Street and Memorial Blvd, Providence, RI, USA"	FALSE	-71.4134258	41.8263996	route	geometric_center	"memorial blvd, providence, ri 02903, usa"	"Francis Street & Memorial Blvd, Providence, RI, USA"	EjNGcmFuY2lzIFN0cmVldCAmIE1lbW9yaWFsIEJsdmQsIFByb3ZpZGVuY2UsIFJJLCBVU0EiZiJkChQKEgkDtc6dEUXkiRFK7mftfMbegBIUChIJA7XOnRFF5IkRSu5n7XzG3oAaFAoSCeMKJVkQReSJEQnXa5JsDkKbGhQKEgn3LDO1FkXkiRGsznR5eOTavSIKDRwg7hgVW-Bu1Q	41.8258972	-71.4153893	41.8258972	-71.4153893	Med	75.56202898
2376	2014-12-23	266645	17:43:00	Pedestrian	1	NA	FALSE	FALSE	1	HOPE ST	LAURISTON ST	12/23/14	"Two-Way , Not Divided"	Wet	Dark - Lighted	Rain	Head-On (Front - to - Front)	No	Stop Signs	5	1	Non-Incapacitating	NA	41.84865	-71.39519	FALSE	FALSE	"Hope Street and Lauriston Street, Providence, RI, USA"	FALSE	-71.3952009	41.8486643	intersection	geometric_center	"hope st & lauriston st, providence, ri 02906, usa"	NA	NA	NA	NA	41.8486643	-71.3952009	Med High	1.830576288
2374	2014-12-25	266950	14:21:00	Pedestrian	1	NA	FALSE	FALSE	1	ROCHAMBEAU AVENUE	HOPE STREET	12/26/14	"Two-Way , Not Divided"	Dry	Daylight	Clear	Unknown	"Yes, M/V and Driver Left Scene"	Traffic Control Signal	2	0	No Injury	2	41.83349	-71.41682	FALSE	FALSE	"Rochambeau Avenue and Hope Street, Providence, RI, USA"	FALSE	-71.3960532	41.8469319	intersection	geometric_center	"hope st & rochambeau ave, providence, ri 02906, usa"	NA	NA	NA	NA	41.8469319	-71.3960532	Med High	2281.506217
2373	2014-12-26	267074	16:24:00	Bicycle	NA	1	FALSE	FALSE	1	Sprague St	HARRISON ST	12/27/14	"Two-Way , Not Divided"	Dry	Daylight	Clear	Not a Collision Between Two Motor Vehicles in Transport	"Yes, M/V and Driver Left Scene"	No Controls	1	1	Complains Of Pain	NA	41.80968	-71.42746	FALSE	FALSE	"Sprague Street and Harrison Street, Providence, RI, USA"	FALSE	-71.427292	41.809669	intersection	geometric_center	"harrison st & sprague st, providence, ri 02907, usa"	NA	NA	NA	NA	41.809669	-71.427292	Med High	13.99322463
2370	2014-12-29	267234	8:06:00	Pedestrian	1	NA	FALSE	FALSE	1	HOMER ST	BROAD ST	12/29/14	"Two-Way, Divided, Unprotected (painted>4feet) Medium"	Dry	Daylight	Clear	Not a Collision Between Two Motor Vehicles in Transport	"Yes, M/V and Driver Left Scene"	No Controls	1	1	Complains Of Pain	NA	41.78884	-71.40402	FALSE	FALSE	"Homer Street and Broad Street, Providence, RI, USA"	FALSE	-71.4040418	41.7888596	intersection	geometric_center	"homer st & broad st, providence, ri 02905, usa"	NA	NA	NA	NA	41.7888596	-71.4040418	Med High	2.834516795
2371	2014-12-29	267258	9:59:00	Pedestrian	1	NA	FALSE	FALSE	1	206 Elmwood Avenue	PLENTY STREET	12/29/14	"Two-Way , Not Divided"	Dry	Daylight	Clear	Not a Collision Between Two Motor Vehicles in Transport	No	Traffic Control Signal	4	1	Complains Of Pain	NA	41.80723	-71.42485	TRUE	FALSE	"206 Elmwood Avenue, Providence, RI, USA"	FALSE	-71.4237245	41.8076933	premise	rooftop	"206 elmwood ave, providence, ri 02907, usa"	NA	NA	NA	NA	41.8076933	-71.4237245	High	106.6844858
2372	2014-12-29	267275	12:27:00	Bicycle	NA	1	FALSE	FALSE	1	CHALKSTONE AVE	LISBON ST	12/29/14	"Two-Way , Not Divided"	Dry	Daylight	Cloudy	Other	No	Pavement Markings	3	0	No Injury	2	41.83366	-71.43561	FALSE	FALSE	"Chalkstone Ave and Lisbon Street, Providence, RI, USA"	FALSE	-71.4365256	41.833337	intersection	geometric_center	"chalkstone ave & lisbon st, providence, ri 02908, usa"	NA	NA	NA	NA	41.833337	-71.4365256	Med High	84.02424914
2369	2015-01-05	268346	11:30:00	Pedestrian	1	NA	FALSE	FALSE	1	BROADWAY	ALMY ST	1/5/15	"Two-Way , Not Divided"	Dry	Daylight	Clear	Other	"Yes, M/V and Driver Left Scene"	Traffic Control Signal	2	1	Complains Of Pain	NA	41.81896	-71.43294	FALSE	FALSE	"Broadway and Almy Street, Providence, RI, USA"	FALSE	-71.4332086	41.8196567	route	geometric_center	"almy st, providence, ri 02909, usa"	"Broadway & Almy Street, Providence, RI, USA"	EitCcm9hZHdheSAmIEFsbXkgU3RyZWV0LCBQcm92aWRlbmNlLCBSSSwgVVNBImYiZAoUChIJf2wiiJ5F5IkRjn4qkn9k29gSFAoSCX9sIoieReSJEY5-KpJ_ZNvYGhQKEgmlteWGdUXkiREawjOx16RvsxoUChIJ51EWjJ5F5IkRlA-oyGoufZoiCg2qEe0YFbcybNU	41.8189738	-71.4329417	41.8189738	-71.4329417	Med	1.542669349
2368	2015-01-13	269440	15:17:00	Pedestrian	1	NA	FALSE	FALSE	1	VALLEY ST	RILL ST	1/13/15	"Two-Way, Divided, Unprotected (painted>4feet) Medium"	Dry	Daylight	Clear	Not a Collision Between Two Motor Vehicles in Transport	No	No Controls	3	1	Complains Of Pain	NA	41.82661	-71.43815	FALSE	FALSE	"Valley Street and Rill Street, Providence, RI, USA"	FALSE	-71.4381265	41.8266456	intersection	geometric_center	"valley st & rill st, providence, ri 02908, usa"	NA	NA	NA	NA	41.8266456	-71.4381265	Med High	4.416465648
2367	2015-01-15	269721	17:45:00	Pedestrian	1	NA	FALSE	FALSE	1	North Main street	N MAIN ST	1/15/15	"Two-Way, Divided, Positive Median Barrier"	Wet	Dark - Lighted	Clear	Not a Collision Between Two Motor Vehicles in Transport	No	Traffic Control Signal	4	1	Complains Of Pain	NA	41.84199	-71.40798	FALSE	FALSE	"North Main Street and N Main Street, Providence, RI, USA"	FALSE	-71.700964	41.9595187	intersection	geometric_center	"n main st & pascoag main st, burrillville, ri 02859, usa"	NA	NA	NA	NA	41.9595187	-71.700964	Med High	27576.44497
2365	2015-01-21	270710	16:04:00	Pedestrian	2	NA	FALSE	FALSE	1	Atwells Avenue	MONGENAIS ST	1/21/15	"Two-Way , Not Divided"	Dry	Daylight	Clear	Not a Collision Between Two Motor Vehicles in Transport	No	Other	3	2	Complains Of Pain	2	41.82502	-71.44786	FALSE	FALSE	"Atwells Avenue and Mongenais Street, Providence, RI, USA"	FALSE	-71.4478498	41.8250356	intersection	geometric_center	"atwells ave & mongenais st, providence, ri 02909, usa"	NA	NA	NA	NA	41.8250356	-71.4478498	Med High	1.931749061
2366	2015-01-21	270730	23:45:00	Pedestrian	1	NA	FALSE	FALSE	1	MASHAPAUG ST	HUNTINGTON AVE	1/22/15	"Two-Way , Not Divided"	Dry	Dark - Lighted	Clear	Other	"Yes, M/V and Driver Left Scene"	No Controls	2	1	Non-Incapacitating	NA	41.80044	-71.42927	FALSE	FALSE	"Mashapaug Street and Huntington Ave, Providence, RI, USA"	FALSE	-71.4293744	41.7999436	intersection	geometric_center	"mashapaug st & huntington ave, providence, ri 02907, usa"	NA	NA	NA	NA	41.7999436	-71.4293744	Med High	55.93403689
2364	2015-01-23	270880	9:35:00	Pedestrian	1	NA	FALSE	FALSE	1	WATERMAN AVENUE	IVES STREET	1/23/15	"Two-Way , Not Divided"	Dry	Daylight	Clear	Other	No	Stop Signs	4	1	Non-Incapacitating	2	41.83285	-71.41687	FALSE	FALSE	"Waterman Avenue and Ives Street, Providence, RI, USA"	FALSE	-71.3929088	41.8277996	intersection	geometric_center	"ives st & waterman st, providence, ri 02906, usa"	NA	NA	NA	NA	41.8277996	-71.3929088	Med High	2065.489368
2361	2015-01-24	271002	2:14:00	Pedestrian	1	NA	FALSE	FALSE	1	Memorial Blvd	FRANCIS ST	1/24/15	"Two-Way, Divided, Positive Median Barrier"	Dry	Dark - Lighted	Cloudy	Other	"Yes, M/V and Driver Left Scene"	Traffic Control Signal	2	1	Incapacitating	6	41.82595	-71.41517	FALSE	FALSE	"Memorial Blvd and Francis Street, Providence, RI, USA"	FALSE	-71.4153098	41.8257791	intersection	geometric_center	"memorial blvd & francis st, providence, ri 02903, usa"	NA	NA	NA	NA	41.8257791	-71.4153098	Med High	22.28040589
2362	2015-01-24	271010	0:07:00	Pedestrian	1	NA	FALSE	FALSE	1	UNION ST	WASHINGTON ST	1/24/15	One-Way Trafficway	Dry	Dark - Lighted	Clear	Not a Collision Between Two Motor Vehicles in Transport	"Yes, M/V and Driver Left Scene"	No Controls	2	1	Complains Of Pain	NA	41.82373	-71.41417	FALSE	FALSE	"Union Street and Washington Street, Providence, RI, USA"	FALSE	-71.4128343	41.8239891	locality	approximate	"providence, ri, usa"	"Union Street & Washington Street, Providence, RI, USA"	EjVVbmlvbiBTdHJlZXQgJiBXYXNoaW5ndG9uIFN0cmVldCwgUHJvdmlkZW5jZSwgUkksIFVTQSJmImQKFAoSCXvJS8cTReSJEcVp0B49EFpXEhQKEgl7yUvHE0XkiRHFadAePRBaVxoUChIJc0CzlRNF5IkRkkTXyjBrnRAaFAoSCanazZwSReSJERoH0JajEjT2IgoN_cbtGBWuFm_V	41.8236157	-71.4139986	41.8236157	-71.4139986	Med	19.08042438
2363	2015-01-24	271231	23:36:00	Pedestrian	1	NA	FALSE	FALSE	1	CHALKSTONE AVE	ROSEBANK AVE	1/25/15	"Two-Way , Not Divided"	Slush	Dark - Lighted	Cloudy	Not a Collision Between Two Motor Vehicles in Transport	No	No Controls	3	1	Incapacitating	NA	41.83397	-71.43384	FALSE	FALSE	"Chalkstone Ave and Rosebank Ave, Providence, RI, USA"	FALSE	-71.4333511	41.8339277	intersection	geometric_center	"chalkstone ave & rosebank ave, providence, ri 02908, usa"	NA	NA	NA	NA	41.8339277	-71.4333511	Med High	40.8228431