row_number	crash_date	crash_report_id	crash_time	collision_type	count_pedestrian	count_bicycle	scooter	wheel_chair	number_of_vehicles	street_or_highway	nearest_intersection	report_date	type_of_roadway	road_surface_condition	light_condition	weather_condition	manner_of_impact	hit_and_run	traffic_control	person_count	injury_count	most_serious_injury	number_of_lanes	lat_raw	lon_raw	has_st_number	is_intersection_null	address_sent_to_geocoder	is_address_blank	lon_api_first_try	lat_api_first_try	type	loctype	address_returned_by_geocoder	address_returned_by_autocomplete	place_ids_autocompleted	lat_api_second_try	lon_api_second_try	lat_api_best	lon_api_best	api_coord_conf	distance_btwn_coords_meters
2360	2015-01-28	271575	10:26:00	Pedestrian	1	NA	FALSE	FALSE	1	70 HAROLD ST	ALLSTON ST	1/28/15	"Two-Way , Not Divided"	Snow	Daylight	Clear	Other	No	No Controls	3	0	No Injury	NA	41.8289	-71.43851	TRUE	FALSE	"70 Harold Street, Providence, RI, USA"	FALSE	-71.4387332	41.8287858	street_address	rooftop	"70 harold st, providence, ri 02908, usa"	NA	NA	NA	NA	41.8287858	-71.4387332	High	22.45853255
2358	2015-01-30	272202	2:51:00	Pedestrian	1	NA	FALSE	FALSE	1	71 bridgham street	KENDALL ST	1/30/15	Unknown	Wet	Dark - Lighted	Snow	Not a Collision Between Two Motor Vehicles in Transport	"Yes, M/V and Driver Left Scene"	No Controls	1	0	No Injury	NA	41.81297	-71.42611	TRUE	FALSE	"71 Bridgham Street, Providence, RI, USA"	FALSE	-71.425414	41.8131262	premise	rooftop	"71 bridgham st, providence, ri 02907, usa"	NA	NA	NA	NA	41.8131262	-71.425414	High	60.30758196
2359	2015-01-30	272461	17:36:00	Pedestrian	1	NA	FALSE	FALSE	1	HAWKINS ST	YORKSHIRE ST	1/30/15	"Two-Way , Not Divided"	Snow	Daylight	Snow	Not a Collision Between Two Motor Vehicles in Transport	"Yes, M/V and Driver Left Scene"	No Controls	1	1	Complains Of Pain	NA	41.8489	-71.42552	FALSE	FALSE	"Hawkins Street and Yorkshire Street, Providence, RI, USA"	FALSE	-71.4255153	41.848903	intersection	geometric_center	"yorkshire st & hawkins st, providence, ri 02908, usa"	NA	NA	NA	NA	41.848903	-71.4255153	Med High	0.513247279
2357	2015-02-02	272866	1:10:00	Pedestrian	1	NA	FALSE	FALSE	1	EUTAW ST	ATWELLS AVE	2/2/15	One-Way Trafficway	Dry	Dark - Lighted	Cloudy	Other	"Yes, M/V and Driver Left Scene"	No Controls	3	1	Complains Of Pain	1	41.82379	-71.42545	FALSE	FALSE	"Eutaw Street and Atwells Ave, Providence, RI, USA"	FALSE	-71.4263084	41.8235618	intersection	geometric_center	"eutaw st & atwells ave, providence, ri 02903, usa"	NA	NA	NA	NA	41.8235618	-71.4263084	Med High	75.60436718
2355	2015-02-04	273294	13:03:00	Pedestrian	1	NA	FALSE	FALSE	1	PENNSYLVANIA AVE	broad st	2/4/15	"Two-Way , Not Divided"	Snow	Daylight	Clear	Not a Collision Between Two Motor Vehicles in Transport	"Yes, M/V and Driver Left Scene"	No Controls	2	1	Complains Of Pain	NA	41.79747	-71.41358	FALSE	FALSE	"Pennsylvania Ave and Broad Street, Providence, RI, USA"	FALSE	-71.4101636	41.7945838	route	geometric_center	"broad st, providence, ri, usa"	"Pennsylvania Ave & Broad Street, Providence, RI, USA"	EjRQZW5uc3lsdmFuaWEgQXZlICYgQnJvYWQgU3RyZWV0LCBQcm92aWRlbmNlLCBSSSwgVVNBImYiZAoUChIJH-USE4lP5IkR2eJtH_oD4z4SFAoSCR_lEhOJT-SJEdnibR_6A-M-GhQKEglLqKh7iU_kiREAyDy9Y6daihoUChIJg9591YxP5IkRLKLKk5hLCKMiCg1YyekYFXUhb9U	41.7974616	-71.4137227	41.7974616	-71.4137227	Med	11.87943126
2356	2015-02-04	273321	12:53:00	Pedestrian	1	NA	FALSE	FALSE	1	N MAIN ST	N MAIN ST	2/4/15	"Two-Way, Divided, Positive Median Barrier"	Snow	Daylight	Clear	Other	No	No Controls	2	1	Complains Of Pain	NA	41.85566	-71.39994	FALSE	FALSE	"N Main Street and N Main Street, Providence, RI, USA"	FALSE	-71.2873641	41.7371398	route	geometric_center	"n main st, rhode island, usa"	"North Main Street & South Main Street, Providence, RI, USA"	EjpOb3J0aCBNYWluIFN0cmVldCAmIFNvdXRoIE1haW4gU3RyZWV0LCBQcm92aWRlbmNlLCBSSSwgVVNBImYiZAoUChIJD1urSRZF5IkRzGbOghZosXsSFAoSCQ9bq0kWReSJEcxmzoIWaLF7GhQKEgn5-kE93kTkiRFf162-DVwjPxoUChIJxfz7Uz5F5IkRx3FZv-YChPQiCg2TF-4YFdUHcNU	41.8256787	-71.4078251	41.8256787	-71.4078251	Med	3400.964696
2354	2015-02-06	273698	14:20:00	Pedestrian	2	NA	FALSE	FALSE	1	35 Camp St.	TERNAY GARDEN	2/7/15	One-Way Trafficway	Dry	Daylight	Clear	Not a Collision Between Two Motor Vehicles in Transport	No	No Controls	4	0	No Injury	NA	41.83737	-71.40436	TRUE	FALSE	"35 Camp St., Providence, RI, USA"	FALSE	-71.4034252	41.8374411	premise	rooftop	"35 camp st, providence, ri 02906, usa"	NA	NA	NA	NA	41.8374411	-71.4034252	High	77.93297567
2353	2015-02-09	274220	16:45:00	Pedestrian	1	NA	FALSE	FALSE	1	CROWNINSHIELD ST	IDA ST	2/9/15	"Two-Way , Not Divided"	Snow	Dusk	Snow	Not a Collision Between Two Motor Vehicles in Transport	No	No Controls	3	1	Non-Incapacitating	2	41.81774	-71.45765	FALSE	FALSE	"Crowninshield Street and Ida Street, Providence, RI, USA"	FALSE	-71.457573	41.81773	intersection	geometric_center	"crowninshield st & ida st, providence, ri 02909, usa"	NA	NA	NA	NA	41.81773	-71.457573	Med High	6.484420818
2352	2015-02-17	276090	7:15:00	Pedestrian	1	NA	FALSE	FALSE	1	hope street	OVERHILL RD	2/17/15	"Two-Way , Not Divided"	Slush	Daylight	Clear	Not a Collision Between Two Motor Vehicles in Transport	"Yes, M/V and Driver Left Scene"	No Controls	4	1	Complains Of Pain	2	41.8512	-71.39396	FALSE	FALSE	"Hope Street and Overhill Rd, Providence, RI, USA"	FALSE	-71.3939451	41.8512056	intersection	geometric_center	"hope st & overhill rd, providence, ri 02906, usa"	NA	NA	NA	NA	41.8512056	-71.3939451	Med High	1.383864814
2351	2015-02-19	276724	15:22:00	Pedestrian	1	NA	FALSE	FALSE	1	CHARLES ST	CHARLES ST	2/19/15	"Two-Way , Not Divided"	Slush	Daylight	Clear	Not a Collision Between Two Motor Vehicles in Transport	No	No Controls	2	1	Complains Of Pain	NA	41.85359	-71.42049	FALSE	FALSE	"Charles Street and Charles Street, Providence, RI, USA"	FALSE	-71.419539	41.8474982	route	geometric_center	"charles st, providence, ri, usa"	NA	NA	NA	NA	41.8474982	-71.419539	Med	682.7056664
2349	2015-02-24	277949	12:56:00	Pedestrian	1	NA	FALSE	FALSE	1	RESERVOIR AVE	RESERVOIR AVE EXIT	2/24/15	"Two-Way , Not Divided"	Wet	Daylight	Clear	Not a Collision Between Two Motor Vehicles in Transport	No	No Controls	4	1	Complains Of Pain	NA	41.78642	-71.43404	FALSE	FALSE	"Reservoir Ave and Reservoir Ave Exit, Providence, RI, USA"	FALSE	-71.4908711	41.943128	intersection	geometric_center	"reservoir rd & w reservoir rd, smithfield, ri 02917, usa"	NA	NA	NA	NA	41.943128	-71.4908711	Med High	18069.68104
2350	2015-02-24	278168	22:16:00	Pedestrian	1	NA	FALSE	FALSE	1	Union Ave	POCASSET AVE	2/25/15	"Two-Way , Not Divided"	Dry	Dark - Lighted	Cloudy	Other	No	Traffic Control Signal	3	1	Complains Of Pain	2	41.80639	-71.45716	FALSE	FALSE	"Union Ave and Pocasset Ave, Providence, RI, USA"	FALSE	-71.457112	41.8064114	intersection	geometric_center	"pocasset ave & union ave, providence, ri 02909, usa"	NA	NA	NA	NA	41.8064114	-71.457112	Med High	4.640990106
2345	2015-02-27	279215	8:18:00	Pedestrian	1	NA	FALSE	FALSE	1	CUSTOM HOUSE ST	DYER ST	2/28/15	"Two-Way, Divided, Positive Median Barrier"	Ice/Frost	Daylight	Clear	Not a Collision Between Two Motor Vehicles in Transport	No	Traffic Control Signal	3	1	Complains Of Pain	NA	41.8242	-71.40843	FALSE	FALSE	"Custom House Street and Dyer Street, Providence, RI, USA"	FALSE	-71.4084187	41.8242128	intersection	geometric_center	"dyer st & custom house st, providence, ri 02903, usa"	NA	NA	NA	NA	41.8242128	-71.4084187	Med High	1.705580702
2346	2015-02-27	279552	22:46:00	Pedestrian	1	NA	FALSE	FALSE	1	Pine St	CHESTNUT ST	3/2/15	One-Way Trafficway	Dry	Dark - Lighted	Clear	Other	No	Flashing Traffic Control Signal	2	1	Non-Incapacitating	1	41.81944	-71.41294	FALSE	FALSE	"Pine Street and Chestnut Street, Providence, RI, USA"	FALSE	-71.4108086	41.818517	route	geometric_center	"chestnut st, providence, ri, usa"	NA	NA	NA	NA	41.818517	-71.4108086	Med	204.5088035
2347	2015-02-27	279021	9:43:00	Pedestrian	1	NA	FALSE	FALSE	1	HOPE ST	BURLINGTON ST	2/27/15	"Two-Way , Not Divided"	Dry	Daylight	Clear	Other	No	No Controls	2	1	Complains Of Pain	NA	41.84798	-71.39552	FALSE	FALSE	"Hope Street and Burlington Street, Providence, RI, USA"	FALSE	-71.3955059	41.8480428	intersection	geometric_center	"hope st & burlington st, providence, ri 02906, usa"	NA	NA	NA	NA	41.8480428	-71.3955059	Med High	7.087966448
2348	2015-02-27	279029	12:30:00	Bicycle	NA	1	FALSE	FALSE	1	SMITH ST	SMITH ST	2/27/15	"Two-Way , Not Divided"	Dry	Daylight	Clear	Not a Collision Between Two Motor Vehicles in Transport	No	No Controls	3	0	No Injury	NA	41.83266	-71.4192	FALSE	FALSE	"Smith Street and Smith Street, Providence, RI, USA"	FALSE	-71.4433053	41.8418141	route	geometric_center	"smith st, providence, ri, usa"	NA	NA	NA	NA	41.8418141	-71.4433053	Med	2243.965549
2343	2015-02-28	279145	17:08:00	Pedestrian	2	NA	FALSE	FALSE	1	Point Street Bridge	POINT ST	2/28/15	"Two-Way , Not Divided"	Ice/Frost	Dusk	Clear	Not a Collision Between Two Motor Vehicles in Transport	No	No Controls	3	2	Complains Of Pain	2	41.81869	-71.40198	FALSE	FALSE	"Point Street Bridge and Point Street, Providence, RI, USA"	FALSE	-71.4029293	41.8182893	intersection	geometric_center	"point st & point st bridge, providence, ri 02903, usa"	NA	NA	NA	NA	41.8182893	-71.4029293	Med High	90.51054904
2344	2015-02-28	280569	21:35:00	Pedestrian	1	NA	FALSE	FALSE	1	Chalkstone Ave	Geneva St	3/6/15	"Two-Way , Not Divided"	Dry	Dark - Lighted	Clear	Not a Collision Between Two Motor Vehicles in Transport	"Yes, M/V and Driver Left Scene"	No Controls	1	1	Complains Of Pain	NA	41.83226	-71.44118	FALSE	FALSE	"Chalkstone Ave and Geneva Street, Providence, RI, USA"	FALSE	-71.4409323	41.832278	intersection	geometric_center	"chalkstone ave & geneva st, providence, ri 02908, usa"	NA	NA	NA	NA	41.832278	-71.4409323	Med High	20.64276029
2342	2015-03-02	279448	12:14:00	Pedestrian	1	NA	FALSE	FALSE	1	DEAN STREET	WASHINGTON STREET	3/2/15	"Two-Way , Not Divided"	Wet	Daylight	Clear	Other	No	Stop Signs	2	1	Complains Of Pain	2	41.83438	-71.41621	FALSE	FALSE	"Dean Street and Washington Street, Providence, RI, USA"	FALSE	-71.417553	41.821048	route	geometric_center	"washington st, providence, ri, usa"	"Dean Street & Washington Street, Providence, RI, USA"	EjREZWFuIFN0cmVldCAmIFdhc2hpbmd0b24gU3RyZWV0LCBQcm92aWRlbmNlLCBSSSwgVVNBImYiZAoUChIJxd5n_HJF5IkR0-x289HvkKESFAoSCcXeZ_xyReSJEdPsdvPR75ChGhQKEglbBmx-DEXkiRHItJ_foOdA5BoUChIJqdrNnBJF5IkRGgfQlqMSNPYiCg0wFu0YFTgPbtU	41.8190896	-71.4207432	41.8190896	-71.4207432	Med	1743.161896
2341	2015-03-08	281069	19:12:00	Pedestrian	1	NA	FALSE	FALSE	1	POINT ST	PLAIN ST	3/8/15	One-Way Trafficway	Wet	Dark - Lighted	Clear	Not a Collision Between Two Motor Vehicles in Transport	"Yes, M/V and Driver Left Scene"	Stop Signs	1	1	Complains Of Pain	3	41.81489	-71.41371	FALSE	FALSE	"Point Street and Plain Street, Providence, RI, USA"	FALSE	-71.4110619	41.8098238	route	geometric_center	"plain st, providence, ri, usa"	NA	NA	NA	NA	41.8098238	-71.4110619	Med	605.2539145
2340	2015-03-11	281554	15:11:00	Pedestrian	1	NA	FALSE	FALSE	1	Bellevue Ave	CRANSTON ST	3/11/15	"Two-Way , Not Divided"	Wet	Daylight	Clear	Not a Collision Between Two Motor Vehicles in Transport	No	No Controls	2	1	Complains Of Pain	2	41.80888	-71.43403	FALSE	FALSE	"Bellevue Ave and Cranston Street, Providence, RI, USA"	FALSE	-71.434059	41.8089239	intersection	geometric_center	"cranston st & bellevue ave, providence, ri 02907, usa"	NA	NA	NA	NA	41.8089239	-71.434059	Med High	5.447212959
2339	2015-03-15	282357	12:38:00	Pedestrian	1	NA	FALSE	FALSE	1	WESTMINSTER ST	STOKES ST	3/15/15	"Two-Way , Not Divided"	Dry	Daylight	Clear	Not a Collision Between Two Motor Vehicles in Transport	No	No Controls	4	1	Complains Of Pain	NA	41.81669	-71.44252	FALSE	FALSE	"Westminster Street and Stokes Street, Providence, RI, USA"	FALSE	-71.4428116	41.8167431	intersection	geometric_center	"westminster st & stokes st, providence, ri 02909, usa"	NA	NA	NA	NA	41.8167431	-71.4428116	Med High	24.90408048
2338	2015-03-16	282514	15:45:00	Bicycle	NA	1	FALSE	FALSE	1	30 Hartford Ave	OLNEYVILLE SQ	3/16/15	One-Way Trafficway	Dry	Daylight	Clear	Not a Collision Between Two Motor Vehicles in Transport	No	No Controls	2	1	Complains Of Pain	1	41.81673	-71.44431	TRUE	FALSE	"30 Hartford Ave, Providence, RI, USA"	FALSE	-71.4438611	41.8169508	street_address	rooftop	"30 hartford ave, providence, ri 02909, usa"	NA	NA	NA	NA	41.8169508	-71.4438611	High	44.62238749
2337	2015-03-18	282868	13:24:00	Bicycle	NA	1	FALSE	FALSE	1	ANGELL ST	BROOK ST	3/18/15	One-Way Trafficway	Dry	Daylight	Clear	"Sideswipe, Same Direction"	"Yes, M/V and Driver Left Scene"	No Controls	2	1	Complains Of Pain	NA	41.82823	-71.39929	FALSE	FALSE	"Angell Street and Brook Street, Providence, RI, USA"	FALSE	-71.3994627	41.8282166	intersection	geometric_center	"brook st & angell st, providence, ri 02906, usa"	NA	NA	NA	NA	41.8282166	-71.3994627	Med High	14.40282389
2336	2015-03-19	282968	6:59:00	Pedestrian	1	NA	FALSE	FALSE	1	BENEFIT STREET	POWER STREET	3/19/15	"Two-Way , Not Divided"	Dry	Daylight	Clear	Other	No	Stop Signs	4	1	Non-Incapacitating	2	41.83651	-71.4149	FALSE	FALSE	"Benefit Street and Power Street, Providence, RI, USA"	FALSE	-71.4039218	41.8228439	intersection	geometric_center	"benefit st & power st, providence, ri 02906, usa"	NA	NA	NA	NA	41.8228439	-71.4039218	Med High	1773.015317
2335	2015-03-23	283751	15:20:00	Pedestrian	1	NA	FALSE	FALSE	1	Jillson St	EDDY ST	3/23/15	"Two-Way, Divided, Unprotected (painted>4feet) Medium"	Dry	Daylight	Clear	Not a Collision Between Two Motor Vehicles in Transport	"Yes, M/V and Driver Left Scene"	Stop Signs	6	1	Complains Of Pain	NA	41.79133	-71.40391	FALSE	FALSE	"Jillson Street and Eddy Street, Providence, RI, USA"	FALSE	-71.4034455	41.7914259	intersection	geometric_center	"eddy st & jillson st, providence, ri 02905, usa"	NA	NA	NA	NA	41.7914259	-71.4034455	Med High	40.00297812
2334	2015-03-24	283806	10:07:00	Bicycle	NA	1	FALSE	FALSE	1	575 WICKENDEN STREET	NA	3/24/15	"Two-Way , Not Divided"	Dry	Daylight	Clear	Other	"Yes, M/V and Driver Left Scene"	No Controls	1	0	No Injury	2	41.83618	-71.41545	TRUE	TRUE	"575 Wickenden Street, Providence, RI, USA"	FALSE	-71.3915472	41.8199003	street_address	rooftop	"575 wickenden st, providence, ri 02903, usa"	NA	NA	NA	NA	41.8199003	-71.3915472	High	2686.16078
2332	2015-03-26	284120	8:41:00	Pedestrian	1	NA	FALSE	FALSE	1	201 SMITH STREET	FRAN CONWAY PLACE	3/26/15	"Two-Way , Not Divided"	Dry	Daylight	Cloudy	Other	No	No Controls	6	2	Fatal	NA	41.83476	-71.41637	TRUE	FALSE	"201 Smith Street, Providence, RI, USA"	FALSE	-71.4182709	41.8325036	premise	rooftop	"201 smith st, providence, ri 02908, usa"	NA	NA	NA	NA	41.8325036	-71.4182709	High	296.5643059
2333	2015-03-26	284250	18:14:00	Pedestrian	1	NA	FALSE	FALSE	1	51 Silver Spring St	CHATHAM ST	3/26/15	"Two-Way , Not Divided"	Wet	Dark - Lighted	Rain	Not a Collision Between Two Motor Vehicles in Transport	"Yes, M/V and Driver Left Scene"	No Controls	1	1	Complains Of Pain	2	41.84618	-71.41688	TRUE	FALSE	"51 Silver Spring Street, Providence, RI, USA"	FALSE	-71.4166633	41.8454522	premise	rooftop	"51 silver spring st, providence, ri 02904, usa"	NA	NA	NA	NA	41.8454522	-71.4166633	High	82.9873323
2331	2015-03-28	288241	20:07:00	Pedestrian	1	NA	FALSE	FALSE	1	BOWDOIN ST	ATWELLS AVE	4/21/15	"Two-Way , Not Divided"	Dry	Dark - Lighted	Clear	Not a Collision Between Two Motor Vehicles in Transport	"Yes, M/V and Driver Left Scene"	No Controls	3	1	Complains Of Pain	NA	41.82476	-71.44292	FALSE	FALSE	"Bowdoin Street and Atwells Ave, Providence, RI, USA"	FALSE	-71.4429258	41.8247702	intersection	geometric_center	"bowdoin st & atwells ave, providence, ri 02909, usa"	NA	NA	NA	NA	41.8247702	-71.4429258	Med High	1.233189145
2330	2015-03-29	284565	1:29:00	Pedestrian	1	NA	FALSE	FALSE	1	OAKLAND AVE	DICKENS ST	3/29/15	"Two-Way , Not Divided"	Wet	Dark - Lighted	Snow	Not a Collision Between Two Motor Vehicles in Transport	No	No Controls	2	1	Complains Of Pain	NA	41.83775	-71.42984	FALSE	FALSE	"Oakland Ave and Dickens Street, Providence, RI, USA"	FALSE	-71.4298897	41.8376537	intersection	geometric_center	"oakland ave & dickens st, providence, ri 02908, usa"	NA	NA	NA	NA	41.8376537	-71.4298897	Med High	11.48523102
2329	2015-04-01	285119	12:10:00	Pedestrian	1	1	FALSE	FALSE	2	1901 WESTMINSTER ST	BOUGH ST	4/1/15	"Two-Way, Divided, Unprotected (painted>4feet) Medium"	Dry	Daylight	Clear	Angle (Front - to - Side) Right Angle (Includes Broadside)	No	Pavement Markings	6	1	Complains Of Pain	3	41.8166	-71.44189	TRUE	FALSE	"1901 Westminster Street, Providence, RI, USA"	FALSE	-71.4418333	41.8168429	premise	rooftop	"1901 westminster st, providence, ri 02909, usa"	NA	NA	NA	NA	41.8168429	-71.4418333	High	27.44563991
2327	2015-04-02	285327	19:11:00	Bicycle	NA	1	TRUE	FALSE	1	DAVE GAVIT WAY	BASSETT ST	4/2/15	One-Way Trafficway	Dry	Dark - Lighted	Clear	Not a Collision Between Two Motor Vehicles in Transport	No	Stop Signs	2	1	Complains Of Pain	3	41.81603	-71.41286	FALSE	FALSE	"Dave Gavit Way and Bassett Street, Providence, RI, USA"	FALSE	-71.4115736	41.817488	route	geometric_center	"bassett st, providence, ri 02903, usa"	NA	NA	NA	NA	41.817488	-71.4115736	Med	194.249361
2328	2015-04-02	285661	17:42:00	Pedestrian	1	NA	FALSE	FALSE	1	LENOX AVE	EMERSON ST	4/5/15	"Two-Way , Not Divided"	Dry	Daylight	Clear	Other	"Yes, M/V and Driver Left Scene"	Stop Signs	1	1	Non-Incapacitating	NA	41.7979	-71.41604	FALSE	FALSE	"Lenox Ave and Emerson Street, Providence, RI, USA"	FALSE	-71.4160635	41.7979139	intersection	geometric_center	"lenox ave & emerson st, providence, ri 02907, usa"	NA	NA	NA	NA	41.7979139	-71.4160635	Med High	2.489514027
2326	2015-04-03	285445	18:18:00	Bicycle	NA	1	FALSE	FALSE	1	PITMAN ST	IVES ST	4/3/15	"Two-Way , Not Divided"	Wet	Daylight	Rain	Angle (Front - to - Side) Right Angle (Includes Broadside)	No	Stop Signs	2	1	Complains Of Pain	2	41.82635	-71.39276	FALSE	FALSE	"Pitman Street and Ives Street, Providence, RI, USA"	FALSE	-71.3926934	41.8263596	intersection	geometric_center	"ives st & pitman st, providence, ri 02906, usa"	NA	NA	NA	NA	41.8263596	-71.3926934	Med High	5.627005826
2322	2015-04-06	285754	11:01:00	Bicycle	NA	1	FALSE	FALSE	1	404 VALLEY STR	EAGLE ST	4/6/15	"Two-Way , Not Divided"	Dry	Daylight	Clear	Not a Collision Between Two Motor Vehicles in Transport	No	No Controls	2	1	Complains Of Pain	NA	41.82761	-71.43594	TRUE	FALSE	"404 Valley Str, Providence, RI, USA"	FALSE	-71.4366915	41.8278727	premise	rooftop	"404 valley st, providence, ri 02908, usa"	NA	NA	NA	NA	41.8278727	-71.4366915	High	68.8555666
2323	2015-04-06	285760	7:15:00	Pedestrian	1	NA	FALSE	FALSE	1	EXCHANGE ST	Fulton ST	4/6/15	"Two-Way , Not Divided"	Dry	Daylight	Clear	Not a Collision Between Two Motor Vehicles in Transport	No	Traffic Control Signal	3	0	No Injury	NA	41.82503	-71.4101	FALSE	FALSE	"Exchange Street and Fulton Street, Providence, RI, USA"	FALSE	-71.4106081	41.8253794	intersection	geometric_center	"exchange st & fulton st, providence, ri 02903, usa"	NA	NA	NA	NA	41.8253794	-71.4106081	Med High	57.35266391
2324	2015-04-06	285780	17:30:00	Pedestrian	1	NA	FALSE	FALSE	1	Westminster Street	MANTON AVE	4/6/15	"Two-Way , Not Divided"	Dry	Daylight	Clear	Not a Collision Between Two Motor Vehicles in Transport	No	No Controls	3	1	Complains Of Pain	NA	41.81676	-71.44314	FALSE	FALSE	"Westminster Street and Manton Ave, Providence, RI, USA"	FALSE	-71.4570108	41.8257711	route	geometric_center	"manton ave, providence, ri 02909, usa"	NA	NA	NA	NA	41.8257711	-71.4570108	Med	1526.546065
2325	2015-04-06	285817	20:44:00	Pedestrian	1	NA	FALSE	FALSE	1	BROAD ST	EDDY ST	4/6/15	"Two-Way , Not Divided"	Dry	Dark - Lighted	Clear	Not a Collision Between Two Motor Vehicles in Transport	No	No Controls	3	1	Complains Of Pain	NA	41.78674	-71.40225	FALSE	FALSE	"Broad Street and Eddy Street, Providence, RI, USA"	FALSE	-71.4072274	41.8059506	route	geometric_center	"eddy st, providence, ri, usa"	NA	NA	NA	NA	41.8059506	-71.4072274	Med	2178.044203
2320	2015-04-07	285992	16:03:00	Bicycle	NA	1	FALSE	FALSE	1	S MAIN ST	COLLEGE ST	4/7/15	One-Way Trafficway	Wet	Daylight	Rain	Other	No	Pavement Markings	2	1	Complains Of Pain	2	41.82624	-71.4083	FALSE	FALSE	"S Main Street and College Street, Providence, RI, USA"	FALSE	-71.4078251	41.8256787	intersection	geometric_center	"s main st & college st, providence, ri 02903, usa"	NA	NA	NA	NA	41.8256787	-71.4078251	Med High	73.86540529
2321	2015-04-07	286115	12:28:00	Bicycle	NA	NA	FALSE	FALSE	2	BROAD ST	CAHIR ST	4/8/15	"Two-Way , Not Divided"	Wet	Daylight	Rain	Not a Collision Between Two Motor Vehicles in Transport	"Yes, M/V and Driver Left Scene"	Traffic Control Signal	1	0	No Injury	2	41.81692	-71.41795	FALSE	FALSE	"Broad Street and Cahir Street, Providence, RI, USA"	FALSE	-71.4189877	41.8178471	route	geometric_center	"cahir st, providence, ri 02903, usa"	"Broad Street & Cahir Street, Providence, RI, USA"	EjBCcm9hZCBTdHJlZXQgJiBDYWhpciBTdHJlZXQsIFByb3ZpZGVuY2UsIFJJLCBVU0EiZiJkChQKEglxchb1bUXkiRHx6X_pfAz-ChIUChIJcXIW9W1F5IkR8el_6XwM_goaFAoSCYPefdWMT-SJESyiypOYSwijGhQKEgmx_OtuckXkiRFRWF6nVg1mziIKDXPC7BgVlX5u1Q	41.8169459	-71.4178923	41.8169459	-71.4178923	Med	5.588231095
2319	2015-04-08	286083	7:56:00	Pedestrian	1	NA	FALSE	FALSE	1	WASHINGTON STREET	MATHEWSON STREET	4/8/15	"Two-Way , Not Divided"	Dry	Daylight	Cloudy	Unknown	"Yes, M/V and Driver Left Scene"	No Controls	2	0	No Injury	2	41.83713	-71.41435	FALSE	FALSE	"Washington Street and Mathewson Street, Providence, RI, USA"	FALSE	-71.4147864	41.8230454	intersection	geometric_center	"mathewson st & washington st, providence, ri 02903, usa"	NA	NA	NA	NA	41.8230454	-71.4147864	Med High	1568.308299
2318	2015-04-11	286428	13:08:00	Pedestrian	1	NA	FALSE	FALSE	1	15 CAROLINA AVENUE	NA	4/11/15	"Two-Way , Not Divided"	Dry	Daylight	Clear	Unknown	"Yes, M/V and Driver Left Scene"	No Controls	1	1	Non-Incapacitating	2	41.83203	-71.41752	TRUE	TRUE	"15 Carolina Avenue, Providence, RI, USA"	FALSE	-71.3936625	41.7921903	street_address	range_interpolated	"15 carolina ave, providence, ri 02905, usa"	NA	NA	NA	NA	41.7921903	-71.3936625	High	4856.63759
2316	2015-04-15	287457	7:23:00	Pedestrian	1	NA	FALSE	FALSE	1	BROAD ST	THURBERS AVE	4/15/15	"Two-Way, Divided, Unprotected (painted>4feet) Medium"	Dry	Daylight	Clear	Not a Collision Between Two Motor Vehicles in Transport	No	Traffic Control Signal	5	1	Complains Of Pain	NA	41.7982	-71.41467	FALSE	FALSE	"Broad Street and Thurbers Ave, Providence, RI, USA"	FALSE	-71.4072534	41.7996465	route	geometric_center	"thurbers ave, providence, ri 02905, usa"	"Broad Street & Thurbers Ave, Providence, RI, USA"	EjBCcm9hZCBTdHJlZXQgJiBUaHVyYmVycyBBdmUsIFByb3ZpZGVuY2UsIFJJLCBVU0EiZiJkChQKEgnVbsoGiU_kiRFIi3UXtPpeWRIUChIJ1W7KBolP5IkRSIt1F7T6XlkaFAoSCYPefdWMT-SJESyiypOYSwijGhQKEgkroyggYEXkiRGzStN47BclxSIKDUjm6RgVr_xu1Q	41.7982024	-71.4146641	41.7982024	-71.4146641	Med	0.557778445
2317	2015-04-15	287502	12:35:00	Bicycle	NA	1	FALSE	FALSE	1	ASHBURTON ST	CHARLES ST	4/15/15	One-Way Trafficway	Dry	Daylight	Clear	Not a Collision Between Two Motor Vehicles in Transport	No	No Controls	2	1	Complains Of Pain	NA	41.83897	-71.41564	FALSE	FALSE	"Ashburton Street and Charles Street, Providence, RI, USA"	FALSE	-71.4161424	41.8393902	intersection	geometric_center	"ashburton st & charles st, providence, ri 02904, usa"	NA	NA	NA	NA	41.8393902	-71.4161424	Med High	62.64301778
2315	2015-04-18	287878	23:37:00	Pedestrian	1	NA	FALSE	FALSE	1	MEETING ST	THAYER ST	4/19/15	One-Way Trafficway	Dry	Dark - Lighted	Clear	Other	"Yes, Driver Left Scene"	No Controls	1	1	Complains Of Pain	NA	41.82916	-71.40084	FALSE	FALSE	"Meeting Street and Thayer Street, Providence, RI, USA"	FALSE	-71.4007664	41.8291611	intersection	geometric_center	"thayer st & meeting st, providence, ri 02906, usa"	NA	NA	NA	NA	41.8291611	-71.4007664	Med High	6.106218015