row_number	crash_date	crash_report_id	crash_time	collision_type	count_pedestrian	count_bicycle	scooter	wheel_chair	number_of_vehicles	street_or_highway	nearest_intersection	report_date	type_of_roadway	road_surface_condition	light_condition	weather_condition	manner_of_impact	hit_and_run	traffic_control	person_count	injury_count	most_serious_injury	number_of_lanes	lat_raw	lon_raw	has_st_number	is_intersection_null	address_sent_to_geocoder	is_address_blank	lon_api_first_try	lat_api_first_try	type	loctype	address_returned_by_geocoder	address_returned_by_autocomplete	place_ids_autocompleted	lat_api_second_try	lon_api_second_try	lat_api_best	lon_api_best	api_coord_conf	distance_btwn_coords_meters
2135	2015-10-28	326550	21:03:00	Pedestrian	1	NA	FALSE	FALSE	1	ADMIRAL ST	DOUGLAS AVE	10/28/15	"Two-Way , Not Divided"	Wet	Dark - Lighted	Rain	Not a Collision Between Two Motor Vehicles in Transport	No	Traffic Control Signal	3	1	Complains Of Pain	NA	41.84605	-71.429	FALSE	FALSE	"Admiral Street and Douglas Ave, Providence, RI, USA"	FALSE	-71.4289636	41.8460618	intersection	geometric_center	"admiral st & douglas ave, providence, ri 02908, usa"	NA	NA	NA	NA	41.8460618	-71.4289636	Med High	3.291947996
2132	2015-10-29	326998	18:09:00	Pedestrian	1	NA	FALSE	FALSE	1	N MAIN ST	N MAIN ST	10/29/15	"Two-Way , Not Divided"	Dry	Dark - Lighted	Clear	Not a Collision Between Two Motor Vehicles in Transport	"Yes, M/V and Driver Left Scene"	No Controls	1	1	Non-Incapacitating	NA	41.83924	-71.40903	FALSE	FALSE	"N Main Street and N Main Street, Providence, RI, USA"	FALSE	-71.2873641	41.7371398	route	geometric_center	"n main st, rhode island, usa"	"North Main Street & South Main Street, Providence, RI, USA"	EjpOb3J0aCBNYWluIFN0cmVldCAmIFNvdXRoIE1haW4gU3RyZWV0LCBQcm92aWRlbmNlLCBSSSwgVVNBImYiZAoUChIJD1urSRZF5IkRzGbOghZosXsSFAoSCQ9bq0kWReSJEcxmzoIWaLF7GhQKEgn5-kE93kTkiRFf162-DVwjPxoUChIJxfz7Uz5F5IkRx3FZv-YChPQiCg2TF-4YFdUHcNU	41.8256787	-71.4078251	41.8256787	-71.4078251	Med	1512.941421
2130	2015-10-30	327090	8:39:00	Pedestrian	2	NA	FALSE	FALSE	1	CRANSTON ST	BRIDGHAM ST	10/30/15	"Two-Way, Divided, Unprotected (painted>4feet) Medium"	Dry	Daylight	Clear	Not a Collision Between Two Motor Vehicles in Transport	No	Traffic Control Signal	5	2	Complains Of Pain	NA	41.81396	-71.42694	FALSE	FALSE	"Cranston Street and Bridgham Street, Providence, RI, USA"	FALSE	-71.426947	41.8139796	intersection	geometric_center	"cranston st & bridgham st, providence, ri 02907, usa"	NA	NA	NA	NA	41.8139796	-71.426947	Med High	2.257835677
2131	2015-10-30	327156	13:34:00	Bicycle	NA	1	FALSE	FALSE	1	Broadway	KNIGHT ST	10/30/15	"Two-Way , Not Divided"	Dry	Daylight	Clear	Not a Collision Between Two Motor Vehicles in Transport	"Yes, M/V and Driver Left Scene"	Traffic Control Signal	2	1	Complains Of Pain	2	41.8198	-71.42936	FALSE	FALSE	"Broadway and Knight Street, Providence, RI, USA"	FALSE	-71.4298401	41.8202496	route	geometric_center	"knight st, providence, ri, usa"	"Broadway & Knight Street, Providence, RI, USA"	Ei1Ccm9hZHdheSAmIEtuaWdodCBTdHJlZXQsIFByb3ZpZGVuY2UsIFJJLCBVU0EiZiJkChQKEgmvZYGEdUXkiRHAVmwJ-u4XKRIUChIJr2WBhHVF5IkRwFZsCfruFykaFAoSCaW15YZ1ReSJERrCM7HXpG-zGhQKEgkPqvF6dUXkiRGsZxyELkktfCIKDcQy7RgVV79s1Q	41.8198212	-71.4293417	41.8198212	-71.4293417	Med	2.806123126
2128	2015-10-31	327416	14:08:00	Pedestrian	1	NA	FALSE	FALSE	1	10 LEAH ST	ATWELLS AVE	10/31/15	"Two-Way , Not Divided"	Dry	Daylight	Clear	Not a Collision Between Two Motor Vehicles in Transport	No	No Controls	3	1	Complains Of Pain	2	41.82559	-71.45148	TRUE	FALSE	"10 Leah Street, Providence, RI, USA"	FALSE	-71.4516554	41.825595	premise	rooftop	"10 leah st, providence, ri 02908, usa"	NA	NA	NA	NA	41.825595	-71.4516554	High	14.56057354
2129	2015-10-31	327547	22:01:00	Bicycle	NA	1	FALSE	FALSE	1	GORDON AVE	OXFORD ST	10/31/15	"Two-Way , Not Divided"	Dry	Dark - Lighted	Clear	Not a Collision Between Two Motor Vehicles in Transport	"Yes, M/V and Driver Left Scene"	No Controls	1	1	Non-Incapacitating	2	41.80116	-71.41466	FALSE	FALSE	"Gordon Ave and Oxford Street, Providence, RI, USA"	FALSE	-71.4146861	41.8012529	intersection	geometric_center	"oxford st & gordon ave, providence, ri 02905, usa"	NA	NA	NA	NA	41.8012529	-71.4146861	Med High	10.56595421
2127	2015-11-02	328278	21:32:00	Pedestrian	1	NA	FALSE	FALSE	1	295 ACADEMY AVE	CHALKSTONE AVE	11/2/15	"Two-Way , Not Divided"	Dry	Dark - Lighted	Clear	Other	No	No Controls	3	0	No Injury	NA	41.83277	-71.44449	TRUE	FALSE	"295 Academy Ave, Providence, RI, USA"	FALSE	-71.4441354	41.8330129	premise	rooftop	"295 academy ave, providence, ri 02908, usa"	NA	NA	NA	NA	41.8330129	-71.4441354	High	39.95227961
2125	2015-11-03	328418	8:19:00	Pedestrian	1	NA	FALSE	FALSE	1	1481 BROAD ST	FRICKER ST	11/3/15	One-Way Trafficway	Dry	Daylight	Clear	Head-On (Front - to - Front)	No	No Controls	2	1	Complains Of Pain	NA	41.81528	-71.42066	TRUE	FALSE	"1481 Broad Street, Providence, RI, USA"	FALSE	-71.4027013	41.7863857	premise	rooftop	"1481 broad st, providence, ri 02905, usa"	NA	NA	NA	NA	41.7863857	-71.4027013	High	3544.977091
2126	2015-11-03	328542	18:15:00	Bicycle	NA	1	FALSE	FALSE	1	RESERVOIR AVE	ELMWOOD AVE	11/3/15	Unknown	Dry	Dark - Lighted	Clear	Angle (Front - to - Side) Right Angle (Includes Broadside)	No	Traffic Control Signal	3	0	No Injury	NA	41.79765	-71.42608	FALSE	FALSE	"Reservoir Ave and Elmwood Ave, Providence, RI, USA"	FALSE	-71.4258248	41.7971616	intersection	geometric_center	"reservoir ave & elmwood ave, providence, ri 02907, usa"	NA	NA	NA	NA	41.7971616	-71.4258248	Med High	58.34785716
2124	2015-11-04	329258	20:00:00	Pedestrian	1	NA	FALSE	FALSE	1	200 UNION AVENUE	CUMERFORD ST	11/5/15	"Two-Way , Not Divided"	Dry	Dark - Lighted	Clear	Angle (Front - to - Side) Same Direction	No	No Controls	2	1	Complains Of Pain	NA	41.8079	-71.44345	TRUE	FALSE	"200 Union Avenue, Providence, RI, USA"	FALSE	-71.4433639	41.8077864	premise	rooftop	"200 union ave, providence, ri 02909, usa"	NA	NA	NA	NA	41.8077864	-71.4433639	High	14.5244115
2121	2015-11-05	329218	8:15:00	Pedestrian	1	NA	FALSE	FALSE	1	EXCHANGE TER	FRANCIS ST	11/5/15	One-Way Trafficway	Dry	Daylight	Clear	Not a Collision Between Two Motor Vehicles in Transport	No	No Controls	2	1	Complains Of Pain	NA	41.82502	-71.41483	FALSE	FALSE	"Exchange Ter and Francis Street, Providence, RI, USA"	FALSE	-71.4148047	41.8250247	intersection	geometric_center	"exchange terrace & francis st, providence, ri 02903, usa"	NA	NA	NA	NA	41.8250247	-71.4148047	Med High	2.162958794
2122	2015-11-05	329255	7:08:00	Pedestrian	1	NA	FALSE	FALSE	1	COMMON STREET	SMITH ST	11/5/15	One-Way Trafficway	Dry	Daylight	Clear	Not a Collision Between Two Motor Vehicles in Transport	No	Stop Signs	2	1	Complains Of Pain	1	41.83266	-71.4192	FALSE	FALSE	"Common Street and Smith Street, Providence, RI, USA"	FALSE	-71.4191626	41.8326567	intersection	geometric_center	"common st & smith st, providence, ri 02908, usa"	NA	NA	NA	NA	41.8326567	-71.4191626	Med High	3.123770055
2123	2015-11-05	329485	18:42:00	Pedestrian	1	NA	FALSE	FALSE	1	POTTERS AVE	BROAD ST	11/5/15	"Two-Way , Not Divided"	Dry	Dark - Lighted	Cloudy	Not a Collision Between Two Motor Vehicles in Transport	No	No Controls	2	1	Complains Of Pain	NA	41.80302	-71.4187	FALSE	FALSE	"Potters Ave and Broad Street, Providence, RI, USA"	FALSE	-71.4189101	41.802993	intersection	geometric_center	"potters ave & broad st, providence, ri 02905, usa"	NA	NA	NA	NA	41.802993	-71.4189101	Med High	17.69172286
2118	2015-11-06	329620	9:48:00	Pedestrian	1	NA	FALSE	FALSE	1	FRANCIS ST	MEMORIAL BLVD	11/6/15	"Two-Way, Divided, Unprotected (painted>4feet) Medium"	Wet	Daylight	Clear	Not a Collision Between Two Motor Vehicles in Transport	No	No Controls	1	1	Complains Of Pain	NA	41.82609	-71.41543	FALSE	FALSE	"Francis Street and Memorial Blvd, Providence, RI, USA"	FALSE	-71.4134258	41.8263996	route	geometric_center	"memorial blvd, providence, ri 02903, usa"	"Francis Street & Memorial Blvd, Providence, RI, USA"	EjNGcmFuY2lzIFN0cmVldCAmIE1lbW9yaWFsIEJsdmQsIFByb3ZpZGVuY2UsIFJJLCBVU0EiZiJkChQKEgkDtc6dEUXkiRFK7mftfMbegBIUChIJA7XOnRFF5IkRSu5n7XzG3oAaFAoSCeMKJVkQReSJEQnXa5JsDkKbGhQKEgn3LDO1FkXkiRGsznR5eOTavSIKDRwg7hgVW-Bu1Q	41.8258972	-71.4153893	41.8258972	-71.4153893	Med	21.72631994
2119	2015-11-06	329633	14:49:00	Pedestrian	1	NA	FALSE	FALSE	1	BRANCH AVE	W RIVER ST	11/6/15	Unknown	Dry	Daylight	Clear	Not a Collision Between Two Motor Vehicles in Transport	No	No Controls	3	1	Complains Of Pain	NA	41.84704	-71.41299	FALSE	FALSE	"Branch Ave and W River Street, Providence, RI, USA"	FALSE	-71.4126689	41.8468987	intersection	geometric_center	"w river st & branch ave, providence, ri 02904, usa"	NA	NA	NA	NA	41.8468987	-71.4126689	Med High	30.92615043
2120	2015-11-06	329688	18:01:00	Pedestrian	1	NA	FALSE	FALSE	1	CANTON ST	CHALKSTONE AVE	11/6/15	"Two-Way , Not Divided"	Dry	Dark - Lighted	Clear	Not a Collision Between Two Motor Vehicles in Transport	No	No Controls	2	1	Incapacitating	NA	41.83213	-71.44247	FALSE	FALSE	"Canton Street and Chalkstone Ave, Providence, RI, USA"	FALSE	-71.4425118	41.8323096	intersection	geometric_center	"canton st & chalkstone ave, providence, ri 02908, usa"	NA	NA	NA	NA	41.8323096	-71.4425118	Med High	20.29137376
2117	2015-11-09	330284	17:53:00	Bicycle	NA	1	FALSE	FALSE	1	BROAD ST	CENTRAL ST	11/9/15	"Two-Way , Not Divided"	Dry	Dusk	Clear	Not a Collision Between Two Motor Vehicles in Transport	No	No Controls	3	0	No Injury	NA	41.81319	-71.42192	FALSE	FALSE	"Broad Street and Central Street, Providence, RI, USA"	FALSE	-71.3870525	41.8858281	intersection	geometric_center	"broad st & central st, central falls, ri 02863, usa"	NA	NA	NA	NA	41.8858281	-71.3870525	Med High	8587.401708
2116	2015-11-10	330374	15:18:00	Pedestrian	1	NA	FALSE	FALSE	1	GEORGE ST	BROOK ST	11/10/15	"Two-Way , Not Divided"	Wet	Daylight	Rain	Not a Collision Between Two Motor Vehicles in Transport	"Yes, M/V and Driver Left Scene"	Stop Signs	1	0	No Injury	2	41.82561	-71.39906	FALSE	FALSE	"George Street and Brook Street, Providence, RI, USA"	FALSE	-71.3989869	41.825126	route	geometric_center	"brook st, providence, ri, usa"	"George Street & Brook Street, Providence, RI, USA"	EjFHZW9yZ2UgU3RyZWV0ICYgQnJvb2sgU3RyZWV0LCBQcm92aWRlbmNlLCBSSSwgVVNBImYiZAoUChIJj8XBaztF5IkRXiCnKg8LB84SFAoSCY_FwWs7ReSJEV4gpyoPCwfOGhQKEgnH6iRjO0XkiRGyZ442LkmUZRoUChIJm2Z9cjtF5IkRdYaHIRB4AGgiCg3oFe4YFURecdU	41.825636	-71.3990588	41.825636	-71.3990588	Med	2.896018044
2115	2015-11-11	330544	15:40:00	Bicycle	NA	1	FALSE	FALSE	1	DOUGLAS AVE	LANCASHIRE ST	11/11/15	"Two-Way, Divided, Unprotected (painted>4feet) Medium"	Wet	Daylight	Rain	Not a Collision Between Two Motor Vehicles in Transport	No	No Controls	2	0	No Injury	NA	41.8488	-71.43218	FALSE	FALSE	"Douglas Ave and Lancashire Street, Providence, RI, USA"	FALSE	-71.4323426	41.84894	intersection	geometric_center	"lancashire st & douglas ave, providence, ri 02908, usa"	NA	NA	NA	NA	41.84894	-71.4323426	Med High	20.6077959
2113	2015-11-12	330650	9:45:00	Bicycle	NA	1	FALSE	FALSE	1	WATERMAN ST	HOPE ST	11/12/15	"Two-Way, Divided, Unprotected (painted>4feet) Medium"	Dry	Daylight	Clear	Rear End(Front-to-Rear)	No	No Controls	3	1	Complains Of Pain	NA	41.82758	-71.39723	FALSE	FALSE	"Waterman Street and Hope Street, Providence, RI, USA"	FALSE	-71.3972305	41.8276014	intersection	geometric_center	"hope st & waterman st, providence, ri 02906, usa"	NA	NA	NA	NA	41.8276014	-71.3972305	Med High	2.382598122
2114	2015-11-12	330759	16:17:00	Pedestrian	4	NA	FALSE	FALSE	1	ANGELL ST	ARLINGTON AVE	11/12/15	One-Way Trafficway	Wet	Dusk	Rain	Not a Collision Between Two Motor Vehicles in Transport	"Yes, M/V and Driver Left Scene"	Stop Signs	7	4	Non-Incapacitating	NA	41.82937	-71.39217	FALSE	FALSE	"Angell Street and Arlington Ave, Providence, RI, USA"	FALSE	-71.3921469	41.8293632	intersection	geometric_center	"arlington ave & angell st, providence, ri 02906, usa"	NA	NA	NA	NA	41.8293632	-71.3921469	Med High	2.060203679
2110	2015-11-13	330967	17:35:00	Pedestrian	1	NA	FALSE	FALSE	1	BROAD ST	EARLY ST	11/13/15	"Two-Way , Not Divided"	Dry	Dark - Lighted	Cloudy	Not a Collision Between Two Motor Vehicles in Transport	No	No Controls	4	1	Complains Of Pain	NA	41.79533	-71.41111	FALSE	FALSE	"Broad Street and Early Street, Providence, RI, USA"	FALSE	-71.4132727	41.7947406	route	geometric_center	"early st, providence, ri, usa"	"Broad Street & Early Street, Providence, RI, USA"	EjBCcm9hZCBTdHJlZXQgJiBFYXJseSBTdHJlZXQsIFByb3ZpZGVuY2UsIFJJLCBVU0EiZiJkChQKEgmXU933i0_kiREGVbKb8h8HNxIUChIJl1Pd94tP5IkRBlWym_IfBzcaFAoSCYPefdWMT-SJESyiypOYSwijGhQKEgnvKWa8jk_kiRGRtjQvItEbESIKDWN86RgVooBv1Q	41.7954915	-71.4112862	41.7954915	-71.4112862	Med	23.17432732
2111	2015-11-13	332449	13:33:00	Bicycle	NA	1	FALSE	FALSE	1	Hartford Ave	Plainfield St	11/18/15	Unknown	Dry	Daylight	Clear	Other	No	No Controls	2	1	Complains Of Pain	NA	41.8168	-71.44494	FALSE	FALSE	"Hartford Ave and Plainfield Street, Providence, RI, USA"	FALSE	-71.4439262	41.8166626	intersection	geometric_center	"plainfield st & hartford ave, providence, ri 02909, usa"	NA	NA	NA	NA	41.8166626	-71.4439262	Med High	85.48866241
2112	2015-11-13	375280	8:16:00	Pedestrian	1	NA	FALSE	FALSE	1	BRANCH AVE	CHARLES ST	4/4/16	"Two-Way, Divided, Unprotected (painted>4feet) Medium"	Dry	Daylight	Clear	Other	"Yes, M/V and Driver Left Scene"	Traffic Control Signal	1	1	Complains Of Pain	NA	41.85029	-71.42004	FALSE	FALSE	"Branch Ave and Charles Street, Providence, RI, USA"	FALSE	-71.419991	41.8503047	intersection	geometric_center	"charles st & branch ave, providence, ri 02904, usa"	NA	NA	NA	NA	41.8503047	-71.419991	Med High	4.380268002
2109	2015-11-15	331337	16:34:00	Pedestrian	1	NA	FALSE	FALSE	1	593 EDDY ST	NA	11/15/15	"Two-Way , Not Divided"	Dry	Dark - Lighted	Clear	Not a Collision Between Two Motor Vehicles in Transport	No	No Controls	4	1	Complains Of Pain	NA	41.81124	-71.40713	TRUE	TRUE	"593 Eddy Street, Providence, RI, USA"	FALSE	-71.4090636	41.8107889	premise	rooftop	"593 eddy st, providence, ri 02903, usa"	NA	NA	NA	NA	41.8107889	-71.4090636	High	168.1094574
2106	2015-11-16	331477	9:38:00	Bicycle	NA	1	FALSE	FALSE	1	ROCHAMBEAU AVE	HOPE ST	11/16/15	"Two-Way , Not Divided"	Dry	Daylight	Clear	Not a Collision Between Two Motor Vehicles in Transport	No	Traffic Control Signal	4	1	Complains Of Pain	NA	41.84691	-71.39603	FALSE	FALSE	"Rochambeau Ave and Hope Street, Providence, RI, USA"	FALSE	-71.3960532	41.8469319	intersection	geometric_center	"hope st & rochambeau ave, providence, ri 02906, usa"	NA	NA	NA	NA	41.8469319	-71.3960532	Med High	3.10557528
2107	2015-11-16	332082	20:29:00	Pedestrian	1	NA	FALSE	FALSE	1	WESTMINSTER ST	BRIDGHAM ST	11/16/15	"Two-Way , Not Divided"	Dry	Dark - Lighted	Clear	Not a Collision Between Two Motor Vehicles in Transport	No	Traffic Control Signal	6	1	Complains Of Pain	2	41.8169	-71.42854	FALSE	FALSE	"Westminster Street and Bridgham Street, Providence, RI, USA"	FALSE	-71.4284038	41.8169384	intersection	geometric_center	"bridgham st & westminster st, providence, ri 02909, usa"	NA	NA	NA	NA	41.8169384	-71.4284038	Med High	12.0812346
2108	2015-11-16	332085	18:14:00	Pedestrian	1	NA	FALSE	FALSE	1	ALLENS AVE	CHAPMAN ST	11/16/15	"Two-Way , Not Divided"	Dry	Dark - Lighted	Clear	Other	No	No Controls	2	1	Complains Of Pain	NA	41.7934	-71.39745	FALSE	FALSE	"Allens Ave and Chapman Street, Providence, RI, USA"	FALSE	-71.3973889	41.7932522	intersection	geometric_center	"allens ave & chapman st, providence, ri 02905, usa"	NA	NA	NA	NA	41.7932522	-71.3973889	Med High	17.21675522
2105	2015-11-17	332315	15:00:00	Pedestrian	1	NA	FALSE	FALSE	1	ADMIRAL ST	ADMIRAL ST	11/17/15	One-Way Trafficway	Dry	Daylight	Clear	Not a Collision Between Two Motor Vehicles in Transport	No	No Controls	3	0	No Injury	NA	41.84083	-71.41768	FALSE	FALSE	"Admiral Street and Admiral Street, Providence, RI, USA"	FALSE	-71.4310569	41.846452	route	geometric_center	"admiral st, providence, ri, usa"	NA	NA	NA	NA	41.846452	-71.4310569	Med	1273.698129
2103	2015-11-19	332626	13:43:00	Bicycle	NA	1	FALSE	FALSE	1	SMITH ST	PINEHURST AVE	11/19/15	"Two-Way, Divided, Unprotected (painted>4feet) Medium"	Dry	Daylight	Clear	Not a Collision Between Two Motor Vehicles in Transport	"Yes, M/V and Driver Left Scene"	No Controls	1	1	Complains Of Pain	NA	41.83711	-71.43247	FALSE	FALSE	"Smith Street and Pinehurst Ave, Providence, RI, USA"	FALSE	-71.4328469	41.8372933	intersection	geometric_center	"smith st & pinehurst ave, providence, ri 02908, usa"	NA	NA	NA	NA	41.8372933	-71.4328469	Med High	37.32961173
2104	2015-11-19	332632	14:40:00	Bicycle	NA	1	FALSE	FALSE	1	VALLEY ST	DELAINE ST	11/19/15	"Two-Way, Divided, Unprotected (painted>4feet) Medium"	Wet	Daylight	"Sleet, Hail (Freezing Rain or Drizzle)"	Not a Collision Between Two Motor Vehicles in Transport	No	No Controls	3	1	Complains Of Pain	NA	41.81951	-71.4405	FALSE	FALSE	"Valley Street and Delaine Street, Providence, RI, USA"	FALSE	-71.4405034	41.8195248	intersection	geometric_center	"delaine st & valley st, providence, ri 02909, usa"	NA	NA	NA	NA	41.8195248	-71.4405034	Med High	1.671499787
2102	2015-11-20	333017	18:28:00	Pedestrian	2	NA	FALSE	FALSE	1	649 ADMIRAL ST	GLOUCESTER ST	11/20/15	"Two-Way, Divided, Unprotected (painted>4feet) Medium"	Dry	Dark - Lighted	Clear	Not a Collision Between Two Motor Vehicles in Transport	No	No Controls	4	2	Incapacitating	NA	41.8489	-71.43822	TRUE	FALSE	"649 Admiral Street, Providence, RI, USA"	FALSE	-71.4381228	41.8490274	premise	rooftop	"649 admiral st, providence, ri 02908, usa"	NA	NA	NA	NA	41.8490274	-71.4381228	High	16.31247496
2101	2015-11-21	333400	14:36:00	Pedestrian	2	NA	FALSE	FALSE	1	SERVICE ROAD 7	BROADWAY	11/22/15	One-Way Trafficway	Dry	Daylight	Clear	Other	No	Traffic Control Signal	7	2	Complains Of Pain	NA	41.82178	-71.4208	FALSE	FALSE	"Service Road 7 and Broadway, Providence, RI, USA"	FALSE	-71.420801	41.8218463	intersection	geometric_center	"service rd 1 & broadway, providence, ri 02903, usa"	NA	NA	NA	NA	41.8218463	-71.420801	Med High	7.380948454
2100	2015-11-22	333434	19:02:00	Pedestrian	1	NA	FALSE	FALSE	1	71 Putnam St	KOSSUTH ST	11/22/15	"Two-Way, Divided, Unprotected (painted>4feet) Medium"	Wet	Dark - Lighted	Clear	Not a Collision Between Two Motor Vehicles in Transport	"Yes, M/V and Driver Left Scene"	No Controls	2	1	Non-Incapacitating	NA	41.82266	-71.44404	TRUE	FALSE	"71 Putnam Street, Providence, RI, USA"	FALSE	-71.4438741	41.8224017	premise	rooftop	"71 putnam st, providence, ri 02909, usa"	NA	NA	NA	NA	41.8224017	-71.4438741	High	31.87773287
2096	2015-11-23	333533	10:13:00	Pedestrian	1	NA	FALSE	FALSE	1	14 Pleasant Valley Pkwy	Kinsley St	11/23/15	Unknown	Dry	Daylight	Clear	Not a Collision Between Two Motor Vehicles in Transport	No	No Controls	3	1	Complains Of Pain	NA	41.82977	-71.4271	TRUE	FALSE	"14 Pleasant Valley Pkwy, Providence, RI, USA"	FALSE	-71.4274549	41.8297213	premise	rooftop	"14 pleasant valley pkwy, providence, ri 02908, usa"	NA	NA	NA	NA	41.8297213	-71.4274549	High	29.93308205
2097	2015-11-23	333629	14:55:00	Bicycle	NA	1	FALSE	FALSE	1	MESSER ST	CRANSTON ST	11/23/15	"Two-Way, Divided, Unprotected (painted>4feet) Medium"	Dry	Daylight	Clear	Not a Collision Between Two Motor Vehicles in Transport	"Yes, M/V and Driver Left Scene"	Stop Signs	1	0	No Injury	NA	41.80963	-71.43345	FALSE	FALSE	"Messer Street and Cranston Street, Providence, RI, USA"	FALSE	-71.4334345	41.809637	intersection	geometric_center	"cranston st & messer st, providence, ri 02907, usa"	NA	NA	NA	NA	41.809637	-71.4334345	Med High	1.503740757
2098	2015-11-23	333710	14:17:00	Pedestrian	1	NA	FALSE	FALSE	1	117 BYFIELD ST	OCEAN ST	11/23/15	"Two-Way , Not Divided"	Dry	Daylight	Clear	Not a Collision Between Two Motor Vehicles in Transport	"Yes, M/V and Driver Left Scene"	No Controls	1	1	Complains Of Pain	NA	41.79565	-71.4075	TRUE	FALSE	"117 Byfield Street, Providence, RI, USA"	FALSE	-71.4072998	41.7960086	premise	rooftop	"117 byfield st, providence, ri 02905, usa"	NA	NA	NA	NA	41.7960086	-71.4072998	High	43.23880582
2099	2015-11-23	334042	16:52:00	Pedestrian	1	NA	FALSE	FALSE	1	1196 ELMWOOD AVE	SAWYER ST	11/24/15	"Two-Way , Not Divided"	Dry	Dusk	Clear	Not a Collision Between Two Motor Vehicles in Transport	No	No Controls	3	1	Complains Of Pain	NA	41.77906	-71.4205	TRUE	FALSE	"1196 Elmwood Ave, Providence, RI, USA"	FALSE	-71.4203238	41.7790279	street_address	rooftop	"1196 elmwood ave, providence, ri 02907, usa"	NA	NA	NA	NA	41.7790279	-71.4203238	High	15.05707565
2094	2015-11-24	333996	11:33:00	Pedestrian	1	NA	FALSE	FALSE	1	BROAD ST	HASKINS ST	11/24/15	"Two-Way , Not Divided"	Dry	Daylight	Clear	Not a Collision Between Two Motor Vehicles in Transport	No	Stop Signs	2	1	Complains Of Pain	NA	41.81617	-71.41963	FALSE	FALSE	"Broad Street and Haskins Street, Providence, RI, USA"	FALSE	-71.4191847	41.8150834	route	geometric_center	"haskins st, providence, ri 02903, usa"	"Broad Street & Haskins Street, Providence, RI, USA"	EjJCcm9hZCBTdHJlZXQgJiBIYXNraW5zIFN0cmVldCwgUHJvdmlkZW5jZSwgUkksIFVTQSJmImQKFAoSCVcUQCByReSJEXZEHsGeHzxdEhQKEglXFEAgckXkiRF2RB7Bnh88XRoUChIJg9591YxP5IkRLKLKk5hLCKMaFAoSCQGkve1xReSJEY6zVllEetUhIgoNTKTsGBUSOm7V	41.816174	-71.4196462	41.816174	-71.4196462	Med	1.415874252
2095	2015-11-24	333998	12:06:00	Pedestrian	1	NA	FALSE	FALSE	1	MATHEWSON ST	WASHINGTON ST	11/24/15	One-Way Trafficway	Dry	Daylight	Clear	Not a Collision Between Two Motor Vehicles in Transport	No	No Controls	3	1	Complains Of Pain	NA	41.82317	-71.41495	FALSE	FALSE	"Mathewson Street and Washington Street, Providence, RI, USA"	FALSE	-71.4147864	41.8230454	intersection	geometric_center	"mathewson st & washington st, providence, ri 02903, usa"	NA	NA	NA	NA	41.8230454	-71.4147864	Med High	19.40559062
2092	2015-11-25	334335	13:48:00	Pedestrian	1	NA	FALSE	FALSE	1	SILVER SPRING ST	TOURO ST	11/25/15	"Two-Way , Not Divided"	Dry	Daylight	Clear	Not a Collision Between Two Motor Vehicles in Transport	No	No Controls	3	1	Complains Of Pain	NA	41.84509	-71.41832	FALSE	FALSE	"Silver Spring Street and Touro Street, Providence, RI, USA"	FALSE	-71.4181207	41.8452565	intersection	geometric_center	"silver spring st & touro st, providence, ri 02904, usa"	NA	NA	NA	NA	41.8452565	-71.4181207	Med High	24.83327297
2093	2015-11-25	334471	15:55:00	Pedestrian	1	NA	FALSE	FALSE	1	262 CHARLES ST	CHARLES ST EXIT 23	11/26/15	One-Way Trafficway	Dry	Daylight	Clear	Not a Collision Between Two Motor Vehicles in Transport	No	Stop Signs	3	1	Complains Of Pain	NA	41.83785	-71.41427	TRUE	FALSE	"262 Charles Street, Providence, RI, USA"	FALSE	-71.4146004	41.8378943	premise	rooftop	"262 charles st, providence, ri 02904, usa"	NA	NA	NA	NA	41.8378943	-71.4146004	High	27.84257441
2090	2015-11-27	334622	20:42:00	Pedestrian	1	NA	FALSE	FALSE	1	BRANCH AVE	SILVER SPRING ST	11/27/15	"Two-Way, Not Divided With a Continuous Left Turn Lane"	Dry	Dark - Lighted	Clear	Not a Collision Between Two Motor Vehicles in Transport	No	Traffic Control Signal	5	1	Complains Of Pain	3	41.84783	-71.41469	FALSE	FALSE	"Branch Ave and Silver Spring Street, Providence, RI, USA"	FALSE	-71.4147046	41.8478499	intersection	geometric_center	"silver spring st & branch ave, providence, ri 02904, usa"	NA	NA	NA	NA	41.8478499	-71.4147046	Med High	2.524507797
2091	2015-11-27	334836	22:07:00	Pedestrian	1	NA	FALSE	FALSE	1	FOUNTAIN ST	EMPIRE ST	11/29/15	"Two-Way, Divided, Unprotected (painted>4feet) Medium"	Dry	Dark - Lighted	Clear	Other	No	Traffic Control Signal	4	1	Non-Incapacitating	NA	41.82234	-71.41712	FALSE	FALSE	"Fountain Street and Empire Street, Providence, RI, USA"	FALSE	-71.4171267	41.8223687	intersection	geometric_center	"fountain st & empire st, providence, ri 02903, usa"	NA	NA	NA	NA	41.8223687	-71.4171267	Med High	3.242856404