row_number	crash_date	crash_report_id	crash_time	collision_type	count_pedestrian	count_bicycle	scooter	wheel_chair	number_of_vehicles	street_or_highway	nearest_intersection	report_date	type_of_roadway	road_surface_condition	light_condition	weather_condition	manner_of_impact	hit_and_run	traffic_control	person_count	injury_count	most_serious_injury	number_of_lanes	lat_raw	lon_raw	has_st_number	is_intersection_null	address_sent_to_geocoder	is_address_blank	lon_api_first_try	lat_api_first_try	type	loctype	address_returned_by_geocoder	address_returned_by_autocomplete	place_ids_autocompleted	lat_api_second_try	lon_api_second_try	lat_api_best	lon_api_best	api_coord_conf	distance_btwn_coords_meters
2088	2015-11-29	334960	17:05:00	Pedestrian	2	NA	FALSE	FALSE	1	BROADWAY	MARSHALL ST	11/29/15	"Two-Way , Not Divided"	Dry	Dark - Lighted	Clear	Not a Collision Between Two Motor Vehicles in Transport	"Yes, M/V and Driver Left Scene"	No Controls	6	2	Fatal	NA	41.81912	-71.43223	FALSE	FALSE	"Broadway and Marshall Street, Providence, RI, USA"	FALSE	-71.4319873	41.8178675	route	geometric_center	"marshall st, providence, ri 02909, usa"	"Broadway & Marshall Street, Providence, RI, USA"	Ei9Ccm9hZHdheSAmIE1hcnNoYWxsIFN0cmVldCwgUHJvdmlkZW5jZSwgUkksIFVTQSJmImQKFAoSCR_bFmaeReSJEXeoTFxx3QIREhQKEgkf2xZmnkXkiRF3qExccd0CERoUChIJpbXlhnVF5IkRGsIzsdekb7MaFAoSCXdzf9mdReSJEal-nPEQ0Qe9IgoN5hftGBXRTWzV	41.8191334	-71.4322479	41.8191334	-71.4322479	Med	2.104841054
2089	2015-11-29	334971	20:03:00	Pedestrian	1	NA	FALSE	FALSE	1	RIVER AVE	ADMIRAL ST	11/29/15	"Two-Way, Divided, Unprotected (painted>4feet) Medium"	Dry	Dark - Lighted	Clear	Not a Collision Between Two Motor Vehicles in Transport	No	Pavement Markings	2	1	Complains Of Pain	NA	41.8492	-71.43894	FALSE	FALSE	"River Ave and Admiral Street, Providence, RI, USA"	FALSE	-71.4460552	41.853176	intersection	geometric_center	"admiral st & river ave, providence, ri 02904, usa"	NA	NA	NA	NA	41.853176	-71.4460552	Med High	737.5559085
2087	2015-11-30	335175	12:04:00	Pedestrian	1	NA	FALSE	FALSE	1	SMITHFIELD AVE	COLLYER ST	11/30/15	"Two-Way , Not Divided"	Dry	Daylight	Clear	Not a Collision Between Two Motor Vehicles in Transport	No	No Controls	2	1	Complains Of Pain	NA	41.85428	-71.40363	FALSE	FALSE	"Smithfield Ave and Collyer Street, Providence, RI, USA"	FALSE	-71.4035691	41.8542722	intersection	geometric_center	"collyer st & smithfield ave, providence, ri 02904, usa"	NA	NA	NA	NA	41.8542722	-71.4035691	Med High	5.12367439
2086	2015-12-01	335641	19:41:00	Pedestrian	1	NA	FALSE	FALSE	1	ELMGROVE AVE	HUMBOLDT AVE	12/2/15	"Two-Way , Not Divided"	Wet	Dark - Lighted	Rain	Other	"Yes, M/V and Driver Left Scene"	No Controls	3	1	Complains Of Pain	2	41.83144	-71.38987	FALSE	FALSE	"Elmgrove Ave and Humboldt Ave, Providence, RI, USA"	FALSE	-71.3898663	41.8314669	intersection	geometric_center	"humboldt ave & elmgrove ave, providence, ri 02906, usa"	NA	NA	NA	NA	41.8314669	-71.3898663	Med High	3.01017976
2084	2015-12-03	336074	6:22:00	Bicycle	NA	1	FALSE	FALSE	1	BRANCH AVE	MOY ST	12/3/15	"Two-Way , Not Divided"	Wet	Dawn	Clear	Not a Collision Between Two Motor Vehicles in Transport	"Yes, M/V and Driver Left Scene"	No Controls	2	1	Non-Incapacitating	2	41.85488	-71.43627	FALSE	FALSE	"Branch Ave and Moy Street, Providence, RI, USA"	FALSE	-71.4362622	41.8548966	intersection	geometric_center	"branch ave & moy st, providence, ri 02904, usa"	NA	NA	NA	NA	41.8548966	-71.4362622	Med High	1.957808764
2085	2015-12-03	336139	10:12:00	Pedestrian	1	NA	FALSE	FALSE	1	RHODE ISLAND COLL	RHODE ISLAND COLL	12/3/15	"Two-Way , Not Divided"	Dry	Daylight	Clear	Other	No	No Controls	3	1	Non-Incapacitating	NA	41.84085	-71.46635	FALSE	FALSE	"Rhode Island Coll and Rhode Island Coll, Providence, RI, USA"	FALSE	-71.4627575	41.8417288	establishment	rooftop	"600 mt pleasant ave, providence, ri 02908, usa"	NA	NA	NA	NA	41.8417288	-71.4627575	Med	313.5849777
2082	2015-12-04	336415	10:08:00	Pedestrian	1	NA	FALSE	FALSE	1	EATON STREET	HUXLEY AVENUE	12/4/15	"Two-Way , Not Divided"	Dry	Daylight	Clear	Other	No	Traffic Control Signal	3	1	Complains Of Pain	2	41.83141	-71.41769	FALSE	FALSE	"Eaton Street and Huxley Avenue, Providence, RI, USA"	FALSE	-71.433591	41.8415128	intersection	geometric_center	"eaton st & huxley ave, providence, ri 02908, usa"	NA	NA	NA	NA	41.8415128	-71.433591	Med High	1733.22538
2083	2015-12-04	336607	20:34:00	Pedestrian	1	NA	FALSE	FALSE	1	KENNEDY PLZ	NA	12/4/15	One-Way Trafficway	Dry	Dark - Lighted	Clear	Not a Collision Between Two Motor Vehicles in Transport	No	No Controls	5	1	Non-Incapacitating	NA	41.82436	-71.41206	FALSE	TRUE	"Kennedy Plz, Providence, RI, USA"	FALSE	-71.4110861	41.8250306	route	geometric_center	"kennedy plaza, providence, ri 02903, usa"	NA	NA	NA	NA	41.8250306	-71.4110861	Inaccurate	109.9981781
2081	2015-12-05	336719	8:14:00	Pedestrian	1	NA	FALSE	FALSE	1	ELMWOOD AVE	LENOX AVE	12/5/15	"Two-Way, Divided, Positive Median Barrier"	Dry	Daylight	Clear	Other	No	No Controls	3	1	Non-Incapacitating	NA	41.79524	-71.42464	FALSE	FALSE	"Elmwood Ave and Lenox Ave, Providence, RI, USA"	FALSE	-71.424723	41.7952146	intersection	geometric_center	"lenox ave & elmwood ave, providence, ri 02907, usa"	NA	NA	NA	NA	41.7952146	-71.424723	Med High	7.446088266
2079	2015-12-09	337774	13:30:00	Bicycle	NA	1	FALSE	FALSE	1	SILVER SPRING ST	LEDGE ST	12/9/15	"Two-Way , Not Divided"	Dry	Daylight	Clear	Other	No	No Controls	3	0	No Injury	NA	41.85319	-71.41263	FALSE	FALSE	"Silver Spring Street and Ledge Street, Providence, RI, USA"	FALSE	-71.412629	41.8531992	intersection	geometric_center	"silver spring st & ledge st, providence, ri 02904, usa"	NA	NA	NA	NA	41.8531992	-71.412629	Med High	1.027490428
2080	2015-12-09	337902	17:08:00	Pedestrian	1	NA	FALSE	FALSE	1	MOUNT PLEASANT AVE	CATHEDRAL AVE	12/9/15	"Two-Way , Not Divided"	Dry	Dark - Lighted	Cloudy	Not a Collision Between Two Motor Vehicles in Transport	No	School Zone Signs	5	1	Incapacitating	2	41.83978	-71.45202	FALSE	FALSE	"Mount Pleasant Ave and Cathedral Ave, Providence, RI, USA"	FALSE	-71.4524689	41.841049	intersection	geometric_center	"mt pleasant ave & cathedral ave, providence, ri 02909, usa"	NA	NA	NA	NA	41.841049	-71.4524689	Med High	146.087756
2076	2015-12-11	338546	14:12:00	Bicycle	NA	1	FALSE	FALSE	1	WAVERLY ST	DEXTER ST	12/11/15	"Two-Way , Not Divided"	Dry	Daylight	Clear	Not a Collision Between Two Motor Vehicles in Transport	No	Stop Signs	3	1	Complains Of Pain	NA	41.80681	-71.42896	FALSE	FALSE	"Waverly Street and Dexter Street, Providence, RI, USA"	FALSE	-71.428955	41.8068079	intersection	geometric_center	"dexter st & waverly st, providence, ri 02907, usa"	NA	NA	NA	NA	41.8068079	-71.428955	Med High	0.4762134
2077	2015-12-11	338595	17:05:00	Bicycle	NA	NA	FALSE	FALSE	2	IRVING AVE	BLACKSTONE BLVD	12/11/15	"Two-Way, Divided, Positive Median Barrier"	Dry	Dark - Lighted	Clear	"Sideswipe, Same Direction"	No	No Controls	7	0	No Injury	NA	41.83413	-71.38419	FALSE	FALSE	"Irving Ave and Blackstone Blvd, Providence, RI, USA"	FALSE	-71.3837393	41.8342209	intersection	geometric_center	"irving ave & blackstone blvd, providence, ri 02906, usa"	NA	NA	NA	NA	41.8342209	-71.3837393	Med High	38.72718681
2078	2015-12-11	338663	23:05:00	Pedestrian	1	NA	FALSE	FALSE	1	SMITH ST	Richter Street	12/12/15	"Two-Way , Not Divided"	Dry	Dark - Lighted	Clear	Head-On (Front - to - Front)	"Yes, M/V and Driver Left Scene"	No Controls	1	1	Complains Of Pain	NA	41.83608	-71.42961	FALSE	FALSE	"Smith Street and Richter Street, Providence, RI, USA"	FALSE	-71.4297038	41.8360854	intersection	geometric_center	"richter st & smith st, providence, ri 02908, usa"	NA	NA	NA	NA	41.8360854	-71.4297038	Med High	7.802892502
2075	2015-12-12	338957	19:14:00	Pedestrian	1	NA	FALSE	FALSE	1	WEYBOSSET ST	MATHEWSON ST	12/12/15	One-Way Trafficway	Dry	Dark - Lighted	Clear	Not a Collision Between Two Motor Vehicles in Transport	No	No Controls	3	1	Complains Of Pain	NA	41.82133	-71.4127	FALSE	FALSE	"Weybosset Street and Mathewson Street, Providence, RI, USA"	FALSE	-71.4126265	41.82141	intersection	geometric_center	"weybosset st & mathewson st, providence, ri 02903, usa"	NA	NA	NA	NA	41.82141	-71.4126265	Med High	10.79294796
2074	2015-12-14	339269	14:57:00	Pedestrian	1	NA	FALSE	FALSE	1	Carpenter St	KNIGHT ST	12/14/15	"Two-Way , Not Divided"	Dry	Daylight	Clear	Not a Collision Between Two Motor Vehicles in Transport	No	Stop Signs	2	1	Complains Of Pain	NA	41.81825	-71.42749	FALSE	FALSE	"Carpenter Street and Knight Street, Providence, RI, USA"	FALSE	-71.4274842	41.8182728	intersection	geometric_center	"knight st & carpenter st, providence, ri 02909, usa"	NA	NA	NA	NA	41.8182728	-71.4274842	Med High	2.583294053
2073	2015-12-15	339450	8:26:00	Bicycle	NA	1	FALSE	FALSE	1	MANTON AVE	RIDGEWAY AVE	12/15/15	"Two-Way , Not Divided"	Dry	Daylight	Clear	Not a Collision Between Two Motor Vehicles in Transport	No	No Controls	4	1	Non-Incapacitating	2	41.82742	-71.46112	FALSE	FALSE	"Manton Ave and Ridgeway Ave, Providence, RI, USA"	FALSE	-71.4611076	41.8274206	intersection	geometric_center	"manton ave & ridgeway ave, providence, ri 02909, usa"	NA	NA	NA	NA	41.8274206	-71.4611076	Med High	1.030752368
2072	2015-12-16	339896	10:55:00	Pedestrian	1	NA	FALSE	FALSE	1	FRIENDSHIP	PLAIN ST	12/16/15	One-Way Trafficway	Dry	Daylight	Clear	Not a Collision Between Two Motor Vehicles in Transport	No	Traffic Control Signal	3	1	Complains Of Pain	2	41.81586	-71.41531	FALSE	FALSE	"Friendship and Plain Street, Providence, RI, USA"	FALSE	-71.4110619	41.8098238	route	geometric_center	"plain st, providence, ri, usa"	NA	NA	NA	NA	41.8098238	-71.4110619	Med	758.7766397
2071	2015-12-17	340273	20:28:00	Pedestrian	1	NA	FALSE	FALSE	1	ELMWOOD AVE	CARTER ST	12/17/15	"Two-Way, Divided, Unprotected (painted>4feet) Medium"	Wet	Dark - Lighted	Rain	Not a Collision Between Two Motor Vehicles in Transport	"Yes, M/V and Driver Left Scene"	No Controls	3	1	Complains Of Pain	NA	41.79946	-71.42651	FALSE	FALSE	"Elmwood Ave and Carter Street, Providence, RI, USA"	FALSE	-71.426574	41.800197	intersection	geometric_center	"carter st & elmwood ave, providence, ri 02907, usa"	NA	NA	NA	NA	41.800197	-71.426574	Med High	82.21419585
2070	2015-12-18	340687	18:00:00	Bicycle	NA	1	FALSE	FALSE	1	PRATT ST	JENCKES ST	12/18/15	"Two-Way , Not Divided"	Wet	Dawn	Cloudy	Not a Collision Between Two Motor Vehicles in Transport	No	Stop Signs	3	0	No Injury	NA	41.83268	-71.40828	FALSE	FALSE	"Pratt Street and Jenckes Street, Providence, RI, USA"	FALSE	-71.4082776	41.8326979	intersection	geometric_center	"jenckes st & pratt st, providence, ri 02906, usa"	NA	NA	NA	NA	41.8326979	-71.4082776	Med High	2.002537593
2069	2015-12-19	340770	14:53:00	Pedestrian	1	NA	FALSE	FALSE	1	Atwells Ave	DE PASQUALE AVE	12/19/15	"Two-Way , Not Divided"	Dry	Daylight	Clear	Not a Collision Between Two Motor Vehicles in Transport	No	Traffic Control Signal	2	1	Complains Of Pain	NA	41.82359	-71.42694	FALSE	FALSE	"Atwells Ave and De Pasquale Ave, Providence, RI, USA"	FALSE	-71.4270169	41.8235993	intersection	geometric_center	"de pasquale ave & atwells ave, providence, ri 02903, usa"	NA	NA	NA	NA	41.8235993	-71.4270169	Med High	6.46273327
2068	2015-12-20	340941	2:25:00	Pedestrian	1	NA	FALSE	FALSE	1	EDDY ST	ELM ST	12/20/15	"Two-Way, Divided, Unprotected (painted>4feet) Medium"	Dry	Dark - Lighted	Clear	Not a Collision Between Two Motor Vehicles in Transport	No	No Controls	4	0	No Injury	NA	41.81844	-71.40761	FALSE	FALSE	"Eddy Street and Elm Street, Providence, RI, USA"	FALSE	-71.4074549	41.8182644	intersection	geometric_center	"eddy st & elm st, providence, ri 02903, usa"	NA	NA	NA	NA	41.8182644	-71.4074549	Med High	23.40264451
2067	2015-12-22	341489	13:30:00	Pedestrian	1	NA	FALSE	FALSE	1	ORMS ST	DOUGLAS AVE	12/22/15	"Two-Way, Divided, Unprotected (painted>4feet) Medium"	Wet	Daylight	Rain	Angle (Front - to - Side) Right Angle (Includes Broadside)	No	No Controls	4	1	Complains Of Pain	NA	41.83469	-71.41611	FALSE	FALSE	"Orms Street and Douglas Ave, Providence, RI, USA"	FALSE	-71.4165663	41.8346226	intersection	geometric_center	"orms st & douglas ave, providence, ri 02908, usa"	NA	NA	NA	NA	41.8346226	-71.4165663	Med High	38.58258688
2064	2015-12-23	341673	13:00:00	Pedestrian	1	NA	FALSE	FALSE	1	40 Point Street	EDDY ST	12/23/15	"Two-Way, Divided, Positive Median Barrier"	Dry	Daylight	Cloudy	Not a Collision Between Two Motor Vehicles in Transport	No	No Controls	3	1	Complains Of Pain	NA	41.81713	-71.40589	TRUE	FALSE	"40 Point Street, Providence, RI, USA"	FALSE	-71.4056078	41.8168749	premise	rooftop	"40 point st, providence, ri 02903, usa"	NA	NA	NA	NA	41.8168749	-71.4056078	High	36.80442929
2065	2015-12-23	341718	17:15:00	Pedestrian	1	NA	FALSE	FALSE	1	ELMWOOD AVE	SPRAGUE ST	12/23/15	"Two-Way , Not Divided"	Wet	Dark - Lighted	Rain	Not a Collision Between Two Motor Vehicles in Transport	No	No Controls	2	0	No Injury	NA	41.80948	-71.42433	FALSE	FALSE	"Elmwood Ave and Sprague Street, Providence, RI, USA"	FALSE	-71.4243969	41.8094159	intersection	geometric_center	"sprague st & elmwood ave, providence, ri 02907, usa"	NA	NA	NA	NA	41.8094159	-71.4243969	Med High	9.040436239
2066	2015-12-23	341967	19:30:00	Pedestrian	1	NA	FALSE	FALSE	1	CHALKSTONE AVE	ACADEMY AVE	12/24/15	"Two-Way, Divided, Unprotected (painted>4feet) Medium"	Wet	Dark - Lighted	Rain	Not a Collision Between Two Motor Vehicles in Transport	No	Traffic Control Signal	3	1	Complains Of Pain	NA	41.83245	-71.44453	FALSE	FALSE	"Chalkstone Ave and Academy Ave, Providence, RI, USA"	FALSE	-71.4445249	41.8324538	intersection	geometric_center	"academy ave & chalkstone ave, providence, ri 02908, usa"	NA	NA	NA	NA	41.8324538	-71.4445249	Med High	0.598232359
2061	2015-12-24	341841	0:03:00	Pedestrian	1	NA	FALSE	FALSE	1	WASHINGTON ST	SERVICE ROAD 7	12/24/15	"Two-Way , Not Divided"	Wet	Dark - Lighted	Rain	Not a Collision Between Two Motor Vehicles in Transport	No	Traffic Control Signal	2	1	Complains Of Pain	NA	41.81964	-71.41979	FALSE	FALSE	"Washington Street and Service Road 7, Providence, RI, USA"	FALSE	-71.4200451	41.8199608	route	geometric_center	"service rd 1, providence, ri, usa"	"Washington Street & Service Road 7th, Providence, RI, USA"	EjlXYXNoaW5ndG9uIFN0cmVldCAmIFNlcnZpY2UgUm9hZCA3dGgsIFByb3ZpZGVuY2UsIFJJLCBVU0EiZiJkChQKEgkze0LqckXkiRHxieB7sk4wfhIUChIJM3tC6nJF5IkR8Ynge7JOMH4aFAoSCanazZwSReSJERoH0JajEjT2GhQKEgkHeHRCdkXkiRHLEV0GTCEFTCIKDcMr7RgVfDRu1Q	41.8196419	-71.4197892	41.8196419	-71.4197892	Med	0.221675431
2062	2015-12-24	341940	17:09:00	Pedestrian	1	NA	FALSE	FALSE	1	387 Charles St	SILVER SPRING ST	12/24/15	Unknown	Wet	Dark - Lighted	Rain	Not a Collision Between Two Motor Vehicles in Transport	No	No Controls	2	1	Complains Of Pain	NA	41.84402	-71.41846	TRUE	FALSE	"387 Charles Street, Providence, RI, USA"	FALSE	-71.417562	41.843616	street_address	rooftop	"387 charles st, providence, ri 02904, usa"	NA	NA	NA	NA	41.843616	-71.417562	High	86.99670377
2063	2015-12-24	341951	18:46:00	Bicycle	NA	1	FALSE	FALSE	1	PROMENADE ST	PARK ST	12/24/15	"Two-Way , Not Divided"	Wet	Dark - Lighted	Clear	Not a Collision Between Two Motor Vehicles in Transport	"Yes, M/V and Driver Left Scene"	Traffic Control Signal	2	1	Complains Of Pain	NA	41.82761	-71.41674	FALSE	FALSE	"Promenade Street and Park Street, Providence, RI, USA"	FALSE	-71.4176635	41.827854	intersection	geometric_center	"promenade st & park st, providence, ri 02908, usa"	NA	NA	NA	NA	41.827854	-71.4176635	Med High	81.27734382
2060	2015-12-26	342379	22:14:00	Pedestrian	1	NA	FALSE	FALSE	1	WASHINGTON ST	SNOW ST	12/26/15	"Two-Way, Divided, Unprotected (painted>4feet) Medium"	Dry	Dark - Lighted	Clear	Not a Collision Between Two Motor Vehicles in Transport	No	No Controls	2	1	Complains Of Pain	NA	41.82254	-71.41547	FALSE	FALSE	"Washington Street and Snow Street, Providence, RI, USA"	FALSE	-71.4154294	41.8225898	intersection	geometric_center	"snow st & washington st, providence, ri 02903, usa"	NA	NA	NA	NA	41.8225898	-71.4154294	Med High	6.486636787
2059	2015-12-28	342727	17:17:00	Pedestrian	1	NA	FALSE	FALSE	1	Manton Ave	Sheridan Street	12/28/15	"Two-Way, Divided, Unprotected (painted>4feet) Medium"	Dry	Dark - Lighted	Cloudy	Other	No	No Controls	2	1	Complains Of Pain	NA	41.82364	-71.4515	FALSE	FALSE	"Manton Ave and Sheridan Street, Providence, RI, USA"	FALSE	-71.4514967	41.8236497	intersection	geometric_center	"sheridan st & manton ave, providence, ri 02909, usa"	NA	NA	NA	NA	41.8236497	-71.4514967	Med High	1.113959867
2058	2015-12-30	343199	16:20:00	Pedestrian	1	NA	FALSE	FALSE	1	Waterman St	Butler Ave	12/30/15	One-Way Trafficway	Dry	Dusk	Cloudy	Not a Collision Between Two Motor Vehicles in Transport	No	Traffic Control Signal	8	1	Incapacitating	2	41.82807	-71.38545	FALSE	FALSE	"Waterman Street and Butler Ave, Providence, RI, USA"	FALSE	-71.3855111	41.8280967	intersection	geometric_center	"butler ave & waterman st, providence, ri 02906, usa"	NA	NA	NA	NA	41.8280967	-71.3855111	Med High	5.875460176
2057	2016-01-01	343476	4:15:00	Pedestrian	1	NA	FALSE	FALSE	1	104 Knight Street	PENN ST	1/1/16	One-Way Trafficway	Dry	Dark - Lighted	Clear	Not a Collision Between Two Motor Vehicles in Transport	"Yes, M/V and Driver Left Scene"	Stop Signs	2	1	Complains Of Pain	NA	41.82166	-71.43101	TRUE	FALSE	"104 Knight Street, Providence, RI, USA"	FALSE	-71.4308258	41.8217144	premise	rooftop	"104 knight st, providence, ri 02909, usa"	NA	NA	NA	NA	41.8217144	-71.4308258	High	16.43705584
2056	2016-01-02	343651	12:31:00	Pedestrian	2	NA	FALSE	FALSE	1	BUTLER AVE	MEDWAY ST	1/2/16	"Two-Way , Not Divided"	Dry	Daylight	Clear	Not a Collision Between Two Motor Vehicles in Transport	No	Stop Signs	4	2	Complains Of Pain	NA	41.82876	-71.38528	FALSE	FALSE	"Butler Ave and Medway Street, Providence, RI, USA"	FALSE	-71.3852804	41.8287884	intersection	geometric_center	"butler ave & medway st, providence, ri 02906, usa"	NA	NA	NA	NA	41.8287884	-71.3852804	Med High	3.161647642
2055	2016-01-03	343774	11:16:00	Pedestrian	1	NA	FALSE	FALSE	1	473 CHARLES ST	LORETO ST	1/3/16	"Two-Way , Not Divided"	Dry	Daylight	Clear	Not a Collision Between Two Motor Vehicles in Transport	No	No Controls	4	1	Complains Of Pain	NA	41.84816	-71.41965	TRUE	FALSE	"473 Charles Street, Providence, RI, USA"	FALSE	-71.4194967	41.8481455	street_address	rooftop	"473 charles st, providence, ri 02904, usa"	NA	NA	NA	NA	41.8481455	-71.4194967	High	12.81425881
2054	2016-01-06	515066	19:31:00	Pedestrian	1	NA	FALSE	FALSE	1	Exchange St	Memorial Blvd	1/7/17	"Two-Way , Not Divided"	Dry	Dark - Not Lighted	Clear	Not a Collision Between Two Motor Vehicles in Transport	No	Pavement Markings	2	1	Complains Of Pain	NA	41.82696	-71.41217	FALSE	FALSE	"Exchange Street and Memorial Blvd, Providence, RI, USA"	FALSE	-71.4121426	41.8269244	intersection	geometric_center	"memorial blvd & exchange st, providence, ri 02903, usa"	NA	NA	NA	NA	41.8269244	-71.4121426	Med High	4.56848512
2053	2016-01-07	344923	15:30:00	Bicycle	NA	1	FALSE	FALSE	1	WAYLAND AVE	S ANGELL ST	1/7/16	"Two-Way, Divided, Unprotected (painted>4feet) Medium"	Dry	Daylight	Clear	Not a Collision Between Two Motor Vehicles in Transport	No	Other	3	1	Complains Of Pain	NA	41.82969	-71.38806	FALSE	FALSE	"Wayland Ave and S Angell Street, Providence, RI, USA"	FALSE	-71.3879538	41.8300494	intersection	geometric_center	"wayland ave & s angell st, providence, ri 02906, usa"	NA	NA	NA	NA	41.8300494	-71.3879538	Med High	40.96653068
2052	2016-01-08	345161	16:23:00	Bicycle	NA	1	FALSE	FALSE	1	PARK ROW WEST	EXCHANGE ST	1/8/16	"Two-Way , Not Divided"	Dry	Dark - Lighted	Clear	Not a Collision Between Two Motor Vehicles in Transport	No	Stop Signs	5	0	No Injury	NA	41.82834	-71.41319	FALSE	FALSE	"Park Row West and Exchange Street, Providence, RI, USA"	FALSE	-71.4131842	41.8283464	intersection	geometric_center	"park row w & exchange st, providence, ri 02903, usa"	NA	NA	NA	NA	41.8283464	-71.4131842	Med High	0.859674591
2050	2016-01-11	345710	8:47:00	Pedestrian	1	NA	FALSE	FALSE	1	MOUNT PLEASANT AVE	CHALKSTONE AVE	1/11/16	"Two-Way, Divided, Unprotected (painted>4feet) Medium"	Dry	Daylight	Clear	Not a Collision Between Two Motor Vehicles in Transport	No	Traffic Control Signal	3	1	Non-Incapacitating	NA	41.8327	-71.44975	FALSE	FALSE	"Mount Pleasant Ave and Chalkstone Ave, Providence, RI, USA"	FALSE	-71.4497544	41.83271	intersection	geometric_center	"mt pleasant ave & chalkstone ave, providence, ri 02908, usa"	NA	NA	NA	NA	41.83271	-71.4497544	Med High	1.171491734
2051	2016-01-11	345868	15:40:00	Pedestrian	1	NA	FALSE	FALSE	1	CRANSTON ST	DEXTER ST	1/11/16	"Two-Way, Divided, Unprotected (painted>4feet) Medium"	Dry	Daylight	Clear	Not a Collision Between Two Motor Vehicles in Transport	No	Traffic Control Signal	3	1	Non-Incapacitating	NA	41.8126	-71.42959	FALSE	FALSE	"Cranston Street and Dexter Street, Providence, RI, USA"	FALSE	-71.429588	41.8126029	intersection	geometric_center	"cranston st & dexter st, providence, ri 02907, usa"	NA	NA	NA	NA	41.8126029	-71.429588	Med High	0.36297774
2048	2016-01-12	346156	17:47:00	Pedestrian	1	NA	FALSE	FALSE	1	Elmwood Avenue	PRINCETON AVE	1/12/16	"Two-Way , Not Divided"	Wet	Dark - Lighted	Rain	Not a Collision Between Two Motor Vehicles in Transport	No	No Controls	4	1	Complains Of Pain	NA	41.80547	-71.4252	FALSE	FALSE	"Elmwood Avenue and Princeton Ave, Providence, RI, USA"	FALSE	-71.4252446	41.8053667	intersection	geometric_center	"princeton ave & elmwood ave, providence, ri 02907, usa"	NA	NA	NA	NA	41.8053667	-71.4252446	Med High	12.08016415
2049	2016-01-12	346298	18:00:00	Pedestrian	1	NA	FALSE	TRUE	1	Kennedy Plz.	Dorrance St.	1/12/16	"Two-Way , Not Divided"	Wet	Dark - Lighted	Rain	Not a Collision Between Two Motor Vehicles in Transport	"Yes, M/V and Driver Left Scene"	No Controls	3	1	Non-Incapacitating	NA	41.82426	-71.41219	FALSE	FALSE	"Kennedy Plz. and Dorrance St., Providence, RI, USA"	FALSE	-71.4123255	41.8241358	intersection	geometric_center	"kennedy plaza & dorrance st, providence, ri 02903, usa"	NA	NA	NA	NA	41.8241358	-71.4123255	Med High	17.8185467
2047	2016-01-14	346855	17:11:00	Bicycle	NA	2	FALSE	FALSE	1	BROADWAY	HARRIS AVE	1/14/16	"Two-Way , Not Divided"	Dry	Daylight	Clear	Not a Collision Between Two Motor Vehicles in Transport	No	No Controls	3	2	Complains Of Pain	NA	41.81705	-71.44029	FALSE	FALSE	"Broadway and Harris Ave, Providence, RI, USA"	FALSE	-71.4312409	41.825502	route	geometric_center	"harris ave, providence, ri, usa"	"Broadway & Harris Ave, Providence, RI, USA"	EipCcm9hZHdheSAmIEhhcnJpcyBBdmUsIFByb3ZpZGVuY2UsIFJJLCBVU0EiZiJkChQKEgkLmF_1mkXkiRHm61hV9ZuL8RIUChIJC5hf9ZpF5IkR5utYVfWbi_EaFAoSCaW15YZ1ReSJERrCM7HXpG-zGhQKEglzHMMQmUXkiRHVQp50Ku4GJCIKDTbI7BgVHRZr1Q	41.8170934	-71.4402275	41.8170934	-71.4402275	Med	7.087163121
2046	2016-01-19	348154	7:56:00	Pedestrian	1	NA	FALSE	FALSE	1	DOUGLAS AVE	FILMORE ST	1/19/16	"Two-Way, Divided, Unprotected (painted>4feet) Medium"	Dry	Daylight	Clear	Not a Collision Between Two Motor Vehicles in Transport	No	Person	4	2	Complains Of Pain	NA	41.83718	-71.42232	FALSE	FALSE	"Douglas Ave and Filmore Street, Providence, RI, USA"	FALSE	-71.422311	41.8371944	intersection	geometric_center	"fillmore st & douglas ave, providence, ri 02908, usa"	NA	NA	NA	NA	41.8371944	-71.422311	Med High	1.768271632
2044	2016-01-20	348938	12:58:00	Bicycle	NA	1	FALSE	FALSE	1	Chad Brown St	CAMDEN AVE	1/20/16	"Two-Way , Not Divided"	Dry	Daylight	Clear	Not a Collision Between Two Motor Vehicles in Transport	No	Pavement Markings	6	1	Complains Of Pain	2	41.83925	-71.42583	FALSE	FALSE	"Chad Brown Street and Camden Ave, Providence, RI, USA"	FALSE	-71.4267069	41.8388846	intersection	geometric_center	"chad brown st & camden ave, providence, ri 02908, usa"	NA	NA	NA	NA	41.8388846	-71.4267069	Med High	83.3284276