row_number	crash_date	crash_report_id	crash_time	collision_type	count_pedestrian	count_bicycle	scooter	wheel_chair	number_of_vehicles	street_or_highway	nearest_intersection	report_date	type_of_roadway	road_surface_condition	light_condition	weather_condition	manner_of_impact	hit_and_run	traffic_control	person_count	injury_count	most_serious_injury	number_of_lanes	lat_raw	lon_raw	has_st_number	is_intersection_null	address_sent_to_geocoder	is_address_blank	lon_api_first_try	lat_api_first_try	type	loctype	address_returned_by_geocoder	address_returned_by_autocomplete	place_ids_autocompleted	lat_api_second_try	lon_api_second_try	lat_api_best	lon_api_best	api_coord_conf	distance_btwn_coords_meters
2045	2016-01-20	348976	15:03:00	Pedestrian	1	NA	FALSE	FALSE	1	LINDEN AVE	ELMWOOD AVE	1/20/16	Unknown	Dry	Daylight	Clear	Other	No	No Controls	3	1	Incapacitating	NA	41.78618	-71.41931	FALSE	FALSE	"Linden Ave and Elmwood Ave, Providence, RI, USA"	FALSE	-71.419558	41.786122	intersection	geometric_center	"elmwood ave & linden ave, providence, ri 02907, usa"	NA	NA	NA	NA	41.786122	-71.419558	Med High	21.57378214
2042	2016-01-25	349949	9:53:00	Bicycle	NA	1	FALSE	FALSE	1	N DAVIS ST	CHALKSTONE AVE	1/25/16	"Two-Way , Not Divided"	Wet	Daylight	Clear	Not a Collision Between Two Motor Vehicles in Transport	No	No Controls	2	1	Complains Of Pain	NA	41.83548	-71.41712	FALSE	FALSE	"N Davis Street and Chalkstone Ave, Providence, RI, USA"	FALSE	-71.4171643	41.836533	intersection	geometric_center	"n davis st & chalkstone ave, providence, ri 02908, usa"	NA	NA	NA	NA	41.836533	-71.4171643	Med High	117.2769933
2043	2016-01-25	349955	11:51:00	Pedestrian	2	NA	FALSE	FALSE	1	RIVER AVE	VALLEY ST	1/25/16	"Two-Way, Divided, Unprotected (painted>4feet) Medium"	Wet	Daylight	Clear	Not a Collision Between Two Motor Vehicles in Transport	No	Traffic Control Signal	4	2	Complains Of Pain	NA	41.82798	-71.43517	FALSE	FALSE	"River Ave and Valley Street, Providence, RI, USA"	FALSE	-71.435152	41.827984	intersection	geometric_center	"valley st & river ave, providence, ri 02908, usa"	NA	NA	NA	NA	41.827984	-71.435152	Med High	1.558078074
2040	2016-01-26	350197	16:13:00	Pedestrian	1	NA	FALSE	FALSE	1	MEDWAY ST	WAYLAND AVE	1/26/16	"Two-Way , Not Divided"	Wet	Daylight	Clear	Not a Collision Between Two Motor Vehicles in Transport	No	Pavement Markings	4	1	Complains Of Pain	NA	41.82931	-71.38819	FALSE	FALSE	"Medway Street and Wayland Ave, Providence, RI, USA"	FALSE	-71.3881737	41.8293336	intersection	geometric_center	"wayland ave & medway st, providence, ri 02906, usa"	NA	NA	NA	NA	41.8293336	-71.3881737	Med High	2.954642335
2041	2016-01-26	350265	17:52:00	Pedestrian	1	NA	FALSE	FALSE	1	RIVER AVE	DOUGLAS AVE	1/26/16	"Two-Way , Not Divided"	Wet	Dark - Lighted	Clear	Not a Collision Between Two Motor Vehicles in Transport	"Yes, M/V and Driver Left Scene"	No Controls	1	0	No Injury	NA	41.85274	-71.43716	FALSE	FALSE	"River Ave and Douglas Ave, Providence, RI, USA"	FALSE	-71.4371491	41.8527663	intersection	geometric_center	"river ave & douglas ave, providence, ri 02904, usa"	NA	NA	NA	NA	41.8527663	-71.4371491	Med High	3.06403353
2039	2016-01-28	350774	9:04:00	Pedestrian	1	NA	FALSE	FALSE	1	BROAD ST	FENNER ST	1/28/16	"Two-Way, Divided, Unprotected (painted>4feet) Medium"	Dry	Daylight	Clear	Not a Collision Between Two Motor Vehicles in Transport	"Yes, M/V and Driver Left Scene"	Traffic Control Signal	4	1	Complains Of Pain	NA	41.81834	-71.4159	FALSE	FALSE	"Broad Street and Fenner Street, Providence, RI, USA"	FALSE	-71.4162027	41.8185258	route	geometric_center	"fenner st, providence, ri 02903, usa"	"Broad Street & Fenner Street, Providence, RI, USA"	EjFCcm9hZCBTdHJlZXQgJiBGZW5uZXIgU3RyZWV0LCBQcm92aWRlbmNlLCBSSSwgVVNBImYiZAoUChIJXW-QD21F5IkRj2j7Ylz7zgMSFAoSCV1vkA9tReSJEY9o-2Jc-84DGhQKEgmD3n3VjE_kiREsosqTmEsIoxoUChIJi2QME21F5IkRIBJK4OPOUY8iCg1n-ewYFcXMbtU	41.8183527	-71.4158907	41.8183527	-71.4158907	Med	1.610589349
2038	2016-01-29	351132	16:21:00	Pedestrian	1	NA	FALSE	FALSE	1	CRIMEA ST	DOUGLAS AVE	1/29/16	"Two-Way , Not Divided"	Dry	Daylight	Clear	Not a Collision Between Two Motor Vehicles in Transport	No	Stop Signs	3	1	Complains Of Pain	NA	41.83697	-71.42185	FALSE	FALSE	"Crimea Street and Douglas Ave, Providence, RI, USA"	FALSE	-71.4218578	41.8370051	intersection	geometric_center	"crimea st & douglas ave, providence, ri 02908, usa"	NA	NA	NA	NA	41.8370051	-71.4218578	Med High	3.960505705
2037	2016-01-31	351677	14:46:00	Pedestrian	1	NA	FALSE	FALSE	1	37 EXCHANGE TERR	NA	1/31/16	"Two-Way , Not Divided"	Dry	Daylight	Clear	Not a Collision Between Two Motor Vehicles in Transport	No	No Controls	2	1	Complains Of Pain	3	41.82534	-71.41381	TRUE	TRUE	"37 Exchange Terr, Providence, RI, USA"	FALSE	-71.4118013	41.8260652	street_address	range_interpolated	"37 exchange terrace, providence, ri 02903, usa"	NA	NA	NA	NA	41.8260652	-71.4118013	High	185.1533187
2036	2016-02-01	351862	13:10:00	Pedestrian	1	NA	FALSE	FALSE	1	CHARLES ST	SILVER SPRING ST	2/1/16	"Two-Way , Not Divided"	Dry	Daylight	Clear	Not a Collision Between Two Motor Vehicles in Transport	No	No Controls	2	1	Complains Of Pain	2	41.84417	-71.4185	FALSE	FALSE	"Charles Street and Silver Spring Street, Providence, RI, USA"	FALSE	-71.4133985	41.8503204	route	geometric_center	"silver spring st, providence, ri 02904, usa"	"Charles Street & Silver Spring Street, Providence, RI, USA"	EjpDaGFybGVzIFN0cmVldCAmIFNpbHZlciBTcHJpbmcgU3RyZWV0LCBQcm92aWRlbmNlLCBSSSwgVVNBImYiZAoUChIJFfXAV_tE5IkRP4ytnluqee8SFAoSCRX1wFf7ROSJET-MrZ5bqnnvGhQKEgl1C85s8UTkiRHLZMsuNVX9MhoUChIJSxpABO9E5IkR1uYrcFRSDI0iCg09A_EYFchebtU	41.8448189	-71.4187064	41.8448189	-71.4187064	Med	74.23542478
2035	2016-02-02	352004	13:19:00	Pedestrian	1	NA	FALSE	FALSE	1	WEEDEN ST	ATWELLS AVE	2/2/16	"Two-Way , Not Divided"	Dry	Daylight	Clear	Not a Collision Between Two Motor Vehicles in Transport	No	No Controls	6	1	Complains Of Pain	2	41.8234	-71.4244	FALSE	FALSE	"Weeden Street and Atwells Ave, Providence, RI, USA"	FALSE	-71.424769	41.8234469	intersection	geometric_center	"weeden st & atwells ave, providence, ri 02903, usa"	NA	NA	NA	NA	41.8234469	-71.424769	Med High	31.05268124
2032	2016-02-03	352373	16:30:00	Pedestrian	1	NA	FALSE	FALSE	1	WEYBOSSET ST	SNOW ST	2/3/16	"Two-Way , Not Divided"	Wet	Dark - Lighted	Rain	Not a Collision Between Two Motor Vehicles in Transport	No	No Controls	3	1	Incapacitating	NA	41.8207	-71.41326	FALSE	FALSE	"Weybosset Street and Snow Street, Providence, RI, USA"	FALSE	-71.4132721	41.8207059	intersection	geometric_center	"weybosset st & snow st, providence, ri 02903, usa"	NA	NA	NA	NA	41.8207059	-71.4132721	Med High	1.199580548
2033	2016-02-03	352487	17:53:00	Pedestrian	1	NA	FALSE	FALSE	1	41 Fricker st	CRANSTON ST	2/3/16	"Two-Way , Not Divided"	Wet	Dark - Not Lighted	Rain	Not a Collision Between Two Motor Vehicles in Transport	No	No Controls	5	1	Complains Of Pain	NA	41.81705	-71.42217	TRUE	FALSE	"41 Fricker Street, Providence, RI, USA"	FALSE	-71.4221908	41.8162533	premise	rooftop	"41 fricker st, providence, ri 02903, usa"	NA	NA	NA	NA	41.8162533	-71.4221908	High	88.70502533
2034	2016-02-03	352529	20:05:00	Pedestrian	1	NA	FALSE	FALSE	1	96 Waterman St	NA	2/3/16	One-Way Trafficway	Wet	Dark - Lighted	Rain	Not a Collision Between Two Motor Vehicles in Transport	No	Traffic Control Signal	2	1	Complains Of Pain	NA	41.82712	-71.40222	TRUE	TRUE	"96 Waterman Street, Providence, RI, USA"	FALSE	-71.4012939	41.8274141	premise	rooftop	"lippitt house, 96 waterman st, providence, ri 02906, usa"	NA	NA	NA	NA	41.8274141	-71.4012939	High	83.50602245
2031	2016-02-04	353132	17:42:00	Bicycle	NA	1	FALSE	FALSE	1	Hope St	George St	2/5/16	"Two-Way , Not Divided"	Dry	Dark - Lighted	Clear	Not a Collision Between Two Motor Vehicles in Transport	No	Stop Signs	3	0	No Injury	NA	41.82583	-71.39727	FALSE	FALSE	"Hope Street and George Street, Providence, RI, USA"	FALSE	-71.3972697	41.8257801	intersection	geometric_center	"hope st & george st, providence, ri 02906, usa"	NA	NA	NA	NA	41.8257801	-71.3972697	Med High	5.554898335
2030	2016-02-05	352949	8:47:00	Pedestrian	1	NA	FALSE	FALSE	1	ATWELLS AVE	ACADEMY AVE	2/5/16	"Two-Way, Divided, Unprotected (painted>4feet) Medium"	Snow	Daylight	Snow	Not a Collision Between Two Motor Vehicles in Transport	"Yes, M/V and Driver Left Scene"	Traffic Control Signal	1	1	Complains Of Pain	NA	41.82478	-71.44343	FALSE	FALSE	"Atwells Ave and Academy Ave, Providence, RI, USA"	FALSE	-71.4435191	41.8247997	intersection	geometric_center	"atwells ave & academy ave, providence, ri 02909, usa"	NA	NA	NA	NA	41.8247997	-71.4435191	Med High	7.709665777
2029	2016-02-07	365259	20:41:00	Pedestrian	1	NA	FALSE	FALSE	1	CHARLES ST	BRANCH AVE	3/12/16	"Two-Way , Not Divided"	Dry	Daylight	Clear	Not a Collision Between Two Motor Vehicles in Transport	No	No Controls	2	1	Complains Of Pain	NA	41.84933	-71.41983	FALSE	FALSE	"Charles Street and Branch Ave, Providence, RI, USA"	FALSE	-71.4128343	41.8239891	locality	approximate	"providence, ri, usa"	"Charles Street & Branch Ave, Providence, RI, USA"	EjBDaGFybGVzIFN0cmVldCAmIEJyYW5jaCBBdmUsIFByb3ZpZGVuY2UsIFJJLCBVU0EiZiJkChQKEgmX1pBx8ETkiRFt3W_DezHjNhIUChIJl9aQcfBE5IkRbd1vw3sx4zYaFAoSCXULzmzxROSJEctkyy41Vf0yGhQKEgnptPOF-UTkiRG6fR7eUkO2qCIKDYfZ8RgVmixu1Q	41.8503047	-71.419991	41.8503047	-71.419991	Med	109.3213445
2027	2016-02-09	354023	12:04:00	Pedestrian	1	NA	FALSE	FALSE	1	WASHINGTON ST	EMPIRE ST	2/9/16	"Two-Way , Not Divided"	Wet	Daylight	Cloudy	Other	No	Traffic Control Signal	4	1	Complains Of Pain	NA	41.81989	-71.41935	FALSE	FALSE	"Washington Street and Empire Street, Providence, RI, USA"	FALSE	-71.4157797	41.821349	route	geometric_center	"empire st, providence, ri 02903, usa"	"Washington Street & Empire Street, Providence, RI, USA"	EjZXYXNoaW5ndG9uIFN0cmVldCAmIEVtcGlyZSBTdHJlZXQsIFByb3ZpZGVuY2UsIFJJLCBVU0EiZiJkChQKEgmNpp3sEkXkiRHnvAEsqcaDvRIUChIJjaad7BJF5IkR57wBLKnGg70aFAoSCanazZwSReSJERoH0JajEjT2GhQKEgnHPO_pEkXkiRGhxI4iuiomFSIKDWmC7RgVI7hu1Q	41.8218601	-71.4164189	41.8218601	-71.4164189	Med	327.4513672
2028	2016-02-09	354151	17:45:00	Pedestrian	1	NA	FALSE	FALSE	1	Summer Street	NA	2/9/16	"Two-Way , Not Divided"	Slush	Dark - Lighted	Clear	Not a Collision Between Two Motor Vehicles in Transport	No	Stop Signs	3	1	Complains Of Pain	NA	41.81435	-71.41686	FALSE	TRUE	"Summer Street, Providence, RI, USA"	FALSE	-71.4182986	41.8153336	route	geometric_center	"summer st, providence, ri 02903, usa"	NA	NA	NA	NA	41.8153336	-71.4182986	Inaccurate	161.9714866
2026	2016-02-10	354444	17:34:00	Bicycle	NA	1	FALSE	FALSE	1	BROADWAY	DE PASQUALE AVE	2/10/16	"Two-Way , Not Divided"	Wet	Dark - Lighted	Clear	Not a Collision Between Two Motor Vehicles in Transport	"Yes, M/V and Driver Left Scene"	Traffic Control Signal	1	0	No Injury	NA	41.82078	-71.42521	FALSE	FALSE	"Broadway and De Pasquale Ave, Providence, RI, USA"	FALSE	-71.4262101	41.8224893	route	geometric_center	"de pasquale ave, providence, ri 02903, usa"	"Broadway & De Pasquale Ave, Providence, RI, USA"	Ei9Ccm9hZHdheSAmIERlIFBhc3F1YWxlIEF2ZSwgUHJvdmlkZW5jZSwgUkksIFVTQSJmImQKFAoSCTd39r50ReSJEQRLbIypVmNIEhQKEgk3d_a-dEXkiREES2yMqVZjSBoUChIJpbXlhnVF5IkRGsIzsdekb7MaFAoSCeVqSDILReSJEem1Phldyo7CIgoNM1jtGBX2X23V	41.8207795	-71.4252298	41.8207795	-71.4252298	Med	1.643532803
2025	2016-02-11	354730	19:44:00	Pedestrian	2	NA	FALSE	FALSE	1	BROAD ST	DAVE GAVITT WAY	2/11/16	"Two-Way , Not Divided"	Dry	Dark - Lighted	Clear	Not a Collision Between Two Motor Vehicles in Transport	No	Traffic Control Signal	4	2	Complains Of Pain	NA	41.81799	-71.41626	FALSE	FALSE	"Broad Street and Dave Gavitt Way, Providence, RI, USA"	FALSE	-71.418832	41.8202201	route	geometric_center	"dave gavitt way, providence, ri 02903, usa"	"Broad Street & Dave Gavitt Way, Providence, RI, USA"	EjNCcm9hZCBTdHJlZXQgJiBEYXZlIEdhdml0dCBXYXksIFByb3ZpZGVuY2UsIFJJLCBVU0EiZiJkChQKEglNDQwKbUXkiRH5sOLmIymP2hIUChIJTQ0MCm1F5IkR-bDi5iMpj9oaFAoSCYPefdWMT-SJESyiypOYSwijGhQKEgkZ_mRVbUXkiRF-YhHNSrTAjiIKDd_p7BgVD75u1Q	41.8179551	-71.4162673	41.8179551	-71.4162673	Med	3.931971576
2022	2016-02-16	356290	15:45:00	Pedestrian	1	NA	FALSE	FALSE	1	ELMWOOD AVE	ADELAIDE AVE	2/16/16	"Two-Way, Divided, Positive Median Barrier"	Wet	Daylight	Rain	Not a Collision Between Two Motor Vehicles in Transport	"Yes, M/V and Driver Left Scene"	Traffic Control Signal	1	1	Complains Of Pain	NA	41.79589	-71.425	FALSE	FALSE	"Elmwood Ave and Adelaide Ave, Providence, RI, USA"	FALSE	-71.424995	41.795887	intersection	geometric_center	"adelaide ave & elmwood ave, providence, ri 02907, usa"	NA	NA	NA	NA	41.795887	-71.424995	Med High	0.532651192
2023	2016-02-16	356322	17:22:00	Pedestrian	1	NA	FALSE	FALSE	1	WEYBOSSET ST	CUSTOM HOUSE ST	2/16/16	"Two-Way , Not Divided"	Wet	Dark - Lighted	Rain	Not a Collision Between Two Motor Vehicles in Transport	No	No Controls	2	1	Complains Of Pain	NA	41.82429	-71.4097	FALSE	FALSE	"Weybosset Street and Custom House Street, Providence, RI, USA"	FALSE	-71.4097149	41.824309	intersection	geometric_center	"weybosset st & custom house st, providence, ri 02903, usa"	NA	NA	NA	NA	41.824309	-71.4097149	Med High	2.449749828
2024	2016-02-16	356336	18:43:00	Pedestrian	1	NA	FALSE	FALSE	1	WESTMINSTER ST	EMPIRE ST	2/16/16	"Two-Way , Not Divided"	Wet	Dark - Lighted	Rain	Angle - Direction Not Specified	"Yes, M/V and Driver Left Scene"	Traffic Control Signal	3	1	Complains Of Pain	NA	41.82097	-71.41532	FALSE	FALSE	"Westminster Street and Empire Street, Providence, RI, USA"	FALSE	-71.4153246	41.8209888	intersection	geometric_center	"empire st & westminster st, providence, ri 02903, usa"	NA	NA	NA	NA	41.8209888	-71.4153246	Med High	2.127314131
2021	2016-02-17	356423	1:15:00	Pedestrian	1	NA	FALSE	FALSE	1	UNION AVE	ETHAN ST	2/17/16	"Two-Way , Not Divided"	Wet	Dark - Lighted	Rain	Head-On (Front - to - Front)	"Yes, Driver Left Scene"	No Controls	2	0	No Injury	NA	41.80715	-71.45905	FALSE	FALSE	"Union Ave and Ethan Street, Providence, RI, USA"	FALSE	-71.4594595	41.807338	intersection	geometric_center	"union ave & ethan st, providence, ri 02909, usa"	NA	NA	NA	NA	41.807338	-71.4594595	Med High	39.90678482
2020	2016-02-19	357337	8:25:00	Bicycle	NA	1	FALSE	FALSE	1	Battey St	WASHINGTON ST	2/19/16	"Two-Way , Not Divided"	Dry	Daylight	Clear	Not a Collision Between Two Motor Vehicles in Transport	No	Stop Signs	2	1	Complains Of Pain	2	41.81794	-71.42472	FALSE	FALSE	"Battey Street and Washington Street, Providence, RI, USA"	FALSE	-71.4247217	41.8179448	intersection	geometric_center	"battey st & washington st, providence, ri 02903, usa"	NA	NA	NA	NA	41.8179448	-71.4247217	Med High	0.552633424
2019	2016-02-20	357756	18:24:00	Pedestrian	1	NA	FALSE	FALSE	1	BRANCH AVE	DRYDEN LN	2/20/16	"Two-Way , Not Divided"	Dry	Dark - Lighted	Clear	Not a Collision Between Two Motor Vehicles in Transport	No	No Controls	2	1	Complains Of Pain	NA	41.84246	-71.40827	FALSE	FALSE	"Branch Ave and Dryden Ln, Providence, RI, USA"	FALSE	-71.4084611	41.8429742	intersection	geometric_center	"branch ave & dryden ln, providence, ri 02904, usa"	NA	NA	NA	NA	41.8429742	-71.4084611	Med High	59.39388438
2018	2016-02-21	358246	16:04:00	Pedestrian	1	NA	FALSE	FALSE	1	740 BRANCH AVE	VANDEWATER ST	2/21/16	"Two-Way , Not Divided"	Dry	Daylight	Clear	Not a Collision Between Two Motor Vehicles in Transport	"Yes, M/V and Driver Left Scene"	No Controls	1	1	Complains Of Pain	NA	41.85363	-71.42864	TRUE	FALSE	"740 Branch Ave, Providence, RI, USA"	FALSE	-71.4292185	41.8534751	premise	rooftop	"740 branch ave, providence, ri 02904, usa"	NA	NA	NA	NA	41.8534751	-71.4292185	High	50.97247348
2017	2016-02-23	358949	13:00:00	Pedestrian	1	NA	FALSE	TRUE	1	Douglas Ave	WHIPPLE ST	2/23/16	"Two-Way , Not Divided"	Dry	Daylight	Clear	Not a Collision Between Two Motor Vehicles in Transport	No	Stop Signs	3	0	No Injury	2	41.8368	-71.42142	FALSE	FALSE	"Douglas Ave and Whipple Street, Providence, RI, USA"	FALSE	-71.4215517	41.8368745	intersection	geometric_center	"whipple st & douglas ave, providence, ri 02908, usa"	NA	NA	NA	NA	41.8368745	-71.4215517	Med High	13.71459755
2015	2016-02-25	359505	8:06:00	Pedestrian	1	NA	FALSE	FALSE	1	MOUNT PLEASANT AVE	CHALKSTONE AVE	2/25/16	"Two-Way , Not Divided"	Wet	Daylight	Cloudy	Not a Collision Between Two Motor Vehicles in Transport	"Yes, M/V and Driver Left Scene"	No Controls	1	1	Complains Of Pain	NA	41.83267	-71.44974	FALSE	FALSE	"Mount Pleasant Ave and Chalkstone Ave, Providence, RI, USA"	FALSE	-71.4497544	41.83271	intersection	geometric_center	"mt pleasant ave & chalkstone ave, providence, ri 02908, usa"	NA	NA	NA	NA	41.83271	-71.4497544	Med High	4.610185557
2016	2016-02-25	359617	18:11:00	Pedestrian	1	NA	FALSE	FALSE	1	MOUNT PLEASANT AVE	CHALKSTONE AVE	2/25/16	"Two-Way , Not Divided"	Dry	Dark - Lighted	Clear	Not a Collision Between Two Motor Vehicles in Transport	"Yes, M/V and Driver Left Scene"	No Controls	1	1	Complains Of Pain	2	41.8327	-71.44975	FALSE	FALSE	"Mount Pleasant Ave and Chalkstone Ave, Providence, RI, USA"	FALSE	-71.4497544	41.83271	intersection	geometric_center	"mt pleasant ave & chalkstone ave, providence, ri 02908, usa"	NA	NA	NA	NA	41.83271	-71.4497544	Med High	1.171491734
2013	2016-02-27	360271	8:59:00	Pedestrian	1	NA	FALSE	TRUE	1	N MAIN ST	PLEASANT ST	2/27/16	"Two-Way, Divided, Positive Median Barrier"	Dry	Daylight	Clear	Not a Collision Between Two Motor Vehicles in Transport	No	Other	3	1	Complains Of Pain	NA	41.83919	-71.40905	FALSE	FALSE	"N Main Street and Pleasant Street, Providence, RI, USA"	FALSE	-71.3952794	41.9108235	route	geometric_center	"pleasant st, rhode island, usa"	"North Main Street & Pleasant Street, Providence, RI, USA"	EjhOb3J0aCBNYWluIFN0cmVldCAmIFBsZWFzYW50IFN0cmVldCwgUHJvdmlkZW5jZSwgUkksIFVTQSJmImQKFAoSCad9ZDPgROSJEXutEa3my4giEhQKEgmnfWQz4ETkiRF7rRGt5suIIhoUChIJ-fpBPd5E5IkRX9etvg1cIz8aFAoSCQ_s1LbfROSJEY1P9A0wxgYOIgoN-CfwGBXz12_V	41.8392056	-71.4090509	41.8392056	-71.4090509	Med	1.738187437
2014	2016-02-27	360386	15:39:00	Bicycle	NA	1	FALSE	FALSE	1	HARRISON ST	WESTMINSTER ST	2/27/16	"Two-Way , Not Divided"	Dry	Daylight	Clear	Not a Collision Between Two Motor Vehicles in Transport	No	No Controls	4	1	Complains Of Pain	2	41.81671	-71.43031	FALSE	FALSE	"Harrison Street and Westminster Street, Providence, RI, USA"	FALSE	-71.4302948	41.8167283	intersection	geometric_center	"harrison st & westminster st, providence, ri 02909, usa"	NA	NA	NA	NA	41.8167283	-71.4302948	Med High	2.395878614
2011	2016-02-29	360823	7:39:00	Pedestrian	1	NA	FALSE	FALSE	1	MOUNT PLEASANT AVE	CHALKSTONE AVE	2/29/16	"Two-Way, Divided, Unprotected (painted>4feet) Medium"	Dry	Daylight	Clear	Not a Collision Between Two Motor Vehicles in Transport	No	Traffic Control Signal	2	2	Complains Of Pain	NA	41.8327	-71.44975	FALSE	FALSE	"Mount Pleasant Ave and Chalkstone Ave, Providence, RI, USA"	FALSE	-71.4497544	41.83271	intersection	geometric_center	"mt pleasant ave & chalkstone ave, providence, ri 02908, usa"	NA	NA	NA	NA	41.83271	-71.4497544	Med High	1.171491734
2012	2016-02-29	361123	10:15:00	Pedestrian	1	NA	FALSE	FALSE	1	MANTON AVE	HERSCHEL ST	2/29/16	Unknown	Dry	Dark - Lighted	Clear	Other	"Yes, M/V and Driver Left Scene"	No Controls	1	0	No Injury	NA	41.83359	-71.469	FALSE	FALSE	"Manton Ave and Herschel Street, Providence, RI, USA"	FALSE	-71.4693755	41.833449	intersection	geometric_center	"herschel st & manton ave, providence, ri 02909, usa"	NA	NA	NA	NA	41.833449	-71.4693755	Med High	34.87654367
2009	2016-03-02	361569	23:58:00	Pedestrian	1	NA	FALSE	FALSE	1	Broadway	EXIT 21  (RT 1)	3/2/16	One-Way Trafficway	Dry	Daylight	Cloudy	Not a Collision Between Two Motor Vehicles in Transport	"Yes, M/V and Driver Left Scene"	Traffic Control Signal	1	1	Complains Of Pain	NA	41.82205	-71.41971	FALSE	FALSE	"Broadway and Exit 21  (Rt 1), Providence, RI, USA"	FALSE	-71.3539872	41.9300818	street_address	rooftop	"21 us-1, north attleborough, ma 02760, usa"	NA	NA	NA	NA	41.9300818	-71.3539872	Med High	13202.34852
2010	2016-03-02	361799	19:00:00	Pedestrian	1	NA	FALSE	FALSE	1	Broad Street	MASSACHUSETTS AVE	3/2/16	"Two-Way , Not Divided"	Dry	Dark - Lighted	Cloudy	Not a Collision Between Two Motor Vehicles in Transport	No	No Controls	3	1	Non-Incapacitating	NA	41.78635	-71.40193	FALSE	FALSE	"Broad Street and Massachusetts Ave, Providence, RI, USA"	FALSE	-71.398086	41.7870857	route	geometric_center	"massachusetts ave, providence, ri 02905, usa"	"Broad Street & Massachusetts Ave, Providence, RI, USA"	EjVCcm9hZCBTdHJlZXQgJiBNYXNzYWNodXNldHRzIEF2ZSwgUHJvdmlkZW5jZSwgUkksIFVTQSJmImQKFAoSCSsPeUnsT-SJEa4hPoTYt3L2EhQKEgkrD3lJ7E_kiRGuIT6E2Ldy9hoUChIJg9591YxP5IkRLKLKk5hLCKMaFAoSCaWbFTXuT-SJEd17f4AxeQSKIgoN8BfoGBXn7XDV	41.7863664	-71.4019353	41.7863664	-71.4019353	Med	1.877894902
2008	2016-03-03	362450	16:30:00	Bicycle	NA	1	FALSE	FALSE	1	ONEIL ST	VEAZIE ST	3/3/16	"Two-Way , Not Divided"	Dry	Daylight	Clear	Not a Collision Between Two Motor Vehicles in Transport	No	No Controls	2	1	Non-Incapacitating	NA	41.85297	-71.43521	FALSE	FALSE	"Oneil Street and Veazie Street, Providence, RI, USA"	FALSE	-71.4351901	41.8529736	intersection	geometric_center	"o neil st & veazie st, providence, ri 02904, usa"	NA	NA	NA	NA	41.8529736	-71.4351901	Med High	1.698023763
2007	2016-03-06	363031	3:30:00	Pedestrian	1	NA	FALSE	FALSE	1	POTTERS AVE	BROAD ST	3/6/16	"Two-Way , Not Divided"	Dry	Dark - Lighted	Clear	Not a Collision Between Two Motor Vehicles in Transport	"Yes, M/V and Driver Left Scene"	Traffic Control Signal	1	1	Complains Of Pain	NA	41.80297	-71.41891	FALSE	FALSE	"Potters Ave and Broad Street, Providence, RI, USA"	FALSE	-71.4189101	41.802993	intersection	geometric_center	"potters ave & broad st, providence, ri 02905, usa"	NA	NA	NA	NA	41.802993	-71.4189101	Med High	2.560361737
2006	2016-03-08	363955	13:37:00	Bicycle	NA	1	FALSE	FALSE	1	BROADWAY	COURTLAND STREET	3/9/16	"Two-Way , Not Divided"	Dry	Daylight	Clear	Other	No	Stop Signs	3	1	Non-Incapacitating	2	41.83454	-71.41645	FALSE	FALSE	"Broadway and Courtland Street, Providence, RI, USA"	FALSE	-71.4312276	41.8193752	route	geometric_center	"courtland st, providence, ri 02909, usa"	"Broadway & Courtland Street, Providence, RI, USA"	EjBCcm9hZHdheSAmIENvdXJ0bGFuZCBTdHJlZXQsIFByb3ZpZGVuY2UsIFJJLCBVU0EiZiJkChQKEgkfTP4-nkXkiRHaRpD1HdCAZxIUChIJH0z-Pp5F5IkR2kaQ9R3QgGcaFAoSCaW15YZ1ReSJERrCM7HXpG-zGhQKEgmBJD9HnkXkiREEPU6rEi8kayIKDVgh7RgVrHVs1Q	41.8193752	-71.4312276	41.8193752	-71.4312276	Med	2086.249999
2004	2016-03-11	364804	7:38:00	Pedestrian	1	NA	FALSE	FALSE	1	765 ATWELLS AVENUE	ACADEMY AVENUE	3/11/16	"Two-Way , Not Divided"	Wet	Daylight	Cloudy	Other	No	No Controls	2	1	Non-Incapacitating	2	41.83618	-71.41545	TRUE	FALSE	"765 Atwells Avenue, Providence, RI, USA"	FALSE	-71.4422971	41.8249165	premise	rooftop	"765 atwells ave, providence, ri 02909, usa"	NA	NA	NA	NA	41.8249165	-71.4422971	High	2555.59937
2005	2016-03-11	365537	15:44:00	Bicycle	NA	1	FALSE	FALSE	1	Killingly St	Duxbury St	3/14/16	"Two-Way , Not Divided"	Dry	Daylight	Clear	Not a Collision Between Two Motor Vehicles in Transport	No	Pavement Markings	3	1	Complains Of Pain	NA	41.8138	-71.46091	FALSE	FALSE	"Killingly Street and Duxbury Street, Providence, RI, USA"	FALSE	-71.4608763	41.8138145	intersection	geometric_center	"killingly st & duxbury st, providence, ri 02909, usa"	NA	NA	NA	NA	41.8138145	-71.4608763	Med High	3.228495721
2001	2016-03-16	367654	9:11:00	Pedestrian	1	NA	FALSE	FALSE	1	EMPIRE ST	WESTMINSTER ST	3/16/16	"Two-Way, Divided, Unprotected (painted>4feet) Medium"	Dry	Daylight	Clear	Not a Collision Between Two Motor Vehicles in Transport	No	No Controls	4	1	Complains Of Pain	NA	41.82111	-71.4155	FALSE	FALSE	"Empire Street and Westminster Street, Providence, RI, USA"	FALSE	-71.4153246	41.8209888	intersection	geometric_center	"empire st & westminster st, providence, ri 02903, usa"	NA	NA	NA	NA	41.8209888	-71.4153246	Med High	19.8434501