row_number	crash_date	crash_report_id	crash_time	collision_type	count_pedestrian	count_bicycle	scooter	wheel_chair	number_of_vehicles	street_or_highway	nearest_intersection	report_date	type_of_roadway	road_surface_condition	light_condition	weather_condition	manner_of_impact	hit_and_run	traffic_control	person_count	injury_count	most_serious_injury	number_of_lanes	lat_raw	lon_raw	has_st_number	is_intersection_null	address_sent_to_geocoder	is_address_blank	lon_api_first_try	lat_api_first_try	type	loctype	address_returned_by_geocoder	address_returned_by_autocomplete	place_ids_autocompleted	lat_api_second_try	lon_api_second_try	lat_api_best	lon_api_best	api_coord_conf	distance_btwn_coords_meters
2002	2016-03-16	367750	16:25:00	Pedestrian	1	NA	FALSE	FALSE	1	CHALKSTONE AVE	PEKIN ST	3/16/16	"Two-Way , Not Divided"	Dry	Daylight	Clear	Not a Collision Between Two Motor Vehicles in Transport	No	Other	4	0	No Injury	NA	41.83562	-71.42416	FALSE	FALSE	"Chalkstone Ave and Pekin Street, Providence, RI, USA"	FALSE	-71.4241584	41.8356376	intersection	geometric_center	"pekin st & chalkstone ave, providence, ri 02908, usa"	NA	NA	NA	NA	41.8356376	-71.4241584	Med High	1.963712097
2003	2016-03-16	367811	21:16:00	Pedestrian	1	NA	FALSE	FALSE	1	134 Atwells Ave	NEWTON ST	3/16/16	"Two-Way, Divided, Unprotected (painted>4feet) Medium"	Wet	Dark - Lighted	Rain	Not a Collision Between Two Motor Vehicles in Transport	No	No Controls	3	1	Complains Of Pain	NA	41.82327	-71.42229	TRUE	FALSE	"134 Atwells Ave, Providence, RI, USA"	FALSE	-71.4223991	41.8231341	premise	rooftop	"134 atwells ave, providence, ri 02903, usa"	NA	NA	NA	NA	41.8231341	-71.4223991	High	17.6288821
2000	2016-03-17	368202	13:38:00	Pedestrian	1	NA	FALSE	FALSE	1	HUNTINGTON AVE	DEXTER ST	3/17/16	"Two-Way, Divided, Positive Median Barrier"	Dry	Daylight	Clear	Not a Collision Between Two Motor Vehicles in Transport	No	No Controls	2	2	Fatal	NA	41.80102	-71.43181	FALSE	FALSE	"Huntington Ave and Dexter Street, Providence, RI, USA"	FALSE	-71.4315343	41.8009424	intersection	geometric_center	"dexter st & huntington ave, providence, ri 02907, usa"	NA	NA	NA	NA	41.8009424	-71.4315343	Med High	24.45537847
1999	2016-03-18	368259	7:24:00	Pedestrian	1	NA	FALSE	FALSE	1	163 PROGRESS AVE	WEBSTER AVE	3/18/16	Unknown	Dry	Daylight	Clear	Other	"Yes, M/V and Driver Left Scene"	No Controls	1	1	Complains Of Pain	NA	41.80853	-71.44916	TRUE	FALSE	"163 Progress Ave, Providence, RI, USA"	FALSE	-71.4491709	41.8086833	premise	rooftop	"163 progress ave, providence, ri 02909, usa"	NA	NA	NA	NA	41.8086833	-71.4491709	High	17.08922753
1998	2016-03-19	368595	2:43:00	Pedestrian	1	NA	FALSE	FALSE	1	ELMWOOD AVE	ARCH ST	3/19/16	"Two-Way , Not Divided"	Dry	Dark - Lighted	Clear	Not a Collision Between Two Motor Vehicles in Transport	"Yes, M/V and Driver Left Scene"	No Controls	2	1	Incapacitating	2	41.81202	-71.42261	FALSE	FALSE	"Elmwood Ave and Arch Street, Providence, RI, USA"	FALSE	-71.4225885	41.8120767	intersection	geometric_center	"arch st & elmwood ave, providence, ri 02907, usa"	NA	NA	NA	NA	41.8120767	-71.4225885	Med High	6.559053277
1996	2016-03-21	369868	14:56:00	Pedestrian	1	NA	FALSE	FALSE	1	JOSLIN ST	ATWELLS AVE	3/22/16	"Two-Way , Not Divided"	Dry	Daylight	Clear	Not a Collision Between Two Motor Vehicles in Transport	No	No Controls	3	1	Complains Of Pain	NA	41.82496	-71.44666	FALSE	FALSE	"Joslin Street and Atwells Ave, Providence, RI, USA"	FALSE	-71.4466564	41.8249741	intersection	geometric_center	"joslin st & atwells ave, providence, ri 02909, usa"	NA	NA	NA	NA	41.8249741	-71.4466564	Med High	1.597761272
1997	2016-03-21	370786	19:38:00	Pedestrian	1	NA	FALSE	FALSE	1	12 POCASSET AVE	NA	3/24/16	"Two-Way , Not Divided"	Dry	Dark - Lighted	Clear	Not a Collision Between Two Motor Vehicles in Transport	No	No Controls	5	1	Complains Of Pain	NA	41.81165	-71.45095	TRUE	TRUE	"12 Pocasset Ave, Providence, RI, USA"	FALSE	-71.4479665	41.8134363	street_address	rooftop	"12 pocasset ave, providence, ri 02909, usa"	NA	NA	NA	NA	41.8134363	-71.4479665	High	317.5177469
1995	2016-03-23	370521	15:20:00	Pedestrian	1	NA	FALSE	FALSE	1	Bancroft Street	KELLEY ST	3/23/16	"Two-Way , Not Divided"	Dry	Daylight	Clear	Not a Collision Between Two Motor Vehicles in Transport	No	No Controls	3	1	Complains Of Pain	NA	41.81309	-71.4481	FALSE	FALSE	"Bancroft Street and Kelley Street, Providence, RI, USA"	FALSE	-71.4480739	41.8130759	intersection	geometric_center	"bancroft st & kelly st, providence, ri 02909, usa"	NA	NA	NA	NA	41.8130759	-71.4480739	Med High	2.674512549
1994	2016-03-24	370700	11:24:00	Pedestrian	1	NA	FALSE	FALSE	1	DOYLE AVE	ELMGROVE AVE	3/24/16	"Two-Way , Not Divided"	Dry	Daylight	Clear	Not a Collision Between Two Motor Vehicles in Transport	No	Stop Signs	4	1	Incapacitating	NA	41.839	-71.39234	FALSE	FALSE	"Doyle Ave and Elmgrove Ave, Providence, RI, USA"	FALSE	-71.392329	41.8390276	intersection	geometric_center	"elmgrove ave & doyle ave, providence, ri 02906, usa"	NA	NA	NA	NA	41.8390276	-71.392329	Med High	3.20500005
1992	2016-03-29	372804	11:13:00	Pedestrian	1	NA	FALSE	FALSE	1	55 BROADWAY	NA	3/29/16	"Two-Way , Not Divided"	Dry	Daylight	Clear	Not a Collision Between Two Motor Vehicles in Transport	No	No Controls	4	1	Fatal	NA	41.82234	-71.4186	TRUE	TRUE	"55 Broadway, Providence, RI, USA"	FALSE	-71.4183694	41.8228339	street_address	rooftop	"55 broadway, providence, ri 02903, usa"	NA	NA	NA	NA	41.8228339	-71.4183694	High	58.21363475
1993	2016-03-29	372939	15:50:00	Bicycle	NA	2	FALSE	FALSE	1	ROANOKE ST	CARLETON ST	3/29/16	"Two-Way , Not Divided"	Dry	Daylight	Clear	Not a Collision Between Two Motor Vehicles in Transport	"Yes, M/V and Driver Left Scene"	Stop Signs	3	2	Non-Incapacitating	2	41.83139	-71.44787	FALSE	FALSE	"Roanoke Street and Carleton Street, Providence, RI, USA"	FALSE	-71.4478722	41.8314008	intersection	geometric_center	"carleton st & roanoke st, providence, ri 02908, usa"	NA	NA	NA	NA	41.8314008	-71.4478722	Med High	1.216020199
1990	2016-03-31	373728	7:46:00	Pedestrian	1	NA	FALSE	FALSE	1	VANDEWATER ST	BRANCH AVE	3/31/16	"Two-Way , Not Divided"	Dry	Daylight	Clear	Other	No	Stop Signs	3	1	Complains Of Pain	NA	41.85367	-71.42883	FALSE	FALSE	"Vandewater Street and Branch Ave, Providence, RI, USA"	FALSE	-71.428823	41.8536926	intersection	geometric_center	"vandewater st & branch ave, providence, ri 02904, usa"	NA	NA	NA	NA	41.8536926	-71.428823	Med High	2.581905215
1991	2016-03-31	373764	15:06:00	Pedestrian	1	NA	FALSE	FALSE	1	CRANSTON ST	HANOVER ST	3/31/16	"Two-Way , Not Divided"	Dry	Daylight	Clear	Not a Collision Between Two Motor Vehicles in Transport	"Yes, M/V and Driver Left Scene"	No Controls	2	1	Complains Of Pain	2	41.80945	-71.43357	FALSE	FALSE	"Cranston Street and Hanover Street, Providence, RI, USA"	FALSE	-71.4335598	41.809491	intersection	geometric_center	"cranston st & hanover st, providence, ri 02907, usa"	NA	NA	NA	NA	41.809491	-71.4335598	Med High	4.641904671
1989	2016-04-04	375957	15:10:00	Pedestrian	1	NA	FALSE	FALSE	1	Bucklin St	WHITMARSH ST	4/4/16	"Two-Way , Not Divided"	Slush	Daylight	Snow	Not a Collision Between Two Motor Vehicles in Transport	No	No Controls	2	1	Complains Of Pain	NA	41.8059	-71.42781	FALSE	FALSE	"Bucklin Street and Whitmarsh Street, Providence, RI, USA"	FALSE	-71.4278013	41.8059079	intersection	geometric_center	"bucklin st & whitmarsh st, providence, ri 02907, usa"	NA	NA	NA	NA	41.8059079	-71.4278013	Med High	1.137779905
1988	2016-04-08	378087	7:22:00	Pedestrian	1	NA	FALSE	FALSE	1	ANGELL ST	HOPE ST	4/8/16	One-Way Trafficway	Dry	Daylight	Clear	Not a Collision Between Two Motor Vehicles in Transport	No	Traffic Control Signal	4	1	Complains Of Pain	NA	41.8284	-71.39754	FALSE	FALSE	"Angell Street and Hope Street, Providence, RI, USA"	FALSE	-71.3974982	41.8284083	intersection	geometric_center	"hope st & angell st, providence, ri 02906, usa"	NA	NA	NA	NA	41.8284083	-71.3974982	Med High	3.588272287
1987	2016-04-10	379232	20:50:00	Pedestrian	1	NA	FALSE	FALSE	1	Orms St	Bath St	4/10/16	"Two-Way , Not Divided"	Dry	Dark - Lighted	Clear	Not a Collision Between Two Motor Vehicles in Transport	No	No Controls	2	0	No Injury	NA	41.83325	-71.42531	FALSE	FALSE	"Orms Street and Bath Street, Providence, RI, USA"	FALSE	-71.4254527	41.8332163	intersection	geometric_center	"bath st & orms st, providence, ri 02908, usa"	NA	NA	NA	NA	41.8332163	-71.4254527	Med High	12.41625766
1986	2016-04-11	379614	13:00:00	Pedestrian	1	NA	FALSE	FALSE	1	HOLDEN ST	SMITH ST	4/11/16	"Two-Way , Not Divided"	Dry	Daylight	Clear	Not a Collision Between Two Motor Vehicles in Transport	No	No Controls	2	1	Complains Of Pain	NA	41.83221	-71.41802	FALSE	FALSE	"Holden Street and Smith Street, Providence, RI, USA"	FALSE	-71.4180055	41.8322069	intersection	geometric_center	"holden st & smith st, providence, ri 02908, usa"	NA	NA	NA	NA	41.8322069	-71.4180055	Med High	1.251221718
1984	2016-04-12	380897	21:44:00	Pedestrian	1	NA	FALSE	FALSE	1	244 UNION AVE	PRISCILLA AVE	4/12/16	"Two-Way, Divided, Unprotected (painted>4feet) Medium"	Dry	Dark - Lighted	Clear	Not a Collision Between Two Motor Vehicles in Transport	No	No Controls	2	1	Complains Of Pain	NA	41.80753	-71.44486	TRUE	FALSE	"244 Union Ave, Providence, RI, USA"	FALSE	-71.4448017	41.8073879	premise	rooftop	"244 union ave, providence, ri 02909, usa"	NA	NA	NA	NA	41.8073879	-71.4448017	High	16.54166079
1985	2016-04-12	380921	22:06:00	Pedestrian	1	NA	FALSE	FALSE	1	BENEVOLENT ST	BENEFIT ST	4/12/16	"Two-Way , Not Divided"	Dry	Dark - Lighted	Cloudy	Other	No	No Controls	2	1	Non-Incapacitating	2	41.82453	-71.40549	FALSE	FALSE	"Benevolent Street and Benefit Street, Providence, RI, USA"	FALSE	-71.4055481	41.8244535	intersection	geometric_center	"benevolent st & benefit st, providence, ri 02906, usa"	NA	NA	NA	NA	41.8244535	-71.4055481	Med High	9.785204105
1983	2016-04-15	382676	7:21:00	Pedestrian	1	NA	FALSE	FALSE	1	HARTFORD AVENUE	BOWLETT STREET	4/15/16	"Two-Way , Not Divided"	Dry	Daylight	Clear	Angle - Direction Not Specified	"Yes, M/V and Driver Left Scene"	Flashing Traffic Control Signal	3	1	Complains Of Pain	2	41.81907	-71.46225	FALSE	FALSE	"Hartford Avenue and Bowlett Street, Providence, RI, USA"	FALSE	-71.4622443	41.8191049	intersection	geometric_center	"bowlett st & hartford ave, providence, ri 02909, usa"	NA	NA	NA	NA	41.8191049	-71.4622443	Med High	3.913723308
1982	2016-04-16	384175	22:23:00	Pedestrian	1	NA	FALSE	FALSE	1	176 Manton Ave	NA	4/18/16	"Two-Way , Not Divided"	Dry	Dark - Lighted	Clear	Not a Collision Between Two Motor Vehicles in Transport	"Yes, M/V and Driver Left Scene"	No Controls	1	1	Complains Of Pain	NA	41.82017	-71.44693	TRUE	TRUE	"176 Manton Ave, Providence, RI, USA"	FALSE	-71.4470046	41.8200389	street_address	rooftop	"176 manton ave, providence, ri 02909, usa"	NA	NA	NA	NA	41.8200389	-71.4470046	High	15.85199733
1980	2016-04-17	384040	14:30:00	Pedestrian	1	NA	FALSE	FALSE	1	OAKLAND AVE	CHALKSTONE AVE	4/17/16	"Two-Way, Divided, Unprotected (painted>4feet) Medium"	Dry	Daylight	Clear	Rear End(Front-to-Rear)	No	Traffic Control Signal	4	1	Complains Of Pain	NA	41.83421	-71.43024	FALSE	FALSE	"Oakland Ave and Chalkstone Ave, Providence, RI, USA"	FALSE	-71.4302486	41.834203	intersection	geometric_center	"oakland ave & chalkstone ave, providence, ri 02908, usa"	NA	NA	NA	NA	41.834203	-71.4302486	Med High	1.056411046
1981	2016-04-17	384722	19:40:00	Pedestrian	1	NA	FALSE	FALSE	1	WESTMINSTER ST	MESSER ST	4/18/16	"Two-Way, Divided, Unprotected (painted>4feet) Medium"	Dry	Dark - Lighted	Clear	Not a Collision Between Two Motor Vehicles in Transport	"Yes, M/V and Driver Left Scene"	No Controls	1	1	Complains Of Pain	NA	41.81586	-71.43704	FALSE	FALSE	"Westminster Street and Messer Street, Providence, RI, USA"	FALSE	-71.437044	41.8158698	intersection	geometric_center	"messer st & westminster st, providence, ri 02909, usa"	NA	NA	NA	NA	41.8158698	-71.437044	Med High	1.140290643
1978	2016-04-18	384387	10:00:00	Pedestrian	1	NA	FALSE	FALSE	1	EMPIRE ST	WASHINGTON ST	4/18/16	"Two-Way , Not Divided"	Dry	Daylight	Clear	Not a Collision Between Two Motor Vehicles in Transport	No	Traffic Control Signal	3	1	Complains Of Pain	NA	41.82184	-71.41647	FALSE	FALSE	"Empire Street and Washington Street, Providence, RI, USA"	FALSE	-71.4164189	41.8218601	intersection	geometric_center	"empire st & washington st, providence, ri 02903, usa"	NA	NA	NA	NA	41.8218601	-71.4164189	Med High	4.79341231
1979	2016-04-18	384714	16:39:00	Bicycle	NA	1	FALSE	FALSE	1	ELMWOOD AVE	DABOLL ST	4/18/16	"Two-Way, Divided, Unprotected (painted>4feet) Medium"	Dry	Daylight	Clear	Not a Collision Between Two Motor Vehicles in Transport	No	No Controls	2	1	Complains Of Pain	NA	41.80414	-71.42557	FALSE	FALSE	"Elmwood Ave and Daboll Street, Providence, RI, USA"	FALSE	-71.4255688	41.8041436	intersection	geometric_center	"daboll st & elmwood ave, providence, ri 02907, usa"	NA	NA	NA	NA	41.8041436	-71.4255688	Med High	0.41293611
1977	2016-04-19	385069	8:11:00	Bicycle	NA	1	FALSE	FALSE	1	Cypress St	KNOWLES ST	4/19/16	"Two-Way, Divided, Unprotected (painted>4feet) Medium"	Dry	Daylight	Clear	Angle (Front - to - Side) Right Angle (Includes Broadside)	No	No Controls	2	1	Non-Incapacitating	NA	41.8422	-71.40482	FALSE	FALSE	"Cypress Street and Knowles Street, Providence, RI, USA"	FALSE	-71.404787	41.8422139	intersection	geometric_center	"knowles st & cypress st, providence, ri 02906, usa"	NA	NA	NA	NA	41.8422139	-71.404787	Med High	3.14387913
1976	2016-04-20	385226	8:08:00	Pedestrian	1	NA	FALSE	FALSE	1	Dudley st	PLAIN ST	4/20/16	"Two-Way , Not Divided"	Dry	Daylight	Clear	Not a Collision Between Two Motor Vehicles in Transport	No	No Controls	3	1	Complains Of Pain	NA	41.81028	-71.41081	FALSE	FALSE	"Dudley Street and Plain Street, Providence, RI, USA"	FALSE	-71.4112111	41.8102339	intersection	geometric_center	"plain st & dudley st, providence, ri 02903, usa"	NA	NA	NA	NA	41.8102339	-71.4112111	Med High	33.67369916
1975	2016-04-22	386732	12:33:00	Bicycle	NA	1	FALSE	FALSE	1	CALLA ST	F C GREENE PARKWAY	4/23/16	"Two-Way , Not Divided"	Dry	Daylight	Clear	Not a Collision Between Two Motor Vehicles in Transport	No	No Controls	2	1	Complains Of Pain	NA	41.78722	-71.41179	FALSE	FALSE	"Calla Street and F C Greene Parkway, Providence, RI, USA"	FALSE	-71.4078389	41.7886829	route	geometric_center	"calla st, providence, ri 02905, usa"	NA	NA	NA	NA	41.7886829	-71.4078389	Med	366.1550994
1974	2016-04-23	387460	20:08:00	Pedestrian	1	NA	FALSE	FALSE	1	Adelaide Ave	Broad St	4/24/16	"Two-Way , Not Divided"	Dry	Dark - Lighted	Clear	Not a Collision Between Two Motor Vehicles in Transport	No	Pavement Markings	3	1	Complains Of Pain	NA	41.79885	-71.41548	FALSE	FALSE	"Adelaide Ave and Broad Street, Providence, RI, USA"	FALSE	-71.4154791	41.7988681	intersection	geometric_center	"adelaide ave & broad st, providence, ri 02905, usa"	NA	NA	NA	NA	41.7988681	-71.4154791	Med High	2.016266609
1973	2016-04-24	387209	9:40:00	Bicycle	NA	1	FALSE	FALSE	1	Broadway	Dean Street	4/24/16	"Two-Way , Not Divided"	Dry	Daylight	Clear	Other	No	Traffic Control Signal	3	1	Incapacitating	2	41.82139	-71.42257	FALSE	FALSE	"Broadway and Dean Street, Providence, RI, USA"	FALSE	-71.4242155	41.8234078	route	geometric_center	"dean st, providence, ri, usa"	"Broadway & Dean Street, Providence, RI, USA"	EitCcm9hZHdheSAmIERlYW4gU3RyZWV0LCBQcm92aWRlbmNlLCBSSSwgVVNBImYiZAoUChIJCcRZtQxF5IkRWJynngBsfzMSFAoSCQnEWbUMReSJEVicp54AbH8zGhQKEgmlteWGdUXkiREawjOx16RvsxoUChIJWwZsfgxF5IkRyLSf36DnQOQiCg38cO0YFWLJbdU	41.821414	-71.422531	41.821414	-71.422531	Med	4.195884709
1972	2016-04-26	388357	15:10:00	Pedestrian	1	NA	FALSE	FALSE	1	OXFORD ST	PRAIRIE AVE	4/26/16	"Two-Way , Not Divided"	Wet	Daylight	Cloudy	Not a Collision Between Two Motor Vehicles in Transport	No	Stop Signs	3	1	Complains Of Pain	2	41.80158	-71.41313	FALSE	FALSE	"Oxford Street and Prairie Ave, Providence, RI, USA"	FALSE	-71.413116	41.8015958	intersection	geometric_center	"oxford st & prairie ave, providence, ri 02905, usa"	NA	NA	NA	NA	41.8015958	-71.413116	Med High	2.107906081
1971	2016-04-27	388812	13:05:00	Bicycle	NA	1	FALSE	FALSE	1	Elmwood Avenue	Westfield Street	4/27/16	"Two-Way , Not Divided"	Dry	Daylight	Clear	Not a Collision Between Two Motor Vehicles in Transport	No	Traffic Control Signal	2	1	Complains Of Pain	NA	41.81001	-71.42398	FALSE	FALSE	"Elmwood Avenue and Westfield Street, Providence, RI, USA"	FALSE	-71.4239792	41.8100222	intersection	geometric_center	"elmwood ave & westfield st, providence, ri 02907, usa"	NA	NA	NA	NA	41.8100222	-71.4239792	Med High	1.359718978
1970	2016-04-29	390145	17:05:00	Bicycle	NA	1	FALSE	FALSE	1	Olney St	HOPE ST	4/29/16	"Two-Way , Not Divided"	Dry	Daylight	Cloudy	Not a Collision Between Two Motor Vehicles in Transport	No	No Controls	2	1	Complains Of Pain	2	41.83569	-71.40214	FALSE	FALSE	"Olney Street and Hope Street, Providence, RI, USA"	FALSE	-71.4015677	41.8357179	intersection	geometric_center	"hope st & olney st, providence, ri 02906, usa"	NA	NA	NA	NA	41.8357179	-71.4015677	Med High	47.56792331
1968	2016-05-02	391673	17:30:00	Bicycle	NA	1	FALSE	FALSE	1	SMITH ST	CHALKSTONE AVE	5/2/16	"Two-Way , Not Divided"	Dry	Daylight	Cloudy	Not a Collision Between Two Motor Vehicles in Transport	No	No Controls	2	1	Complains Of Pain	2	41.83556	-71.42649	FALSE	FALSE	"Smith Street and Chalkstone Ave, Providence, RI, USA"	FALSE	-71.4256425	41.8352214	intersection	geometric_center	"chalkstone ave & smith st, providence, ri 02908, usa"	NA	NA	NA	NA	41.8352214	-71.4256425	Med High	79.76014657
1969	2016-05-02	391894	14:21:00	Bicycle	NA	1	FALSE	FALSE	1	610 MANTON AVE	RIDGEWAY AVE	5/3/16	"Two-Way , Not Divided"	Wet	Daylight	Cloudy	Not a Collision Between Two Motor Vehicles in Transport	No	No Controls	3	1	Complains Of Pain	2	41.82722	-71.46094	TRUE	FALSE	"610 Manton Ave, Providence, RI, USA"	FALSE	-71.46158	41.826471	premise	rooftop	"610 manton ave, providence, ri 02909, usa"	NA	NA	NA	NA	41.826471	-71.46158	High	98.84513301
1967	2016-05-03	392336	13:00:00	Pedestrian	1	NA	FALSE	FALSE	1	CANAL ST	MILL ST	5/3/16	"Two-Way, Divided, Positive Median Barrier"	Wet	Daylight	Rain	Not a Collision Between Two Motor Vehicles in Transport	No	Stop Signs	5	1	Complains Of Pain	NA	41.8323	-71.41095	FALSE	FALSE	"Canal Street and Mill Street, Providence, RI, USA"	FALSE	-71.5342119	42.0140642	intersection	geometric_center	"mill st & canal st, north smithfield, ri 02896, usa"	NA	NA	NA	NA	42.0140642	-71.5342119	Med High	22663.64202
1966	2016-05-04	393180	16:36:00	Pedestrian	1	NA	FALSE	FALSE	1	GLENBRIDGE AVE	HARTFORD AVE	5/4/16	"Two-Way , Not Divided"	Wet	Daylight	Rain	Not a Collision Between Two Motor Vehicles in Transport	"Yes, M/V and Driver Left Scene"	No Controls	1	1	Complains Of Pain	NA	41.81928	-71.4614	FALSE	FALSE	"Glenbridge Ave and Hartford Ave, Providence, RI, USA"	FALSE	-71.4615818	41.8190078	intersection	geometric_center	"glenbridge ave & hartford ave, providence, ri 02909, usa"	NA	NA	NA	NA	41.8190078	-71.4615818	Med High	33.84727256
1965	2016-05-07	394356	9:00:00	Pedestrian	1	NA	FALSE	FALSE	1	WESTMINSTER ST	MESSER ST	5/7/16	"Two-Way , Not Divided"	Wet	Daylight	Cloudy	Other	"Yes, M/V and Driver Left Scene"	Pavement Markings	2	1	Complains Of Pain	3	41.81586	-71.43704	FALSE	FALSE	"Westminster Street and Messer Street, Providence, RI, USA"	FALSE	-71.437044	41.8158698	intersection	geometric_center	"messer st & westminster st, providence, ri 02909, usa"	NA	NA	NA	NA	41.8158698	-71.437044	Med High	1.140290643
1964	2016-05-09	395848	17:57:00	Pedestrian	2	NA	FALSE	FALSE	1	WATERMAN ST	N MAIN ST	5/9/16	"Two-Way, Divided, Positive Median Barrier"	Dry	Daylight	Clear	Not a Collision Between Two Motor Vehicles in Transport	No	No Controls	22	16	Complains Of Pain	NA	41.82694	-71.4087	FALSE	FALSE	"Waterman Street and N Main Street, Providence, RI, USA"	FALSE	-71.3702575	41.8264716	establishment	rooftop	"105 wilmarth ave, east providence, ri 02914, usa"	"Waterman Street & North Main Street, Providence, RI, USA"	EjhXYXRlcm1hbiBTdHJlZXQgJiBOb3J0aCBNYWluIFN0cmVldCwgUHJvdmlkZW5jZSwgUkksIFVTQSJmImQKFAoSCQt9wqUXReSJEQkJ8DGRoJD4EhQKEgkLfcKlF0XkiREJCfAxkaCQ-BoUChIJ-ff-ZiVF5IkRYg4Ghho0ll0aFAoSCfn6QT3eROSJEV_Xrb4NXCM_IgoNMknuGBWr5G_V	41.826949	-71.4087253	41.826949	-71.4087253	Med	2.325540948
1963	2016-05-10	396202	13:20:00	Pedestrian	1	NA	FALSE	FALSE	1	1270 BROAD ST	BROAD ST	5/10/16	"Two-Way, Divided, Unprotected (painted>4feet) Medium"	Dry	Daylight	Clear	Not a Collision Between Two Motor Vehicles in Transport	"Yes, M/V and Driver Left Scene"	No Controls	2	1	Incapacitating	NA	41.792	-71.40696	TRUE	FALSE	"1270 Broad Street, Providence, RI, USA"	FALSE	-71.4062745	41.7921309	street_address	range_interpolated	"1270 broad st, providence, ri 02905, usa"	NA	NA	NA	NA	41.7921309	-71.4062745	High	58.73037414
1961	2016-05-11	396766	16:00:00	Bicycle	NA	1	FALSE	FALSE	1	CALLA ST	BROAD ST	5/11/16	"Two-Way , Not Divided"	Dry	Daylight	Clear	Angle (Front - to - Side) Right Angle (Includes Broadside)	No	No Controls	2	1	Non-Incapacitating	NA	41.78984	-71.40486	FALSE	FALSE	"Calla Street and Broad Street, Providence, RI, USA"	FALSE	-71.4048545	41.7898178	intersection	geometric_center	"calla st & broad st, providence, ri 02905, usa"	NA	NA	NA	NA	41.7898178	-71.4048545	Med High	2.513100817
1962	2016-05-11	396852	14:54:00	Pedestrian	1	NA	FALSE	FALSE	1	LESTER ST	HARRISON ST	5/11/16	"Two-Way , Not Divided"	Dry	Daylight	Clear	Not a Collision Between Two Motor Vehicles in Transport	"Yes, M/V and Driver Left Scene"	No Controls	1	1	Complains Of Pain	NA	41.81253	-71.4284	FALSE	FALSE	"Lester Street and Harrison Street, Providence, RI, USA"	FALSE	-71.428398	41.8125269	intersection	geometric_center	"lester st & harrison st, providence, ri 02907, usa"	NA	NA	NA	NA	41.8125269	-71.428398	Med High	0.382914271
1958	2016-05-12	397364	7:32:00	Bicycle	NA	1	FALSE	FALSE	1	WASHINGTON ST	WINTER ST	5/12/16	"Two-Way , Not Divided"	Dry	Daylight	Clear	Angle (Front - to - Side) Right Angle (Includes Broadside)	No	Stop Signs	3	1	Complains Of Pain	NA	41.81809	-71.4225	FALSE	FALSE	"Washington Street and Winter Street, Providence, RI, USA"	FALSE	-71.4128343	41.8239891	locality	approximate	"providence, ri, usa"	"Washington Street & Winter Street, Providence, RI, USA"	EjZXYXNoaW5ndG9uIFN0cmVldCAmIFdpbnRlciBTdHJlZXQsIFByb3ZpZGVuY2UsIFJJLCBVU0EiZiJkChQKEgkB0v69c0XkiRF5jnKXAv-L1xIUChIJAdL-vXNF5IkReY5ylwL_i9caFAoSCanazZwSReSJERoH0JajEjT2GhQKEgmdUqK-c0XkiRGpZYLJlCtMySIKDX7u7BgVP8lt1Q	41.8180734	-71.4225345	41.8180734	-71.4225345	Med	3.406903236
1959	2016-05-12	397661	16:18:00	Other	NA	NA	TRUE	FALSE	2	WESTMINSTER ST	BOUGH ST	5/12/16	"Two-Way , Not Divided"	Dry	Daylight	Clear	Rear End(Front-to-Rear)	"Yes, M/V and Driver Left Scene"	No Controls	5	0	No Injury	3	41.8166	-71.44189	FALSE	FALSE	"Westminster Street and Bough Street, Providence, RI, USA"	FALSE	-71.4418328	41.816627	intersection	geometric_center	"bough st & westminster st, providence, ri 02909, usa"	NA	NA	NA	NA	41.816627	-71.4418328	Med High	5.617313686
1960	2016-05-12	397707	15:45:00	Pedestrian	2	NA	FALSE	FALSE	1	WEST EXCHANGE STREET	W EXCHANGE ST EXIT 22A	5/12/16	"Two-Way , Not Divided"	Dry	Daylight	Clear	Other	No	No Controls	4	2	Complains Of Pain	2	41.82484	-71.41645	FALSE	FALSE	"West Exchange Street and W Exchange Street Exit 22a, Providence, RI, USA"	FALSE	-71.4202531	41.825222	route	geometric_center	"w exchange st, providence, ri 02903, usa"	NA	NA	NA	NA	41.825222	-71.4202531	Med	318.3338152