row_number	crash_date	crash_report_id	crash_time	collision_type	count_pedestrian	count_bicycle	scooter	wheel_chair	number_of_vehicles	street_or_highway	nearest_intersection	report_date	type_of_roadway	road_surface_condition	light_condition	weather_condition	manner_of_impact	hit_and_run	traffic_control	person_count	injury_count	most_serious_injury	number_of_lanes	lat_raw	lon_raw	has_st_number	is_intersection_null	address_sent_to_geocoder	is_address_blank	lon_api_first_try	lat_api_first_try	type	loctype	address_returned_by_geocoder	address_returned_by_autocomplete	place_ids_autocompleted	lat_api_second_try	lon_api_second_try	lat_api_best	lon_api_best	api_coord_conf	distance_btwn_coords_meters
1957	2016-05-14	399180	22:11:00	Pedestrian	1	NA	FALSE	FALSE	1	BROAD ST	Summer ST	5/15/16	"Two-Way, Divided, Unprotected (painted>4feet) Medium"	Dry	Dark - Lighted	Clear	Not a Collision Between Two Motor Vehicles in Transport	No	Traffic Control Signal	3	1	Complains Of Pain	NA	41.81638	-71.41914	FALSE	FALSE	"Broad Street and Summer Street, Providence, RI, USA"	FALSE	-71.3863288	41.8796634	intersection	geometric_center	"broad st & summer st, pawtucket, ri 02860, usa"	NA	NA	NA	NA	41.8796634	-71.3863288	Med High	7551.845231
1956	2016-05-17	401711	10:10:00	Bicycle	NA	1	FALSE	FALSE	1	WASHINGTON ST	UNION ST	5/18/16	"Two-Way, Divided, Unprotected (painted>4feet) Medium"	Dry	Daylight	Clear	"Sideswipe, Same Direction"	No	No Controls	6	1	Complains Of Pain	NA	41.8236	-71.414	FALSE	FALSE	"Washington Street and Union Street, Providence, RI, USA"	FALSE	-71.4128343	41.8239891	locality	approximate	"providence, ri, usa"	"Washington Street & Union Street, Providence, RI, USA"	EjVXYXNoaW5ndG9uIFN0cmVldCAmIFVuaW9uIFN0cmVldCwgUHJvdmlkZW5jZSwgUkksIFVTQSJmImQKFAoSCXvJS8cTReSJEcVp0B49EFpXEhQKEgl7yUvHE0XkiRHFadAePRBaVxoUChIJqdrNnBJF5IkRGgfQlqMSNPYaFAoSCXNAs5UTReSJEZJE18owa50QIgoN_cbtGBWuFm_V	41.8236157	-71.4139986	41.8236157	-71.4139986	Med	1.751570489
1955	2016-05-18	401720	7:47:00	Bicycle	NA	1	FALSE	FALSE	1	UNION AVE	ALTHEA ST	5/18/16	"Two-Way, Divided, Unprotected (painted>4feet) Medium"	Dry	Daylight	Clear	"Sideswipe, Same Direction"	"Yes, M/V and Driver Left Scene"	No Controls	1	0	No Injury	NA	41.8093	-71.43837	FALSE	FALSE	"Union Ave and Althea Street, Providence, RI, USA"	FALSE	-71.4350772	41.807752	route	geometric_center	"althea st, providence, ri, usa"	"Union Ave & Althea Street, Providence, RI, USA"	Ei5VbmlvbiBBdmUgJiBBbHRoZWEgU3RyZWV0LCBQcm92aWRlbmNlLCBSSSwgVVNBImYiZAoUChIJG0Z3g4ZF5IkRRkh_ckDFXY0SFAoSCRtGd4OGReSJEUZIf3JAxV2NGhQKEgkjges4ikXkiRGe1Z8wsMWILxoUChIJp4GeQIFF5IkR1Ebe3VPYn2YiCg1lmOsYFaFja9U	41.8093157	-71.4382431	41.8093157	-71.4382431	Med	10.6734561
1954	2016-05-22	404304	11:04:00	Bicycle	NA	1	FALSE	FALSE	1	BRANCH AVE	HAWKINS ST	5/25/16	"Two-Way, Divided, Unprotected (painted>4feet) Medium"	Dry	Daylight	Clear	Other	No	Traffic Control Signal	3	1	Complains Of Pain	NA	41.85103	-71.42174	FALSE	FALSE	"Branch Ave and Hawkins Street, Providence, RI, USA"	FALSE	-71.4214171	41.8509231	intersection	geometric_center	"hawkins st & branch ave, providence, ri 02904, usa"	NA	NA	NA	NA	41.8509231	-71.4214171	Med High	29.30024164
1953	2016-05-23	403612	15:16:00	Bicycle	1	NA	FALSE	FALSE	1	OAKLAND AVE	SMITH ST	5/23/16	"Two-Way, Divided, Unprotected (painted>4feet) Medium"	Dry	Daylight	Clear	Not a Collision Between Two Motor Vehicles in Transport	"Yes, M/V and Driver Left Scene"	Traffic Control Signal	1	0	No Injury	NA	41.83623	-71.43046	FALSE	FALSE	"Oakland Ave and Smith Street, Providence, RI, USA"	FALSE	-71.430455	41.8362474	intersection	geometric_center	"oakland ave & smith st, providence, ri 02908, usa"	NA	NA	NA	NA	41.8362474	-71.430455	Med High	1.980854086
1951	2016-05-25	404343	14:25:00	Pedestrian	1	NA	FALSE	FALSE	1	139 Elmdale Ave	TERRACE AVE	5/25/16	Unknown	Dry	Daylight	Clear	Other	No	No Controls	6	1	Non-Incapacitating	NA	41.80702	-71.44949	TRUE	FALSE	"139 Elmdale Ave, Providence, RI, USA"	FALSE	-71.4494528	41.807226	premise	rooftop	"139 elmdale ave, providence, ri 02909, usa"	NA	NA	NA	NA	41.807226	-71.4494528	High	23.13862756
1952	2016-05-25	404596	20:12:00	Bicycle	NA	NA	FALSE	FALSE	2	HARTFORD AVE	GLENBRIDGE AVE	5/25/16	"Two-Way, Divided, Unprotected (painted>4feet) Medium"	Dry	Dusk	Clear	Angle (Front - to - Side) Right Angle (Includes Broadside)	"Yes, M/V and Driver Left Scene"	Traffic Control Signal	2	0	No Injury	NA	41.81898	-71.46158	FALSE	FALSE	"Hartford Ave and Glenbridge Ave, Providence, RI, USA"	FALSE	-71.4615818	41.8190078	intersection	geometric_center	"glenbridge ave & hartford ave, providence, ri 02909, usa"	NA	NA	NA	NA	41.8190078	-71.4615818	Med High	3.09828264
1949	2016-05-26	404945	17:49:00	Pedestrian	1	NA	FALSE	FALSE	1	VALLEY ST	HEMLOCK ST	5/26/16	"Two-Way, Not Divided With a Continuous Left Turn Lane"	Dry	Daylight	Clear	Angle (Front - to - Side) Right Angle (Includes Broadside)	No	Stop Signs	3	1	Complains Of Pain	NA	41.83044	-71.43051	FALSE	FALSE	"Valley Street and Hemlock Street, Providence, RI, USA"	FALSE	-71.4304933	41.8304583	intersection	geometric_center	"valley st & hemlock st, providence, ri 02908, usa"	NA	NA	NA	NA	41.8304583	-71.4304933	Med High	2.463486718
1950	2016-05-26	406081	12:05:00	Bicycle	NA	1	FALSE	FALSE	1	PLAINFIELD ST	DUXBURY ST	5/27/16	"Two-Way , Not Divided"	Dry	Daylight	Clear	Not a Collision Between Two Motor Vehicles in Transport	No	No Controls	2	1	Complains Of Pain	NA	41.81211	-71.46161	FALSE	FALSE	"Plainfield Street and Duxbury Street, Providence, RI, USA"	FALSE	-71.461586	41.8121529	intersection	geometric_center	"duxbury st & plainfield st, providence, ri 02909, usa"	NA	NA	NA	NA	41.8121529	-71.461586	Med High	5.17413167
1948	2016-05-27	406167	15:45:00	Pedestrian	1	NA	FALSE	FALSE	1	PROMENADE ST	RATHBONE ST	5/27/16	One-Way Trafficway	Dry	Daylight	Clear	Not a Collision Between Two Motor Vehicles in Transport	No	No Controls	3	1	Complains Of Pain	NA	41.82896	-71.42812	FALSE	FALSE	"Promenade Street and Rathbone Street, Providence, RI, USA"	FALSE	-71.4281209	41.8289763	intersection	geometric_center	"promenade st & rathbone st, providence, ri 02908, usa"	NA	NA	NA	NA	41.8289763	-71.4281209	Med High	1.816042774
1946	2016-05-28	406299	10:01:00	Bicycle	NA	1	FALSE	FALSE	1	356 WICKENDEN STREET	ANN ST	5/28/16	"Two-Way , Not Divided"	Dry	Daylight	Clear	"Sideswipe, Same Direction"	No	No Controls	3	1	Non-Incapacitating	2	41.81959	-71.39618	TRUE	FALSE	"356 Wickenden Street, Providence, RI, USA"	FALSE	-71.3961372	41.8197408	street_address	rooftop	"356 wickenden st, providence, ri 02903, usa"	NA	NA	NA	NA	41.8197408	-71.3961372	High	17.15838628
1947	2016-05-28	406420	22:20:00	Bicycle	NA	1	FALSE	FALSE	1	Douglas Ave	Branch Ave	5/28/16	"Two-Way , Not Divided"	Dry	Dark - Lighted	Clear	Not a Collision Between Two Motor Vehicles in Transport	No	Stop Signs	2	1	Complains Of Pain	NA	41.85536	-71.4411	FALSE	FALSE	"Douglas Ave and Branch Ave, Providence, RI, USA"	FALSE	-71.441121	41.8553806	intersection	geometric_center	"branch ave & douglas ave, providence, ri 02904, usa"	NA	NA	NA	NA	41.8553806	-71.441121	Med High	2.879315438
1945	2016-05-29	406455	1:53:00	Pedestrian	1	NA	FALSE	FALSE	1	FRIENDSHIP ST	RICHMOND ST	5/29/16	One-Way Trafficway	Dry	Dark - Lighted	Clear	Not a Collision Between Two Motor Vehicles in Transport	No	No Controls	2	1	Complains Of Pain	2	41.81998	-71.41139	FALSE	FALSE	"Friendship Street and Richmond Street, Providence, RI, USA"	FALSE	-71.4111462	41.8202499	intersection	geometric_center	"richmond st & friendship st, providence, ri 02903, usa"	NA	NA	NA	NA	41.8202499	-71.4111462	Med High	36.21858999
1941	2016-06-01	407894	13:02:00	Bicycle	NA	1	FALSE	FALSE	1	OAKLAND AVE	CHALKSTONE AVE	6/1/16	"Two-Way , Not Divided"	Dry	Daylight	Clear	Not a Collision Between Two Motor Vehicles in Transport	No	No Controls	3	1	Non-Incapacitating	2	41.83419	-71.43024	FALSE	FALSE	"Oakland Ave and Chalkstone Ave, Providence, RI, USA"	FALSE	-71.4302486	41.834203	intersection	geometric_center	"oakland ave & chalkstone ave, providence, ri 02908, usa"	NA	NA	NA	NA	41.834203	-71.4302486	Med High	1.6133964
1942	2016-06-01	407952	16:50:00	Bicycle	NA	1	FALSE	FALSE	1	EXCHANGE TERR	FRANCIS ST	6/1/16	One-Way Trafficway	Dry	Daylight	Clear	Not a Collision Between Two Motor Vehicles in Transport	No	No Controls	3	1	Complains Of Pain	NA	41.82504	-71.41476	FALSE	FALSE	"Exchange Terr and Francis Street, Providence, RI, USA"	FALSE	-71.4233339	41.8348041	route	geometric_center	"francis smith way, providence, ri 02904, usa"	"Exchange Terrace & Francis Street, Providence, RI, USA"	EjZFeGNoYW5nZSBUZXJyYWNlICYgRnJhbmNpcyBTdHJlZXQsIFByb3ZpZGVuY2UsIFJJLCBVU0EiZiJkChQKEgmNNNh9EUXkiRGrtkZKOTmjMRIUChIJjTTYfRFF5IkRq7ZGSjk5ozEaFAoSCYUnITQRReSJEVIspU_BAw0PGhQKEgnjCiVZEEXkiREJ12uSbA5CmyIKDQf-7RgVMfdu1Q	41.8250247	-71.4148047	41.8250247	-71.4148047	Med	4.080478029
1943	2016-06-01	408009	19:17:00	Bicycle	NA	1	FALSE	FALSE	1	CHATHAM ST	BRANCH AVE	6/1/16	"Two-Way , Not Divided"	Dry	Daylight	Clear	Angle (Front - to - Side) Right Angle (Includes Broadside)	No	No Controls	3	1	Complains Of Pain	NA	41.84872	-71.41661	FALSE	FALSE	"Chatham Street and Branch Ave, Providence, RI, USA"	FALSE	-71.4165807	41.84872	intersection	geometric_center	"chatham st & branch ave, providence, ri 02904, usa"	NA	NA	NA	NA	41.84872	-71.4165807	Med High	2.429640568
1944	2016-06-01	408181	12:43:00	Pedestrian	1	NA	FALSE	FALSE	1	ZONE ST	ORMS ST	6/2/16	One-Way Trafficway	Dry	Daylight	Clear	Other	No	No Controls	3	0	No Injury	1	41.83294	-71.42702	FALSE	FALSE	"Zone Street and Orms Street, Providence, RI, USA"	FALSE	-71.4270066	41.8329365	intersection	geometric_center	"orms st & zone st, providence, ri 02908, usa"	NA	NA	NA	NA	41.8329365	-71.4270066	Med High	1.17775333
1940	2016-06-02	408292	14:23:00	Bicycle	NA	1	FALSE	FALSE	1	UNION AVE	WEBSTER AVE	6/2/16	"Two-Way, Divided, Unprotected (painted>4feet) Medium"	Dry	Daylight	Clear	Not a Collision Between Two Motor Vehicles in Transport	No	Traffic Control Signal	4	1	Complains Of Pain	NA	41.80683	-71.44755	FALSE	FALSE	"Union Ave and Webster Ave, Providence, RI, USA"	FALSE	-71.4484433	41.8087282	route	geometric_center	"webster ave, providence, ri, usa"	"Union Ave & Webster Ave, Providence, RI, USA"	EixVbmlvbiBBdmUgJiBXZWJzdGVyIEF2ZSwgUHJvdmlkZW5jZSwgUkksIFVTQSJmImQKFAoSCYGwTPiJReSJEdURK9jB___mEhQKEgmBsEz4iUXkiRHVESvYwf__5hoUChIJI4HrOIpF5IkRntWfMLDFiC8aFAoSCUtPViuKReSJEQVPEPvUiEI-IgoNUDfrGBUa-GnV	41.8068304	-71.4475494	41.8068304	-71.4475494	Med	0.066793713
1939	2016-06-05	410923	7:58:00	Other	1	NA	FALSE	TRUE	1	BROAD ST	SERVICE ROAD 7	6/8/16	One-Way Trafficway	Dry	Daylight	Clear	Other	No	Traffic Control Signal	3	1	Complains Of Pain	NA	41.81736	-71.41696	FALSE	FALSE	"Broad Street and Service Road 7, Providence, RI, USA"	FALSE	-71.4200451	41.8199608	route	geometric_center	"service rd 1, providence, ri, usa"	"Broad Street & Service Road 7th, Providence, RI, USA"	EjRCcm9hZCBTdHJlZXQgJiBTZXJ2aWNlIFJvYWQgN3RoLCBQcm92aWRlbmNlLCBSSSwgVVNBImYiZAoUChIJbbRukG1F5IkRg0XEjUgVvRgSFAoSCW20bpBtReSJEYNFxI1IFb0YGhQKEgmD3n3VjE_kiREsosqTmEsIoxoUChIJB3h0QnZF5IkRyxFdBkwhBUwiCg0k0-wYFUejbtU	41.8173732	-71.4169529	41.8173732	-71.4169529	Med	1.583084453
1936	2016-06-06	409396	7:45:00	Bicycle	NA	1	FALSE	FALSE	1	Wickenden St	BROOK ST	6/6/16	"Two-Way , Not Divided"	Dry	Daylight	Clear	Angle (Front - to - Side) Opposite Direction	No	Traffic Control Signal	5	1	Incapacitating	NA	41.81948	-71.39826	FALSE	FALSE	"Wickenden Street and Brook Street, Providence, RI, USA"	FALSE	-71.3982534	41.8194797	intersection	geometric_center	"wickenden st & brook st, providence, ri 02903, usa"	NA	NA	NA	NA	41.8194797	-71.3982534	Med High	0.548558631
1937	2016-06-06	409656	15:09:00	Bicycle	NA	1	FALSE	FALSE	1	116 ORANGE ST	NA	6/6/16	"Two-Way , Not Divided"	Dry	Daylight	Clear	Not a Collision Between Two Motor Vehicles in Transport	No	No Controls	4	1	Complains Of Pain	NA	41.82238	-71.40897	TRUE	TRUE	"116 Orange Street, Providence, RI, USA"	FALSE	-71.4092852	41.8227421	street_address	rooftop	"116 orange st, providence, ri 02903, usa"	NA	NA	NA	NA	41.8227421	-71.4092852	High	48.04700986
1938	2016-06-06	409972	17:32:00	Bicycle	NA	1	FALSE	FALSE	1	CARPENTER ST	BATTEY ST	6/6/16	"Two-Way , Not Divided"	Dry	Daylight	Clear	Not a Collision Between Two Motor Vehicles in Transport	No	Stop Signs	2	0	No Injury	NA	41.81935	-71.42491	FALSE	FALSE	"Carpenter Street and Battey Street, Providence, RI, USA"	FALSE	-71.4249046	41.8193541	intersection	geometric_center	"carpenter st & battey st, providence, ri 02903, usa"	NA	NA	NA	NA	41.8193541	-71.4249046	Med High	0.63953439
1935	2016-06-08	410896	16:48:00	Pedestrian	1	NA	FALSE	FALSE	1	PARK ROW	N MAIN ST	6/8/16	One-Way Trafficway	Dry	Daylight	Cloudy	Not a Collision Between Two Motor Vehicles in Transport	"Yes, M/V and Driver Left Scene"	Stop Signs	2	1	Complains Of Pain	NA	41.82865	-71.40964	FALSE	FALSE	"Park Row and N Main Street, Providence, RI, USA"	FALSE	-71.3702575	41.8264716	establishment	rooftop	"105 wilmarth ave, east providence, ri 02914, usa"	"Park Row & North Main Street, Providence, RI, USA"	EjFQYXJrIFJvdyAmIE5vcnRoIE1haW4gU3RyZWV0LCBQcm92aWRlbmNlLCBSSSwgVVNBImYiZAoUChIJSWpJfBdF5IkRl9kTnyr3fZYSFAoSCUlqSXwXReSJEZfZE58q932WGhQKEgmFY2xkF0XkiRHO8Qd1dwrowBoUChIJ-fpBPd5E5IkRX9etvg1cIz8iCg3Wi-4YFQ7Bb9U	41.828655	-71.409637	41.828655	-71.409637	Med	0.60969287
1932	2016-06-10	411801	17:53:00	Pedestrian	1	NA	FALSE	FALSE	1	993 MANTON AVE	NA	6/10/16	"Two-Way , Not Divided"	Dry	Daylight	Clear	Not a Collision Between Two Motor Vehicles in Transport	No	No Controls	3	1	Complains Of Pain	2	41.8332	-71.46984	TRUE	TRUE	"993 Manton Ave, Providence, RI, USA"	FALSE	-71.4710291	41.8337412	premise	rooftop	"993 manton ave, providence, ri 02909, usa"	NA	NA	NA	NA	41.8337412	-71.4710291	High	115.5720531
1933	2016-06-10	411873	19:47:00	Bicycle	NA	1	FALSE	FALSE	1	Prairie Ave	Public St	6/10/16	"Two-Way , Not Divided"	Dry	Daylight	Clear	Not a Collision Between Two Motor Vehicles in Transport	"Yes, Driver Left Scene"	No Controls	1	1	Complains Of Pain	NA	41.8056	-71.41483	FALSE	FALSE	"Prairie Ave and Public Street, Providence, RI, USA"	FALSE	-71.414812	41.8055601	intersection	geometric_center	"public st & prairie ave, providence, ri 02907, usa"	NA	NA	NA	NA	41.8055601	-71.414812	Med High	4.686056882
1934	2016-06-10	412338	22:14:00	Bicycle	NA	1	FALSE	FALSE	1	BRANCH AVE	MOY ST	6/11/16	"Two-Way , Not Divided"	Dry	Dark - Not Lighted	Clear	Not a Collision Between Two Motor Vehicles in Transport	"Yes, M/V and Driver Left Scene"	No Controls	1	1	Complains Of Pain	NA	41.85486	-71.43605	FALSE	FALSE	"Branch Ave and Moy Street, Providence, RI, USA"	FALSE	-71.4362622	41.8548966	intersection	geometric_center	"branch ave & moy st, providence, ri 02904, usa"	NA	NA	NA	NA	41.8548966	-71.4362622	Med High	18.06011603
1931	2016-06-11	412116	14:55:00	Bicycle	NA	1	FALSE	FALSE	1	Blackstone Blvd	Freeman Pkwy	6/11/16	One-Way Trafficway	Wet	Daylight	Rain	Angle (Front - to - Side) Right Angle (Includes Broadside)	No	No Controls	2	1	Complains Of Pain	NA	41.83895	-71.38512	FALSE	FALSE	"Blackstone Blvd and Freeman Pkwy, Providence, RI, USA"	FALSE	-71.3856039	41.8388925	intersection	geometric_center	"freeman pkwy & blackstone blvd, providence, ri 02906, usa"	NA	NA	NA	NA	41.8388925	-71.3856039	Med High	40.63977282
1930	2016-06-14	413464	9:06:00	Pedestrian	1	NA	FALSE	FALSE	1	PARK ROW E	CANAL ST	6/14/16	"Two-Way , Not Divided"	Dry	Daylight	Clear	Other	No	Stop Signs	3	1	Complains Of Pain	NA	41.82846	-71.41075	FALSE	FALSE	"Park Row E and Canal Street, Providence, RI, USA"	FALSE	-71.4106907	41.8284695	intersection	geometric_center	"park row w & canal st, providence, ri 02903, usa"	NA	NA	NA	NA	41.8284695	-71.4106907	Med High	5.031281989
1927	2016-06-21	417407	6:54:00	Pedestrian	1	NA	FALSE	FALSE	1	DEAN ST	SPRUCE ST	6/21/16	"Two-Way, Divided, Unprotected (painted>4feet) Medium"	Wet	Daylight	Rain	Other	No	No Controls	3	1	Complains Of Pain	NA	41.82365	-71.42446	FALSE	FALSE	"Dean Street and Spruce Street, Providence, RI, USA"	FALSE	-71.4250669	41.8241849	intersection	geometric_center	"dean st & spruce st, providence, ri 02903, usa"	NA	NA	NA	NA	41.8241849	-71.4250669	Med High	77.97591078
1928	2016-06-21	417498	12:15:00	Pedestrian	1	NA	FALSE	FALSE	1	Thurbers Ave	I 95 S	6/21/16	One-Way Trafficway	Dry	Daylight	Clear	Other	No	No Controls	2	1	Complains Of Pain	NA	41.80057	-71.40309	FALSE	FALSE	"Thurbers Ave and I 95 S, Providence, RI, USA"	FALSE	-71.4049215	41.8000923	street_address	range_interpolated	"95 thurbers ave, providence, ri 02905, usa"	NA	NA	NA	NA	41.8000923	-71.4049215	Med High	161.0223798
1929	2016-06-21	417636	18:50:00	Pedestrian	1	NA	FALSE	FALSE	1	ADMIRAL ST	WINONA ST	6/21/16	"Two-Way , Not Divided"	Dry	Daylight	Clear	Not a Collision Between Two Motor Vehicles in Transport	No	No Controls	2	1	Complains Of Pain	NA	41.85253	-71.44562	FALSE	FALSE	"Admiral Street and Winona Street, Providence, RI, USA"	FALSE	-71.4454027	41.8522875	intersection	geometric_center	"admiral st & winona st, providence, ri 02904, usa"	NA	NA	NA	NA	41.8522875	-71.4454027	Med High	32.45582896
1923	2016-06-23	418360	8:21:00	Pedestrian	1	NA	FALSE	FALSE	1	SOUTH ST	RICHMOND ST	6/23/16	"Two-Way , Not Divided"	Dry	Daylight	Clear	Other	No	Stop Signs	2	1	Complains Of Pain	2	41.81737	-71.40785	FALSE	FALSE	"South Street and Richmond Street, Providence, RI, USA"	FALSE	-71.4078372	41.817371	intersection	geometric_center	"richmond st & south st, providence, ri 02903, usa"	NA	NA	NA	NA	41.817371	-71.4078372	Med High	1.067751644
1924	2016-06-23	418398	9:47:00	Pedestrian	1	NA	FALSE	FALSE	1	ATWELLS AVE	HANNAH ST	6/23/16	Unknown	Dry	Daylight	Clear	Not a Collision Between Two Motor Vehicles in Transport	No	No Controls	2	1	Complains Of Pain	NA	41.82508	-71.44898	FALSE	FALSE	"Atwells Ave and Hannah Street, Providence, RI, USA"	FALSE	-71.4486537	41.8250697	intersection	geometric_center	"hannah st & atwells ave, providence, ri 02909, usa"	NA	NA	NA	NA	41.8250697	-71.4486537	Med High	27.09201039
1925	2016-06-23	418488	15:31:00	Bicycle	NA	1	FALSE	FALSE	1	WESTMINSTER ST EXIT	WESTMINSTER ST	6/23/16	"Two-Way, Divided, Unprotected (painted>4feet) Medium"	Dry	Daylight	Clear	Angle (Front - to - Side) Right Angle (Includes Broadside)	No	Traffic Control Signal	2	0	No Injury	NA	41.81577	-71.43886	FALSE	FALSE	"Westminster Street Exit and Westminster Street, Providence, RI, USA"	FALSE	-71.4257801	41.8171825	route	geometric_center	"westminster st, providence, ri, usa"	NA	NA	NA	NA	41.8171825	-71.4257801	Med	1096.502176
1926	2016-06-23	418532	17:48:00	Bicycle	NA	1	FALSE	FALSE	1	HARWICH RD	BLACKSTONE BLVD	6/23/16	"Two-Way, Divided, Positive Median Barrier"	Dry	Daylight	Clear	Not a Collision Between Two Motor Vehicles in Transport	"Yes, M/V and Driver Left Scene"	Pavement Markings	1	1	Incapacitating	NA	41.85012	-71.38739	FALSE	FALSE	"Harwich Rd and Blackstone Blvd, Providence, RI, USA"	FALSE	-71.3873772	41.8501261	intersection	geometric_center	"harwich rd & blackstone blvd, providence, ri 02906, usa"	NA	NA	NA	NA	41.8501261	-71.3873772	Med High	1.260021992
1920	2016-06-24	418990	10:34:00	Pedestrian	1	NA	FALSE	FALSE	1	280 WASHINGTON STREET	SERVICE ROAD 8	6/24/16	"Two-Way , Not Divided"	Dry	Daylight	Clear	Not a Collision Between Two Motor Vehicles in Transport	No	No Controls	5	1	Non-Incapacitating	NA	41.82067	-71.4181	TRUE	FALSE	"280 Washington Street, Providence, RI, USA"	FALSE	-71.417929	41.820343	street_address	rooftop	"280 washington st, providence, ri 02903, usa"	NA	NA	NA	NA	41.820343	-71.417929	High	39.06803971
1921	2016-06-24	419052	15:25:00	Pedestrian	1	NA	FALSE	FALSE	1	5 Elmwood Ave	NA	6/24/16	"Two-Way , Not Divided"	Dry	Daylight	Clear	Not a Collision Between Two Motor Vehicles in Transport	No	No Controls	4	1	Incapacitating	NA	41.81268	-71.42208	TRUE	TRUE	"5 Elmwood Ave, Providence, RI, USA"	FALSE	-71.4228341	41.8125918	premise	rooftop	"5 elmwood ave, providence, ri 02907, usa"	NA	NA	NA	NA	41.8125918	-71.4228341	High	63.33309641
1922	2016-06-24	419086	15:03:00	Pedestrian	1	NA	FALSE	FALSE	1	10 BODELL AVENUE	NA	6/24/16	"Two-Way , Not Divided"	Dry	Daylight	Clear	Not a Collision Between Two Motor Vehicles in Transport	No	No Controls	3	1	Incapacitating	NA	41.81664	-71.4525	TRUE	TRUE	"10 Bodell Avenue, Providence, RI, USA"	FALSE	-71.4527791	41.8164156	premise	rooftop	"10 bodell ave, providence, ri 02909, usa"	NA	NA	NA	NA	41.8164156	-71.4527791	High	34.06139419
1919	2016-06-26	419624	17:18:00	Bicycle	NA	1	FALSE	FALSE	1	BROADWAY	SERVICE ROAD 8	6/26/16	One-Way Trafficway	Dry	Daylight	Clear	Not a Collision Between Two Motor Vehicles in Transport	No	Pavement Markings	3	1	Complains Of Pain	NA	41.82212	-71.41976	FALSE	FALSE	"Broadway and Service Road 8, Providence, RI, USA"	FALSE	-71.391257	41.7939064	street_address	range_interpolated	"8 service rd, providence, ri 02905, usa"	NA	NA	NA	NA	41.7939064	-71.391257	Med High	3931.618819
1918	2016-06-29	420681	11:49:00	Pedestrian	1	NA	FALSE	FALSE	1	649 N MAIN ST	NA	6/29/16	Unknown	Dry	Daylight	Clear	Unknown	"Yes, M/V and Driver Left Scene"	Pavement Markings	3	1	Complains Of Pain	NA	41.83823	-71.40925	TRUE	TRUE	"649 N Main Street, Providence, RI, USA"	FALSE	-71.4088231	41.8381141	premise	rooftop	"649 n main st, providence, ri 02904, usa"	NA	NA	NA	NA	41.8381141	-71.4088231	High	37.6831188
1916	2016-07-01	421443	6:46:00	Pedestrian	1	NA	FALSE	FALSE	1	EDDY ST	EDDY ST EXIT	7/1/16	"Two-Way , Not Divided"	Dry	Daylight	Clear	Other	No	No Controls	2	0	No Injury	NA	41.81158	-71.40709	FALSE	FALSE	"Eddy Street and Eddy St Exit, Providence, RI, USA"	FALSE	-71.4072274	41.8059506	route	geometric_center	"eddy st, providence, ri, usa"	NA	NA	NA	NA	41.8059506	-71.4072274	Med	626.7656382
1917	2016-07-01	421468	9:04:00	Pedestrian	1	NA	FALSE	FALSE	1	30 Hagan Street	30 Hagan Street	7/1/16	"Two-Way , Not Divided"	Dry	Daylight	Clear	Other	No	Person	4	1	Incapacitating	NA	41.83623	-71.43046	TRUE	FALSE	"30 Hagan Street, Providence, RI, USA"	FALSE	-71.4220916	41.8561688	premise	rooftop	"30 hagan st, providence, ri 02904, usa"	NA	NA	NA	NA	41.8561688	-71.4220916	High	2325.532568
1915	2016-07-04	422625	19:39:00	Pedestrian	1	NA	FALSE	FALSE	1	ROWAN STREET	CHALKSTONE AVE	7/4/16	"Two-Way , Not Divided"	Dry	Daylight	Clear	"Sideswipe, Same Direction"	"Yes, M/V and Driver Left Scene"	No Controls	1	1	Complains Of Pain	NA	41.83337	-71.44742	FALSE	FALSE	"Rowan Street and Chalkstone Ave, Providence, RI, USA"	FALSE	-71.4473699	41.8328439	intersection	geometric_center	"rowan st & chalkstone ave, providence, ri 02908, usa"	NA	NA	NA	NA	41.8328439	-71.4473699	Med High	58.71242251
1913	2016-07-05	423024	16:19:00	Pedestrian	1	NA	FALSE	FALSE	1	WASHINGTON STREET	EMPIRE ST	7/5/16	"Two-Way , Not Divided"	Dry	Daylight	Clear	Angle - Direction Not Specified	No	Traffic Control Signal	2	1	Complains Of Pain	NA	41.82182	-71.41645	FALSE	FALSE	"Washington Street and Empire Street, Providence, RI, USA"	FALSE	-71.4157797	41.821349	route	geometric_center	"empire st, providence, ri 02903, usa"	"Washington Street & Empire Street, Providence, RI, USA"	EjZXYXNoaW5ndG9uIFN0cmVldCAmIEVtcGlyZSBTdHJlZXQsIFByb3ZpZGVuY2UsIFJJLCBVU0EiZiJkChQKEgmNpp3sEkXkiRHnvAEsqcaDvRIUChIJjaad7BJF5IkR57wBLKnGg70aFAoSCanazZwSReSJERoH0JajEjT2GhQKEgnHPO_pEkXkiRGhxI4iuiomFSIKDWmC7RgVI7hu1Q	41.8218601	-71.4164189	41.8218601	-71.4164189	Med	5.155853918
1914	2016-07-05	423119	21:27:00	Pedestrian	1	NA	FALSE	FALSE	1	GODDARD ST	CANDACE ST	7/5/16	"Two-Way , Not Divided"	Dry	Dark - Lighted	Clear	Not a Collision Between Two Motor Vehicles in Transport	No	No Controls	3	1	Complains Of Pain	NA	41.83447	-71.42156	FALSE	FALSE	"Goddard Street and Candace Street, Providence, RI, USA"	FALSE	-71.4220655	41.8343772	intersection	geometric_center	"candace st & goddard st, providence, ri 02908, usa"	NA	NA	NA	NA	41.8343772	-71.4220655	Med High	43.18080461