row_number	crash_date	crash_report_id	crash_time	collision_type	count_pedestrian	count_bicycle	scooter	wheel_chair	number_of_vehicles	street_or_highway	nearest_intersection	report_date	type_of_roadway	road_surface_condition	light_condition	weather_condition	manner_of_impact	hit_and_run	traffic_control	person_count	injury_count	most_serious_injury	number_of_lanes	lat_raw	lon_raw	has_st_number	is_intersection_null	address_sent_to_geocoder	is_address_blank	lon_api_first_try	lat_api_first_try	type	loctype	address_returned_by_geocoder	address_returned_by_autocomplete	place_ids_autocompleted	lat_api_second_try	lon_api_second_try	lat_api_best	lon_api_best	api_coord_conf	distance_btwn_coords_meters
1911	2016-07-06	423317	12:03:00	Bicycle	NA	1	FALSE	FALSE	1	Broadway	ATWELLS AVE	7/6/16	"Two-Way , Not Divided"	Dry	Daylight	Clear	Not a Collision Between Two Motor Vehicles in Transport	No	Traffic Control Signal	3	1	Complains Of Pain	NA	41.82311	-71.42008	FALSE	FALSE	"Broadway and Atwells Ave, Providence, RI, USA"	FALSE	-71.4363598	41.8244829	route	geometric_center	"atwells ave, providence, ri, usa"	"Broadway & Atwells Ave, Providence, RI, USA"	EitCcm9hZHdheSAmIEF0d2VsbHMgQXZlLCBQcm92aWRlbmNlLCBSSSwgVVNBImYiZAoUChIJTTRHew1F5IkRZCoShZCvLQ0SFAoSCU00R3sNReSJEWQqEoWQry0NGhQKEgmlteWGdUXkiREawjOx16RvsxoUChIJ7W1EBqJF5IkRRornUFgoCTQiCg3OmO0YFQVnbtU	41.8224334	-71.4184955	41.8224334	-71.4184955	Med	151.4945483
1912	2016-07-06	423866	14:04:00	Pedestrian	1	NA	FALSE	FALSE	1	WESTMINSTER ST	BRIDGHAM ST	7/7/16	"Two-Way, Divided, Unprotected (painted>4feet) Medium"	Dry	Daylight	Clear	Not a Collision Between Two Motor Vehicles in Transport	No	Traffic Control Signal	2	1	Non-Incapacitating	NA	41.8169	-71.42848	FALSE	FALSE	"Westminster Street and Bridgham Street, Providence, RI, USA"	FALSE	-71.4284038	41.8169384	intersection	geometric_center	"bridgham st & westminster st, providence, ri 02909, usa"	NA	NA	NA	NA	41.8169384	-71.4284038	Med High	7.631432038
1910	2016-07-09	424339	12:27:00	Bicycle	NA	2	FALSE	FALSE	1	WEYBOSSET ST	ABBOTT PARK PL	7/9/16	"Two-Way , Not Divided"	Dry	Daylight	Cloudy	Not a Collision Between Two Motor Vehicles in Transport	No	No Controls	3	1	Complains Of Pain	NA	41.8205	-71.41363	FALSE	FALSE	"Weybosset Street and Abbott Park Pl, Providence, RI, USA"	FALSE	-71.4136706	41.8204998	intersection	geometric_center	"weybosset st & abbott park pl, providence, ri 02903, usa"	NA	NA	NA	NA	41.8204998	-71.4136706	Med High	3.368227497
1908	2016-07-11	425191	18:49:00	Bicycle	NA	1	FALSE	FALSE	1	ROANOKE ST	ACADEMY AVE	7/11/16	"Two-Way , Not Divided"	Dry	Daylight	Clear	Not a Collision Between Two Motor Vehicles in Transport	No	No Controls	2	1	Complains Of Pain	NA	41.83168	-71.44442	FALSE	FALSE	"Roanoke Street and Academy Ave, Providence, RI, USA"	FALSE	-71.4444199	41.83168	intersection	geometric_center	"academy ave & roanoke st, providence, ri 02908, usa"	NA	NA	NA	NA	41.83168	-71.4444199	Med High	0.008294497
1909	2016-07-11	425583	16:20:00	Bicycle	NA	1	FALSE	FALSE	1	BROAD ST	BROAD ST	7/11/16	"Two-Way , Not Divided"	Dry	Daylight	Clear	Angle (Front - to - Side) Same Direction	No	No Controls	2	1	Complains Of Pain	NA	41.8057	-71.41977	FALSE	FALSE	"Broad Street and Broad Street, Providence, RI, USA"	FALSE	-71.4101636	41.7945838	route	geometric_center	"broad st, providence, ri, usa"	NA	NA	NA	NA	41.7945838	-71.4101636	Med	1472.006021
1906	2016-07-13	425862	9:51:00	Bicycle	NA	1	FALSE	FALSE	1	BROAD ST	CHESTNUT ST	7/13/16	"Two-Way , Not Divided"	Dry	Daylight	Clear	Not a Collision Between Two Motor Vehicles in Transport	No	No Controls	2	1	Complains Of Pain	3	41.82003	-71.41432	FALSE	FALSE	"Broad Street and Chestnut Street, Providence, RI, USA"	FALSE	-71.3876733	41.8928375	intersection	geometric_center	"chestnut st & broad st, central falls, ri 02863, usa"	NA	NA	NA	NA	41.8928375	-71.3876733	Med High	8400.627974
1907	2016-07-13	425930	17:40:00	Bicycle	NA	1	FALSE	FALSE	1	LINWOOD AVE	UNION AVE	7/13/16	"Two-Way , Not Divided"	Dry	Daylight	Clear	Not a Collision Between Two Motor Vehicles in Transport	No	No Controls	3	1	Complains Of Pain	2	41.80885	-71.43939	FALSE	FALSE	"Linwood Ave and Union Ave, Providence, RI, USA"	FALSE	-71.4395063	41.8089742	intersection	geometric_center	"linwood ave & union ave, providence, ri 02909, usa"	NA	NA	NA	NA	41.8089742	-71.4395063	Med High	16.8604904
1904	2016-07-14	426160	12:11:00	Pedestrian	1	NA	FALSE	FALSE	1	ELMWOOD AVE	ELMWOOD AVE	7/14/16	"Two-Way , Not Divided"	Dry	Daylight	Cloudy	Not a Collision Between Two Motor Vehicles in Transport	No	No Controls	4	1	Complains Of Pain	NA	41.8037	-71.42567	FALSE	FALSE	"Elmwood Ave and Elmwood Ave, Providence, RI, USA"	FALSE	-71.4229658	41.7920613	route	geometric_center	"elmwood ave, providence, ri, usa"	NA	NA	NA	NA	41.7920613	-71.4229658	Med	1314.906676
1905	2016-07-14	426361	20:58:00	Pedestrian	1	NA	FALSE	FALSE	1	241 Jewett St	NA	7/14/16	"Two-Way , Not Divided"	Dry	Dark - Lighted	Clear	Not a Collision Between Two Motor Vehicles in Transport	No	No Controls	3	1	Complains Of Pain	NA	41.83239	-71.42645	TRUE	TRUE	"241 Jewett Street, Providence, RI, USA"	FALSE	-71.4259574	41.8325977	street_address	rooftop	"241 jewett st, providence, ri 02908, usa"	NA	NA	NA	NA	41.8325977	-71.4259574	High	46.94649751
1903	2016-07-15	426690	20:48:00	Pedestrian	1	NA	FALSE	FALSE	1	ATWELLS AVE	DE PASQUALE AVE	7/15/16	"Two-Way , Not Divided"	Dry	Dark - Lighted	Clear	Not a Collision Between Two Motor Vehicles in Transport	No	No Controls	2	1	Complains Of Pain	NA	41.82359	-71.42694	FALSE	FALSE	"Atwells Ave and De Pasquale Ave, Providence, RI, USA"	FALSE	-71.4270169	41.8235993	intersection	geometric_center	"de pasquale ave & atwells ave, providence, ri 02903, usa"	NA	NA	NA	NA	41.8235993	-71.4270169	Med High	6.46273327
1901	2016-07-16	426774	2:20:00	Pedestrian	1	NA	FALSE	FALSE	1	HARTFORD AVE	MERINO ST	7/16/16	"Two-Way , Not Divided"	Dry	Dark - Lighted	Clear	Not a Collision Between Two Motor Vehicles in Transport	No	No Controls	3	1	Complains Of Pain	NA	41.81891	-71.46106	FALSE	FALSE	"Hartford Ave and Merino Street, Providence, RI, USA"	FALSE	-71.4591219	41.8186529	intersection	geometric_center	"merino st & hartford ave, providence, ri 02909, usa"	NA	NA	NA	NA	41.8186529	-71.4591219	Med High	163.3153723
1902	2016-07-16	426866	16:27:00	Bicycle	NA	1	FALSE	FALSE	1	UPDIKE ST	MAWNEY ST	7/16/16	"Two-Way , Not Divided"	Dry	Daylight	Clear	Not a Collision Between Two Motor Vehicles in Transport	No	No Controls	4	1	Complains Of Pain	2	41.80364	-71.42239	FALSE	FALSE	"Updike Street and Mawney Street, Providence, RI, USA"	FALSE	-71.4223935	41.803663	intersection	geometric_center	"updike st & mawney st, providence, ri 02907, usa"	NA	NA	NA	NA	41.803663	-71.4223935	Med High	2.576768431
1900	2016-07-17	426919	2:03:00	Bicycle	NA	1	FALSE	FALSE	1	INDIA ST	BRIDGE ST	7/17/16	One-Way Trafficway	Dry	Dark - Lighted	Clear	"Sideswipe, Same Direction"	No	No Controls	4	0	No Injury	NA	41.81828	-71.40226	FALSE	FALSE	"India Street and Bridge Street, Providence, RI, USA"	FALSE	-71.4002189	41.8157955	intersection	geometric_center	"india st & bridge st, providence, ri 02903, usa"	NA	NA	NA	NA	41.8157955	-71.4002189	Med High	324.2962119
1898	2016-07-18	427535	12:52:00	Pedestrian	3	NA	FALSE	FALSE	1	ROCHAMBEAU AVE	HOPE ST	7/18/16	"Two-Way , Not Divided"	Dry	Daylight	Clear	Not a Collision Between Two Motor Vehicles in Transport	"Yes, M/V and Driver Left Scene"	Pavement Markings	8	3	Non-Incapacitating	NA	41.84691	-71.39615	FALSE	FALSE	"Rochambeau Ave and Hope Street, Providence, RI, USA"	FALSE	-71.3960532	41.8469319	intersection	geometric_center	"hope st & rochambeau ave, providence, ri 02906, usa"	NA	NA	NA	NA	41.8469319	-71.3960532	Med High	8.389198815
1899	2016-07-18	427575	13:41:00	Bicycle	NA	1	FALSE	FALSE	1	111 POINT ST	CHESTNUT ST	7/18/16	"Two-Way , Not Divided"	Dry	Daylight	Clear	Angle (Front - to - Side) Right Angle (Includes Broadside)	No	Stop Signs	3	0	No Injury	NA	41.81626	-71.408	TRUE	FALSE	"111 Point Street, Providence, RI, USA"	FALSE	-71.4079039	41.8166393	premise	rooftop	"111 point st, providence, ri 02903, usa"	NA	NA	NA	NA	41.8166393	-71.4079039	High	42.96963772
1897	2016-07-20	428996	16:55:00	Pedestrian	1	NA	FALSE	FALSE	1	LINDEN AVE	ELMWOOD AVE	7/20/16	"Two-Way , Not Divided"	Dry	Daylight	Clear	Not a Collision Between Two Motor Vehicles in Transport	No	No Controls	2	1	Complains Of Pain	NA	41.78612	-71.41951	FALSE	FALSE	"Linden Ave and Elmwood Ave, Providence, RI, USA"	FALSE	-71.419558	41.786122	intersection	geometric_center	"elmwood ave & linden ave, providence, ri 02907, usa"	NA	NA	NA	NA	41.786122	-71.419558	Med High	3.990406769
1893	2016-07-21	429399	12:30:00	Pedestrian	1	NA	FALSE	FALSE	1	HAWKINS ST	BRANCH AVE	7/21/16	"Two-Way, Divided, Unprotected (painted>4feet) Medium"	Dry	Daylight	Clear	Not a Collision Between Two Motor Vehicles in Transport	No	Traffic Control Signal	4	1	Complains Of Pain	NA	41.8509	-71.42142	FALSE	FALSE	"Hawkins Street and Branch Ave, Providence, RI, USA"	FALSE	-71.4214171	41.8509231	intersection	geometric_center	"hawkins st & branch ave, providence, ri 02904, usa"	NA	NA	NA	NA	41.8509231	-71.4214171	Med High	2.582699273
1894	2016-07-21	429438	13:40:00	Pedestrian	1	NA	FALSE	FALSE	1	DUDLEY ST	CULVER ST	7/21/16	"Two-Way, Divided, Unprotected (painted>4feet) Medium"	Dry	Daylight	Clear	Not a Collision Between Two Motor Vehicles in Transport	No	No Controls	3	0	No Injury	NA	41.81069	-71.40797	FALSE	FALSE	"Dudley Street and Culver Street, Providence, RI, USA"	FALSE	-71.4086492	41.8106124	intersection	geometric_center	"dudley st & culver st, providence, ri 02903, usa"	NA	NA	NA	NA	41.8106124	-71.4086492	Med High	57.01295607
1895	2016-07-21	429439	14:02:00	Pedestrian	1	NA	FALSE	FALSE	1	MEETING ST	THAYER ST	7/21/16	One-Way Trafficway	Dry	Daylight	Clear	Not a Collision Between Two Motor Vehicles in Transport	"Yes, M/V and Driver Left Scene"	No Controls	1	1	Complains Of Pain	NA	41.82916	-71.40079	FALSE	FALSE	"Meeting Street and Thayer Street, Providence, RI, USA"	FALSE	-71.4007664	41.8291611	intersection	geometric_center	"thayer st & meeting st, providence, ri 02906, usa"	NA	NA	NA	NA	41.8291611	-71.4007664	Med High	1.961404431
1896	2016-07-21	429720	21:26:00	Bicycle	NA	1	FALSE	FALSE	1	WASHINGTON ST	SNOW ST	7/21/16	"Two-Way , Not Divided"	Dry	Dark - Lighted	Clear	Not a Collision Between Two Motor Vehicles in Transport	No	No Controls	3	1	Complains Of Pain	2	41.82252	-71.4155	FALSE	FALSE	"Washington Street and Snow Street, Providence, RI, USA"	FALSE	-71.4154294	41.8225898	intersection	geometric_center	"snow st & washington st, providence, ri 02903, usa"	NA	NA	NA	NA	41.8225898	-71.4154294	Med High	9.730158137
1891	2016-07-28	433523	9:50:00	Bicycle	NA	1	FALSE	FALSE	1	WESTMINSTER ST EXIT	WESTMINSTER ST	7/28/16	One-Way Trafficway	Dry	Daylight	Clear	Not a Collision Between Two Motor Vehicles in Transport	No	Traffic Control Signal	2	1	Complains Of Pain	NA	41.81576	-71.43865	FALSE	FALSE	"Westminster Street Exit and Westminster Street, Providence, RI, USA"	FALSE	-71.4257801	41.8171825	route	geometric_center	"westminster st, providence, ri, usa"	NA	NA	NA	NA	41.8171825	-71.4257801	Med	1079.425381
1892	2016-07-28	434140	22:30:00	Pedestrian	1	NA	FALSE	FALSE	1	WHIPPLE ST	GEOFFREYS CT	7/29/16	"Two-Way , Not Divided"	Dry	Dark - Lighted	Clear	Unknown	"Yes, M/V and Driver Left Scene"	No Controls	1	1	Incapacitating	NA	41.83708	-71.42139	FALSE	FALSE	"Whipple Street and Geoffreys Ct, Providence, RI, USA"	FALSE	-71.4213076	41.8372352	intersection	geometric_center	"whipple st & geoffreys ct, providence, ri 02908, usa"	NA	NA	NA	NA	41.8372352	-71.4213076	Med High	18.57934222
1890	2016-07-29	434240	21:32:00	Bicycle	NA	1	FALSE	FALSE	1	River Ave	Pleasant Valley Prkwy	7/30/16	"Two-Way , Not Divided"	Dry	Dark - Lighted	Clear	Not a Collision Between Two Motor Vehicles in Transport	No	Stop Signs	3	1	Complains Of Pain	NA	41.83528	-71.43912	FALSE	FALSE	"River Ave and Pleasant Valley Prkwy, Providence, RI, USA"	FALSE	-71.4391751	41.8355318	intersection	geometric_center	"river ave & pleasant valley pkwy, providence, ri 02908, usa"	NA	NA	NA	NA	41.8355318	-71.4391751	Med High	28.40034696
1889	2016-07-30	434313	11:26:00	Bicycle	NA	1	FALSE	FALSE	1	CRANSTON ST	ALTHEA ST	7/30/16	"Two-Way , Not Divided"	Dry	Daylight	Clear	"Sidwswipe, Opposite Direction"	No	Traffic Control Signal	4	1	Complains Of Pain	NA	41.80773	-71.43508	FALSE	FALSE	"Cranston Street and Althea Street, Providence, RI, USA"	FALSE	-71.4350772	41.807752	intersection	geometric_center	"althea st & cranston st, providence, ri 02907, usa"	NA	NA	NA	NA	41.807752	-71.4350772	Med High	2.460024504
1888	2016-08-01	435237	8:23:00	Pedestrian	3	NA	FALSE	FALSE	1	CHALKSTONE AVE	FALLON AVE	8/1/16	"Two-Way , Not Divided"	Dry	Daylight	Clear	Not a Collision Between Two Motor Vehicles in Transport	No	No Controls	7	1	Non-Incapacitating	NA	41.83235	-71.44388	FALSE	FALSE	"Chalkstone Ave and Fallon Ave, Providence, RI, USA"	FALSE	-71.443344	41.832336	intersection	geometric_center	"fallon ave & chalkstone ave, providence, ri 02908, usa"	NA	NA	NA	NA	41.832336	-71.443344	Med High	44.48535132
1886	2016-08-03	436672	14:23:00	Bicycle	NA	1	FALSE	FALSE	1	BROAD ST	EARLY ST	8/3/16	"Two-Way, Divided, Unprotected (painted>4feet) Medium"	Dry	Daylight	Clear	Other	"Yes, M/V and Driver Left Scene"	No Controls	1	1	Complains Of Pain	NA	41.79526	-71.41102	FALSE	FALSE	"Broad Street and Early Street, Providence, RI, USA"	FALSE	-71.4132727	41.7947406	route	geometric_center	"early st, providence, ri, usa"	"Broad Street & Early Street, Providence, RI, USA"	EjBCcm9hZCBTdHJlZXQgJiBFYXJseSBTdHJlZXQsIFByb3ZpZGVuY2UsIFJJLCBVU0EiZiJkChQKEgmXU933i0_kiREGVbKb8h8HNxIUChIJl1Pd94tP5IkRBlWym_IfBzcaFAoSCYPefdWMT-SJESyiypOYSwijGhQKEgnvKWa8jk_kiRGRtjQvItEbESIKDWN86RgVooBv1Q	41.7954915	-71.4112862	41.7954915	-71.4112862	Med	33.94398222
1887	2016-08-03	442363	14:09:00	Pedestrian	2	NA	FALSE	FALSE	1	N MAIN ST	DOYLE AVE	8/9/16	"Two-Way, Divided, Positive Median Barrier"	Dry	Daylight	Clear	Not a Collision Between Two Motor Vehicles in Transport	"Yes, Driver Left Scene"	Pavement Markings	2	0	No Injury	NA	41.83833	-71.40923	FALSE	FALSE	"N Main Street and Doyle Ave, Providence, RI, USA"	FALSE	-71.4000972	41.8387695	route	geometric_center	"doyle ave, providence, ri 02906, usa"	"North Main Street & Doyle Ave, Providence, RI, USA"	EjJOb3J0aCBNYWluIFN0cmVldCAmIERveWxlIEF2ZSwgUHJvdmlkZW5jZSwgUkksIFVTQSJmImQKFAoSCXf5vyseReSJETFnB8CyBmhQEhQKEgl3-b8rHkXkiRExZwfAsgZoUBoUChIJ-fpBPd5E5IkRX9etvg1cIz8aFAoSCTmA9zjfROSJEUS_S7ng1zRJIgoNQwfwGBUn0W_V	41.8383683	-71.4092249	41.8383683	-71.4092249	Med	4.28446631
1885	2016-08-05	437609	17:08:00	Bicycle	NA	1	FALSE	FALSE	1	WHITMARSH ST	BUCKLIN ST	8/5/16	"Two-Way , Not Divided"	Dry	Daylight	Clear	Other	No	No Controls	5	1	Complains Of Pain	NA	41.80593	-71.42659	FALSE	FALSE	"Whitmarsh Street and Bucklin Street, Providence, RI, USA"	FALSE	-71.4278013	41.8059079	intersection	geometric_center	"bucklin st & whitmarsh st, providence, ri 02907, usa"	NA	NA	NA	NA	41.8059079	-71.4278013	Med High	100.5417705
1884	2016-08-06	437950	17:14:00	Bicycle	NA	1	FALSE	FALSE	1	POCASSET AVE	BANCROFT ST	8/6/16	"Two-Way , Not Divided"	Dry	Daylight	Clear	"Sidwswipe, Opposite Direction"	No	Unknown	2	0	No Injury	NA	41.81334	-71.44837	FALSE	FALSE	"Pocasset Ave and Bancroft Street, Providence, RI, USA"	FALSE	-71.4483431	41.8133787	intersection	geometric_center	"pocasset ave & bancroft st, providence, ri 02909, usa"	NA	NA	NA	NA	41.8133787	-71.4483431	Med High	4.851866544
1883	2016-08-08	438786	12:19:00	Bicycle	NA	1	FALSE	FALSE	1	CRANSTON ST	ALTHEA ST	8/8/16	"Two-Way , Not Divided"	Dry	Daylight	Clear	Not a Collision Between Two Motor Vehicles in Transport	No	No Controls	2	1	Complains Of Pain	NA	41.80766	-71.43514	FALSE	FALSE	"Cranston Street and Althea Street, Providence, RI, USA"	FALSE	-71.4350772	41.807752	intersection	geometric_center	"althea st & cranston st, providence, ri 02907, usa"	NA	NA	NA	NA	41.807752	-71.4350772	Med High	11.49084663
1882	2016-08-11	441292	18:09:00	Pedestrian	1	NA	FALSE	FALSE	1	BROAD ST	VERNDALE AVE	8/11/16	"Two-Way , Not Divided"	Dry	Daylight	Clear	Not a Collision Between Two Motor Vehicles in Transport	No	Pavement Markings	4	1	Complains Of Pain	2	41.79177	-71.40668	FALSE	FALSE	"Broad Street and Verndale Ave, Providence, RI, USA"	FALSE	-71.4094732	41.7897944	route	geometric_center	"verndale ave, providence, ri 02905, usa"	"Broad Street & Verndale Ave, Providence, RI, USA"	EjBCcm9hZCBTdHJlZXQgJiBWZXJuZGFsZSBBdmUsIFByb3ZpZGVuY2UsIFJJLCBVU0EiZiJkChQKEgnV00MujU_kiREBe9ZiVX1MqRIUChIJ1dNDLo1P5IkRAXvWYlV9TKkaFAoSCYPefdWMT-SJESyiypOYSwijGhQKEglHfWgak0_kiRFBCAvcx_6DwSIKDWnr6BgV3TRw1Q	41.7917801	-71.4066723	41.7917801	-71.4066723	Med	1.293262081
1881	2016-08-12	442044	2:18:00	Pedestrian	2	NA	FALSE	FALSE	1	115 Harris Ave	HARRIS AVE EXIT 22C	8/13/16	"Two-Way, Divided, Unprotected (painted>4feet) Medium"	Dry	Dark - Lighted	Clear	Not a Collision Between Two Motor Vehicles in Transport	"Yes, M/V and Driver Left Scene"	No Controls	2	2	Complains Of Pain	NA	41.82692	-71.4245	TRUE	FALSE	"115 Harris Ave, Providence, RI, USA"	FALSE	-71.4237416	41.8274083	premise	rooftop	"115 harris ave, providence, ri 02903, usa"	NA	NA	NA	NA	41.8274083	-71.4237416	High	83.1406807
1879	2016-08-13	442208	17:21:00	Pedestrian	1	NA	FALSE	FALSE	1	850 MANTON AVE	CHALKSTONE AVE	8/13/16	"Two-Way , Not Divided"	Dry	Daylight	Clear	Not a Collision Between Two Motor Vehicles in Transport	No	No Controls	6	1	Incapacitating	NA	41.83391	-71.46721	TRUE	FALSE	"850 Manton Ave, Providence, RI, USA"	FALSE	-71.4659043	41.8329814	premise	rooftop	"850 manton ave, providence, ri 02909, usa"	NA	NA	NA	NA	41.8329814	-71.4659043	High	149.7135082
1880	2016-08-13	442221	16:54:00	Bicycle	NA	1	FALSE	FALSE	1	North Main St.	Olney St.	8/13/16	One-Way Trafficway	Dry	Daylight	Clear	Not a Collision Between Two Motor Vehicles in Transport	No	No Controls	3	1	Complains Of Pain	NA	41.83522	-71.4098	FALSE	FALSE	"North Main St. and Olney St., Providence, RI, USA"	FALSE	-71.4030852	41.8356978	route	geometric_center	"olney st, providence, ri, usa"	"N Main St & Olney St, Providence, RI, USA"	EilOIE1haW4gU3QgJiBPbG5leSBTdCwgUHJvdmlkZW5jZSwgUkksIFVTQSJmImQKFAoSCecyguceReSJEZoaCA_vhqGHEhQKEgnnMoLnHkXkiRGaGggP74ahhxoUChIJ-fpBPd5E5IkRX9etvg1cIz8aFAoSCQX4NfkgReSJEcWuz-GfMl1QIgoNEYfvGBVWum_V	41.8350865	-71.409809	41.8350865	-71.409809	Med	14.87988737
1877	2016-08-14	442516	23:54:00	Bicycle	NA	1	FALSE	FALSE	1	218 Dexter St	NA	8/15/16	"Two-Way , Not Divided"	Dry	Dark - Lighted	Clear	Not a Collision Between Two Motor Vehicles in Transport	No	Pavement Markings	2	1	Complains Of Pain	NA	41.81049	-71.42865	TRUE	TRUE	"218 Dexter Street, Providence, RI, USA"	FALSE	-71.4279403	41.8105877	street_address	rooftop	"218 dexter st, providence, ri 02907, usa"	NA	NA	NA	NA	41.8105877	-71.4279403	High	59.88143017
1878	2016-08-14	442589	19:33:00	Pedestrian	1	NA	FALSE	FALSE	1	732 Plainfield St	NA	8/15/16	"Two-Way , Not Divided"	Dry	Daylight	Clear	Not a Collision Between Two Motor Vehicles in Transport	No	No Controls	3	1	Complains Of Pain	NA	41.81063	-71.46222	TRUE	TRUE	"732 Plainfield Street, Providence, RI, USA"	FALSE	-71.4620669	41.8107416	street_address	rooftop	"732 plainfield st, providence, ri 02909, usa"	NA	NA	NA	NA	41.8107416	-71.4620669	High	17.7680745
1876	2016-08-15	442992	19:18:00	Pedestrian	1	NA	FALSE	FALSE	1	BROADWAY	GREENMAN LN	8/16/16	"Two-Way , Not Divided"	Dry	Daylight	Clear	Other	"Yes, M/V and Driver Left Scene"	Traffic Control Signal	3	1	Non-Incapacitating	4	41.82232	-71.41867	FALSE	FALSE	"Broadway and Greenman Ln, Providence, RI, USA"	FALSE	-71.4119953	41.8109879	doctor	rooftop	"101 dudley st, providence, ri 02905, usa"	NA	NA	NA	NA	41.8109879	-71.4119953	Med	1377.677046
1875	2016-08-16	443208	14:27:00	Pedestrian	1	NA	FALSE	FALSE	1	WASHINGTON ST	EMPIRE ST	8/16/16	"Two-Way, Divided, Unprotected (painted>4feet) Medium"	Wet	Daylight	"Sleet, Hail (Freezing Rain or Drizzle)"	Not a Collision Between Two Motor Vehicles in Transport	No	Traffic Control Signal	2	1	Complains Of Pain	NA	41.82182	-71.41645	FALSE	FALSE	"Washington Street and Empire Street, Providence, RI, USA"	FALSE	-71.4157797	41.821349	route	geometric_center	"empire st, providence, ri 02903, usa"	"Washington Street & Empire Street, Providence, RI, USA"	EjZXYXNoaW5ndG9uIFN0cmVldCAmIEVtcGlyZSBTdHJlZXQsIFByb3ZpZGVuY2UsIFJJLCBVU0EiZiJkChQKEgmNpp3sEkXkiRHnvAEsqcaDvRIUChIJjaad7BJF5IkR57wBLKnGg70aFAoSCanazZwSReSJERoH0JajEjT2GhQKEgnHPO_pEkXkiRGhxI4iuiomFSIKDWmC7RgVI7hu1Q	41.8218601	-71.4164189	41.8218601	-71.4164189	Med	5.155853918
1874	2016-08-17	443932	13:55:00	Pedestrian	1	NA	FALSE	FALSE	1	elmwood ave	ELMWOOD AVE	8/17/16	"Two-Way , Not Divided"	Dry	Daylight	Clear	Not a Collision Between Two Motor Vehicles in Transport	No	No Controls	3	0	No Injury	NA	41.80861	-71.42467	FALSE	FALSE	"Elmwood Ave and Elmwood Ave, Providence, RI, USA"	FALSE	-71.4229658	41.7920613	route	geometric_center	"elmwood ave, providence, ri, usa"	NA	NA	NA	NA	41.7920613	-71.4229658	Med	1847.6134
1873	2016-08-18	444408	13:04:00	Pedestrian	1	NA	FALSE	FALSE	1	EXCHANGE ST	EXCHANGE TER	8/18/16	"Two-Way , Not Divided"	Dry	Daylight	Clear	Not a Collision Between Two Motor Vehicles in Transport	No	Stop Signs	4	1	Complains Of Pain	NA	41.82621	-71.41169	FALSE	FALSE	"Exchange Street and Exchange Ter, Providence, RI, USA"	FALSE	-71.4116132	41.8261317	intersection	geometric_center	"exchange terrace & exchange st, providence, ri 02903, usa"	NA	NA	NA	NA	41.8261317	-71.4116132	Med High	10.79630794
1872	2016-08-22	446247	17:44:00	Pedestrian	1	NA	FALSE	FALSE	1	WEYBOSSET ST	DORRANCE ST	8/22/16	"Two-Way , Not Divided"	Dry	Daylight	Clear	Not a Collision Between Two Motor Vehicles in Transport	No	Traffic Control Signal	3	1	Complains Of Pain	NA	41.82307	-71.41098	FALSE	FALSE	"Weybosset Street and Dorrance Street, Providence, RI, USA"	FALSE	-71.4109933	41.8230796	intersection	geometric_center	"weybosset st & dorrance st, providence, ri 02903, usa"	NA	NA	NA	NA	41.8230796	-71.4109933	Med High	1.536019683
1871	2016-08-23	446764	12:36:00	Pedestrian	1	NA	FALSE	FALSE	1	Chalkstone Ave	ACADEMY AVE	8/23/16	"Two-Way , Not Divided"	Dry	Daylight	Clear	Not a Collision Between Two Motor Vehicles in Transport	No	No Controls	5	1	Complains Of Pain	2	41.83242	-71.44438	FALSE	FALSE	"Chalkstone Ave and Academy Ave, Providence, RI, USA"	FALSE	-71.4445249	41.8324538	intersection	geometric_center	"academy ave & chalkstone ave, providence, ri 02908, usa"	NA	NA	NA	NA	41.8324538	-71.4445249	Med High	12.59378868
1869	2016-08-24	447187	13:28:00	Pedestrian	1	NA	FALSE	FALSE	1	BOWDOIN ST	KOSSUTH ST	8/24/16	"Two-Way , Not Divided"	Dry	Daylight	Clear	Not a Collision Between Two Motor Vehicles in Transport	No	No Controls	3	1	Complains Of Pain	NA	41.82252	-71.44316	FALSE	FALSE	"Bowdoin Street and Kossuth Street, Providence, RI, USA"	FALSE	-71.443237	41.8219489	intersection	geometric_center	"bowdoin st & kossuth st, providence, ri 02909, usa"	NA	NA	NA	NA	41.8219489	-71.443237	Med High	63.89466024
1870	2016-08-24	447369	8:14:00	Pedestrian	1	NA	FALSE	FALSE	1	WASHINGTON ST	EAST APPROACH	8/24/16	One-Way Trafficway	Dry	Daylight	Clear	Not a Collision Between Two Motor Vehicles in Transport	No	No Controls	5	1	Fatal	NA	41.82465	-71.41247	FALSE	FALSE	"Washington Street and East Approach, Providence, RI, USA"	FALSE	-71.4125301	41.8252123	route	geometric_center	"e approach, providence, ri 02903, usa"	NA	NA	NA	NA	41.8252123	-71.4125301	Med	62.79317731