row_number	crash_date	crash_report_id	crash_time	collision_type	count_pedestrian	count_bicycle	scooter	wheel_chair	number_of_vehicles	street_or_highway	nearest_intersection	report_date	type_of_roadway	road_surface_condition	light_condition	weather_condition	manner_of_impact	hit_and_run	traffic_control	person_count	injury_count	most_serious_injury	number_of_lanes	lat_raw	lon_raw	has_st_number	is_intersection_null	address_sent_to_geocoder	is_address_blank	lon_api_first_try	lat_api_first_try	type	loctype	address_returned_by_geocoder	address_returned_by_autocomplete	place_ids_autocompleted	lat_api_second_try	lon_api_second_try	lat_api_best	lon_api_best	api_coord_conf	distance_btwn_coords_meters
1824	2016-10-08	468132	21:59:00	Pedestrian	2	NA	FALSE	FALSE	1	Empire St	Washington St	10/9/16	"Two-Way , Not Divided"	Wet	Dark - Lighted	Rain	Not a Collision Between Two Motor Vehicles in Transport	"Yes, M/V and Driver Left Scene"	Traffic Control Signal	5	2	Complains Of Pain	NA	41.8218	-71.41643	FALSE	FALSE	"Empire Street and Washington Street, Providence, RI, USA"	FALSE	-71.4164189	41.8218601	intersection	geometric_center	"empire st & washington st, providence, ri 02903, usa"	NA	NA	NA	NA	41.8218601	-71.4164189	Med High	6.753374133
1822	2016-10-09	468214	2:13:00	Pedestrian	1	NA	FALSE	FALSE	1	DEXTER ST	POTTERS AVE	10/9/16	"Two-Way , Not Divided"	Wet	Dark - Lighted	Rain	Not a Collision Between Two Motor Vehicles in Transport	No	No Controls	3	1	Complains Of Pain	2	41.80249	-71.43059	FALSE	FALSE	"Dexter Street and Potters Ave, Providence, RI, USA"	FALSE	-71.4305866	41.8024973	intersection	geometric_center	"potters ave & dexter st, providence, ri 02907, usa"	NA	NA	NA	NA	41.8024973	-71.4305866	Med High	0.86021801
1821	2016-10-11	469430	13:47:00	Pedestrian	1	NA	FALSE	FALSE	1	250 Benefit St	HOPKINS ST	10/11/16	"Two-Way , Not Divided"	Dry	Daylight	Clear	Not a Collision Between Two Motor Vehicles in Transport	No	No Controls	3	1	Complains Of Pain	2	41.82566	-71.4066	TRUE	FALSE	"250 Benefit Street, Providence, RI, USA"	FALSE	-71.4072983	41.8256994	premise	rooftop	"providence county courthouse, 250 benefit st, providence, ri 02903, usa"	NA	NA	NA	NA	41.8256994	-71.4072983	High	58.09171201
1817	2016-10-12	469831	12:36:00	Pedestrian	1	NA	FALSE	FALSE	1	BROAD STREET	BROAD ST	10/12/16	"Two-Way , Not Divided"	Dry	Daylight	Clear	Not a Collision Between Two Motor Vehicles in Transport	No	Stop Signs	6	1	Complains Of Pain	NA	41.7969	-71.41305	FALSE	FALSE	"Broad Street and Broad Street, Providence, RI, USA"	FALSE	-71.4101636	41.7945838	route	geometric_center	"broad st, providence, ri, usa"	NA	NA	NA	NA	41.7945838	-71.4101636	Med	351.9420067
1818	2016-10-12	470241	16:34:00	Bicycle	NA	1	FALSE	FALSE	1	GREENWICH ST	BUCKLIN ST	10/12/16	"Two-Way, Divided, Unprotected (painted>4feet) Medium"	Dry	Daylight	Clear	Not a Collision Between Two Motor Vehicles in Transport	"Yes, M/V and Driver Left Scene"	Stop Signs	1	1	Non-Incapacitating	NA	41.80232	-71.42768	FALSE	FALSE	"Greenwich Street and Bucklin Street, Providence, RI, USA"	FALSE	-71.4276553	41.8023399	intersection	geometric_center	"bucklin st & greenwich st, providence, ri 02907, usa"	NA	NA	NA	NA	41.8023399	-71.4276553	Med High	3.018038279
1819	2016-10-12	470408	22:15:00	Pedestrian	1	NA	FALSE	FALSE	1	70 Kennedy Plz	NA	10/13/16	"Two-Way , Not Divided"	Dry	Dark - Lighted	Clear	Not a Collision Between Two Motor Vehicles in Transport	"Yes, M/V and Driver Left Scene"	No Controls	1	1	Complains Of Pain	NA	41.82506	-71.41108	TRUE	TRUE	"70 Kennedy Plz, Providence, RI, USA"	FALSE	-71.411635	41.8243973	street_address	rooftop	"70 kennedy plaza, providence, ri 02903, usa"	NA	NA	NA	NA	41.8243973	-71.411635	High	86.95892717
1820	2016-10-12	474241	16:40:00	Pedestrian	2	NA	FALSE	FALSE	1	HARTFORD AVE	HEATH ST	10/18/16	"Two-Way , Not Divided"	Dry	Daylight	Clear	Not a Collision Between Two Motor Vehicles in Transport	"Yes, M/V and Driver Left Scene"	Pavement Markings	4	2	Complains Of Pain	NA	41.81726	-71.4499	FALSE	FALSE	"Hartford Ave and Heath Street, Providence, RI, USA"	FALSE	-71.449887	41.8172779	intersection	geometric_center	"heath st & hartford ave, providence, ri 02909, usa"	NA	NA	NA	NA	41.8172779	-71.449887	Med High	2.265778288
1815	2016-10-13	470582	12:36:00	Bicycle	NA	NA	FALSE	FALSE	2	WATERMAN ST	COOKE ST	10/13/16	One-Way Trafficway	Dry	Daylight	Clear	Rear End(Front-to-Rear)	No	No Controls	2	0	No Injury	NA	41.82761	-71.39576	FALSE	FALSE	"Waterman Street and Cooke Street, Providence, RI, USA"	FALSE	-71.3954406	41.8276173	intersection	geometric_center	"cooke st & waterman st, providence, ri 02906, usa"	NA	NA	NA	NA	41.8276173	-71.3954406	Med High	26.50676603
1816	2016-10-13	470849	18:02:00	Pedestrian	1	NA	FALSE	FALSE	1	638 Charles st	CHARLES ST	10/13/16	"Two-Way , Not Divided"	Dry	Daylight	Clear	Not a Collision Between Two Motor Vehicles in Transport	"Yes, M/V and Driver Left Scene"	No Controls	1	1	Complains Of Pain	NA	41.85402	-71.42056	TRUE	FALSE	"638 Charles Street, Providence, RI, USA"	FALSE	-71.4207288	41.8540871	premise	rooftop	"638 charles st, providence, ri 02904, usa"	NA	NA	NA	NA	41.8540871	-71.4207288	High	15.86467969
1814	2016-10-14	471210	13:36:00	Bicycle	NA	1	FALSE	FALSE	1	825 Chalkstone Ave	ROSEBANK AVE	10/14/16	"Two-Way , Not Divided"	Dry	Daylight	Clear	Not a Collision Between Two Motor Vehicles in Transport	"Yes, M/V and Driver Left Scene"	No Controls	1	1	Complains Of Pain	2	41.83396	-71.43458	TRUE	FALSE	"825 Chalkstone Ave, Providence, RI, USA"	FALSE	-71.4355921	41.8351848	premise	rooftop	"825 chalkstone ave, providence, ri 02908, usa"	NA	NA	NA	NA	41.8351848	-71.4355921	High	160.1138603
1813	2016-10-15	472173	15:13:00	Pedestrian	1	NA	FALSE	FALSE	1	HARTFORD AVE	HARTFORD AVE	10/15/16	"Two-Way , Not Divided"	Dry	Daylight	Clear	Not a Collision Between Two Motor Vehicles in Transport	No	No Controls	2	1	Complains Of Pain	NA	41.81916	-71.46286	FALSE	FALSE	"Hartford Ave and Hartford Ave, Providence, RI, USA"	FALSE	-71.4587339	41.8185901	route	geometric_center	"hartford ave, providence, ri, usa"	"Hartford Ave Service Rd & Hartford Ave, Johnston, Providence, RI, USA"	EkVIYXJ0Zm9yZCBBdmUgU2VydmljZSBSZCAmIEhhcnRmb3JkIEF2ZSwgSm9obnN0b24sIFByb3ZpZGVuY2UsIFJJLCBVU0EiZiJkChQKEgmP4Jty0EfkiRFZT82Cwq1hZxIUChIJj-CbctBH5IkRWU_NgsKtYWcaFAoSCUk2WRTQR-SJEffJJKBODzFaGhQKEgkvAx61JEbkiRGCwC0vu7gN1iIKDdap7hgVnoNc1Q	41.829423	-71.5357282	41.829423	-71.5357282	Med	6151.765714
1812	2016-10-16	472808	14:08:00	Pedestrian	1	NA	FALSE	FALSE	1	265 HARTFORD AVE	NA	10/16/16	Unknown	Dry	Daylight	Clear	Not a Collision Between Two Motor Vehicles in Transport	No	No Controls	3	1	Complains Of Pain	NA	41.81725	-71.44976	TRUE	TRUE	"265 Hartford Ave, Providence, RI, USA"	FALSE	-71.4517594	41.8176247	street_address	rooftop	"265 hartford ave, providence, ri 02909, usa"	NA	NA	NA	NA	41.8176247	-71.4517594	High	171.0410593
1810	2016-10-17	473206	9:14:00	Pedestrian	1	NA	FALSE	FALSE	1	CHALKSTONE AVE	ALDINE ST	10/17/16	"Two-Way , Not Divided"	Dry	Daylight	Clear	Not a Collision Between Two Motor Vehicles in Transport	No	No Controls	3	1	Complains Of Pain	2	41.83231	-71.45382	FALSE	FALSE	"Chalkstone Ave and Aldine Street, Providence, RI, USA"	FALSE	-71.453794	41.8323275	intersection	geometric_center	"aldine st & chalkstone ave, providence, ri 02909, usa"	NA	NA	NA	NA	41.8323275	-71.453794	Med High	2.906158446
1811	2016-10-17	473388	8:55:00	Bicycle	NA	1	FALSE	FALSE	1	WHITMARSH ST	BUCKLIN ST	10/17/16	"Two-Way , Not Divided"	Dry	Daylight	Clear	Head-On (Front - to - Front)	No	No Controls	3	1	Complains Of Pain	NA	41.8059	-71.42776	FALSE	FALSE	"Whitmarsh Street and Bucklin Street, Providence, RI, USA"	FALSE	-71.4278013	41.8059079	intersection	geometric_center	"bucklin st & whitmarsh st, providence, ri 02907, usa"	NA	NA	NA	NA	41.8059079	-71.4278013	Med High	3.538044549
1807	2016-10-21	475524	8:01:00	Pedestrian	1	NA	FALSE	FALSE	1	HAWKINS ST	BRANCH AVE	10/21/16	"Two-Way , Not Divided"	Wet	Daylight	Cloudy	Not a Collision Between Two Motor Vehicles in Transport	No	Traffic Control Signal	3	1	Complains Of Pain	2	41.85088	-71.42147	FALSE	FALSE	"Hawkins Street and Branch Ave, Providence, RI, USA"	FALSE	-71.4214171	41.8509231	intersection	geometric_center	"hawkins st & branch ave, providence, ri 02904, usa"	NA	NA	NA	NA	41.8509231	-71.4214171	Med High	6.500821923
1808	2016-10-21	476100	20:59:00	Pedestrian	1	NA	FALSE	FALSE	1	BOUGH ST	WESTMINSTER ST	10/21/16	"Two-Way , Not Divided"	Wet	Dark - Lighted	Rain	Not a Collision Between Two Motor Vehicles in Transport	"Yes, M/V and Driver Left Scene"	Pavement Markings	3	1	Complains Of Pain	NA	41.8166	-71.44187	FALSE	FALSE	"Bough Street and Westminster Street, Providence, RI, USA"	FALSE	-71.4418328	41.816627	intersection	geometric_center	"bough st & westminster st, providence, ri 02909, usa"	NA	NA	NA	NA	41.816627	-71.4418328	Med High	4.308005056
1809	2016-10-21	476116	21:46:00	Pedestrian	1	NA	FALSE	FALSE	1	MEMORIAL BLVD	STEEPLE ST	10/21/16	"Two-Way , Not Divided"	Wet	Dark - Lighted	Rain	Not a Collision Between Two Motor Vehicles in Transport	"Yes, M/V and Driver Left Scene"	Traffic Control Signal	2	1	Complains Of Pain	NA	41.82677	-71.41063	FALSE	FALSE	"Memorial Blvd and Steeple Street, Providence, RI, USA"	FALSE	-71.409299	41.8273889	route	geometric_center	"steeple st, providence, ri 02903, usa"	NA	NA	NA	NA	41.8273889	-71.409299	Med	130.1401791
1806	2016-10-25	477339	12:06:00	Bicycle	NA	1	FALSE	FALSE	1	674 PRAIRIE AVE	PRAIRIE AVE	10/25/16	"Two-Way, Divided, Unprotected (painted>4feet) Medium"	Dry	Daylight	Clear	Not a Collision Between Two Motor Vehicles in Transport	No	No Controls	3	2	Complains Of Pain	NA	41.80915	-71.42085	TRUE	FALSE	"674 Prairie Ave, Providence, RI, USA"	FALSE	-71.4098983	41.7959329	street_address	rooftop	"674 prairie ave, providence, ri 02905, usa"	NA	NA	NA	NA	41.7959329	-71.4098983	High	1729.365712
1805	2016-10-26	477623	7:57:00	Bicycle	NA	1	FALSE	FALSE	1	933 SMITH ST	SMITH ST	10/26/16	"Two-Way, Divided, Unprotected (painted>4feet) Medium"	Dry	Daylight	Clear	Not a Collision Between Two Motor Vehicles in Transport	No	No Controls	2	2	Complains Of Pain	NA	41.84207	-71.44395	TRUE	FALSE	"933 Smith Street, Providence, RI, USA"	FALSE	-71.441711	41.841461	street_address	rooftop	"933 smith st, providence, ri 02908, usa"	NA	NA	NA	NA	41.841461	-71.441711	High	197.6732426
1804	2016-10-27	478266	18:47:00	Pedestrian	1	NA	FALSE	FALSE	1	ALTHEA ST	UNION AVE	10/27/16	"Two-Way , Not Divided"	Wet	Dark - Lighted	Rain	Not a Collision Between Two Motor Vehicles in Transport	No	No Controls	2	0	No Injury	NA	41.8093	-71.43823	FALSE	FALSE	"Althea Street and Union Ave, Providence, RI, USA"	FALSE	-71.4384298	41.8092666	intersection	geometric_center	"althea st & union ave, providence, ri 02909, usa"	NA	NA	NA	NA	41.8092666	-71.4384298	Med High	16.99002192
1803	2016-10-28	478687	1:45:00	Pedestrian	1	NA	FALSE	FALSE	1	210 EATON ST	RIVER AVE	10/28/16	"Two-Way , Not Divided"	Wet	Dark - Lighted	Rain	Not a Collision Between Two Motor Vehicles in Transport	"Yes, M/V and Driver Left Scene"	No Controls	2	1	Complains Of Pain	NA	41.84174	-71.43624	TRUE	FALSE	"210 Eaton Street, Providence, RI, USA"	FALSE	-71.4353191	41.8415415	premise	rooftop	"210 eaton st, providence, ri 02908, usa"	NA	NA	NA	NA	41.8415415	-71.4353191	High	79.50457198
1802	2016-10-29	479355	12:04:00	Bicycle	NA	1	FALSE	FALSE	1	NORTHUP AVE	SILVER SPRING ST	10/29/16	"Two-Way , Not Divided"	Dry	Daylight	Clear	Not a Collision Between Two Motor Vehicles in Transport	No	Traffic Control Signal	3	1	Complains Of Pain	NA	41.85178	-71.41304	FALSE	FALSE	"Northup Ave and Silver Spring Street, Providence, RI, USA"	FALSE	-71.4130154	41.8517801	intersection	geometric_center	"silver spring st & northrup ave, providence, ri 02904, usa"	NA	NA	NA	NA	41.8517801	-71.4130154	Med High	2.039835798
1801	2016-10-30	479955	16:23:00	Bicycle	NA	1	FALSE	FALSE	1	WESTMINSTER ST	BARTON ST	10/30/16	"Two-Way, Divided, Unprotected (painted>4feet) Medium"	Wet	Daylight	Rain	Not a Collision Between Two Motor Vehicles in Transport	"Yes, M/V and Driver Left Scene"	Traffic Control Signal	3	1	Non-Incapacitating	NA	41.81592	-71.43656	FALSE	FALSE	"Westminster Street and Barton Street, Providence, RI, USA"	FALSE	-71.4365339	41.8159344	intersection	geometric_center	"barton st & westminster st, providence, ri 02909, usa"	NA	NA	NA	NA	41.8159344	-71.4365339	Med High	2.694170144
1797	2016-10-31	480076	7:47:00	Pedestrian	1	NA	FALSE	FALSE	1	593 EDDY ST	EDDY ST	10/31/16	"Two-Way, Divided, Unprotected (painted>4feet) Medium"	Dry	Daylight	Clear	Not a Collision Between Two Motor Vehicles in Transport	No	No Controls	3	1	Complains Of Pain	NA	41.81174	-71.40707	TRUE	FALSE	"593 Eddy Street, Providence, RI, USA"	FALSE	-71.4090636	41.8107889	premise	rooftop	"593 eddy st, providence, ri 02903, usa"	NA	NA	NA	NA	41.8107889	-71.4090636	High	196.3944791
1798	2016-10-31	480094	9:53:00	Bicycle	NA	1	FALSE	FALSE	1	GEORGE ST	HOPE ST	10/31/16	"Two-Way , Not Divided"	Dry	Daylight	Clear	Not a Collision Between Two Motor Vehicles in Transport	"Yes, M/V and Driver Left Scene"	Stop Signs	2	1	Complains Of Pain	NA	41.82579	-71.39727	FALSE	FALSE	"George Street and Hope Street, Providence, RI, USA"	FALSE	-71.3993016	41.8403661	route	geometric_center	"hope st, providence, ri, usa"	"George Street & Hope Street, Providence, RI, USA"	EjBHZW9yZ2UgU3RyZWV0ICYgSG9wZSBTdHJlZXQsIFByb3ZpZGVuY2UsIFJJLCBVU0EiZiJkChQKEgmrO17fOkXkiRFKEUPHX6jYWhIUChIJqzte3zpF5IkRShFDx1-o2FoaFAoSCcfqJGM7ReSJEbJnjjYuSZRlGhQKEgmRo8kFxUTkiRFr4T3VeAKWISIKDYkb7hgVJ6Rx1Q	41.8257801	-71.3972697	41.8257801	-71.3972697	Med	1.102343897
1799	2016-10-31	480190	16:53:00	Pedestrian	1	NA	FALSE	FALSE	1	ELMWOOD AVE	EXIT	10/31/16	"Two-Way , Not Divided"	Dry	Daylight	Clear	Not a Collision Between Two Motor Vehicles in Transport	No	No Controls	3	1	Complains Of Pain	NA	41.78184	-71.41959	FALSE	FALSE	"Elmwood Ave and Exit, Providence, RI, USA"	FALSE	-71.4128343	41.8239891	locality	approximate	"providence, ri, usa"	NA	NA	NA	NA	41.8239891	-71.4128343	Med	4725.388152
1800	2016-10-31	480332	21:26:00	Bicycle	NA	1	FALSE	FALSE	1	40 CYPRESS ST	NA	10/31/16	"Two-Way , Not Divided"	Dry	Dark - Lighted	Clear	Not a Collision Between Two Motor Vehicles in Transport	No	No Controls	2	1	Complains Of Pain	2	41.84184	-71.4019	TRUE	TRUE	"40 Cypress Street, Providence, RI, USA"	FALSE	-71.4060498	41.8422619	street_address	rooftop	"40 cypress st, providence, ri 02906, usa"	NA	NA	NA	NA	41.8422619	-71.4060498	High	347.3391608
1796	2016-11-01	480993	12:29:00	Pedestrian	1	NA	FALSE	FALSE	1	COLFAX ST	GORDON AVE	11/1/16	"Two-Way , Not Divided"	Dry	Daylight	Clear	Not a Collision Between Two Motor Vehicles in Transport	No	No Controls	2	1	Complains Of Pain	NA	41.79936	-71.41308	FALSE	FALSE	"Colfax Street and Gordon Ave, Providence, RI, USA"	FALSE	-71.4138321	41.7992087	intersection	geometric_center	"gordon ave & colfax st, providence, ri 02905, usa"	NA	NA	NA	NA	41.7992087	-71.4138321	Med High	64.64704997
1792	2016-11-02	481236	15:12:00	Other	NA	NA	TRUE	FALSE	2	ELMWOOD AVE	W FRIENDSHIP ST	11/2/16	"Two-Way , Not Divided"	Dry	Daylight	Clear	Unknown	"Yes, M/V and Driver Left Scene"	Traffic Control Signal	2	0	No Injury	NA	41.80989	-71.42405	FALSE	FALSE	"Elmwood Ave and W Friendship Street, Providence, RI, USA"	FALSE	-71.424073	41.80989	intersection	geometric_center	"w friendship st & elmwood ave, providence, ri 02907, usa"	NA	NA	NA	NA	41.80989	-71.424073	Med High	1.908383598
1793	2016-11-02	481277	18:27:00	Bicycle	NA	1	FALSE	FALSE	1	LESTER ST	BRIDGHAM ST	11/2/16	"Two-Way, Divided, Unprotected (painted>4feet) Medium"	Dry	Dark - Lighted	Clear	Other	"Yes, M/V and Driver Left Scene"	No Controls	3	1	Complains Of Pain	NA	41.81345	-71.42655	FALSE	FALSE	"Lester Street and Bridgham Street, Providence, RI, USA"	FALSE	-71.4265663	41.8134681	intersection	geometric_center	"lester st & bridgham st, providence, ri 02907, usa"	NA	NA	NA	NA	41.8134681	-71.4265663	Med High	2.426665489
1794	2016-11-02	481498	11:20:00	Pedestrian	1	NA	FALSE	FALSE	1	SERVICE ROAD 7	BROAD ST	11/3/16	One-Way Trafficway	Dry	Daylight	Clear	Rear End(Front-to-Rear)	No	No Controls	3	2	Complains Of Pain	NA	41.81782	-71.41762	FALSE	FALSE	"Service Road 7 and Broad Street, Providence, RI, USA"	FALSE	-71.4169529	41.8173732	intersection	geometric_center	"service rd 1 & broad st, providence, ri 02903, usa"	NA	NA	NA	NA	41.8173732	-71.4169529	Med High	74.41012316
1795	2016-11-02	481501	11:46:00	Bicycle	NA	1	FALSE	FALSE	1	BROAD ST	SERVICE ROAD 7	11/3/16	One-Way Trafficway	Dry	Daylight	Clear	Not a Collision Between Two Motor Vehicles in Transport	No	Traffic Control Signal	5	1	Complains Of Pain	NA	41.81736	-71.41696	FALSE	FALSE	"Broad Street and Service Road 7, Providence, RI, USA"	FALSE	-71.4200451	41.8199608	route	geometric_center	"service rd 1, providence, ri, usa"	"Broad Street & Service Road 7th, Providence, RI, USA"	EjRCcm9hZCBTdHJlZXQgJiBTZXJ2aWNlIFJvYWQgN3RoLCBQcm92aWRlbmNlLCBSSSwgVVNBImYiZAoUChIJbbRukG1F5IkRg0XEjUgVvRgSFAoSCW20bpBtReSJEYNFxI1IFb0YGhQKEgmD3n3VjE_kiREsosqTmEsIoxoUChIJB3h0QnZF5IkRyxFdBkwhBUwiCg0k0-wYFUejbtU	41.8173732	-71.4169529	41.8173732	-71.4169529	Med	1.583084453
1790	2016-11-04	482216	16:58:00	Pedestrian	1	NA	FALSE	FALSE	1	SUTTON ST	ATWELLS AVE	11/4/16	One-Way Trafficway	Dry	Daylight	Clear	Not a Collision Between Two Motor Vehicles in Transport	"Yes, M/V and Driver Left Scene"	Pavement Markings	1	1	Complains Of Pain	NA	41.82378	-71.42929	FALSE	FALSE	"Sutton Street and Atwells Ave, Providence, RI, USA"	FALSE	-71.4292511	41.8237712	intersection	geometric_center	"atwells ave & sutton st, providence, ri 02903, usa"	NA	NA	NA	NA	41.8237712	-71.4292511	Med High	3.372372319
1791	2016-11-04	487555	13:39:00	Bicycle	NA	1	FALSE	FALSE	1	HAROLD ST	CHALKSTONE AVE	11/15/16	"Two-Way , Not Divided"	Dry	Daylight	Clear	Angle (Front - to - Side) Same Direction	No	No Controls	3	1	Complains Of Pain	NA	41.83242	-71.43934	FALSE	FALSE	"Harold Street and Chalkstone Ave, Providence, RI, USA"	FALSE	-71.4393395	41.8324262	intersection	geometric_center	"harold st & chalkstone ave, providence, ri 02908, usa"	NA	NA	NA	NA	41.8324262	-71.4393395	Med High	0.691425718
1789	2016-11-05	482320	2:12:00	Pedestrian	1	NA	FALSE	FALSE	1	ALLENS AVE	CHAPMAN ST	11/5/16	"Two-Way , Not Divided"	Dry	Dark - Lighted	Clear	Other	No	No Controls	6	1	Non-Incapacitating	2	41.79347	-71.39747	FALSE	FALSE	"Allens Ave and Chapman Street, Providence, RI, USA"	FALSE	-71.3973889	41.7932522	intersection	geometric_center	"allens ave & chapman st, providence, ri 02905, usa"	NA	NA	NA	NA	41.7932522	-71.3973889	Med High	25.1623371
1788	2016-11-06	483011	3:24:00	Pedestrian	1	NA	FALSE	FALSE	1	CRANSTON ST	HUNTINGTON AVE	11/6/16	"Two-Way , Not Divided"	Dry	Dark - Lighted	Cloudy	Other	"Yes, M/V and Driver Left Scene"	No Controls	3	1	Complains Of Pain	NA	41.80346	-71.43981	FALSE	FALSE	"Cranston Street and Huntington Ave, Providence, RI, USA"	FALSE	-71.4392216	41.8037523	intersection	geometric_center	"cranston st & huntington ave, providence, ri 02907, usa"	NA	NA	NA	NA	41.8037523	-71.4392216	Med High	58.67508741
1786	2016-11-07	483619	14:30:00	Bicycle	NA	1	FALSE	FALSE	1	Charles St	HAWKINS ST	11/7/16	"Two-Way , Not Divided"	Dry	Daylight	Clear	Not a Collision Between Two Motor Vehicles in Transport	No	No Controls	5	1	Complains Of Pain	2	41.85156	-71.42019	FALSE	FALSE	"Charles Street and Hawkins Street, Providence, RI, USA"	FALSE	-71.4232923	41.8502749	route	geometric_center	"hawkins st, providence, ri, usa"	"Charles Street & Hawkins Street, Providence, RI, USA"	EjRDaGFybGVzIFN0cmVldCAmIEhhd2tpbnMgU3RyZWV0LCBQcm92aWRlbmNlLCBSSSwgVVNBImYiZAoUChIJp7zvRPBE5IkRsQR9FhcT41QSFAoSCae870TwROSJEbEEfRYXE-NUGhQKEgl1C85s8UTkiRHLZMsuNVX9MhoUChIJpfJlFfpE5IkRLMzGtaGm9F0iCg3YA_IYFXEmbtU	41.851388	-71.4201487	41.851388	-71.4201487	Med	19.45079565
1787	2016-11-07	483844	22:33:00	Bicycle	NA	1	FALSE	FALSE	1	LLOYD AVE	THAYER ST	11/7/16	"Two-Way , Not Divided"	Dry	Dark - Lighted	Clear	Angle - Direction Not Specified	No	Stop Signs	2	1	Non-Incapacitating	2	41.83148	-71.40108	FALSE	FALSE	"Lloyd Ave and Thayer Street, Providence, RI, USA"	FALSE	-71.4010783	41.831493	intersection	geometric_center	"thayer st & lloyd ave, providence, ri 02906, usa"	NA	NA	NA	NA	41.831493	-71.4010783	Med High	1.454006823
1784	2016-11-08	484072	13:55:00	Pedestrian	1	NA	FALSE	FALSE	1	493 MT. PLEASANT AVE	MT. PLEASANT AVE	11/8/16	"Two-Way , Not Divided"	Dry	Daylight	Clear	Not a Collision Between Two Motor Vehicles in Transport	No	No Controls	3	1	Complains Of Pain	NA	41.84145	-71.44247	TRUE	FALSE	"493 Mt. Pleasant Ave, Providence, RI, USA"	FALSE	-71.4500157	41.8402543	premise	rooftop	"493 mt pleasant ave, providence, ri 02908, usa"	NA	NA	NA	NA	41.8402543	-71.4500157	High	639.7872314
1785	2016-11-08	484284	21:56:00	Bicycle	NA	1	FALSE	FALSE	1	NORTH MAIN ST	7TH ST	11/8/16	"Two-Way, Divided, Positive Median Barrier"	Dry	Dark - Lighted	Clear	Angle (Front - to - Side) Right Angle (Includes Broadside)	No	Traffic Control Signal	2	1	Complains Of Pain	NA	41.85332	-71.40104	FALSE	FALSE	"North Main Street and 7th Street, Providence, RI, USA"	FALSE	-71.3980641	41.8526572	route	geometric_center	"7th st, providence, ri 02906, usa"	"North Main Street & 7th Street, Providence, RI, USA"	EjNOb3J0aCBNYWluIFN0cmVldCAmIDd0aCBTdHJlZXQsIFByb3ZpZGVuY2UsIFJJLCBVU0EiZiJkChQKEgkBX_oowUTkiRFs0OQsdn0PVxIUChIJAV_6KMFE5IkRbNDkLHZ9D1caFAoSCfn6QT3eROSJEV_Xrb4NXCM_GhQKEgmpxljvxkTkiRHimHB769eCliIKDVNa8hgV-Bdx1Q	41.8536019	-71.4008584	41.8536019	-71.4008584	Med	34.80658932
1783	2016-11-10	485266	19:18:00	Pedestrian	1	NA	FALSE	FALSE	1	Atwells Ave	Erastus St	11/11/16	"Two-Way , Not Divided"	Dry	Dark - Lighted	Clear	Not a Collision Between Two Motor Vehicles in Transport	No	No Controls	3	1	Complains Of Pain	NA	41.82517	-71.45089	FALSE	FALSE	"Atwells Ave and Erastus Street, Providence, RI, USA"	FALSE	-71.4508196	41.8251817	intersection	geometric_center	"atwells ave & erastus st, providence, ri 02909, usa"	NA	NA	NA	NA	41.8251817	-71.4508196	Med High	5.983393794
1781	2016-11-11	485385	12:08:00	Pedestrian	1	NA	FALSE	FALSE	1	EXIT 21 (RT )	ATWELLS AVE	11/11/16	One-Way Trafficway	Dry	Daylight	Clear	Not a Collision Between Two Motor Vehicles in Transport	No	Traffic Control Signal	3	1	Incapacitating	NA	41.82323	-71.42052	FALSE	FALSE	"Exit 21 (Rt ) and Atwells Ave, Providence, RI, USA"	FALSE	-71.4363598	41.8244829	route	geometric_center	"atwells ave, providence, ri, usa"	NA	NA	NA	NA	41.8244829	-71.4363598	Med	1321.373633
1782	2016-11-11	485479	19:02:00	Pedestrian	1	NA	FALSE	FALSE	1	SABIN STREET	SABIN ST	11/11/16	One-Way Trafficway	Dry	Dark - Lighted	Clear	Not a Collision Between Two Motor Vehicles in Transport	"Yes, M/V and Driver Left Scene"	No Controls	5	1	Non-Incapacitating	3	41.82411	-71.41614	FALSE	FALSE	"Sabin Street and Sabin Street, Providence, RI, USA"	FALSE	-71.4163184	41.8239955	route	geometric_center	"sabin st, providence, ri, usa"	NA	NA	NA	NA	41.8239955	-71.4163184	Med	19.53144425
1780	2016-11-13	486283	18:28:00	Pedestrian	1	NA	FALSE	FALSE	1	20 Swiss St	KNIGHT ST	11/13/16	"Two-Way , Not Divided"	Dry	Dark - Lighted	Clear	Not a Collision Between Two Motor Vehicles in Transport	No	No Controls	3	1	Complains Of Pain	NA	41.82317	-71.43288	TRUE	FALSE	"20 Swiss Street, Providence, RI, USA"	FALSE	-71.432537	41.82313	street_address	rooftop	"20 swiss st, providence, ri 02909, usa"	NA	NA	NA	NA	41.82313	-71.432537	High	28.80021821