row_number	crash_date	crash_report_id	crash_time	collision_type	count_pedestrian	count_bicycle	scooter	wheel_chair	number_of_vehicles	street_or_highway	nearest_intersection	report_date	type_of_roadway	road_surface_condition	light_condition	weather_condition	manner_of_impact	hit_and_run	traffic_control	person_count	injury_count	most_serious_injury	number_of_lanes	lat_raw	lon_raw	has_st_number	is_intersection_null	address_sent_to_geocoder	is_address_blank	lon_api_first_try	lat_api_first_try	type	loctype	address_returned_by_geocoder	address_returned_by_autocomplete	place_ids_autocompleted	lat_api_second_try	lon_api_second_try	lat_api_best	lon_api_best	api_coord_conf	distance_btwn_coords_meters
1778	2016-11-16	487949	15:41:00	Pedestrian	1	NA	FALSE	FALSE	1	WALLACE ST	WEBSTER AVE	11/16/16	"Two-Way , Not Divided"	Dry	Daylight	Clear	Not a Collision Between Two Motor Vehicles in Transport	"Yes, Driver Left Scene"	Stop Signs	3	1	Complains Of Pain	NA	41.80936	-71.44876	FALSE	FALSE	"Wallace Street and Webster Ave, Providence, RI, USA"	FALSE	-71.448739	41.8093679	intersection	geometric_center	"webster ave & wallace st, providence, ri 02909, usa"	NA	NA	NA	NA	41.8093679	-71.448739	Med High	1.951800138
1779	2016-11-16	488723	22:42:00	Pedestrian	1	NA	FALSE	FALSE	1	BROADWAY	VINTON ST	11/17/16	"Two-Way , Not Divided"	Dry	Dark - Lighted	Clear	Other	No	Pavement Markings	2	1	Non-Incapacitating	2	41.82009	-71.42812	FALSE	FALSE	"Broadway and Vinton Street, Providence, RI, USA"	FALSE	-71.4285663	41.8207514	route	geometric_center	"vinton st, providence, ri, usa"	"Broadway & Vinton Street, Providence, RI, USA"	Ei1Ccm9hZHdheSAmIFZpbnRvbiBTdHJlZXQsIFByb3ZpZGVuY2UsIFJJLCBVU0EiZiJkChQKEglF5rYLdUXkiRHipmasZ-JhnRIUChIJRea2C3VF5IkR4qZmrGfiYZ0aFAoSCaW15YZ1ReSJERrCM7HXpG-zGhQKEgnN2QdAdUXkiRHzHzv0hMO0lyIKDVg97RgVUexs1Q	41.820092	-71.4281903	41.820092	-71.4281903	Med	5.836335053
1776	2016-11-17	488912	14:26:00	Pedestrian	1	NA	FALSE	FALSE	1	HAYWARD ST	PORTLAND ST	11/17/16	"Two-Way , Not Divided"	Dry	Daylight	Clear	Not a Collision Between Two Motor Vehicles in Transport	No	Stop Signs	2	1	Complains Of Pain	NA	41.81368	-71.42041	FALSE	FALSE	"Hayward Street and Portland Street, Providence, RI, USA"	FALSE	-71.4204254	41.8136836	intersection	geometric_center	"portland st & hayward st, providence, ri 02907, usa"	NA	NA	NA	NA	41.8136836	-71.4204254	Med High	1.339084663
1777	2016-11-17	489178	18:34:00	Pedestrian	1	NA	FALSE	FALSE	1	CHALKSTONE AVENUE	CANTON STREET	11/17/16	"Two-Way , Not Divided"	Dry	Dark - Lighted	Clear	Not a Collision Between Two Motor Vehicles in Transport	"Yes, M/V and Driver Left Scene"	No Controls	3	1	Complains Of Pain	NA	41.81954	-71.43755	FALSE	FALSE	"Chalkstone Avenue and Canton Street, Providence, RI, USA"	FALSE	-71.4425118	41.8323096	intersection	geometric_center	"canton st & chalkstone ave, providence, ri 02908, usa"	NA	NA	NA	NA	41.8323096	-71.4425118	Med High	1479.894119
1774	2016-11-19	489947	0:06:00	Bicycle	NA	1	FALSE	FALSE	1	BERGEN ST	CHALKSTONE AVE	11/19/16	"Two-Way , Not Divided"	Dry	Dark - Lighted	Clear	Angle (Front - to - Side) Same Direction	"Yes, M/V and Driver Left Scene"	Stop Signs	2	1	Complains Of Pain	NA	41.83233	-71.44013	FALSE	FALSE	"Bergen Street and Chalkstone Ave, Providence, RI, USA"	FALSE	-71.4401343	41.8323432	intersection	geometric_center	"bergen st & chalkstone ave, providence, ri 02908, usa"	NA	NA	NA	NA	41.8323432	-71.4401343	Med High	1.512082434
1775	2016-11-19	490409	22:32:00	Bicycle	NA	1	FALSE	FALSE	1	PARK ST	BROWNELL ST	11/19/16	"Two-Way , Not Divided"	Wet	Dark - Lighted	Rain	Angle (Front - to - Side) Right Angle (Includes Broadside)	No	No Controls	3	1	Complains Of Pain	NA	41.83023	-71.41735	FALSE	FALSE	"Park Street and Brownell Street, Providence, RI, USA"	FALSE	-71.4187696	41.8303329	route	geometric_center	"brownell st, providence, ri 02908, usa"	NA	NA	NA	NA	41.8303329	-71.4187696	Med	118.3070977
1773	2016-11-21	491141	15:07:00	Bicycle	NA	1	FALSE	FALSE	1	CAHIR ST	BROAD ST	11/21/16	"Two-Way , Not Divided"	Dry	Daylight	Clear	Not a Collision Between Two Motor Vehicles in Transport	No	Traffic Control Signal	2	1	Complains Of Pain	2	41.81695	-71.41797	FALSE	FALSE	"Cahir Street and Broad Street, Providence, RI, USA"	FALSE	-71.4178923	41.8169459	intersection	geometric_center	"broad st & cahir st, providence, ri 02903, usa"	NA	NA	NA	NA	41.8169459	-71.4178923	Med High	6.46244438
1771	2016-11-22	491736	17:03:00	Pedestrian	1	NA	FALSE	FALSE	1	COLLEGE ST	PROSPECT ST	11/22/16	"Two-Way , Not Divided"	Dry	Dark - Lighted	Clear	Not a Collision Between Two Motor Vehicles in Transport	No	Stop Signs	3	1	Complains Of Pain	2	41.82611	-71.4046	FALSE	FALSE	"College Street and Prospect Street, Providence, RI, USA"	FALSE	-71.4054386	41.830211	route	geometric_center	"prospect st, providence, ri, usa"	"College Street & Prospect Street, Providence, RI, USA"	EjVDb2xsZWdlIFN0cmVldCAmIFByb3NwZWN0IFN0cmVldCwgUHJvdmlkZW5jZSwgUkksIFVTQSJmImQKFAoSCR30ag09ReSJEfKgH0NDwX03EhQKEgkd9GoNPUXkiRHyoB9DQ8F9NxoUChIJ0eXLLRZF5IkR9U78WzXwZD4aFAoSCf3MkoUiReSJEXnsEW5gGPVjIgoN5yjuGBWnhXDV	41.8261223	-71.4046041	41.8261223	-71.4046041	Med	1.410836901
1772	2016-11-22	491967	18:33:00	Pedestrian	1	NA	FALSE	FALSE	1	WHIPPLE ST	GEOFFREYS CT	11/22/16	"Two-Way , Not Divided"	Dry	Dark - Lighted	Clear	Rear - to - Side	No	No Controls	3	1	Complains Of Pain	NA	41.83766	-71.42098	FALSE	FALSE	"Whipple Street and Geoffreys Ct, Providence, RI, USA"	FALSE	-71.4213076	41.8372352	intersection	geometric_center	"whipple st & geoffreys ct, providence, ri 02908, usa"	NA	NA	NA	NA	41.8372352	-71.4213076	Med High	54.53834054
1770	2016-11-26	494137	3:26:00	Bicycle	NA	NA	FALSE	FALSE	2	ORMS ST	ASHBURTON ST	11/26/16	"Two-Way , Not Divided"	Dry	Dark - Lighted	"Fog, Smog, Smoke"	Not a Collision Between Two Motor Vehicles in Transport	No	No Controls	2	0	No Injury	NA	41.83523	-71.41175	FALSE	FALSE	"Orms Street and Ashburton Street, Providence, RI, USA"	FALSE	-71.4191013	41.8342191	route	geometric_center	"orms st, providence, ri, usa"	NA	NA	NA	NA	41.8342191	-71.4191013	Med	620.0221288
1769	2016-11-28	495322	12:44:00	Bicycle	NA	1	FALSE	FALSE	1	BENEFIT ST	COLLEGE ST	11/28/16	"Two-Way , Not Divided"	Dry	Daylight	Clear	Not a Collision Between Two Motor Vehicles in Transport	"Yes, M/V and Driver Left Scene"	Stop Signs	2	0	No Injury	NA	41.826	-71.40683	FALSE	FALSE	"Benefit Street and College Street, Providence, RI, USA"	FALSE	-71.4068354	41.8260134	intersection	geometric_center	"benefit st & college st, providence, ri 02903, usa"	NA	NA	NA	NA	41.8260134	-71.4068354	Med High	1.557486837
1768	2016-11-29	496143	18:05:00	Pedestrian	1	NA	FALSE	FALSE	1	RHODE ISLAND COLL	RI COL NEEDS NAME 4	11/29/16	"Two-Way , Not Divided"	Wet	Dark - Lighted	Rain	Not a Collision Between Two Motor Vehicles in Transport	No	No Controls	2	1	Complains Of Pain	NA	41.84131	-71.45992	FALSE	FALSE	"Rhode Island Coll and Ri Col Needs Name 4, Providence, RI, USA"	FALSE	-71.3970393	41.850095	route	geometric_center	"4th st, providence, ri 02906, usa"	NA	NA	NA	NA	41.850095	-71.3970393	Med	5305.405502
1766	2016-11-30	496826	16:00:00	Pedestrian	1	NA	FALSE	FALSE	1	SACKETT ST	MELROSE ST	11/30/16	"Two-Way , Not Divided"	Wet	Daylight	Clear	Other	"Yes, M/V and Driver Left Scene"	Person	1	1	Complains Of Pain	NA	41.79365	-71.42019	FALSE	FALSE	"Sackett Street and Melrose Street, Providence, RI, USA"	FALSE	-71.420233	41.7936568	intersection	geometric_center	"melrose st & sackett st, providence, ri 02907, usa"	NA	NA	NA	NA	41.7936568	-71.420233	Med High	3.648149744
1767	2016-11-30	497008	18:29:00	Pedestrian	1	NA	FALSE	FALSE	1	STEEPLE ST	N MAIN ST	11/30/16	One-Way Trafficway	Wet	Dark - Lighted	Rain	Not a Collision Between Two Motor Vehicles in Transport	No	Traffic Control Signal	2	1	Complains Of Pain	NA	41.82749	-71.40906	FALSE	FALSE	"Steeple Street and N Main Street, Providence, RI, USA"	FALSE	-71.3702575	41.8264716	establishment	rooftop	"105 wilmarth ave, east providence, ri 02914, usa"	"Steeple Street & North Main Street, Providence, RI, USA"	EjdTdGVlcGxlIFN0cmVldCAmIE5vcnRoIE1haW4gU3RyZWV0LCBQcm92aWRlbmNlLCBSSSwgVVNBImYiZAoUChIJUS88oBdF5IkRhG9IWd2q99wSFAoSCVEvPKAXReSJEYRvSFndqvfcGhQKEgln0uQLF0XkiRFQpCIGGQGeZRoUChIJ-fpBPd5E5IkRX9etvg1cIz8iCg2wXe4YFQzYb9U	41.8274736	-71.4090484	41.8274736	-71.4090484	Med	2.063694893
1765	2016-12-01	497554	7:55:00	Pedestrian	1	NA	FALSE	FALSE	1	14 BODELL AVE	SYRACUSE ST	12/1/16	Unknown	Wet	Daylight	Clear	Not a Collision Between Two Motor Vehicles in Transport	"Yes, M/V and Driver Left Scene"	No Controls	1	1	Complains Of Pain	NA	41.817	-71.45355	TRUE	FALSE	"14 Bodell Ave, Providence, RI, USA"	FALSE	-71.4535676	41.8162092	premise	rooftop	"14 bodell ave, providence, ri 02909, usa"	NA	NA	NA	NA	41.8162092	-71.4535676	High	88.04356243
1764	2016-12-02	498742	14:40:00	Bicycle	NA	1	FALSE	FALSE	1	ANGELL ST	ARLINGTON AVE	12/2/16	One-Way Trafficway	Dry	Daylight	Clear	Not a Collision Between Two Motor Vehicles in Transport	No	No Controls	3	1	Complains Of Pain	NA	41.82937	-71.39217	FALSE	FALSE	"Angell Street and Arlington Ave, Providence, RI, USA"	FALSE	-71.3921469	41.8293632	intersection	geometric_center	"arlington ave & angell st, providence, ri 02906, usa"	NA	NA	NA	NA	41.8293632	-71.3921469	Med High	2.060203679
1763	2016-12-03	498913	15:43:00	Pedestrian	1	NA	FALSE	FALSE	1	ELMWOOD AVE	WILSON ST	12/3/16	"Two-Way , Not Divided"	Dry	Daylight	Clear	Not a Collision Between Two Motor Vehicles in Transport	"Yes, M/V and Driver Left Scene"	No Controls	1	1	Complains Of Pain	2	41.81123	-71.42315	FALSE	FALSE	"Elmwood Ave and Wilson Street, Providence, RI, USA"	FALSE	-71.4231706	41.8112147	intersection	geometric_center	"wilson st & elmwood ave, providence, ri 02907, usa"	NA	NA	NA	NA	41.8112147	-71.4231706	Med High	2.412935347
1762	2016-12-06	500189	7:31:00	Pedestrian	1	NA	FALSE	FALSE	1	PUBLIC ST	BROAD ST	12/6/16	"Two-Way, Divided, Unprotected (painted>4feet) Medium"	Dry	Daylight	Clear	Not a Collision Between Two Motor Vehicles in Transport	No	Traffic Control Signal	2	1	Complains Of Pain	NA	41.80442	-71.41935	FALSE	FALSE	"Public Street and Broad Street, Providence, RI, USA"	FALSE	-71.4193596	41.804449	intersection	geometric_center	"public st & broad st, providence, ri 02907, usa"	NA	NA	NA	NA	41.804449	-71.4193596	Med High	3.325099214
1761	2016-12-09	502348	8:22:00	Pedestrian	1	NA	FALSE	FALSE	1	BROADWAY	KNIGHT ST	12/9/16	"Two-Way , Not Divided"	Dry	Daylight	Clear	Not a Collision Between Two Motor Vehicles in Transport	No	No Controls	2	1	Complains Of Pain	NA	41.8198	-71.42936	FALSE	FALSE	"Broadway and Knight Street, Providence, RI, USA"	FALSE	-71.4298401	41.8202496	route	geometric_center	"knight st, providence, ri, usa"	"Broadway & Knight Street, Providence, RI, USA"	Ei1Ccm9hZHdheSAmIEtuaWdodCBTdHJlZXQsIFByb3ZpZGVuY2UsIFJJLCBVU0EiZiJkChQKEgmvZYGEdUXkiRHAVmwJ-u4XKRIUChIJr2WBhHVF5IkRwFZsCfruFykaFAoSCaW15YZ1ReSJERrCM7HXpG-zGhQKEgkPqvF6dUXkiRGsZxyELkktfCIKDcQy7RgVV79s1Q	41.8198212	-71.4293417	41.8198212	-71.4293417	Med	2.806123126
1760	2016-12-13	504801	18:00:00	Pedestrian	1	NA	FALSE	FALSE	1	Butler Avenue	E ORCHARD AVE	12/13/16	"Two-Way , Not Divided"	Dry	Dark - Not Lighted	Clear	Not a Collision Between Two Motor Vehicles in Transport	No	No Controls	2	0	No Injury	NA	41.83234	-71.38406	FALSE	FALSE	"Butler Avenue and E Orchard Ave, Providence, RI, USA"	FALSE	-71.3840755	41.8323452	intersection	geometric_center	"butler ave & e orchard ave, providence, ri 02906, usa"	NA	NA	NA	NA	41.8323452	-71.3840755	Med High	1.409941331
1759	2016-12-14	505250	20:01:00	Pedestrian	1	NA	FALSE	FALSE	1	Hope St	George St	12/14/16	"Two-Way , Not Divided"	Dry	Dark - Lighted	Clear	Not a Collision Between Two Motor Vehicles in Transport	No	Stop Signs	3	1	Complains Of Pain	NA	41.82586	-71.39727	FALSE	FALSE	"Hope Street and George Street, Providence, RI, USA"	FALSE	-71.3972697	41.8257801	intersection	geometric_center	"hope st & george st, providence, ri 02906, usa"	NA	NA	NA	NA	41.8257801	-71.3972697	Med High	8.894462128
1758	2016-12-16	505764	0:01:00	Pedestrian	1	NA	FALSE	FALSE	1	FEDERAL ST	DEAN ST	12/16/16	"Two-Way , Not Divided"	Wet	Dark - Lighted	Severe Crosswinds	Not a Collision Between Two Motor Vehicles in Transport	"Yes, M/V and Driver Left Scene"	Stop Signs	1	1	Complains Of Pain	NA	41.82228	-71.42328	FALSE	FALSE	"Federal Street and Dean Street, Providence, RI, USA"	FALSE	-71.4232716	41.8222988	intersection	geometric_center	"dean st & federal st, providence, ri 02903, usa"	NA	NA	NA	NA	41.8222988	-71.4232716	Med High	2.205770764
1757	2016-12-19	507491	14:21:00	Pedestrian	1	NA	FALSE	FALSE	1	ANGELL STREET	S ANGELL ST	12/19/16	One-Way Trafficway	Dry	Daylight	Cloudy	Other	No	Traffic Control Signal	5	1	Non-Incapacitating	NA	41.83008	-71.38825	FALSE	FALSE	"Angell Street and S Angell Street, Providence, RI, USA"	FALSE	-71.3879538	41.8300494	intersection	geometric_center	"s angell st & angell st, providence, ri 02906, usa"	NA	NA	NA	NA	41.8300494	-71.3879538	Med High	24.80393598
1756	2016-12-20	508303	15:39:00	Bicycle	NA	1	FALSE	FALSE	1	Federal St	VINTON ST	12/20/16	"Two-Way , Not Divided"	Dry	Daylight	Clear	Not a Collision Between Two Motor Vehicles in Transport	No	Stop Signs	3	0	No Injury	NA	41.82152	-71.42902	FALSE	FALSE	"Federal Street and Vinton Street, Providence, RI, USA"	FALSE	-71.4290253	41.8215615	intersection	geometric_center	"vinton st & federal st, providence, ri 02903, usa"	NA	NA	NA	NA	41.8215615	-71.4290253	Med High	4.640634517
1754	2016-12-30	512244	9:35:00	Pedestrian	1	NA	FALSE	FALSE	1	HAYWARD ST	PORTLAND ST	12/30/16	"Two-Way , Not Divided"	Dry	Daylight	Clear	Unknown	"Yes, M/V and Driver Left Scene"	No Controls	1	1	Complains Of Pain	NA	41.81368	-71.42041	FALSE	FALSE	"Hayward Street and Portland Street, Providence, RI, USA"	FALSE	-71.4204254	41.8136836	intersection	geometric_center	"portland st & hayward st, providence, ri 02907, usa"	NA	NA	NA	NA	41.8136836	-71.4204254	Med High	1.339084663
1755	2016-12-30	512458	18:43:00	Pedestrian	1	NA	FALSE	FALSE	1	ROYAL LITTLE DR	BRANCH AVE	12/30/16	"Two-Way , Not Divided"	Dry	Dark - Lighted	Clear	Not a Collision Between Two Motor Vehicles in Transport	No	No Controls	2	1	Non-Incapacitating	NA	41.84724	-71.41342	FALSE	FALSE	"Royal Little Dr and Branch Ave, Providence, RI, USA"	FALSE	-71.4109359	41.8526881	route	geometric_center	"royal little dr, rhode island, usa"	NA	NA	NA	NA	41.8526881	-71.4109359	Med	640.5055499
1753	2017-01-01	512799	12:30:00	Pedestrian	1	NA	FALSE	FALSE	1	PINE ST	CHESTNUT ST	1/1/17	One-Way Trafficway	Wet	Dark - Unknown Lighting	Rain	Not a Collision Between Two Motor Vehicles in Transport	"Yes, M/V and Driver Left Scene"	Traffic Control Signal	1	1	Non-Incapacitating	1	41.81944	-71.41294	FALSE	FALSE	"Pine Street and Chestnut Street, Providence, RI, USA"	FALSE	-71.4108086	41.818517	route	geometric_center	"chestnut st, providence, ri, usa"	NA	NA	NA	NA	41.818517	-71.4108086	Med	204.5088035
1751	2017-01-03	513653	17:16:00	Pedestrian	1	NA	FALSE	FALSE	1	CRANSTON ST	WESTMINSTER ST	1/3/17	"Two-Way , Not Divided"	Wet	Dark - Lighted	Rain	Not a Collision Between Two Motor Vehicles in Transport	No	Traffic Control Signal	5	1	Non-Incapacitating	NA	41.81765	-71.42139	FALSE	FALSE	"Cranston Street and Westminster Street, Providence, RI, USA"	FALSE	-71.4223096	41.817219	intersection	geometric_center	"cranston st & westminster st, providence, ri 02903, usa"	NA	NA	NA	NA	41.817219	-71.4223096	Med High	90.12548546
1752	2017-01-03	513775	21:17:00	Pedestrian	1	NA	FALSE	FALSE	1	HARRIS AVE	ATWELLS AVE	1/3/17	"Two-Way , Not Divided"	Wet	Dark - Lighted	Rain	Not a Collision Between Two Motor Vehicles in Transport	No	No Controls	3	1	Complains Of Pain	NA	41.82449	-71.43538	FALSE	FALSE	"Harris Ave and Atwells Ave, Providence, RI, USA"	FALSE	-71.4354014	41.8244572	intersection	geometric_center	"atwells ave & harris ave, providence, ri 02909, usa"	NA	NA	NA	NA	41.8244572	-71.4354014	Med High	4.059957429
1749	2017-01-05	514569	16:48:00	Pedestrian	1	NA	FALSE	FALSE	1	PLAINFIELD ST	POCASSET AVE	1/5/17	"Two-Way , Not Divided"	Dry	Dark - Lighted	Clear	Not a Collision Between Two Motor Vehicles in Transport	No	No Controls	3	1	Fatal	2	41.81398	-71.44758	FALSE	FALSE	"Plainfield Street and Pocasset Ave, Providence, RI, USA"	FALSE	-71.4477942	41.8138447	intersection	geometric_center	"pocasset ave & plainfield st, providence, ri 02909, usa"	NA	NA	NA	NA	41.8138447	-71.4477942	Med High	23.2955889
1750	2017-01-05	514695	22:30:00	Pedestrian	1	NA	FALSE	FALSE	1	ATWELLS AVE	DEAN ST	1/5/17	"Two-Way, Divided, Unprotected (painted>4feet) Medium"	Dry	Dark - Lighted	Clear	Not a Collision Between Two Motor Vehicles in Transport	No	Traffic Control Signal	5	1	Complains Of Pain	NA	41.82339	-71.4242	FALSE	FALSE	"Atwells Ave and Dean Street, Providence, RI, USA"	FALSE	-71.4242155	41.8234078	intersection	geometric_center	"atwells ave & dean st, providence, ri 02903, usa"	NA	NA	NA	NA	41.8234078	-71.4242155	Med High	2.36211906
1748	2017-01-09	517284	17:10:00	Pedestrian	1	NA	FALSE	FALSE	1	Broad Street	BROAD ST	1/11/17	"Two-Way , Not Divided"	Slush	Dark - Lighted	Clear	Not a Collision Between Two Motor Vehicles in Transport	"Yes, M/V and Driver Left Scene"	No Controls	1	0	No Injury	NA	41.81634	-71.41923	FALSE	FALSE	"Broad Street and Broad Street, Providence, RI, USA"	FALSE	-71.4101636	41.7945838	route	geometric_center	"broad st, providence, ri, usa"	NA	NA	NA	NA	41.7945838	-71.4101636	Med	2536.046633
1747	2017-01-10	517086	22:26:00	Pedestrian	1	NA	FALSE	FALSE	1	MEMORIAL BLVD	STEEPLE ST	1/10/17	"Two-Way , Not Divided"	Wet	Dark - Lighted	Rain	Not a Collision Between Two Motor Vehicles in Transport	No	Pavement Markings	3	1	Complains Of Pain	NA	41.82677	-71.41063	FALSE	FALSE	"Memorial Blvd and Steeple Street, Providence, RI, USA"	FALSE	-71.409299	41.8273889	route	geometric_center	"steeple st, providence, ri 02903, usa"	NA	NA	NA	NA	41.8273889	-71.409299	Med	130.1401791
1746	2017-01-12	518123	17:05:00	Bicycle	NA	1	FALSE	FALSE	1	ATWELLS AVE	EAGLE ST	1/12/17	"Two-Way, Not Divided With a Continuous Left Turn Lane"	Dry	Dark - Lighted	Clear	Not a Collision Between Two Motor Vehicles in Transport	No	Traffic Control Signal	2	0	No Injury	NA	41.82446	-71.4355	FALSE	FALSE	"Atwells Ave and Eagle Street, Providence, RI, USA"	FALSE	-71.4354014	41.8244572	intersection	geometric_center	"atwells ave & eagle st, providence, ri 02909, usa"	NA	NA	NA	NA	41.8244572	-71.4354014	Med High	8.185233499
1745	2017-01-13	518744	18:45:00	Pedestrian	1	NA	FALSE	FALSE	1	FRANCIS ST	MEMORIAL BLVD	1/13/17	"Two-Way, Not Divided With a Continuous Left Turn Lane"	Dry	Dark - Lighted	Clear	Not a Collision Between Two Motor Vehicles in Transport	No	Traffic Control Signal	3	1	Complains Of Pain	NA	41.82601	-71.4154	FALSE	FALSE	"Francis Street and Memorial Blvd, Providence, RI, USA"	FALSE	-71.4134258	41.8263996	route	geometric_center	"memorial blvd, providence, ri 02903, usa"	"Francis Street & Memorial Blvd, Providence, RI, USA"	EjNGcmFuY2lzIFN0cmVldCAmIE1lbW9yaWFsIEJsdmQsIFByb3ZpZGVuY2UsIFJJLCBVU0EiZiJkChQKEgkDtc6dEUXkiRFK7mftfMbegBIUChIJA7XOnRFF5IkRSu5n7XzG3oAaFAoSCeMKJVkQReSJEQnXa5JsDkKbGhQKEgn3LDO1FkXkiRGsznR5eOTavSIKDRwg7hgVW-Bu1Q	41.8258972	-71.4153893	41.8258972	-71.4153893	Med	12.58816951
1743	2017-01-17	520281	17:11:00	Pedestrian	1	NA	FALSE	FALSE	1	FRIENDSHIP ST	DORRANCE ST	1/17/17	One-Way Trafficway	Wet	Dark - Lighted	Rain	Not a Collision Between Two Motor Vehicles in Transport	No	Traffic Control Signal	2	1	Complains Of Pain	1	41.82197	-71.40948	FALSE	FALSE	"Friendship Street and Dorrance Street, Providence, RI, USA"	FALSE	-71.4094402	41.8220269	intersection	geometric_center	"friendship st & dorrance st, providence, ri 02903, usa"	NA	NA	NA	NA	41.8220269	-71.4094402	Med High	7.142957367
1744	2017-01-17	520447	21:35:00	Pedestrian	1	NA	FALSE	FALSE	1	Raymond St	Chalkstone Ave	1/18/17	"Two-Way , Not Divided"	Wet	Dark - Lighted	Rain	Not a Collision Between Two Motor Vehicles in Transport	No	Traffic Control Signal	5	1	Incapacitating	NA	41.83419	-71.43024	FALSE	FALSE	"Raymond Street and Chalkstone Ave, Providence, RI, USA"	FALSE	-71.4417437	41.8322912	route	geometric_center	"chalkstone ave, providence, ri, usa"	"Raymond Street & Chalkstone Ave, Providence, RI, USA"	EjRSYXltb25kIFN0cmVldCAmIENoYWxrc3RvbmUgQXZlLCBQcm92aWRlbmNlLCBSSSwgVVNBImYiZAoUChIJp43aKKhF5IkRAO9FcVWHqsQSFAoSCaeN2iioReSJEQDvRXFVh6rEGhQKEglNsK7xB0XkiRFE20j-Blhv0RoUChIJdzMxm69F5IkRFM5IhAG4zqsiCg2OZO8YFeqbbNU	41.834203	-71.4302486	41.834203	-71.4302486	Med	1.6133964
1742	2017-01-21	522425	15:41:00	Pedestrian	1	NA	FALSE	FALSE	1	LLOYD AVE	ARLINGTON AVE	1/21/17	"Two-Way , Not Divided"	Dry	Daylight	Clear	Not a Collision Between Two Motor Vehicles in Transport	No	Stop Signs	4	1	Complains Of Pain	NA	41.83348	-71.3943	FALSE	FALSE	"Lloyd Ave and Arlington Ave, Providence, RI, USA"	FALSE	-71.3942841	41.8335086	intersection	geometric_center	"arlington ave & lloyd ave, providence, ri 02906, usa"	NA	NA	NA	NA	41.8335086	-71.3942841	Med High	3.446068038
1740	2017-01-24	523489	12:15:00	Pedestrian	1	NA	FALSE	FALSE	1	601 North Main St	N MAIN ST	1/24/17	"Two-Way , Not Divided"	Wet	Daylight	Rain	Not a Collision Between Two Motor Vehicles in Transport	No	No Controls	3	0	No Injury	NA	41.83723	-71.40947	TRUE	FALSE	"601 North Main Street, Providence, RI, USA"	FALSE	-71.4083214	41.8372393	subpremise	rooftop	"601 n main st, providence, ri 02904, usa"	NA	NA	NA	NA	41.8372393	-71.4083214	High	95.26795052
1741	2017-01-24	523713	20:47:00	Pedestrian	1	NA	FALSE	FALSE	1	DAVE GAVITT WAY	ATWELLS AVE	1/24/17	One-Way Trafficway	Wet	Dark - Lighted	Clear	Not a Collision Between Two Motor Vehicles in Transport	"Yes, M/V and Driver Left Scene"	Traffic Control Signal	4	2	Complains Of Pain	1	41.82317	-71.42053	FALSE	FALSE	"Dave Gavitt Way and Atwells Ave, Providence, RI, USA"	FALSE	-71.4194925	41.8230784	intersection	geometric_center	"atwells ave & dave gavitt way, providence, ri 02903, usa"	NA	NA	NA	NA	41.8230784	-71.4194925	Med High	86.66884531
1738	2017-01-26	524755	14:51:00	Pedestrian	1	NA	FALSE	FALSE	1	PRAIRIE AVE	THURBERS AVE	1/26/17	"Two-Way , Not Divided"	Wet	Daylight	Clear	Not a Collision Between Two Motor Vehicles in Transport	No	No Controls	4	1	Complains Of Pain	NA	41.79856	-71.41183	FALSE	FALSE	"Prairie Ave and Thurbers Ave, Providence, RI, USA"	FALSE	-71.4119105	41.7987434	intersection	geometric_center	"thurbers ave & prairie ave, providence, ri 02905, usa"	NA	NA	NA	NA	41.7987434	-71.4119105	Med High	21.48120357
1739	2017-01-26	524921	19:46:00	Pedestrian	1	NA	FALSE	FALSE	1	353 SMITH ST	ORMS ST	1/26/17	"Two-Way , Not Divided"	Wet	Dark - Lighted	Clear	Other	No	No Controls	2	1	Complains Of Pain	NA	41.83428	-71.4233	TRUE	FALSE	"353 Smith Street, Providence, RI, USA"	FALSE	-71.4233848	41.8345869	subpremise	rooftop	"353 smith st, providence, ri 02908, usa"	NA	NA	NA	NA	41.8345869	-71.4233848	High	34.88043503
1737	2017-01-28	525334	1:22:00	Bicycle	NA	1	FALSE	FALSE	1	ATWELLS AVE	HANNAH ST	1/28/17	"Two-Way , Not Divided"	Dry	Dark - Lighted	Clear	Not a Collision Between Two Motor Vehicles in Transport	"Yes, M/V and Driver Left Scene"	Traffic Control Signal	1	1	Complains Of Pain	NA	41.82507	-71.44867	FALSE	FALSE	"Atwells Ave and Hannah Street, Providence, RI, USA"	FALSE	-71.4486537	41.8250697	intersection	geometric_center	"hannah st & atwells ave, providence, ri 02909, usa"	NA	NA	NA	NA	41.8250697	-71.4486537	Med High	1.352554976
1736	2017-01-31	527074	15:39:00	Pedestrian	1	NA	FALSE	FALSE	1	THURBERS AVE	PRAIRIE AVE	1/31/17	"Two-Way , Not Divided"	Snow	Daylight	Snow	Other	No	Traffic Control Signal	2	1	Incapacitating	NA	41.79873	-71.41191	FALSE	FALSE	"Thurbers Ave and Prairie Ave, Providence, RI, USA"	FALSE	-71.4119105	41.7987434	intersection	geometric_center	"thurbers ave & prairie ave, providence, ri 02905, usa"	NA	NA	NA	NA	41.7987434	-71.4119105	Med High	1.492258178