row_number	crash_date	crash_report_id	crash_time	collision_type	count_pedestrian	count_bicycle	scooter	wheel_chair	number_of_vehicles	street_or_highway	nearest_intersection	report_date	type_of_roadway	road_surface_condition	light_condition	weather_condition	manner_of_impact	hit_and_run	traffic_control	person_count	injury_count	most_serious_injury	number_of_lanes	lat_raw	lon_raw	has_st_number	is_intersection_null	address_sent_to_geocoder	is_address_blank	lon_api_first_try	lat_api_first_try	type	loctype	address_returned_by_geocoder	address_returned_by_autocomplete	place_ids_autocompleted	lat_api_second_try	lon_api_second_try	lat_api_best	lon_api_best	api_coord_conf	distance_btwn_coords_meters
1735	2017-02-02	527670	15:51:00	Bicycle	NA	1	FALSE	FALSE	1	SERVICE ROAD 7	BROADWAY	2/2/17	One-Way Trafficway	Dry	Daylight	Clear	Not a Collision Between Two Motor Vehicles in Transport	No	Traffic Control Signal	2	0	No Injury	NA	41.82169	-71.4208	FALSE	FALSE	"Service Road 7 and Broadway, Providence, RI, USA"	FALSE	-71.420801	41.8218463	intersection	geometric_center	"service rd 1 & broadway, providence, ri 02903, usa"	NA	NA	NA	NA	41.8218463	-71.420801	Med High	17.39943418
1734	2017-02-04	529337	12:00:00	Pedestrian	1	NA	FALSE	FALSE	1	BROAD ST	CAHIR ST	2/4/17	"Two-Way, Not Divided With a Continuous Left Turn Lane"	Dry	Daylight	Clear	Not a Collision Between Two Motor Vehicles in Transport	No	Traffic Control Signal	2	1	Complains Of Pain	NA	41.8169	-71.41798	FALSE	FALSE	"Broad Street and Cahir Street, Providence, RI, USA"	FALSE	-71.4189877	41.8178471	route	geometric_center	"cahir st, providence, ri 02903, usa"	"Broad Street & Cahir Street, Providence, RI, USA"	EjBCcm9hZCBTdHJlZXQgJiBDYWhpciBTdHJlZXQsIFByb3ZpZGVuY2UsIFJJLCBVU0EiZiJkChQKEglxchb1bUXkiRHx6X_pfAz-ChIUChIJcXIW9W1F5IkR8el_6XwM_goaFAoSCYPefdWMT-SJESyiypOYSwijGhQKEgmx_OtuckXkiRFRWF6nVg1mziIKDXPC7BgVlX5u1Q	41.8169459	-71.4178923	41.8169459	-71.4178923	Med	8.89084411
1732	2017-02-08	530740	12:53:00	Bicycle	NA	1	FALSE	FALSE	1	BROAD ST	CAHIR ST	2/8/17	"Two-Way, Divided, Unprotected (painted>4feet) Medium"	Dry	Daylight	Clear	Other	No	Traffic Control Signal	3	0	No Injury	NA	41.81692	-71.41795	FALSE	FALSE	"Broad Street and Cahir Street, Providence, RI, USA"	FALSE	-71.4189877	41.8178471	route	geometric_center	"cahir st, providence, ri 02903, usa"	"Broad Street & Cahir Street, Providence, RI, USA"	EjBCcm9hZCBTdHJlZXQgJiBDYWhpciBTdHJlZXQsIFByb3ZpZGVuY2UsIFJJLCBVU0EiZiJkChQKEglxchb1bUXkiRHx6X_pfAz-ChIUChIJcXIW9W1F5IkR8el_6XwM_goaFAoSCYPefdWMT-SJESyiypOYSwijGhQKEgmx_OtuckXkiRFRWF6nVg1mziIKDXPC7BgVlX5u1Q	41.8169459	-71.4178923	41.8169459	-71.4178923	Med	5.588231095
1733	2017-02-08	531678	12:48:00	Pedestrian	1	NA	FALSE	FALSE	1	PRAIRIE AVE	PAVILION AVE	2/10/17	"Two-Way , Not Divided"	Dry	Daylight	Clear	Not a Collision Between Two Motor Vehicles in Transport	"Yes, M/V and Driver Left Scene"	No Controls	2	1	Complains Of Pain	NA	41.79505	-71.41036	FALSE	FALSE	"Prairie Ave and Pavilion Ave, Providence, RI, USA"	FALSE	-71.4103223	41.7950392	intersection	geometric_center	"pavilion ave & prairie ave, providence, ri 02905, usa"	NA	NA	NA	NA	41.7950392	-71.4103223	Med High	3.351848163
1731	2017-02-12	532510	10:39:00	Pedestrian	1	NA	FALSE	FALSE	1	850 MANTON AVE	NA	2/12/17	Unknown	Slush	Daylight	Cloudy	Not a Collision Between Two Motor Vehicles in Transport	No	No Controls	5	1	Non-Incapacitating	NA	41.83391	-71.46728	TRUE	TRUE	"850 Manton Ave, Providence, RI, USA"	FALSE	-71.4659043	41.8329814	premise	rooftop	"850 manton ave, providence, ri 02909, usa"	NA	NA	NA	NA	41.8329814	-71.4659043	High	153.9655831
1728	2017-02-14	533947	16:25:00	Pedestrian	1	NA	FALSE	FALSE	1	Dean st	ATWELLS AVE	2/14/17	"Two-Way , Not Divided"	Dry	Daylight	Clear	Other	No	No Controls	3	1	Non-Incapacitating	NA	41.82332	-71.42413	FALSE	FALSE	"Dean Street and Atwells Ave, Providence, RI, USA"	FALSE	-71.4242155	41.8234078	intersection	geometric_center	"atwells ave & dean st, providence, ri 02903, usa"	NA	NA	NA	NA	41.8234078	-71.4242155	Med High	12.07620771
1729	2017-02-14	533969	16:28:00	Pedestrian	1	NA	FALSE	FALSE	1	WESTMINSTER ST	TOBEY ST	2/14/17	"Two-Way , Not Divided"	Dry	Daylight	Clear	Not a Collision Between Two Motor Vehicles in Transport	No	No Controls	3	1	Non-Incapacitating	NA	41.81617	-71.43472	FALSE	FALSE	"Westminster Street and Tobey Street, Providence, RI, USA"	FALSE	-71.4346637	41.8162029	intersection	geometric_center	"tobey st & westminster st, providence, ri 02909, usa"	NA	NA	NA	NA	41.8162029	-71.4346637	Med High	5.935559083
1730	2017-02-14	533979	18:28:00	Pedestrian	1	NA	FALSE	FALSE	1	SUPERIOR ST	CRANSTON ST	2/14/17	"Two-Way , Not Divided"	Slush	Dark - Lighted	Clear	Not a Collision Between Two Motor Vehicles in Transport	"Yes, M/V and Driver Left Scene"	No Controls	2	1	Complains Of Pain	NA	41.81042	-71.43262	FALSE	FALSE	"Superior Street and Cranston Street, Providence, RI, USA"	FALSE	-71.4326468	41.8104443	intersection	geometric_center	"cranston st & superior st, providence, ri 02907, usa"	NA	NA	NA	NA	41.8104443	-71.4326468	Med High	3.501720446
1727	2017-02-15	534617	17:43:00	Pedestrian	1	NA	FALSE	FALSE	1	SILVER SPRING ST	BISMARK ST	2/15/17	"Two-Way , Not Divided"	Wet	Dark - Lighted	Cloudy	Not a Collision Between Two Motor Vehicles in Transport	No	No Controls	5	1	Incapacitating	NA	41.85441	-71.41203	FALSE	FALSE	"Silver Spring Street and Bismark Street, Providence, RI, USA"	FALSE	-71.4120217	41.8544368	intersection	geometric_center	"silver spring st & bismark st, providence, ri 02904, usa"	NA	NA	NA	NA	41.8544368	-71.4120217	Med High	3.061710017
1726	2017-02-17	535255	7:58:00	Pedestrian	1	NA	FALSE	FALSE	1	BARTON ST	WESTMINSTER ST	2/17/17	"Two-Way , Not Divided"	Dry	Daylight	Clear	Not a Collision Between Two Motor Vehicles in Transport	No	No Controls	4	1	Complains Of Pain	2	41.81677	-71.43675	FALSE	FALSE	"Barton Street and Westminster Street, Providence, RI, USA"	FALSE	-71.4365339	41.8159344	intersection	geometric_center	"barton st & westminster st, providence, ri 02909, usa"	NA	NA	NA	NA	41.8159344	-71.4365339	Med High	94.73062854
1724	2017-02-20	537110	7:48:00	Pedestrian	1	NA	FALSE	FALSE	1	48 OLIVE ST	NA	2/20/17	Unknown	Dry	Daylight	Clear	Not a Collision Between Two Motor Vehicles in Transport	No	No Controls	3	1	Complains Of Pain	NA	41.82841	-71.40207	TRUE	TRUE	"48 Olive Street, Providence, RI, USA"	FALSE	-71.4025546	41.8286931	street_address	range_interpolated	"48 olive st, providence, ri 02906, usa"	NA	NA	NA	NA	41.8286931	-71.4025546	High	51.07811018
1725	2017-02-20	537384	22:11:00	Pedestrian	1	NA	FALSE	FALSE	1	CANAL ST	SMITH ST	2/21/17	One-Way Trafficway	Dry	Dark - Lighted	Clear	Not a Collision Between Two Motor Vehicles in Transport	"Yes, M/V and Driver Left Scene"	Traffic Control Signal	3	1	Complains Of Pain	NA	41.8314	-71.41134	FALSE	FALSE	"Canal Street and Smith Street, Providence, RI, USA"	FALSE	-71.4433053	41.8418141	route	geometric_center	"smith st, providence, ri, usa"	"Canal Street & Smith Street, Providence, RI, USA"	EjBDYW5hbCBTdHJlZXQgJiBTbWl0aCBTdHJlZXQsIFByb3ZpZGVuY2UsIFJJLCBVU0EiZiJkChQKEgmNIDqdGUXkiRF9HyMoQizAgRIUChIJjSA6nRlF5IkRfR8jKEIswIEaFAoSCcvUmNAZReSJEftrQiUQSQCyGhQKEgm1rnBMS0TkiREhtaMwuIyrhCIKDcn37hgV7n5v1Q	41.8314185	-71.4113298	41.8314185	-71.4113298	Med	2.226423021
1722	2017-02-22	538024	15:13:00	Pedestrian	1	NA	FALSE	FALSE	1	BROADWAY	DE PASQUALE AVE	2/22/17	"Two-Way, Divided, Unprotected (painted>4feet) Medium"	Dry	Daylight	Clear	Not a Collision Between Two Motor Vehicles in Transport	No	No Controls	2	1	Complains Of Pain	NA	41.82077	-71.42526	FALSE	FALSE	"Broadway and De Pasquale Ave, Providence, RI, USA"	FALSE	-71.4262101	41.8224893	route	geometric_center	"de pasquale ave, providence, ri 02903, usa"	"Broadway & De Pasquale Ave, Providence, RI, USA"	Ei9Ccm9hZHdheSAmIERlIFBhc3F1YWxlIEF2ZSwgUHJvdmlkZW5jZSwgUkksIFVTQSJmImQKFAoSCTd39r50ReSJEQRLbIypVmNIEhQKEgk3d_a-dEXkiREES2yMqVZjSBoUChIJpbXlhnVF5IkRGsIzsdekb7MaFAoSCeVqSDILReSJEem1Phldyo7CIgoNM1jtGBX2X23V	41.8207795	-71.4252298	41.8207795	-71.4252298	Med	2.719417858
1723	2017-02-22	538035	16:09:00	Pedestrian	1	NA	FALSE	FALSE	1	BROAD ST	ROGER WILLIAMS PARK	2/22/17	"Two-Way, Divided, Unprotected (painted>4feet) Medium"	Dry	Daylight	Clear	Not a Collision Between Two Motor Vehicles in Transport	"Yes, M/V and Driver Left Scene"	Traffic Control Signal	3	1	Complains Of Pain	NA	41.8133	-71.42185	FALSE	FALSE	"Broad Street and Roger Williams Park, Providence, RI, USA"	FALSE	-71.4117265	41.7829832	establishment	geometric_center	"roger williams park, pine hill ave, providence, ri 02907, usa"	NA	NA	NA	NA	41.7829832	-71.4117265	Med	3477.850095
1720	2017-02-23	538398	9:23:00	Bicycle	NA	1	FALSE	FALSE	1	BRANCH AVE	N MAIN ST	2/23/17	"Two-Way , Not Divided"	Dry	Daylight	Clear	Not a Collision Between Two Motor Vehicles in Transport	No	Traffic Control Signal	2	0	No Injury	NA	41.84199	-71.40798	FALSE	FALSE	"Branch Ave and N Main Street, Providence, RI, USA"	FALSE	-71.3702575	41.8264716	establishment	rooftop	"105 wilmarth ave, east providence, ri 02914, usa"	"Branch Ave & North Main Street, Providence, RI, USA"	EjNCcmFuY2ggQXZlICYgTm9ydGggTWFpbiBTdHJlZXQsIFByb3ZpZGVuY2UsIFJJLCBVU0EiZiJkChQKEglv1IfG4ETkiREr3MZ4wvyGhxIUChIJb9SHxuBE5IkRK9zGeML8hocaFAoSCem084X5ROSJEbp9Ht5SQ7aoGhQKEgn5-kE93kTkiRFf162-DVwjPyIKDfWW8BgVfwRw1Q	41.8420469	-71.4079105	41.8420469	-71.4079105	Med	8.563953835
1721	2017-02-23	538515	15:05:00	Bicycle	NA	1	FALSE	FALSE	1	859 North Main St.	NA	2/23/17	"Two-Way, Divided, Positive Median Barrier"	Dry	Daylight	Clear	Not a Collision Between Two Motor Vehicles in Transport	"Yes, M/V and Driver Left Scene"	No Controls	3	1	Complains Of Pain	NA	41.84376	-71.40679	TRUE	TRUE	"859 North Main St., Providence, RI, USA"	FALSE	-71.4064776	41.8438635	premise	rooftop	"859 n main st, providence, ri 02904, usa"	NA	NA	NA	NA	41.8438635	-71.4064776	High	28.35355701
1719	2017-02-24	538783	14:48:00	Pedestrian	1	NA	FALSE	FALSE	1	ELMWOOD AVE	BROAD ST	2/24/17	"Two-Way , Not Divided"	Dry	Daylight	Clear	Not a Collision Between Two Motor Vehicles in Transport	No	Traffic Control Signal	3	1	Complains Of Pain	NA	41.813	-71.42203	FALSE	FALSE	"Elmwood Ave and Broad Street, Providence, RI, USA"	FALSE	-71.4219965	41.8130501	intersection	geometric_center	"elmwood ave & broad st, providence, ri 02907, usa"	NA	NA	NA	NA	41.8130501	-71.4219965	Med High	6.231336046
1718	2017-02-27	539713	8:08:00	Pedestrian	1	NA	FALSE	FALSE	1	BROADWAY	KNIGHT ST	2/27/17	"Two-Way , Not Divided"	Dry	Daylight	Clear	Not a Collision Between Two Motor Vehicles in Transport	No	Traffic Control Signal	7	1	Complains Of Pain	NA	41.8198	-71.42936	FALSE	FALSE	"Broadway and Knight Street, Providence, RI, USA"	FALSE	-71.4298401	41.8202496	route	geometric_center	"knight st, providence, ri, usa"	"Broadway & Knight Street, Providence, RI, USA"	Ei1Ccm9hZHdheSAmIEtuaWdodCBTdHJlZXQsIFByb3ZpZGVuY2UsIFJJLCBVU0EiZiJkChQKEgmvZYGEdUXkiRHAVmwJ-u4XKRIUChIJr2WBhHVF5IkRwFZsCfruFykaFAoSCaW15YZ1ReSJERrCM7HXpG-zGhQKEgkPqvF6dUXkiRGsZxyELkktfCIKDcQy7RgVV79s1Q	41.8198212	-71.4293417	41.8198212	-71.4293417	Med	2.806123126
1716	2017-02-28	540168	8:00:00	Pedestrian	1	NA	FALSE	FALSE	1	SMITHFIELD AVE	NELLIE ST	2/28/17	"Two-Way , Not Divided"	Dry	Daylight	Clear	Not a Collision Between Two Motor Vehicles in Transport	No	No Controls	2	1	Complains Of Pain	NA	41.85759	-71.41084	FALSE	FALSE	"Smithfield Ave and Nellie Street, Providence, RI, USA"	FALSE	-71.4107648	41.8574011	intersection	geometric_center	"nellie st & smithfield ave, providence, ri 02904, usa"	NA	NA	NA	NA	41.8574011	-71.4107648	Med High	21.93312382
1717	2017-02-28	540331	18:04:00	Pedestrian	1	NA	FALSE	FALSE	1	ADMIRAL ST	DURHAM ST	2/28/17	"Two-Way , Not Divided"	Dry	Dark - Lighted	Cloudy	Not a Collision Between Two Motor Vehicles in Transport	No	No Controls	2	1	Complains Of Pain	NA	41.84788	-71.43576	FALSE	FALSE	"Admiral Street and Durham Street, Providence, RI, USA"	FALSE	-71.435772	41.8479089	intersection	geometric_center	"admiral st & durham st, providence, ri 02908, usa"	NA	NA	NA	NA	41.8479089	-71.435772	Med High	3.367513274
1715	2017-03-03	541589	21:25:00	Pedestrian	1	NA	FALSE	FALSE	1	2 SACKETT ST	NA	3/3/17	"Two-Way , Not Divided"	Dry	Dark - Lighted	Clear	Not a Collision Between Two Motor Vehicles in Transport	No	No Controls	2	1	Complains Of Pain	2	41.79611	-71.41228	TRUE	TRUE	"2 Sackett Street, Providence, RI, USA"	FALSE	-71.4122828	41.7959685	premise	rooftop	"2 sackett st, providence, ri 02907, usa"	NA	NA	NA	NA	41.7959685	-71.4122828	High	15.7534219
1714	2017-03-04	541776	19:53:00	Pedestrian	1	NA	FALSE	FALSE	1	847 BROAD ST	NA	3/4/17	"Two-Way , Not Divided"	Dry	Dark - Lighted	Clear	Not a Collision Between Two Motor Vehicles in Transport	"Yes, M/V and Driver Left Scene"	No Controls	1	1	Complains Of Pain	NA	41.80094	-71.41796	TRUE	TRUE	"847 Broad Street, Providence, RI, USA"	FALSE	-71.4182922	41.8007324	premise	rooftop	"847 broad st, providence, ri 02907, usa"	NA	NA	NA	NA	41.8007324	-71.4182922	High	35.97277917
1712	2017-03-09	543757	7:24:00	Pedestrian	1	NA	FALSE	FALSE	1	MEETING ST	HOPE ST	3/9/17	"Two-Way , Not Divided"	Dry	Daylight	Clear	Not a Collision Between Two Motor Vehicles in Transport	"Yes, M/V and Driver Left Scene"	Person	2	0	No Injury	NA	41.82936	-71.39816	FALSE	FALSE	"Meeting Street and Hope Street, Providence, RI, USA"	FALSE	-71.3981831	41.8294075	intersection	geometric_center	"hope st & meeting st, providence, ri 02906, usa"	NA	NA	NA	NA	41.8294075	-71.3981831	Med High	5.624139517
1713	2017-03-09	544271	19:45:00	Pedestrian	1	NA	FALSE	FALSE	1	HAWKINS ST	ADMIRAL ST	3/9/17	"Two-Way , Not Divided"	Dry	Dark - Lighted	Clear	Not a Collision Between Two Motor Vehicles in Transport	No	Stop Signs	2	1	Complains Of Pain	2	41.84594	-71.42837	FALSE	FALSE	"Hawkins Street and Admiral Street, Providence, RI, USA"	FALSE	-71.4283351	41.8459297	intersection	geometric_center	"admiral st & hawkins st, providence, ri 02908, usa"	NA	NA	NA	NA	41.8459297	-71.4283351	Med High	3.112986694
1711	2017-03-13	545647	14:56:00	Pedestrian	1	NA	FALSE	FALSE	1	BROAD ST	SUMTER ST	3/13/17	"Two-Way , Not Divided"	Dry	Daylight	Clear	Not a Collision Between Two Motor Vehicles in Transport	No	No Controls	2	1	Complains Of Pain	2	41.79775	-71.41413	FALSE	FALSE	"Broad Street and Sumter Street, Providence, RI, USA"	FALSE	-71.4175735	41.7967042	route	geometric_center	"sumter st, providence, ri 02907, usa"	"Broad Street & Sumter Street, Providence, RI, USA"	EjFCcm9hZCBTdHJlZXQgJiBTdW10ZXIgU3RyZWV0LCBQcm92aWRlbmNlLCBSSSwgVVNBImYiZAoUChIJgcInDolP5IkROAY9LY3iGUISFAoSCYHCJw6JT-SJETgGPS2N4hlCGhQKEgmD3n3VjE_kiREsosqTmEsIoxoUChIJGcGW_oVP5IkRgKEM4Er3cL4iCg171ekYFUgSb9U	41.7977723	-71.4141112	41.7977723	-71.4141112	Med	2.932000946
1710	2017-03-17	547416	20:33:00	Pedestrian	1	NA	FALSE	FALSE	1	Francis St	NA	3/17/17	"Two-Way , Not Divided"	Dry	Dark - Lighted	Clear	Not a Collision Between Two Motor Vehicles in Transport	"Yes, M/V and Driver Left Scene"	No Controls	2	1	Complains Of Pain	NA	41.8309	-71.41638	FALSE	TRUE	"Francis Street, Providence, RI, USA"	FALSE	-71.4233339	41.8348041	route	geometric_center	"francis smith way, providence, ri 02904, usa"	NA	NA	NA	NA	41.8348041	-71.4233339	Inaccurate	722.1876314
1708	2017-03-18	547480	1:06:00	Pedestrian	1	NA	FALSE	FALSE	1	ELMWOOD AVE	HEMPSTEAD ST	3/18/17	"Two-Way, Divided, Unprotected (painted>4feet) Medium"	Dry	Dark - Lighted	Clear	Angle (Front - to - Side) Opposite Direction	"Yes, M/V and Driver Left Scene"	No Controls	1	1	Complains Of Pain	NA	41.78987	-71.42175	FALSE	FALSE	"Elmwood Ave and Hempstead Street, Providence, RI, USA"	FALSE	-71.4215974	41.7897857	intersection	geometric_center	"hempstead st & elmwood ave, providence, ri 02907, usa"	NA	NA	NA	NA	41.7897857	-71.4215974	Med High	15.76334836
1709	2017-03-18	548223	20:20:00	Pedestrian	1	NA	FALSE	FALSE	1	Charles St.	Randall St.	3/19/17	One-Way Trafficway	Dry	Dark - Lighted	Clear	Not a Collision Between Two Motor Vehicles in Transport	"Yes, M/V and Driver Left Scene"	No Controls	1	1	Complains Of Pain	NA	41.83665	-71.41272	FALSE	FALSE	"Charles St. and Randall St., Providence, RI, USA"	FALSE	-71.4107138	41.837311	route	geometric_center	"randall st, providence, ri, usa"	"Charles St & Randall St, Providence, RI, USA"	EixDaGFybGVzIFN0ICYgUmFuZGFsbCBTdCwgUHJvdmlkZW5jZSwgUkksIFVTQSJmImQKFAoSCSuf-ykcReSJEQuABsXtdm3UEhQKEgkrn_spHEXkiRELgAbF7XZt1BoUChIJdQvObPFE5IkRy2TLLjVV_TIaFAoSCZeAIW8eReSJEQVHw17hokuqIgoNErHvGBXDX2_V	41.8361618	-71.4121277	41.8361618	-71.4121277	Med	73.25804279
1707	2017-03-22	549708	8:57:00	Pedestrian	1	NA	FALSE	FALSE	1	PLAIN ST	PUBLIC ST	3/22/17	"Two-Way , Not Divided"	Dry	Daylight	Clear	Not a Collision Between Two Motor Vehicles in Transport	"Yes, M/V and Driver Left Scene"	Stop Signs	3	1	Complains Of Pain	NA	41.80665	-71.40997	FALSE	FALSE	"Plain Street and Public Street, Providence, RI, USA"	FALSE	-71.40998	41.8066822	intersection	geometric_center	"public st & plain st, providence, ri 02905, usa"	NA	NA	NA	NA	41.8066822	-71.40998	Med High	3.679276541
1706	2017-03-23	550352	12:05:00	Pedestrian	1	NA	FALSE	FALSE	1	BROAD ST	HARVARD AVE	3/23/17	"Two-Way , Not Divided"	Dry	Daylight	Clear	Not a Collision Between Two Motor Vehicles in Transport	No	No Controls	3	1	Complains Of Pain	NA	41.80867	-71.4207	FALSE	FALSE	"Broad Street and Harvard Ave, Providence, RI, USA"	FALSE	-71.4195976	41.8086139	route	geometric_center	"harvard ave, providence, ri 02907, usa"	"Broad Street & Harvard Ave, Providence, RI, USA"	Ei9Ccm9hZCBTdHJlZXQgJiBIYXJ2YXJkIEF2ZSwgUHJvdmlkZW5jZSwgUkksIFVTQSJmImQKFAoSCX17gAZ7ReSJEfAd7KV6lYkhEhQKEgl9e4AGe0XkiRHwHeylepWJIRoUChIJg9591YxP5IkRLKLKk5hLCKMaFAoSCRc_ESF7ReSJEZYBayjYu4EeIgoNcHzrGBUWEm7V	41.8086	-71.4206698	41.8086	-71.4206698	Med	8.185363461
1705	2017-03-24	550717	13:35:00	Pedestrian	1	NA	FALSE	FALSE	1	FLOWER ST	WHELAN ST	3/24/17	"Two-Way , Not Divided"	Wet	Daylight	"Sleet, Hail (Freezing Rain or Drizzle)"	Not a Collision Between Two Motor Vehicles in Transport	No	No Controls	2	1	Complains Of Pain	NA	41.83921	-71.43712	FALSE	FALSE	"Flower Street and Whelan Street, Providence, RI, USA"	FALSE	-71.456749	41.8189349	intersection	geometric_center	"flower st & whelan rd, providence, ri 02909, usa"	NA	NA	NA	NA	41.8189349	-71.456749	Med High	2783.006314
1704	2017-03-26	551314	21:02:00	Pedestrian	1	NA	FALSE	FALSE	1	ADMIRAL ST	GRAPE ST	3/26/17	"Two-Way , Not Divided"	Wet	Dark - Lighted	Cloudy	Not a Collision Between Two Motor Vehicles in Transport	No	No Controls	3	1	Complains Of Pain	NA	41.84625	-71.43011	FALSE	FALSE	"Admiral Street and Grape Street, Providence, RI, USA"	FALSE	-71.4301684	41.8462823	intersection	geometric_center	"admiral st & grape st, providence, ri 02908, usa"	NA	NA	NA	NA	41.8462823	-71.4301684	Med High	6.031748423
1703	2017-03-30	552934	8:03:00	Bicycle	NA	1	FALSE	FALSE	1	ACADEMY AVE	WHITFORD AVE	3/30/17	"Two-Way , Not Divided"	Dry	Daylight	Clear	Not a Collision Between Two Motor Vehicles in Transport	No	Stop Signs	3	1	Complains Of Pain	NA	41.83897	-71.44487	FALSE	FALSE	"Academy Ave and Whitford Ave, Providence, RI, USA"	FALSE	-71.4448616	41.8389717	intersection	geometric_center	"whitford ave & academy ave, providence, ri 02908, usa"	NA	NA	NA	NA	41.8389717	-71.4448616	Med High	0.721904336
1701	2017-03-31	553543	15:10:00	Pedestrian	1	NA	FALSE	FALSE	1	PUBLIC ST	OCEAN ST	3/31/17	"Two-Way, Divided, Unprotected (painted>4feet) Medium"	Wet	Daylight	Rain	Not a Collision Between Two Motor Vehicles in Transport	No	No Controls	4	1	Complains Of Pain	NA	41.80623	-71.41188	FALSE	FALSE	"Public Street and Ocean Street, Providence, RI, USA"	FALSE	-71.4119347	41.806231	intersection	geometric_center	"public st & ocean st, providence, ri 02905, usa"	NA	NA	NA	NA	41.806231	-71.4119347	Med High	4.54025819
1702	2017-03-31	553643	22:34:00	Pedestrian	1	NA	FALSE	FALSE	1	Elmwood Ave	Princeton Ave	4/1/17	"Two-Way , Not Divided"	Wet	Dark - Lighted	Rain	Not a Collision Between Two Motor Vehicles in Transport	"Yes, M/V and Driver Left Scene"	Pavement Markings	1	1	Complains Of Pain	NA	41.80542	-71.42521	FALSE	FALSE	"Elmwood Ave and Princeton Ave, Providence, RI, USA"	FALSE	-71.4252446	41.8053667	intersection	geometric_center	"princeton ave & elmwood ave, providence, ri 02907, usa"	NA	NA	NA	NA	41.8053667	-71.4252446	Med High	6.59146862
1699	2017-04-01	553984	12:25:00	Pedestrian	1	NA	FALSE	FALSE	1	CHALKSTONE AVE	ACADEMY AVE	4/1/17	"Two-Way, Divided, Unprotected (painted>4feet) Medium"	Wet	Daylight	"Sleet, Hail (Freezing Rain or Drizzle)"	Not a Collision Between Two Motor Vehicles in Transport	"Yes, M/V and Driver Left Scene"	Traffic Control Signal	4	1	Complains Of Pain	2	41.83245	-71.44453	FALSE	FALSE	"Chalkstone Ave and Academy Ave, Providence, RI, USA"	FALSE	-71.4445249	41.8324538	intersection	geometric_center	"academy ave & chalkstone ave, providence, ri 02908, usa"	NA	NA	NA	NA	41.8324538	-71.4445249	Med High	0.598232359
1700	2017-04-01	554144	20:55:00	Pedestrian	1	NA	FALSE	FALSE	1	MEMORIAL BLVD	EXCHANGE ST	4/1/17	"Two-Way , Not Divided"	Dry	Dark - Lighted	Cloudy	Not a Collision Between Two Motor Vehicles in Transport	No	Traffic Control Signal	4	1	Incapacitating	NA	41.8268	-71.41207	FALSE	FALSE	"Memorial Blvd and Exchange Street, Providence, RI, USA"	FALSE	-71.4121426	41.8269244	intersection	geometric_center	"memorial blvd & exchange st, providence, ri 02903, usa"	NA	NA	NA	NA	41.8269244	-71.4121426	Med High	15.10095039
1697	2017-04-03	554764	15:54:00	Pedestrian	2	NA	FALSE	FALSE	1	BRIDGHAM ST	ELMWOOD AVE	4/3/17	"Two-Way , Not Divided"	Dry	Daylight	Clear	Not a Collision Between Two Motor Vehicles in Transport	"Yes, M/V and Driver Left Scene"	Traffic Control Signal	2	2	Complains Of Pain	NA	41.81277	-71.42218	FALSE	FALSE	"Bridgham Street and Elmwood Ave, Providence, RI, USA"	FALSE	-71.4221436	41.8127945	intersection	geometric_center	"bridgham st & elmwood ave, providence, ri 02907, usa"	NA	NA	NA	NA	41.8127945	-71.4221436	Med High	4.069305546
1698	2017-04-03	554767	16:11:00	Pedestrian	1	NA	FALSE	FALSE	1	PRAIRIE AVE	POTTERS AVE	4/3/17	"Two-Way , Not Divided"	Dry	Daylight	Clear	Not a Collision Between Two Motor Vehicles in Transport	No	No Controls	3	1	Complains Of Pain	NA	41.80375	-71.41406	FALSE	FALSE	"Prairie Ave and Potters Ave, Providence, RI, USA"	FALSE	-71.4141974	41.804104	intersection	geometric_center	"potters ave & prairie ave, providence, ri 02905, usa"	NA	NA	NA	NA	41.804104	-71.4141974	Med High	41.02335322
1696	2017-04-07	556651	20:09:00	Pedestrian	1	NA	FALSE	FALSE	1	100 LAURA ST	HAMILTON ST	4/7/17	"Two-Way , Not Divided"	Dry	Dark - Lighted	Clear	Not a Collision Between Two Motor Vehicles in Transport	No	No Controls	2	1	Complains Of Pain	NA	41.80116	-71.42243	TRUE	FALSE	"100 Laura Street, Providence, RI, USA"	FALSE	-71.4225526	41.8009685	street_address	rooftop	"100 laura st, providence, ri 02907, usa"	NA	NA	NA	NA	41.8009685	-71.4225526	High	23.62101071
1694	2017-04-08	556707	2:09:00	Pedestrian	1	NA	FALSE	FALSE	1	CRANSTON ST	PARADE ST	4/8/17	"Two-Way , Not Divided"	Dry	Dark - Lighted	Clear	Not a Collision Between Two Motor Vehicles in Transport	"Yes, M/V and Driver Left Scene"	Unknown	1	1	Complains Of Pain	NA	41.8118	-71.43114	FALSE	FALSE	"Cranston Street and Parade Street, Providence, RI, USA"	FALSE	-71.4310747	41.8118451	intersection	geometric_center	"cranston st & parade st, providence, ri 02907, usa"	NA	NA	NA	NA	41.8118451	-71.4310747	Med High	7.386480125
1695	2017-04-08	556790	17:50:00	Pedestrian	1	NA	FALSE	FALSE	1	SABIN ST	W EXCHANGE ST	4/8/17	One-Way Trafficway	Dry	Daylight	Clear	Not a Collision Between Two Motor Vehicles in Transport	No	No Controls	3	1	Complains Of Pain	3	41.82462	-71.41556	FALSE	FALSE	"Sabin Street and W Exchange Street, Providence, RI, USA"	FALSE	-71.4152876	41.8248645	intersection	geometric_center	"sabin st & w exchange st, providence, ri 02903, usa"	NA	NA	NA	NA	41.8248645	-71.4152876	Med High	35.37523957