row_number	crash_date	crash_report_id	crash_time	collision_type	count_pedestrian	count_bicycle	scooter	wheel_chair	number_of_vehicles	street_or_highway	nearest_intersection	report_date	type_of_roadway	road_surface_condition	light_condition	weather_condition	manner_of_impact	hit_and_run	traffic_control	person_count	injury_count	most_serious_injury	number_of_lanes	lat_raw	lon_raw	has_st_number	is_intersection_null	address_sent_to_geocoder	is_address_blank	lon_api_first_try	lat_api_first_try	type	loctype	address_returned_by_geocoder	address_returned_by_autocomplete	place_ids_autocompleted	lat_api_second_try	lon_api_second_try	lat_api_best	lon_api_best	api_coord_conf	distance_btwn_coords_meters
1693	2017-04-09	557105	15:23:00	Bicycle	NA	1	FALSE	FALSE	1	BATTEY ST	WASHINGTON ST	4/9/17	"Two-Way , Not Divided"	Dry	Daylight	Clear	Not a Collision Between Two Motor Vehicles in Transport	No	Stop Signs	3	1	Complains Of Pain	NA	41.81794	-71.42472	FALSE	FALSE	"Battey Street and Washington Street, Providence, RI, USA"	FALSE	-71.4247217	41.8179448	intersection	geometric_center	"battey st & washington st, providence, ri 02903, usa"	NA	NA	NA	NA	41.8179448	-71.4247217	Med High	0.552633424
1692	2017-04-11	557829	14:31:00	Pedestrian	1	NA	FALSE	FALSE	1	Pitman St	E GEORGE ST	4/11/17	One-Way Trafficway	Dry	Daylight	Clear	Not a Collision Between Two Motor Vehicles in Transport	No	No Controls	5	1	Complains Of Pain	NA	41.8268	-71.38731	FALSE	FALSE	"Pitman Street and E George Street, Providence, RI, USA"	FALSE	-71.3916012	41.8257612	route	geometric_center	"e george st, providence, ri 02906, usa"	NA	NA	NA	NA	41.8257612	-71.3916012	Med	374.2757062
1689	2017-04-12	558143	11:17:00	Pedestrian	1	NA	FALSE	FALSE	1	THOMAS ST	ANGELL ST	4/12/17	One-Way Trafficway	Dry	Daylight	Clear	Not a Collision Between Two Motor Vehicles in Transport	No	Traffic Control Signal	2	1	Complains Of Pain	NA	41.82751	-71.40765	FALSE	FALSE	"Thomas Street and Angell Street, Providence, RI, USA"	FALSE	-71.393109	41.8291785	route	geometric_center	"angell st, providence, ri, usa"	"Thomas Street & Angell Street, Providence, RI, USA"	EjJUaG9tYXMgU3RyZWV0ICYgQW5nZWxsIFN0cmVldCwgUHJvdmlkZW5jZSwgUkksIFVTQSJmImQKFAoSCQv4fpQXReSJEVIbwf-WRvtqEhQKEgkL-H6UF0XkiRFSG8H_lkb7ahoUChIJC_h-lBdF5IkRWqPjIvgbnyoaFAoSCSmyDGEvReSJEahqkC3Cw04kIgoNbF_uGBVbDnDV	41.827518	-71.4076581	41.827518	-71.4076581	Med	1.115588078
1690	2017-04-12	558315	14:58:00	Pedestrian	1	NA	FALSE	FALSE	1	FELIX ST	CHALKSTONE AVE	4/12/17	"Two-Way , Not Divided"	Dry	Daylight	Clear	Not a Collision Between Two Motor Vehicles in Transport	No	Stop Signs	3	1	Complains Of Pain	NA	41.83457	-71.42839	FALSE	FALSE	"Felix Street and Chalkstone Ave, Providence, RI, USA"	FALSE	-71.4283949	41.8345788	intersection	geometric_center	"felix st & chalkstone ave, providence, ri 02908, usa"	NA	NA	NA	NA	41.8345788	-71.4283949	Med High	1.06057033
1691	2017-04-12	558422	20:30:00	Pedestrian	1	NA	FALSE	FALSE	1	ELMWOOD AVE	PARKIS AVE	4/12/17	"Two-Way , Not Divided"	Dry	Dark - Lighted	Clear	Other	"Yes, M/V and Driver Left Scene"	Unknown	2	1	Complains Of Pain	4	41.80913	-71.42451	FALSE	FALSE	"Elmwood Ave and Parkis Ave, Providence, RI, USA"	FALSE	-71.4245337	41.809159	intersection	geometric_center	"elmwood ave & parkis ave, providence, ri 02907, usa"	NA	NA	NA	NA	41.809159	-71.4245337	Med High	3.780048991
1688	2017-04-14	558762	0:09:00	Pedestrian	1	NA	FALSE	FALSE	1	MEMORIAL BLVD	WASHINGTON ST	4/14/17	"Two-Way, Divided, Positive Median Barrier"	Dry	Dark - Lighted	Clear	Other	No	Traffic Control Signal	2	1	Non-Incapacitating	4	41.8263	-71.41009	FALSE	FALSE	"Memorial Blvd and Washington Street, Providence, RI, USA"	FALSE	-71.4101626	41.8263513	intersection	geometric_center	"memorial blvd & washington st, providence, ri 02903, usa"	NA	NA	NA	NA	41.8263513	-71.4101626	Med High	8.29940835
1686	2017-04-15	559294	12:47:00	Pedestrian	1	NA	FALSE	FALSE	1	E GEORGE ST	IVES ST	4/15/17	"Two-Way , Not Divided"	Dry	Daylight	Clear	Other	No	Stop Signs	3	1	Complains Of Pain	NA	41.82567	-71.39262	FALSE	FALSE	"E George Street and Ives Street, Providence, RI, USA"	FALSE	-71.3925936	41.8256756	intersection	geometric_center	"e george st & ives st, providence, ri 02906, usa"	NA	NA	NA	NA	41.8256756	-71.3925936	Med High	2.276951226
1687	2017-04-15	559491	15:15:00	Bicycle	NA	1	FALSE	FALSE	1	Valley St	BARSTOW ST	4/15/17	"Two-Way, Divided, Unprotected (painted>4feet) Medium"	Dry	Daylight	Clear	Not a Collision Between Two Motor Vehicles in Transport	No	No Controls	2	0	No Injury	NA	41.82406	-71.43959	FALSE	FALSE	"Valley Street and Barstow Street, Providence, RI, USA"	FALSE	-71.4395871	41.8241707	intersection	geometric_center	"valley st & barstow st, providence, ri 02909, usa"	NA	NA	NA	NA	41.8241707	-71.4395871	Med High	12.32541558
1684	2017-04-16	559728	12:55:00	Bicycle	NA	1	FALSE	FALSE	1	HILLCREST AVE	CHALKSTONE AVE	4/16/17	"Two-Way, Divided, Unprotected (painted>4feet) Medium"	Dry	Daylight	Clear	Not a Collision Between Two Motor Vehicles in Transport	No	Stop Signs	2	1	Complains Of Pain	NA	41.83289	-71.45858	FALSE	FALSE	"Hillcrest Ave and Chalkstone Ave, Providence, RI, USA"	FALSE	-71.4417437	41.8322912	route	geometric_center	"chalkstone ave, providence, ri, usa"	"Hillcrest Ave & Chalkstone Ave, Providence, RI, USA"	EjNIaWxsY3Jlc3QgQXZlICYgQ2hhbGtzdG9uZSBBdmUsIFByb3ZpZGVuY2UsIFJJLCBVU0EiZiJkChQKEgnxRDm6xkXkiREKcecd0oK0zxIUChIJ8UQ5usZF5IkRCnHnHdKCtM8aFAoSCd1I737nReSJEbpcDJdneh_IGhQKEgl3MzGbr0XkiREUzkiEAbjOqyIKDXkx7xgVdElo1Q	41.8328953	-71.458574	41.8328953	-71.458574	Med	0.771853589
1685	2017-04-16	559787	17:07:00	Bicycle	NA	1	FALSE	FALSE	1	EARLY ST	BROAD ST	4/16/17	"Two-Way , Not Divided"	Dry	Daylight	Clear	Not a Collision Between Two Motor Vehicles in Transport	"Yes, M/V and Driver Left Scene"	No Controls	1	1	Complains Of Pain	NA	41.79547	-71.41127	FALSE	FALSE	"Early Street and Broad Street, Providence, RI, USA"	FALSE	-71.4112862	41.7954915	intersection	geometric_center	"early st & broad st, providence, ri 02905, usa"	NA	NA	NA	NA	41.7954915	-71.4112862	Med High	2.745142985
1683	2017-04-17	560145	18:47:00	Pedestrian	1	NA	TRUE	FALSE	1	Branch Avenue	RT 146 South Exit Ramp	4/17/17	"Two-Way, Divided, Unprotected (painted>4feet) Medium"	Dry	Dusk	Clear	Not a Collision Between Two Motor Vehicles in Transport	No	Traffic Control Signal	3	0	No Injury	NA	41.85338	-71.42771	FALSE	FALSE	"Branch Avenue and Rt 146 South Exit Ramp, Providence, RI, USA"	FALSE	-71.4105378	41.8453481	street_address	range_interpolated	"146 branch ave, providence, ri 02904, usa"	NA	NA	NA	NA	41.8453481	-71.4105378	Med High	1681.390045
1682	2017-04-18	560537	19:57:00	Bicycle	NA	1	FALSE	FALSE	1	COLLEGE ST	COLLEGE ST	4/18/17	"Two-Way , Not Divided"	Dry	Dark - Lighted	Clear	Not a Collision Between Two Motor Vehicles in Transport	No	Traffic Control Signal	2	1	Complains Of Pain	NA	41.82564	-71.40785	FALSE	FALSE	"College Street and College Street, Providence, RI, USA"	FALSE	-71.4066485	41.8260241	route	geometric_center	"college st, providence, ri 02903, usa"	NA	NA	NA	NA	41.8260241	-71.4066485	Med	108.4520108
1681	2017-04-19	560650	14:13:00	Pedestrian	1	NA	FALSE	FALSE	1	PENNSYLVANIA AVE	PRAIRIE AVE	4/19/17	"Two-Way , Not Divided"	Dry	Daylight	Clear	Not a Collision Between Two Motor Vehicles in Transport	"Yes, M/V and Driver Left Scene"	Stop Signs	2	1	Non-Incapacitating	NA	41.79785	-71.41152	FALSE	FALSE	"Pennsylvania Ave and Prairie Ave, Providence, RI, USA"	FALSE	-71.41427	41.8042755	route	geometric_center	"prairie ave, providence, ri, usa"	"Pennsylvania Ave & Prairie Ave, Providence, RI, USA"	EjNQZW5uc3lsdmFuaWEgQXZlICYgUHJhaXJpZSBBdmUsIFByb3ZpZGVuY2UsIFJJLCBVU0EiZiJkChQKEgnfA9vSi0_kiRHBHGTLcxHawRIUChIJ3wPb0otP5IkRwRxky3MR2sEaFAoSCUuoqHuJT-SJEQDIPL1jp1qKGhQKEglPad_uY0XkiREcSUTGtdsaNCIKDfjY6RgVB3dv1Q	41.7978616	-71.4115321	41.7978616	-71.4115321	Med	1.635792582
1680	2017-04-23	561942	13:01:00	Pedestrian	1	NA	FALSE	FALSE	1	SMITH ST	HUXLEY AVE	4/23/17	"Two-Way , Not Divided"	Dry	Daylight	Clear	Not a Collision Between Two Motor Vehicles in Transport	No	No Controls	3	1	Complains Of Pain	NA	41.83783	-71.43405	FALSE	FALSE	"Smith Street and Huxley Ave, Providence, RI, USA"	FALSE	-71.434502	41.838032	intersection	geometric_center	"huxley ave & smith st, providence, ri 02908, usa"	NA	NA	NA	NA	41.838032	-71.434502	Med High	43.71446439
1679	2017-04-25	563003	18:35:00	Pedestrian	1	NA	FALSE	FALSE	1	ACADEMY AVE	CHALKSTONE AVE	4/25/17	"Two-Way , Not Divided"	Wet	Daylight	Rain	Not a Collision Between Two Motor Vehicles in Transport	No	Traffic Control Signal	3	1	Complains Of Pain	NA	41.83243	-71.44453	FALSE	FALSE	"Academy Ave and Chalkstone Ave, Providence, RI, USA"	FALSE	-71.4445249	41.8324538	intersection	geometric_center	"academy ave & chalkstone ave, providence, ri 02908, usa"	NA	NA	NA	NA	41.8324538	-71.4445249	Med High	2.68296143
1677	2017-04-28	563569	0:51:00	Pedestrian	1	NA	FALSE	FALSE	1	STONELAW AVE	SHARON ST	4/28/17	"Two-Way , Not Divided"	Dry	Dark - Lighted	Cloudy	Other	No	No Controls	3	0	No Injury	2	41.84682	-71.44274	FALSE	FALSE	"Stonelaw Ave and Sharon Street, Providence, RI, USA"	FALSE	-71.4429111	41.8468367	intersection	geometric_center	"stonelaw ave & sharon st, providence, ri 02908, usa"	NA	NA	NA	NA	41.8468367	-71.4429111	Med High	14.30979613
1678	2017-04-28	563645	14:40:00	Pedestrian	1	NA	TRUE	FALSE	1	MANTON AVE	FRUIT HILL AVE	4/28/17	"Two-Way , Not Divided"	Dry	Daylight	Clear	Not a Collision Between Two Motor Vehicles in Transport	No	Traffic Control Signal	3	0	No Injury	NA	41.83388	-71.46783	FALSE	FALSE	"Manton Ave and Fruit Hill Ave, Providence, RI, USA"	FALSE	-71.4677998	41.8339162	intersection	geometric_center	"manton ave & fruit hill ave, providence, ri 02909, usa"	NA	NA	NA	NA	41.8339162	-71.4677998	Med High	4.744817232
1676	2017-04-29	564089	16:22:00	Pedestrian	1	NA	FALSE	FALSE	1	895 ELMWOOD AVENUE	NA	4/29/17	"Two-Way , Not Divided"	Dry	Daylight	Clear	Not a Collision Between Two Motor Vehicles in Transport	No	No Controls	4	1	Non-Incapacitating	NA	41.7882	-71.42084	TRUE	TRUE	"895 Elmwood Avenue, Providence, RI, USA"	FALSE	-71.4211699	41.7879895	premise	rooftop	"895 elmwood ave, providence, ri 02907, usa"	NA	NA	NA	NA	41.7879895	-71.4211699	High	36.03993798
1675	2017-04-30	564319	11:53:00	Pedestrian	1	NA	FALSE	FALSE	1	CRANSTON ST	HARRISON ST	4/30/17	"Two-Way , Not Divided"	Dry	Daylight	Clear	Not a Collision Between Two Motor Vehicles in Transport	No	Stop Signs	3	1	Complains Of Pain	NA	41.81305	-71.42872	FALSE	FALSE	"Cranston Street and Harrison Street, Providence, RI, USA"	FALSE	-71.4286583	41.8130997	intersection	geometric_center	"cranston st & harrison st, providence, ri 02907, usa"	NA	NA	NA	NA	41.8130997	-71.4286583	Med High	7.537609218
1674	2017-05-01	564705	12:07:00	Bicycle	NA	1	FALSE	FALSE	1	GROVE ST	VINTON ST	5/1/17	One-Way Trafficway	Dry	Daylight	Clear	Not a Collision Between Two Motor Vehicles in Transport	"Yes, M/V and Driver Left Scene"	No Controls	3	1	Complains Of Pain	NA	41.82075	-71.42856	FALSE	FALSE	"Grove Street and Vinton Street, Providence, RI, USA"	FALSE	-71.4285663	41.8207514	intersection	geometric_center	"vinton st & grove st, providence, ri 02909, usa"	NA	NA	NA	NA	41.8207514	-71.4285663	Med High	0.545383891
1673	2017-05-02	565279	16:42:00	Bicycle	NA	1	FALSE	FALSE	1	MANTON AVE	Unit St	5/2/17	"Two-Way, Divided, Unprotected (painted>4feet) Medium"	Dry	Daylight	Clear	Angle (Front - to - Side) Right Angle (Includes Broadside)	No	No Controls	2	1	Complains Of Pain	NA	41.82538	-71.45468	FALSE	FALSE	"Manton Ave and Unit Street, Providence, RI, USA"	FALSE	-71.4546644	41.8253651	intersection	geometric_center	"unit st & manton ave, providence, ri 02909, usa"	NA	NA	NA	NA	41.8253651	-71.4546644	Med High	2.10375118
1672	2017-05-04	566153	17:37:00	Pedestrian	1	NA	FALSE	FALSE	1	MANTON AVE	PALFREY PL	5/4/17	"Two-Way , Not Divided"	Dry	Daylight	Clear	Other	"Yes, M/V and Driver Left Scene"	Traffic Control Signal	2	1	Complains Of Pain	NA	41.83389	-71.4677	FALSE	FALSE	"Manton Ave and Palfrey Pl, Providence, RI, USA"	FALSE	-71.4678819	41.8338956	intersection	geometric_center	"palfrey pl & manton ave, providence, ri 02909, usa"	NA	NA	NA	NA	41.8338956	-71.4678819	Med High	15.100042
1670	2017-05-05	566337	0:08:00	Bicycle	NA	1	FALSE	FALSE	1	CRANSTON ST	POTTERS AVE	5/5/17	"Two-Way, Divided, Unprotected (painted>4feet) Medium"	Dry	Dark - Lighted	Clear	Not a Collision Between Two Motor Vehicles in Transport	No	No Controls	3	1	Non-Incapacitating	NA	41.80505	-71.43778	FALSE	FALSE	"Cranston Street and Potters Ave, Providence, RI, USA"	FALSE	-71.4377905	41.8050672	intersection	geometric_center	"potters ave & cranston st, providence, ri 02909, usa"	NA	NA	NA	NA	41.8050672	-71.4377905	Med High	2.103614556
1671	2017-05-05	566566	14:59:00	Pedestrian	1	NA	FALSE	FALSE	1	DOUGLAS AVE	EATON ST	5/5/17	"Two-Way , Not Divided"	Wet	Daylight	Rain	Not a Collision Between Two Motor Vehicles in Transport	"Yes, M/V and Driver Left Scene"	No Controls	1	1	Complains Of Pain	NA	41.84099	-71.4273	FALSE	FALSE	"Douglas Ave and Eaton Street, Providence, RI, USA"	FALSE	-71.4273088	41.8410051	intersection	geometric_center	"eaton st & douglas ave, providence, ri 02908, usa"	NA	NA	NA	NA	41.8410051	-71.4273088	Med High	1.83251969
1668	2017-05-07	567253	18:42:00	Pedestrian	1	NA	FALSE	FALSE	1	15 CLEMATIS ST	CHALKSTONE AVE	5/7/17	"Two-Way , Not Divided"	Dry	Daylight	Clear	Not a Collision Between Two Motor Vehicles in Transport	No	No Controls	3	1	Complains Of Pain	NA	41.83303	-71.4459	TRUE	FALSE	"15 Clematis Street, Providence, RI, USA"	FALSE	-71.4457351	41.8331102	premise	rooftop	"15 clematis st, providence, ri 02908, usa"	NA	NA	NA	NA	41.8331102	-71.4457351	High	16.33325881
1669	2017-05-07	567341	0:01:00	Bicycle	NA	1	FALSE	FALSE	1	BROADWAY	COURTLAND ST	5/7/17	"Two-Way , Not Divided"	Wet	Dark - Lighted	Cloudy	Other	"Yes, M/V and Driver Left Scene"	No Controls	2	1	Complains Of Pain	2	41.81936	-71.43122	FALSE	FALSE	"Broadway and Courtland Street, Providence, RI, USA"	FALSE	-71.4312276	41.8193752	route	geometric_center	"courtland st, providence, ri 02909, usa"	"Broadway & Courtland Street, Providence, RI, USA"	EjBCcm9hZHdheSAmIENvdXJ0bGFuZCBTdHJlZXQsIFByb3ZpZGVuY2UsIFJJLCBVU0EiZiJkChQKEgkfTP4-nkXkiRHaRpD1HdCAZxIUChIJH0z-Pp5F5IkR2kaQ9R3QgGcaFAoSCaW15YZ1ReSJERrCM7HXpG-zGhQKEgmBJD9HnkXkiREEPU6rEi8kayIKDVgh7RgVrHVs1Q	41.8193752	-71.4312276	41.8193752	-71.4312276	Med	1.805709954
1665	2017-05-10	567889	8:59:00	Pedestrian	1	NA	FALSE	FALSE	1	PUBLIC ST	PRAIRIE AVE	5/10/17	"Two-Way, Divided, Unprotected (painted>4feet) Medium"	Dry	Daylight	Clear	Not a Collision Between Two Motor Vehicles in Transport	"Yes, M/V and Driver Left Scene"	Traffic Control Signal	5	1	Incapacitating	NA	41.80556	-71.41481	FALSE	FALSE	"Public Street and Prairie Ave, Providence, RI, USA"	FALSE	-71.414812	41.8055601	intersection	geometric_center	"public st & prairie ave, providence, ri 02907, usa"	NA	NA	NA	NA	41.8055601	-71.414812	Med High	0.166330547
1666	2017-05-10	567996	14:16:00	Pedestrian	1	NA	FALSE	FALSE	1	DEAN ST	W FOUNTAIN ST	5/10/17	"Two-Way , Not Divided"	Dry	Daylight	Cloudy	Not a Collision Between Two Motor Vehicles in Transport	No	Pavement Markings	2	1	Complains Of Pain	NA	41.81955	-71.42104	FALSE	FALSE	"Dean Street and W Fountain Street, Providence, RI, USA"	FALSE	-71.4237818	41.8186738	route	geometric_center	"w fountain st, providence, ri 02903, usa"	"Dean Street & West Fountain Street, Providence, RI, USA"	EjdEZWFuIFN0cmVldCAmIFdlc3QgRm91bnRhaW4gU3RyZWV0LCBQcm92aWRlbmNlLCBSSSwgVVNBImYiZAoUChIJpfXr4nJF5IkRDSAALlSdC2oSFAoSCaX16-JyReSJEQ0gAC5UnQtqGhQKEglbBmx-DEXkiRHItJ_foOdA5BoUChIJU_0fgXNF5IkRIZ432AOnResiCg0kIu0YFVIIbtU	41.8193956	-71.4209198	41.8193956	-71.4209198	Med	19.87099803
1667	2017-05-10	568407	23:06:00	Pedestrian	1	NA	FALSE	FALSE	1	VALLEY ST	DEAN ST	5/11/17	"Two-Way, Divided, Unprotected (painted>4feet) Medium"	Dry	Dark - Lighted	Clear	Not a Collision Between Two Motor Vehicles in Transport	No	Traffic Control Signal	2	1	Non-Incapacitating	NA	41.83149	-71.42836	FALSE	FALSE	"Valley Street and Dean Street, Providence, RI, USA"	FALSE	-71.4242155	41.8234078	route	geometric_center	"dean st, providence, ri, usa"	NA	NA	NA	NA	41.8234078	-71.4242155	Med	963.1520535
1664	2017-05-12	569842	21:27:00	Pedestrian	1	NA	FALSE	FALSE	1	375 Plainfield St	NA	5/12/17	"Two-Way , Not Divided"	Dry	Dark - Lighted	Clear	Not a Collision Between Two Motor Vehicles in Transport	No	No Controls	2	1	Complains Of Pain	NA	41.81377	-71.44875	TRUE	TRUE	"375 Plainfield Street, Providence, RI, USA"	FALSE	-71.4505596	41.813786	street_address	rooftop	"375 plainfield st, providence, ri 02909, usa"	NA	NA	NA	NA	41.813786	-71.4505596	High	150.1497535
1663	2017-05-13	570185	13:06:00	Bicycle	NA	1	FALSE	FALSE	1	cranston st	wendell st	5/16/17	"Two-Way , Not Divided"	Dry	Daylight	Cloudy	Not a Collision Between Two Motor Vehicles in Transport	No	No Controls	2	0	No Injury	NA	41.80938	-71.42439	FALSE	FALSE	"Cranston Street and Wendell Street, Providence, RI, USA"	FALSE	-71.4315335	41.8115212	intersection	geometric_center	"cranston st & wendell st, providence, ri 02909, usa"	NA	NA	NA	NA	41.8115212	-71.4315335	Med High	638.8457768
1661	2017-05-15	569919	10:59:00	Pedestrian	1	NA	FALSE	FALSE	1	635 ELMWOOD AVE	NA	5/15/17	"Two-Way, Divided, Positive Median Barrier"	Wet	Daylight	Rain	Not a Collision Between Two Motor Vehicles in Transport	No	No Controls	4	1	Complains Of Pain	4	41.79479	-71.4245	TRUE	TRUE	"635 Elmwood Ave, Providence, RI, USA"	FALSE	-71.4250531	41.7947298	premise	rooftop	"635 elmwood ave, providence, ri 02907, usa"	NA	NA	NA	NA	41.7947298	-71.4250531	High	46.38990722
1662	2017-05-15	569971	15:30:00	Bicycle	NA	1	FALSE	FALSE	1	GALLUP ST	GORDON AVE	5/15/17	"Two-Way , Not Divided"	Dry	Daylight	Cloudy	Not a Collision Between Two Motor Vehicles in Transport	No	Stop Signs	3	1	Complains Of Pain	NA	41.79971	-71.41403	FALSE	FALSE	"Gallup Street and Gordon Ave, Providence, RI, USA"	FALSE	-71.4140427	41.7997126	intersection	geometric_center	"gordon ave & gallup st, providence, ri 02907, usa"	NA	NA	NA	NA	41.7997126	-71.4140427	Med High	1.092946642
1659	2017-05-16	570432	14:23:00	Pedestrian	1	NA	FALSE	FALSE	1	DUTTON ST	ATWELLS AVE	5/16/17	"Two-Way , Not Divided"	Dry	Daylight	Clear	Not a Collision Between Two Motor Vehicles in Transport	"Yes, M/V and Driver Left Scene"	No Controls	1	1	Complains Of Pain	NA	41.82558	-71.45317	FALSE	FALSE	"Dutton Street and Atwells Ave, Providence, RI, USA"	FALSE	-71.4530228	41.82529	intersection	geometric_center	"atwells ave & dutton st, providence, ri 02909, usa"	NA	NA	NA	NA	41.82529	-71.4530228	Med High	34.51478828
1660	2017-05-16	570503	17:47:00	Pedestrian	1	NA	FALSE	FALSE	1	BROAD ST	CLAVERICK ST	5/16/17	"Two-Way , Not Divided"	Dry	Daylight	Clear	Not a Collision Between Two Motor Vehicles in Transport	No	Traffic Control Signal	7	1	Complains Of Pain	NA	41.81938	-71.41493	FALSE	FALSE	"Broad Street and Claverick Street, Providence, RI, USA"	FALSE	-71.413061	41.8182487	route	geometric_center	"claverick st, providence, ri 02903, usa"	"Broad Street & Claverick Street, Providence, RI, USA"	EjRCcm9hZCBTdHJlZXQgJiBDbGF2ZXJpY2sgU3RyZWV0LCBQcm92aWRlbmNlLCBSSSwgVVNBImYiZAoUChIJN-H52GxF5IkR-aG6rjTYAMMSFAoSCTfh-dhsReSJEfmhuq402ADDGhQKEgmD3n3VjE_kiREsosqTmEsIoxoUChIJCd0jlGxF5IkRCow_XvXZa3YiCg2rIO0YFTrwbtU	41.8193579	-71.414983	41.8193579	-71.414983	Med	5.038390016
1656	2017-05-18	570932	7:57:00	Pedestrian	1	NA	FALSE	FALSE	1	ATWELLS AVE	VALLEY ST	5/18/17	"Two-Way, Divided, Unprotected (painted>4feet) Medium"	Dry	Daylight	Clear	Not a Collision Between Two Motor Vehicles in Transport	No	Traffic Control Signal	2	0	No Injury	NA	41.82456	-71.43948	FALSE	FALSE	"Atwells Ave and Valley Street, Providence, RI, USA"	FALSE	-71.4394736	41.8245768	intersection	geometric_center	"valley st & atwells ave, providence, ri 02908, usa"	NA	NA	NA	NA	41.8245768	-71.4394736	Med High	1.944064888
1657	2017-05-18	571007	13:00:00	Bicycle	NA	1	FALSE	FALSE	1	DOUGLAS AVE	LUBEC ST	5/18/17	"Two-Way, Divided, Unprotected (painted>4feet) Medium"	Dry	Daylight	Clear	Not a Collision Between Two Motor Vehicles in Transport	No	No Controls	2	1	Complains Of Pain	NA	41.84258	-71.44515	FALSE	FALSE	"Douglas Ave and Lubec Street, Providence, RI, USA"	FALSE	-71.4416833	41.8557294	intersection	geometric_center	"lubec st & douglas ave, providence, ri 02904, usa"	NA	NA	NA	NA	41.8557294	-71.4416833	Med High	1491.744706
1658	2017-05-18	571177	15:38:00	Pedestrian	1	NA	FALSE	FALSE	1	RICHMOND ST	POINT ST	5/18/17	"Two-Way , Not Divided"	Dry	Daylight	Clear	Not a Collision Between Two Motor Vehicles in Transport	No	Traffic Control Signal	3	1	Complains Of Pain	NA	41.81657	-71.40728	FALSE	FALSE	"Richmond Street and Point Street, Providence, RI, USA"	FALSE	-71.407245	41.8165589	intersection	geometric_center	"point st & richmond st, providence, ri 02903, usa"	NA	NA	NA	NA	41.8165589	-71.407245	Med High	3.15573138
1654	2017-05-19	571646	15:16:00	Bicycle	NA	1	FALSE	FALSE	1	WESTMINSTER ST	DEXTER ST	5/19/17	"Two-Way , Not Divided"	Dry	Daylight	Clear	Not a Collision Between Two Motor Vehicles in Transport	"Yes, M/V and Driver Left Scene"	Pavement Markings	1	0	No Injury	NA	41.81659	-71.43134	FALSE	FALSE	"Westminster Street and Dexter Street, Providence, RI, USA"	FALSE	-71.4313462	41.8166033	intersection	geometric_center	"dexter st & westminster st, providence, ri 02909, usa"	NA	NA	NA	NA	41.8166033	-71.4313462	Med High	1.567358535
1655	2017-05-19	572160	13:23:00	Bicycle	NA	NA	FALSE	FALSE	2	I 95 N	DOUGLAS AVE	5/19/17	"Two-Way , Not Divided"	Dry	Daylight	Clear	Angle (Front - to - Side) Same Direction	"Yes, M/V and Driver Left Scene"	No Controls	1	0	No Injury	NA	41.8347	-71.41607	FALSE	FALSE	"I 95 N and Douglas Ave, Providence, RI, USA"	FALSE	-71.4192655	41.8361835	street_address	range_interpolated	"95 douglas ave, providence, ri 02908, usa"	NA	NA	NA	NA	41.8361835	-71.4192655	Med High	312.274919
1653	2017-05-21	572355	3:47:00	Pedestrian	1	NA	FALSE	FALSE	1	BROAD ST	SOMERSET ST	5/21/17	"Two-Way , Not Divided"	Dry	Dark - Lighted	Clear	Other	"Yes, M/V and Driver Left Scene"	No Controls	3	1	Incapacitating	2	41.81373	-71.42156	FALSE	FALSE	"Broad Street and Somerset Street, Providence, RI, USA"	FALSE	-71.4189293	41.8120584	route	geometric_center	"somerset st, providence, ri, usa"	"Broad Street & Somerset Street, Providence, RI, USA"	EjNCcm9hZCBTdHJlZXQgJiBTb21lcnNldCBTdHJlZXQsIFByb3ZpZGVuY2UsIFJJLCBVU0EiZiJkChQKEgkL8cb6cEXkiRFbmigrIHJHkRIUChIJC_HG-nBF5IkRW5ooKyByR5EaFAoSCYPefdWMT-SJESyiypOYSwijGhQKEgnrwx8ZcEXkiRHDryh8sOglTSIKDT067BgVsO5t1Q	41.8134589	-71.421576	41.8134589	-71.421576	Med	30.20789661
1651	2017-05-22	573119	15:40:00	Pedestrian	1	NA	FALSE	FALSE	1	SMITH ST	CHALKSTONE AVE	5/22/17	"Two-Way , Not Divided"	Dry	Daylight	Rain	Not a Collision Between Two Motor Vehicles in Transport	No	No Controls	3	1	Complains Of Pain	NA	41.83521	-71.42565	FALSE	FALSE	"Smith Street and Chalkstone Ave, Providence, RI, USA"	FALSE	-71.4256425	41.8352214	intersection	geometric_center	"chalkstone ave & smith st, providence, ri 02908, usa"	NA	NA	NA	NA	41.8352214	-71.4256425	Med High	1.413300365
1652	2017-05-22	573133	15:03:00	Pedestrian	1	NA	FALSE	FALSE	1	UNION AVE	SORRENTO ST	5/22/17	"Two-Way, Divided, Unprotected (painted>4feet) Medium"	Wet	Daylight	Cloudy	Not a Collision Between Two Motor Vehicles in Transport	No	No Controls	2	1	Non-Incapacitating	NA	41.81003	-71.4355	FALSE	FALSE	"Union Ave and Sorrento Street, Providence, RI, USA"	FALSE	-71.4354899	41.8100607	intersection	geometric_center	"sorrento st & union ave, providence, ri 02909, usa"	NA	NA	NA	NA	41.8100607	-71.4354899	Med High	3.518757334