row_number	crash_date	crash_report_id	crash_time	collision_type	count_pedestrian	count_bicycle	scooter	wheel_chair	number_of_vehicles	street_or_highway	nearest_intersection	report_date	type_of_roadway	road_surface_condition	light_condition	weather_condition	manner_of_impact	hit_and_run	traffic_control	person_count	injury_count	most_serious_injury	number_of_lanes	lat_raw	lon_raw	has_st_number	is_intersection_null	address_sent_to_geocoder	is_address_blank	lon_api_first_try	lat_api_first_try	type	loctype	address_returned_by_geocoder	address_returned_by_autocomplete	place_ids_autocompleted	lat_api_second_try	lon_api_second_try	lat_api_best	lon_api_best	api_coord_conf	distance_btwn_coords_meters
1650	2017-05-25	574021	13:24:00	Pedestrian	1	NA	FALSE	FALSE	1	ATWELLS AVE	VALLEY ST	5/25/17	"Two-Way , Not Divided"	Wet	Daylight	Rain	Not a Collision Between Two Motor Vehicles in Transport	No	Traffic Control Signal	4	1	Complains Of Pain	2	41.82456	-71.43949	FALSE	FALSE	"Atwells Ave and Valley Street, Providence, RI, USA"	FALSE	-71.4394736	41.8245768	intersection	geometric_center	"valley st & atwells ave, providence, ri 02908, usa"	NA	NA	NA	NA	41.8245768	-71.4394736	Med High	2.312649295
1649	2017-05-29	575796	21:01:00	Pedestrian	1	NA	FALSE	FALSE	1	Huntington Ave	NA	5/30/17	One-Way Trafficway	Dry	Dark - Lighted	Clear	Not a Collision Between Two Motor Vehicles in Transport	No	No Controls	5	1	Complains Of Pain	NA	41.80394	-71.43901	FALSE	TRUE	"Huntington Ave, Providence, RI, USA"	FALSE	-71.4361117	41.8025522	route	geometric_center	"huntington ave, providence, ri, usa"	NA	NA	NA	NA	41.8025522	-71.4361117	Inaccurate	285.8498295
1648	2017-05-31	576369	12:47:00	Bicycle	NA	1	FALSE	FALSE	1	391 CHARLES ST	SILVER SPRING ST	5/31/17	"Two-Way , Not Divided"	Dry	Daylight	Clear	Other	No	No Controls	4	1	Complains Of Pain	NA	41.84455	-71.41863	TRUE	FALSE	"391 Charles Street, Providence, RI, USA"	FALSE	-71.418266	41.8447294	premise	rooftop	"391 charles st, providence, ri 02904, usa"	NA	NA	NA	NA	41.8447294	-71.418266	High	36.19413501
1647	2017-06-01	576803	21:40:00	Pedestrian	1	NA	FALSE	FALSE	1	PLAINFIELD ST	DUXBURY ST	6/1/17	"Two-Way , Not Divided"	Dry	Dark - Lighted	Clear	Other	No	No Controls	2	1	Complains Of Pain	NA	41.81215	-71.46159	FALSE	FALSE	"Plainfield Street and Duxbury Street, Providence, RI, USA"	FALSE	-71.461586	41.8121529	intersection	geometric_center	"duxbury st & plainfield st, providence, ri 02909, usa"	NA	NA	NA	NA	41.8121529	-71.461586	Med High	0.462992459
1645	2017-06-02	576913	16:45:00	Bicycle	NA	1	FALSE	FALSE	1	PUMGANSETT ST	ADMIRAL ST	6/2/17	"Two-Way , Not Divided"	Wet	Daylight	Cloudy	Not a Collision Between Two Motor Vehicles in Transport	No	Pavement Markings	3	1	Complains Of Pain	NA	41.84268	-71.422	FALSE	FALSE	"Pumgansett Street and Admiral Street, Providence, RI, USA"	FALSE	-71.421986	41.8426987	intersection	geometric_center	"admiral st & pumgansett st, providence, ri 02908, usa"	NA	NA	NA	NA	41.8426987	-71.421986	Med High	2.383560137
1646	2017-06-02	576980	20:08:00	Bicycle	NA	1	FALSE	FALSE	1	HAMLIN ST	ELMWOOD AVE	6/2/17	"Two-Way , Not Divided"	Dry	Daylight	Clear	Not a Collision Between Two Motor Vehicles in Transport	No	No Controls	2	0	No Injury	NA	41.7809	-71.42112	FALSE	FALSE	"Hamlin Street and Elmwood Ave, Providence, RI, USA"	FALSE	-71.4200348	41.7806968	intersection	geometric_center	"hamlin st & elmwood ave, providence, ri 02907, usa"	NA	NA	NA	NA	41.7806968	-71.4200348	Med High	92.87996625
1643	2017-06-05	577920	15:00:00	Pedestrian	1	NA	FALSE	FALSE	1	PUBLIC ST	HILTON ST	6/5/17	"Two-Way , Not Divided"	Dry	Daylight	Cloudy	Not a Collision Between Two Motor Vehicles in Transport	No	No Controls	2	1	Complains Of Pain	NA	41.80593	-71.41316	FALSE	FALSE	"Public Street and Hilton Street, Providence, RI, USA"	FALSE	-71.4131217	41.8059524	intersection	geometric_center	"public st & hilton st, providence, ri 02905, usa"	NA	NA	NA	NA	41.8059524	-71.4131217	Med High	4.039548226
1644	2017-06-05	577944	18:50:00	Bicycle	NA	1	FALSE	FALSE	1	4TH ST	SUMMIT AVE	6/5/17	"Two-Way , Not Divided"	Dry	Dark - Lighted	Clear	Other	"Yes, M/V and Driver Left Scene"	No Controls	2	0	No Injury	NA	41.85052	-71.39825	FALSE	FALSE	"4th Street and Summit Ave, Providence, RI, USA"	FALSE	-71.398247	41.850533	route	geometric_center	"summit ave, providence, ri 02906, usa"	"4th Street & Summit Ave, Providence, RI, USA"	Eiw0dGggU3RyZWV0ICYgU3VtbWl0IEF2ZSwgUHJvdmlkZW5jZSwgUkksIFVTQSJmImQKFAoSCYWlTyTEROSJEbAGfT0wMgxAEhQKEgmFpU8kxETkiRGwBn09MDIMQBoUChIJ7QsqzsVE5IkRdJ5UApq7RJ0aFAoSCWc0otTFROSJEcuWttDdYL4lIgoNcuLxGBX6fXHV	41.850533	-71.398247	41.850533	-71.398247	Med	1.468378444
1641	2017-06-07	578785	7:51:00	Pedestrian	1	NA	FALSE	FALSE	1	SMITH STREET	STATE ST / GASPEE ST	6/7/17	"Two-Way, Divided, Unprotected (painted>4feet) Medium"	Dry	Daylight	Clear	Not a Collision Between Two Motor Vehicles in Transport	No	Traffic Control Signal	3	1	Complains Of Pain	NA	41.83152	-71.41278	FALSE	FALSE	"Smith Street and State Street / Gaspee Street, Providence, RI, USA"	FALSE	-71.4128107	41.8315462	intersection	geometric_center	"state st & gaspee st, providence, ri 02908, usa"	NA	NA	NA	NA	41.8315462	-71.4128107	Med High	3.871772342
1642	2017-06-07	578795	7:54:00	Pedestrian	1	NA	FALSE	FALSE	1	US HWY 6 E	WESTMINSTER ST	6/7/17	One-Way Trafficway	Dry	Daylight	Cloudy	Head-On (Front - to - Front)	No	Traffic Control Signal	2	1	Complains Of Pain	2	41.81576	-71.43875	FALSE	FALSE	"Us Hwy 6 E and Westminster Street, Providence, RI, USA"	FALSE	-71.4089265	41.8252921	street_address	range_interpolated	"6 westminster st, providence, ri 02903, usa"	NA	NA	NA	NA	41.8252921	-71.4089265	Med High	2692.084978
1640	2017-06-09	579795	15:40:00	Bicycle	NA	1	FALSE	FALSE	1	POINT ST	PARSONAGE ST	6/9/17	"Two-Way , Not Divided"	Dry	Daylight	Cloudy	Not a Collision Between Two Motor Vehicles in Transport	No	No Controls	6	1	Complains Of Pain	NA	41.81596	-71.40876	FALSE	FALSE	"Point Street and Parsonage Street, Providence, RI, USA"	FALSE	-71.4087555	41.8159653	intersection	geometric_center	"point st & parsonage st, providence, ri 02903, usa"	NA	NA	NA	NA	41.8159653	-71.4087555	Med High	0.698196132
1639	2017-06-11	580350	3:36:00	Bicycle	NA	1	FALSE	FALSE	1	BROADWAY	EMPIRE ST	6/11/17	"Two-Way , Not Divided"	Dry	Dark - Unknown Lighting	Clear	Not a Collision Between Two Motor Vehicles in Transport	"Yes, M/V and Driver Left Scene"	No Controls	1	1	Complains Of Pain	2	41.82256	-71.41744	FALSE	FALSE	"Broadway and Empire Street, Providence, RI, USA"	FALSE	-71.4157797	41.821349	route	geometric_center	"empire st, providence, ri 02903, usa"	"Broadway & Empire Street, Providence, RI, USA"	Ei1Ccm9hZHdheSAmIEVtcGlyZSBTdHJlZXQsIFByb3ZpZGVuY2UsIFJJLCBVU0EiZiJkChQKEglNlP-DEkXkiRHtQ_ofNG0sSxIUChIJTZT_gxJF5IkR7UP6HzRtLEsaFAoSCaW15YZ1ReSJERrCM7HXpG-zGhQKEgnHPO_pEkXkiRGhxI4iuiomFSIKDV6l7RgVloNu1Q	41.822755	-71.4177642	41.822755	-71.4177642	Med	34.56188206
1638	2017-06-12	581408	23:13:00	Pedestrian	1	NA	FALSE	FALSE	1	WATERMAN ST	COOKE ST	6/13/17	One-Way Trafficway	Dry	Dark - Lighted	Clear	Other	No	No Controls	2	1	Non-Incapacitating	1	41.82762	-71.39502	FALSE	FALSE	"Waterman Street and Cooke Street, Providence, RI, USA"	FALSE	-71.3954406	41.8276173	intersection	geometric_center	"cooke st & waterman st, providence, ri 02906, usa"	NA	NA	NA	NA	41.8276173	-71.3954406	Med High	34.89016258
1637	2017-06-13	582052	19:59:00	Bicycle	NA	1	FALSE	FALSE	1	PEARL ST	PRAIRIE AVE	6/13/17	"Two-Way , Not Divided"	Dry	Daylight	Clear	Angle (Front - to - Side) Right Angle (Includes Broadside)	"Yes, M/V and Driver Left Scene"	Stop Signs	2	1	Incapacitating	2	41.81185	-71.41527	FALSE	FALSE	"Pearl Street and Prairie Ave, Providence, RI, USA"	FALSE	-71.41427	41.8042755	route	geometric_center	"prairie ave, providence, ri, usa"	"Pearl Street & Prairie Ave, Providence, RI, USA"	Ei9QZWFybCBTdHJlZXQgJiBQcmFpcmllIEF2ZSwgUHJvdmlkZW5jZSwgUkksIFVTQSJmImQKFAoSCaVnsqFvReSJEdeu3DOR6wWYEhQKEgmlZ7Khb0XkiRHXrtwzkesFmBoUChIJDZuFNG5F5IkRuqHtdeVKVQoaFAoSCU9p3-5jReSJERxJRMa12xo0IgoN2PvrGBVU5G7V	41.8118616	-71.4152876	41.8118616	-71.4152876	Med	1.949333049
1635	2017-06-15	582589	12:42:00	Pedestrian	1	NA	FALSE	FALSE	1	BUTLER DR	BLACKSTONE BLVD	6/15/17	"Two-Way , Not Divided"	Dry	Daylight	Clear	Not a Collision Between Two Motor Vehicles in Transport	No	Other	2	1	Complains Of Pain	NA	41.84622	-71.38698	FALSE	FALSE	"Butler Dr and Blackstone Blvd, Providence, RI, USA"	FALSE	-71.3870926	41.8450883	route	geometric_center	"blackstone blvd, providence, ri 02906, usa"	NA	NA	NA	NA	41.8450883	-71.3870926	Med	126.3258405
1636	2017-06-15	582950	17:51:00	Bicycle	NA	1	FALSE	FALSE	1	RIVER AVE	ADMIRAL ST	6/15/17	"Two-Way, Divided, Unprotected (painted>4feet) Medium"	Dry	Daylight	Clear	Not a Collision Between Two Motor Vehicles in Transport	No	Traffic Control Signal	2	1	Non-Incapacitating	NA	41.8492	-71.43894	FALSE	FALSE	"River Ave and Admiral Street, Providence, RI, USA"	FALSE	-71.4460552	41.853176	intersection	geometric_center	"admiral st & river ave, providence, ri 02904, usa"	NA	NA	NA	NA	41.853176	-71.4460552	Med High	737.5559085
1633	2017-06-17	583727	9:13:00	Pedestrian	1	NA	FALSE	FALSE	1	ATWELLS AVE	ACADEMY AVE	6/17/17	"Two-Way, Divided, Unprotected (painted>4feet) Medium"	Wet	Daylight	Cloudy	Not a Collision Between Two Motor Vehicles in Transport	No	Traffic Control Signal	3	1	Complains Of Pain	2	41.82478	-71.4434	FALSE	FALSE	"Atwells Ave and Academy Ave, Providence, RI, USA"	FALSE	-71.4435191	41.8247997	intersection	geometric_center	"atwells ave & academy ave, providence, ri 02909, usa"	NA	NA	NA	NA	41.8247997	-71.4435191	Med High	10.12026944
1634	2017-06-17	583797	18:15:00	Pedestrian	1	NA	FALSE	FALSE	1	ELMWOOD AVE	ELMWOOD AVE	6/17/17	"Two-Way , Not Divided"	Dry	Daylight	Cloudy	Not a Collision Between Two Motor Vehicles in Transport	No	No Controls	2	1	Incapacitating	NA	41.80965	-71.42421	FALSE	FALSE	"Elmwood Ave and Elmwood Ave, Providence, RI, USA"	FALSE	-71.4229658	41.7920613	route	geometric_center	"elmwood ave, providence, ri, usa"	NA	NA	NA	NA	41.7920613	-71.4229658	Med	1960.685585
1632	2017-06-18	584586	18:56:00	Pedestrian	1	NA	FALSE	FALSE	1	MERCY ST	POCASSET AVE	6/18/17	"Two-Way , Not Divided"	Dry	Daylight	Clear	"Sidwswipe, Opposite Direction"	No	No Controls	2	1	Non-Incapacitating	NA	41.80898	-71.4563	FALSE	FALSE	"Mercy Street and Pocasset Ave, Providence, RI, USA"	FALSE	-71.4543806	41.8103315	route	geometric_center	"pocasset ave, providence, ri 02909, usa"	"Mercy Street & Pocasset Ave, Providence, RI, USA"	EjBNZXJjeSBTdHJlZXQgJiBQb2Nhc3NldCBBdmUsIFByb3ZpZGVuY2UsIFJJLCBVU0EiZiJkChQKEgl9zpdu9UXkiRFnFfPO_oiOwhIUChIJfc6XbvVF5IkRZxXzzv6IjsIaFAoSCY_Uusn1ReSJEd7-ma1YId3wGhQKEgl1Nawmi0XkiRGcN_50_xMz6CIKDap56xgVQrxo1Q	41.808529	-71.455635	41.808529	-71.455635	Med	74.600134
1631	2017-06-19	584867	16:42:00	Bicycle	NA	1	FALSE	FALSE	1	SMITH ST	CHALKSTONE AVE	6/19/17	"Two-Way , Not Divided"	Dry	Daylight	Clear	Not a Collision Between Two Motor Vehicles in Transport	No	Traffic Control Signal	3	1	Complains Of Pain	2	41.83521	-71.42565	FALSE	FALSE	"Smith Street and Chalkstone Ave, Providence, RI, USA"	FALSE	-71.4256425	41.8352214	intersection	geometric_center	"chalkstone ave & smith st, providence, ri 02908, usa"	NA	NA	NA	NA	41.8352214	-71.4256425	Med High	1.413300365
1629	2017-06-22	585911	17:39:00	Pedestrian	1	NA	FALSE	FALSE	1	CHALKSTONE AVENU	FERN STREET	6/22/17	"Two-Way , Not Divided"	Dry	Daylight	Clear	Not a Collision Between Two Motor Vehicles in Transport	No	No Controls	3	1	Non-Incapacitating	NA	41.81541	-71.44637	FALSE	FALSE	"Chalkstone Avenu and Fern Street, Providence, RI, USA"	FALSE	-71.4378466	41.8328452	intersection	geometric_center	"fern st & chalkstone ave, providence, ri 02908, usa"	NA	NA	NA	NA	41.8328452	-71.4378466	Med High	2065.656017
1630	2017-06-22	585933	22:23:00	Pedestrian	1	NA	FALSE	FALSE	1	WESTMINSTER ST	HARKNESS ST	6/23/17	"Two-Way , Not Divided"	Dry	Dark - Lighted	Clear	Not a Collision Between Two Motor Vehicles in Transport	No	No Controls	2	1	Incapacitating	NA	41.81628	-71.43396	FALSE	FALSE	"Westminster Street and Harkness Street, Providence, RI, USA"	FALSE	-71.4339426	41.816302	intersection	geometric_center	"westminster st & harkness st, providence, ri 02909, usa"	NA	NA	NA	NA	41.816302	-71.4339426	Med High	2.842831763
1627	2017-06-23	586115	13:11:00	Pedestrian	1	NA	FALSE	FALSE	1	BELMONT AVE	ACADEMY AVE	6/23/17	One-Way Trafficway	Dry	Daylight	Cloudy	Other	No	Other	2	1	Complains Of Pain	NA	41.81438	-71.445	FALSE	FALSE	"Belmont Ave and Academy Ave, Providence, RI, USA"	FALSE	-71.4445179	41.8322837	intersection	geometric_center	"academy ave & belmont ave, providence, ri 02908, usa"	NA	NA	NA	NA	41.8322837	-71.4445179	Med High	1993.431985
1628	2017-06-23	586445	17:21:00	Pedestrian	1	NA	FALSE	FALSE	1	ARMSTRONG AVE	THOMPSON ST	6/24/17	"Two-Way , Not Divided"	Dry	Daylight	Clear	Other	No	No Controls	2	1	Complains Of Pain	NA	41.81903	-71.39714	FALSE	FALSE	"Armstrong Ave and Thompson Street, Providence, RI, USA"	FALSE	-71.396835	41.8190834	intersection	geometric_center	"armstrong ave & thompson st, providence, ri 02903, usa"	NA	NA	NA	NA	41.8190834	-71.396835	Med High	25.9920904
1625	2017-06-24	586355	1:11:00	Pedestrian	1	NA	FALSE	FALSE	1	PILSUDSKI ST	PLAINFIELD ST	6/24/17	"Two-Way , Not Divided"	Dry	Dark - Lighted	Clear	Other	"Yes, M/V and Driver Left Scene"	No Controls	3	1	Incapacitating	2	41.81482	-71.44633	FALSE	FALSE	"Pilsudski Street and Plainfield Street, Providence, RI, USA"	FALSE	-71.4464939	41.8149149	intersection	geometric_center	"pilsudski st & plainfield st, providence, ri 02909, usa"	NA	NA	NA	NA	41.8149149	-71.4464939	Med High	17.21961558
1626	2017-06-24	586579	20:29:00	Pedestrian	1	NA	FALSE	FALSE	1	105 ALVERSON AVE	NYE ST	6/24/17	"Two-Way , Not Divided"	Dry	Dark - Lighted	Clear	Not a Collision Between Two Motor Vehicles in Transport	No	No Controls	2	1	Complains Of Pain	NA	41.81662	-71.45934	TRUE	FALSE	"105 Alverson Ave, Providence, RI, USA"	FALSE	-71.4591779	41.8166117	premise	rooftop	"105 alverson ave, providence, ri 02909, usa"	NA	NA	NA	NA	41.8166117	-71.4591779	High	13.48024509
1623	2017-06-25	586614	4:07:00	Pedestrian	1	1	FALSE	FALSE	1	WOODWARD RD	BRANCH AVE	6/25/17	"Two-Way , Not Divided"	Dry	Dark - Lighted	Clear	Not a Collision Between Two Motor Vehicles in Transport	"Yes, M/V and Driver Left Scene"	No Controls	3	2	Complains Of Pain	2	41.8537	-71.42796	FALSE	FALSE	"Woodward Rd and Branch Ave, Providence, RI, USA"	FALSE	-71.4280628	41.8534892	intersection	geometric_center	"woodward rd & branch ave, providence, ri 02904, usa"	NA	NA	NA	NA	41.8534892	-71.4280628	Med High	24.96629115
1624	2017-06-25	586812	10:56:00	Bicycle	NA	1	FALSE	FALSE	1	HOPE ST	ALUMNI AVE	6/25/17	"Two-Way , Not Divided"	Dry	Daylight	Clear	Not a Collision Between Two Motor Vehicles in Transport	"Yes, M/V and Driver Left Scene"	No Controls	2	1	Incapacitating	2	41.83462	-71.40144	FALSE	FALSE	"Hope Street and Alumni Ave, Providence, RI, USA"	FALSE	-71.4014577	41.8348462	intersection	geometric_center	"hope st & alumni ave, providence, ri 02906, usa"	NA	NA	NA	NA	41.8348462	-71.4014577	Med High	25.22322735
1622	2017-06-26	588868	12:11:00	Bicycle	NA	1	FALSE	FALSE	1	ADELAIDE AVE	EMERSON ST	7/1/17	"Two-Way , Not Divided"	Dry	Daylight	Clear	Angle (Front - to - Side) Right Angle (Includes Broadside)	No	Stop Signs	4	0	No Injury	2	41.79855	-71.4164	FALSE	FALSE	"Adelaide Ave and Emerson Street, Providence, RI, USA"	FALSE	-71.4164142	41.7985663	intersection	geometric_center	"adelaide ave & emerson st, providence, ri 02907, usa"	NA	NA	NA	NA	41.7985663	-71.4164142	Med High	2.163592004
1621	2017-06-28	587971	18:13:00	Bicycle	NA	1	FALSE	FALSE	1	GLENHAM ST	PRAIRIE AVE	6/28/17	"Two-Way , Not Divided"	Dry	Daylight	Clear	Not a Collision Between Two Motor Vehicles in Transport	No	No Controls	3	0	No Injury	NA	41.8061	-71.41504	FALSE	FALSE	"Glenham Street and Prairie Ave, Providence, RI, USA"	FALSE	-71.4150396	41.8061135	intersection	geometric_center	"glenham st & prairie ave, providence, ri 02905, usa"	NA	NA	NA	NA	41.8061135	-71.4150396	Med High	1.503179613
1620	2017-06-29	588281	17:14:00	Bicycle	NA	1	FALSE	FALSE	1	WASHINGTON ST	GREENE ST	6/29/17	One-Way Trafficway	Dry	Daylight	Cloudy	Not a Collision Between Two Motor Vehicles in Transport	No	Traffic Control Signal	2	1	Non-Incapacitating	NA	41.82125	-71.41721	FALSE	FALSE	"Washington Street and Greene Street, Providence, RI, USA"	FALSE	-71.4168727	41.8210088	route	geometric_center	"greene st, providence, ri 02903, usa"	"Washington Street & Greene Street, Providence, RI, USA"	EjZXYXNoaW5ndG9uIFN0cmVldCAmIEdyZWVuZSBTdHJlZXQsIFByb3ZpZGVuY2UsIFJJLCBVU0EiZiJkChQKEgm34he7EkXkiRGsc_jDIc_nwRIUChIJt-IXuxJF5IkRrHP4wyHP58EaFAoSCanazZwSReSJERoH0JajEjT2GhQKEgn9APC2EkXkiRFL2JV2CXi6tSIKDatr7RgVkphu1Q	41.8212779	-71.417227	41.8212779	-71.417227	Med	3.411012793
1617	2017-06-30	588502	6:59:00	Pedestrian	1	NA	FALSE	FALSE	1	FRANCIS STREET	I 95	6/30/17	"Two-Way , Not Divided"	Dry	Daylight	Clear	Other	No	Traffic Control Signal	4	1	Non-Incapacitating	NA	41.83572	-71.41578	FALSE	FALSE	"Francis Street and I 95, Providence, RI, USA"	FALSE	-71.4167284	41.817505	route	geometric_center	"i-95, providence, ri, usa"	NA	NA	NA	NA	41.817505	-71.4167284	Med	2029.210116
1618	2017-06-30	588561	15:24:00	Pedestrian	1	NA	FALSE	FALSE	1	SABIN ST	SABIN ST	6/30/17	One-Way Trafficway	Dry	Daylight	Clear	Angle (Front - to - Side) Right Angle (Includes Broadside)	No	No Controls	4	1	Complains Of Pain	NA	41.82453	-71.41566	FALSE	FALSE	"Sabin Street and Sabin Street, Providence, RI, USA"	FALSE	-71.4163184	41.8239955	route	geometric_center	"sabin st, providence, ri, usa"	NA	NA	NA	NA	41.8239955	-71.4163184	Med	80.76714002
1619	2017-06-30	588591	17:50:00	Pedestrian	1	NA	FALSE	FALSE	1	RHODES ST	EDDY ST	6/30/17	"Two-Way , Not Divided"	Dry	Daylight	Cloudy	Not a Collision Between Two Motor Vehicles in Transport	No	No Controls	2	1	Complains Of Pain	NA	41.80807	-71.40766	FALSE	FALSE	"Rhodes Street and Eddy Street, Providence, RI, USA"	FALSE	-71.4072355	41.808252	intersection	geometric_center	"rhodes st & eddy st, providence, ri 02905, usa"	NA	NA	NA	NA	41.808252	-71.4072355	Med High	40.63420372
1615	2017-07-01	588899	11:28:00	Pedestrian	1	NA	FALSE	FALSE	1	BRANCH AVE	VEAZIE ST	7/1/17	"Two-Way , Not Divided"	Dry	Daylight	Clear	Not a Collision Between Two Motor Vehicles in Transport	No	No Controls	2	1	Complains Of Pain	NA	41.85472	-71.43464	FALSE	FALSE	"Branch Ave and Veazie Street, Providence, RI, USA"	FALSE	-71.4346745	41.8547389	intersection	geometric_center	"branch ave & veazie st, providence, ri 02904, usa"	NA	NA	NA	NA	41.8547389	-71.4346745	Med High	3.550974811
1616	2017-07-01	588942	20:57:00	Pedestrian	1	NA	FALSE	FALSE	1	NORTH MAIN ST	N MAIN ST	7/1/17	"Two-Way, Divided, Positive Median Barrier"	Dry	Dark - Lighted	Clear	Other	No	No Controls	2	1	Non-Incapacitating	4	41.83926	-71.40902	FALSE	FALSE	"North Main Street and N Main Street, Providence, RI, USA"	FALSE	-71.700964	41.9595187	intersection	geometric_center	"n main st & pascoag main st, burrillville, ri 02859, usa"	NA	NA	NA	NA	41.9595187	-71.700964	Med High	27646.94475
1613	2017-07-02	589045	12:10:00	Pedestrian	2	NA	FALSE	FALSE	1	UNION AVE	UNION AVE ON RAMP	7/2/17	"Two-Way , Not Divided"	Dry	Daylight	Clear	Not a Collision Between Two Motor Vehicles in Transport	No	Pavement Markings	3	2	Complains Of Pain	NA	41.80893	-71.44004	FALSE	FALSE	"Union Ave and Union Ave On Ramp, Providence, RI, USA"	FALSE	-71.4484592	41.8065901	route	geometric_center	"union ave, rhode island, usa"	NA	NA	NA	NA	41.8065901	-71.4484592	Med	745.5720264
1614	2017-07-02	589245	22:38:00	Pedestrian	1	NA	FALSE	FALSE	1	PARNELL ST	FOWLER ST	7/2/17	"Two-Way , Not Divided"	Dry	Dark - Lighted	Clear	Other	No	No Controls	3	1	Non-Incapacitating	2	41.82609	-71.45378	FALSE	FALSE	"Parnell Street and Fowler Street, Providence, RI, USA"	FALSE	-71.453728	41.826229	intersection	geometric_center	"parnell st & fowler st, providence, ri 02909, usa"	NA	NA	NA	NA	41.826229	-71.453728	Med High	16.0633983
1612	2017-07-03	589312	3:08:00	Bicycle	NA	1	FALSE	FALSE	1	MEMORIAL BLVD	FRANCIS ST	7/3/17	"Two-Way, Divided, Positive Median Barrier"	Dry	Dark - Lighted	Clear	Angle (Front - to - Side) Right Angle (Includes Broadside)	No	Traffic Control Signal	3	1	Non-Incapacitating	NA	41.8259	-71.41535	FALSE	FALSE	"Memorial Blvd and Francis Street, Providence, RI, USA"	FALSE	-71.4153098	41.8257791	intersection	geometric_center	"memorial blvd & francis st, providence, ri 02903, usa"	NA	NA	NA	NA	41.8257791	-71.4153098	Med High	13.86550052
1611	2017-07-04	589805	23:33:00	Pedestrian	2	NA	FALSE	FALSE	1	OSBORN ST	CHALKSTONE AVE	7/5/17	"Two-Way , Not Divided"	Dry	Dark - Lighted	Clear	Not a Collision Between Two Motor Vehicles in Transport	No	No Controls	4	2	Non-Incapacitating	NA	41.83759	-71.42538	FALSE	FALSE	"Osborn Street and Chalkstone Ave, Providence, RI, USA"	FALSE	-71.4246148	41.8355026	intersection	geometric_center	"chalkstone ave & osborn st, providence, ri 02908, usa"	NA	NA	NA	NA	41.8355026	-71.4246148	Med High	240.8792084
1610	2017-07-05	590158	16:52:00	Bicycle	NA	1	FALSE	FALSE	1	PLEASANT VALLEY PKWY	SHARON ST	7/5/17	"Two-Way , Not Divided"	Dry	Daylight	Clear	Not a Collision Between Two Motor Vehicles in Transport	No	No Controls	4	1	Complains Of Pain	NA	41.83521	-71.44103	FALSE	FALSE	"Pleasant Valley Pkwy and Sharon Street, Providence, RI, USA"	FALSE	-71.4409526	41.8352486	intersection	geometric_center	"sharon st & pleasant valley pkwy, providence, ri 02908, usa"	NA	NA	NA	NA	41.8352486	-71.4409526	Med High	7.72493984
1607	2017-07-06	590468	17:32:00	Pedestrian	1	NA	FALSE	FALSE	1	W EXCHANGE ST	W EXCHANGE ST EXIT 22A	7/6/17	One-Way Trafficway	Dry	Daylight	Clear	Rear - to - Side	No	Traffic Control Signal	3	1	Complains Of Pain	NA	41.82485	-71.41611	FALSE	FALSE	"W Exchange Street and W Exchange St Exit 22a, Providence, RI, USA"	FALSE	-71.4202531	41.825222	route	geometric_center	"w exchange st, providence, ri 02903, usa"	NA	NA	NA	NA	41.825222	-71.4202531	Med	346.1707955
1608	2017-07-06	590547	22:15:00	Pedestrian	1	NA	FALSE	TRUE	1	DOUGLAS AVE	PUMGANSETT ST	7/7/17	"Two-Way , Not Divided"	Dry	Dark - Lighted	Clear	Other	No	No Controls	3	1	Non-Incapacitating	2	41.83977	-71.4263	FALSE	FALSE	"Douglas Ave and Pumgansett Street, Providence, RI, USA"	FALSE	-71.4263948	41.839878	intersection	geometric_center	"pumgansett st & douglas ave, providence, ri 02908, usa"	NA	NA	NA	NA	41.839878	-71.4263948	Med High	14.36504588
1609	2017-07-06	590681	NA	Pedestrian	1	NA	FALSE	FALSE	1	343 BROAD ST	BROAD ST	7/7/17	"Two-Way , Not Divided"	Dry	Dark - Lighted	Clear	Not a Collision Between Two Motor Vehicles in Transport	"Yes, Driver Left Scene"	No Controls	2	1	Complains Of Pain	NA	41.81402	-71.42137	TRUE	FALSE	"343 Broad Street, Providence, RI, USA"	FALSE	-71.4221475	41.813852	premise	rooftop	"343 broad st, providence, ri 02907, usa"	NA	NA	NA	NA	41.813852	-71.4221475	High	67.16384119
1606	2017-07-08	590953	12:44:00	Pedestrian	1	NA	FALSE	FALSE	1	BROADWAY	DEAN ST	7/8/17	"Two-Way , Not Divided"	Dry	Daylight	Clear	Not a Collision Between Two Motor Vehicles in Transport	No	No Controls	4	1	Complains Of Pain	NA	41.82132	-71.4229	FALSE	FALSE	"Broadway and Dean Street, Providence, RI, USA"	FALSE	-71.4242155	41.8234078	route	geometric_center	"dean st, providence, ri, usa"	"Broadway & Dean Street, Providence, RI, USA"	EitCcm9hZHdheSAmIERlYW4gU3RyZWV0LCBQcm92aWRlbmNlLCBSSSwgVVNBImYiZAoUChIJCcRZtQxF5IkRWJynngBsfzMSFAoSCQnEWbUMReSJEVicp54AbH8zGhQKEgmlteWGdUXkiREawjOx16RvsxoUChIJWwZsfgxF5IkRyLSf36DnQOQiCg38cO0YFWLJbdU	41.821414	-71.422531	41.821414	-71.422531	Med	32.3506961