row_number	crash_date	crash_report_id	crash_time	collision_type	count_pedestrian	count_bicycle	scooter	wheel_chair	number_of_vehicles	street_or_highway	nearest_intersection	report_date	type_of_roadway	road_surface_condition	light_condition	weather_condition	manner_of_impact	hit_and_run	traffic_control	person_count	injury_count	most_serious_injury	number_of_lanes	lat_raw	lon_raw	has_st_number	is_intersection_null	address_sent_to_geocoder	is_address_blank	lon_api_first_try	lat_api_first_try	type	loctype	address_returned_by_geocoder	address_returned_by_autocomplete	place_ids_autocompleted	lat_api_second_try	lon_api_second_try	lat_api_best	lon_api_best	api_coord_conf	distance_btwn_coords_meters
1518	2017-10-08	632425	20:42:00	Bicycle	NA	1	FALSE	FALSE	1	CRANSTON STREET	POTTERS AVE	10/8/17	"Two-Way , Not Divided"	Dry	Dark - Lighted	Clear	Not a Collision Between Two Motor Vehicles in Transport	"Yes, M/V and Driver Left Scene"	Stop Signs	1	1	Complains Of Pain	2	41.80505	-71.43778	FALSE	FALSE	"Cranston Street and Potters Ave, Providence, RI, USA"	FALSE	-71.4377905	41.8050672	intersection	geometric_center	"potters ave & cranston st, providence, ri 02909, usa"	NA	NA	NA	NA	41.8050672	-71.4377905	Med High	2.103614556
1516	2017-10-09	632639	19:13:00	Pedestrian	1	NA	FALSE	FALSE	1	SUPERIOR ST	CRANSTON ST	10/9/17	"Two-Way , Not Divided"	Wet	Dark - Lighted	Rain	Not a Collision Between Two Motor Vehicles in Transport	No	No Controls	2	1	Complains Of Pain	NA	41.81043	-71.43265	FALSE	FALSE	"Superior Street and Cranston Street, Providence, RI, USA"	FALSE	-71.4326468	41.8104443	intersection	geometric_center	"cranston st & superior st, providence, ri 02907, usa"	NA	NA	NA	NA	41.8104443	-71.4326468	Med High	1.613859543
1517	2017-10-09	632641	19:15:00	Pedestrian	1	NA	FALSE	FALSE	1	SACKETT ST	BROAD ST	10/9/17	"Two-Way , Not Divided"	Wet	Dark - Lighted	Rain	Not a Collision Between Two Motor Vehicles in Transport	"Yes, M/V and Driver Left Scene"	No Controls	1	1	Complains Of Pain	NA	41.79616	-71.41212	FALSE	FALSE	"Sackett Street and Broad Street, Providence, RI, USA"	FALSE	-71.4121266	41.796176	intersection	geometric_center	"sackett st & broad st, providence, ri 02905, usa"	NA	NA	NA	NA	41.796176	-71.4121266	Med High	1.863432045
1515	2017-10-10	633009	17:37:00	Pedestrian	1	NA	FALSE	FALSE	1	361 RESERVOIR AVE	PONTIAC AVE	10/10/17	Unknown	Dry	Dawn	Clear	Not a Collision Between Two Motor Vehicles in Transport	No	No Controls	2	1	Complains Of Pain	NA	41.78767	-71.43147	TRUE	FALSE	"361 Reservoir Ave, Providence, RI, USA"	FALSE	-71.4330063	41.7885339	street_address	rooftop	"361 reservoir ave, providence, ri 02910, usa"	NA	NA	NA	NA	41.7885339	-71.4330063	High	159.7139721
1512	2017-10-11	633322	6:24:00	Pedestrian	2	NA	FALSE	FALSE	1	731 Eddy St	EUDORA ST	10/11/17	"Two-Way, Divided, Unprotected (painted>4feet) Medium"	Dry	Daylight	Clear	Not a Collision Between Two Motor Vehicles in Transport	No	No Controls	3	2	Complains Of Pain	NA	41.80791	-71.40724	TRUE	FALSE	"731 Eddy Street, Providence, RI, USA"	FALSE	-71.4075635	41.8078196	premise	rooftop	"731 eddy st, providence, ri 02903, usa"	NA	NA	NA	NA	41.8078196	-71.4075635	High	28.66703762
1513	2017-10-11	633703	16:05:00	Bicycle	NA	1	FALSE	FALSE	1	COLLEGE RD	6TH AVE	10/11/17	"Two-Way , Not Divided"	Dry	Daylight	Clear	Not a Collision Between Two Motor Vehicles in Transport	No	No Controls	3	1	Non-Incapacitating	NA	41.84066	-71.46723	FALSE	FALSE	"College Rd and 6th Ave, Providence, RI, USA"	FALSE	-71.3962252	41.8513264	route	geometric_center	"6th st, providence, ri 02906, usa"	"College Road & 6th Street, North Providence, Providence, RI, USA"	EkBDb2xsZWdlIFJvYWQgJiA2dGggU3RyZWV0LCBOb3J0aCBQcm92aWRlbmNlLCBQcm92aWRlbmNlLCBSSSwgVVNBImYiZAoUChIJGYxTNdBF5IkRibtj7OYDzY4SFAoSCRmMUzXQReSJEYm7Y-zmA82OGhQKEgkVnIcRykXkiRGpFXPkCovoUBoUChIJyWTMuNFF5IkRtiuubj6C5OgiCg3sZfAYFbT_ZtU	41.8407916	-71.4670156	41.8407916	-71.4670156	Med	23.03849144
1514	2017-10-11	633739	16:01:00	Pedestrian	1	NA	FALSE	FALSE	1	MATHEWSON ST	WESTMINSTER ST	10/11/17	One-Way Trafficway	Dry	Daylight	Clear	Not a Collision Between Two Motor Vehicles in Transport	No	No Controls	3	1	Incapacitating	NA	41.82211	-71.41356	FALSE	FALSE	"Mathewson Street and Westminster Street, Providence, RI, USA"	FALSE	-71.4136447	41.8221831	intersection	geometric_center	"mathewson st & westminster st, providence, ri 02903, usa"	NA	NA	NA	NA	41.8221831	-71.4136447	Med High	10.75126341
1509	2017-10-12	633885	8:53:00	Bicycle	NA	1	FALSE	FALSE	1	85 WATERMAN STREET	BROWN ST	10/12/17	One-Way Trafficway	Dry	Daylight	Clear	Other	No	No Controls	2	1	Complains Of Pain	1	41.82699	-71.40381	TRUE	FALSE	"85 Waterman Street, Providence, RI, USA"	FALSE	-71.4019165	41.8269146	premise	rooftop	"hunter psychology lab, 85 waterman st, providence, ri 02912, usa"	NA	NA	NA	NA	41.8269146	-71.4019165	High	157.2920091
1510	2017-10-12	633890	9:16:00	Other	NA	NA	FALSE	TRUE	2	NAHANT ST	OPPER ST	10/12/17	"Two-Way , Not Divided"	Dry	Daylight	Clear	Other	No	No Controls	5	0	No Injury	NA	41.85297	-71.42179	FALSE	FALSE	"Nahant Street and Opper Street, Providence, RI, USA"	FALSE	-71.4221468	41.8531396	intersection	geometric_center	"opper st & nahant st, providence, ri 02904, usa"	NA	NA	NA	NA	41.8531396	-71.4221468	Med High	35.09574738
1511	2017-10-12	634017	14:29:00	Pedestrian	1	NA	FALSE	FALSE	1	Broad street	CLAVERICK ST	10/12/17	"Two-Way , Not Divided"	Dry	Daylight	Clear	Other	No	No Controls	2	1	Complains Of Pain	NA	41.81939	-71.41492	FALSE	FALSE	"Broad Street and Claverick Street, Providence, RI, USA"	FALSE	-71.413061	41.8182487	route	geometric_center	"claverick st, providence, ri 02903, usa"	"Broad Street & Claverick Street, Providence, RI, USA"	EjRCcm9hZCBTdHJlZXQgJiBDbGF2ZXJpY2sgU3RyZWV0LCBQcm92aWRlbmNlLCBSSSwgVVNBImYiZAoUChIJN-H52GxF5IkR-aG6rjTYAMMSFAoSCTfh-dhsReSJEfmhuq402ADDGhQKEgmD3n3VjE_kiREsosqTmEsIoxoUChIJCd0jlGxF5IkRCow_XvXZa3YiCg2rIO0YFTrwbtU	41.8193579	-71.414983	41.8193579	-71.414983	Med	6.331316306
1508	2017-10-13	634351	9:15:00	Bicycle	NA	1	FALSE	FALSE	1	BROADWAY	GREENMAN LN	10/13/17	"Two-Way , Not Divided"	Dry	Daylight	Clear	Not a Collision Between Two Motor Vehicles in Transport	No	Traffic Control Signal	4	1	Complains Of Pain	NA	41.82232	-71.41867	FALSE	FALSE	"Broadway and Greenman Ln, Providence, RI, USA"	FALSE	-71.4119953	41.8109879	doctor	rooftop	"101 dudley st, providence, ri 02905, usa"	NA	NA	NA	NA	41.8109879	-71.4119953	Med	1377.677046
1507	2017-10-14	635728	18:56:00	Pedestrian	1	NA	FALSE	FALSE	1	16 GROVER ST	LONGO ST	10/14/17	"Two-Way , Not Divided"	Dry	Dark - Lighted	Clear	Not a Collision Between Two Motor Vehicles in Transport	"Yes, M/V and Driver Left Scene"	No Controls	1	1	Complains Of Pain	NA	41.81631	-71.45716	TRUE	FALSE	"16 Grover Street, Providence, RI, USA"	FALSE	-71.4569032	41.8162369	premise	rooftop	"16 grover st, providence, ri 02909, usa"	NA	NA	NA	NA	41.8162369	-71.4569032	High	22.80653411
1506	2017-10-19	637754	18:27:00	Pedestrian	1	NA	FALSE	FALSE	1	CANAL ST	PARK ROW	10/19/17	One-Way Trafficway	Dry	Dark - Lighted	Clear	Not a Collision Between Two Motor Vehicles in Transport	No	No Controls	3	1	Complains Of Pain	NA	41.82862	-71.41074	FALSE	FALSE	"Canal Street and Park Row, Providence, RI, USA"	FALSE	-71.4101424	41.8285609	route	geometric_center	"park row, providence, ri 02903, usa"	"Canal Street & Park Row, Providence, RI, USA"	EixDYW5hbCBTdHJlZXQgJiBQYXJrIFJvdywgUHJvdmlkZW5jZSwgUkksIFVTQSJmImQKFAoSCfnYQl0XReSJEb76n4zNKeooEhQKEgn52EJdF0XkiRG--p-MzSnqKBoUChIJy9SY0BlF5IkR-2tCJRBJALIaFAoSCYVjbGQXReSJEc7xB3V3CujAIgoNl4TuGBXll2_V	41.8284695	-71.4106907	41.8284695	-71.4106907	Med	17.24545286
1505	2017-10-20	638374	15:38:00	Pedestrian	1	NA	FALSE	FALSE	1	CHALKSTONE AVENUE	ACADEMY AVENUE	10/20/17	"Two-Way , Not Divided"	Dry	Daylight	Clear	Not a Collision Between Two Motor Vehicles in Transport	"Yes, M/V and Driver Left Scene"	Traffic Control Signal	2	1	Incapacitating	2	41.814	-71.44182	FALSE	FALSE	"Chalkstone Avenue and Academy Avenue, Providence, RI, USA"	FALSE	-71.4445249	41.8324538	intersection	geometric_center	"academy ave & chalkstone ave, providence, ri 02908, usa"	NA	NA	NA	NA	41.8324538	-71.4445249	Med High	2066.486194
1503	2017-10-21	638752	10:50:00	Pedestrian	1	NA	FALSE	FALSE	1	MEMORIAL BLVD	EXCHANGE ST	10/21/17	"Two-Way, Divided, Unprotected (painted>4feet) Medium"	Dry	Daylight	Clear	"Sideswipe, Same Direction"	"Yes, M/V and Driver Left Scene"	No Controls	1	1	Non-Incapacitating	NA	41.8268	-71.41207	FALSE	FALSE	"Memorial Blvd and Exchange Street, Providence, RI, USA"	FALSE	-71.4121426	41.8269244	intersection	geometric_center	"memorial blvd & exchange st, providence, ri 02903, usa"	NA	NA	NA	NA	41.8269244	-71.4121426	Med High	15.10095039
1504	2017-10-21	638806	14:11:00	Bicycle	NA	1	FALSE	FALSE	1	CHALKSTONE AVE	RIVER AVE	10/21/17	"Two-Way , Not Divided"	Dry	Daylight	Clear	Not a Collision Between Two Motor Vehicles in Transport	No	Traffic Control Signal	5	1	Non-Incapacitating	NA	41.83258	-71.43854	FALSE	FALSE	"Chalkstone Ave and River Ave, Providence, RI, USA"	FALSE	-71.4385411	41.8325962	intersection	geometric_center	"river ave & chalkstone ave, providence, ri 02908, usa"	NA	NA	NA	NA	41.8325962	-71.4385411	Med High	1.805682282
1502	2017-10-22	639068	13:00:00	Pedestrian	1	NA	FALSE	FALSE	1	Page St	WEYBOSSET ST	10/22/17	One-Way Trafficway	Dry	Daylight	Clear	Not a Collision Between Two Motor Vehicles in Transport	No	No Controls	2	1	Incapacitating	NA	41.8215	-71.41218	FALSE	FALSE	"Page Street and Weybosset Street, Providence, RI, USA"	FALSE	-71.4117062	41.8223275	route	geometric_center	"weybosset st, providence, ri, usa"	"Page Street & Weybosset Street, Providence, RI, USA"	EjNQYWdlIFN0cmVldCAmIFdleWJvc3NldCBTdHJlZXQsIFByb3ZpZGVuY2UsIFJJLCBVU0EiZiJkChQKEglbuPF8E0XkiRH8wskKa-QdBBIUChIJW7jxfBNF5IkR_MLJCmvkHQQaFAoSCX8Tl5oUReSJEfzvXEGSUdN8GhQKEgm_tGB4FEXkiRFsGEnunrj2ACIKDRJ47RgVOFZv1Q	41.8215954	-71.412372	41.8215954	-71.412372	Med	19.1437088
1500	2017-10-23	639390	11:23:00	Bicycle	NA	1	FALSE	FALSE	1	LIBRARY CT	WESTMINSTER ST	10/23/17	"Two-Way , Not Divided"	Dry	Daylight	Clear	Not a Collision Between Two Motor Vehicles in Transport	No	Traffic Control Signal	3	0	No Injury	NA	41.81675	-71.44355	FALSE	FALSE	"Library Ct and Westminster Street, Providence, RI, USA"	FALSE	-71.4434849	41.8167835	intersection	geometric_center	"library ct & westminster st, providence, ri 02909, usa"	NA	NA	NA	NA	41.8167835	-71.4434849	Med High	6.563344428
1501	2017-10-23	639744	23:30:00	Pedestrian	1	NA	FALSE	FALSE	1	343 broad st.	BROAD ST	10/24/17	Unknown	Dry	Dark - Lighted	Cloudy	Not a Collision Between Two Motor Vehicles in Transport	No	No Controls	3	1	Complains Of Pain	NA	41.81345	-71.42175	TRUE	FALSE	"343 Broad St., Providence, RI, USA"	FALSE	-71.4221475	41.813852	premise	rooftop	"343 broad st, providence, ri 02907, usa"	NA	NA	NA	NA	41.813852	-71.4221475	High	55.59025054
1497	2017-10-24	639765	0:50:00	Bicycle	NA	1	FALSE	FALSE	1	LAUREL HILL AVE	PLAINFIELD ST	10/24/17	"Two-Way, Divided, Unprotected (painted>4feet) Medium"	Dry	Dark - Lighted	Clear	Not a Collision Between Two Motor Vehicles in Transport	No	Traffic Control Signal	3	1	Complains Of Pain	NA	41.81321	-71.45542	FALSE	FALSE	"Laurel Hill Ave and Plainfield Street, Providence, RI, USA"	FALSE	-71.4554097	41.8132285	intersection	geometric_center	"laurel hill ave & plainfield st, providence, ri 02909, usa"	NA	NA	NA	NA	41.8132285	-71.4554097	Med High	2.229681173
1498	2017-10-24	639820	7:07:00	Pedestrian	1	NA	FALSE	FALSE	1	CRANSTON ST	POTTERS AVE	10/24/17	"Two-Way , Not Divided"	Wet	Daylight	Rain	Not a Collision Between Two Motor Vehicles in Transport	No	Pavement Markings	2	1	Complains Of Pain	NA	41.80511	-71.43769	FALSE	FALSE	"Cranston Street and Potters Ave, Providence, RI, USA"	FALSE	-71.4377905	41.8050672	intersection	geometric_center	"potters ave & cranston st, providence, ri 02909, usa"	NA	NA	NA	NA	41.8050672	-71.4377905	Med High	9.604495476
1499	2017-10-24	639942	7:09:00	Pedestrian	1	NA	FALSE	FALSE	1	200 HAWKINS ST	BRANCH AVE	10/24/17	"Two-Way , Not Divided"	Wet	Daylight	Rain	Not a Collision Between Two Motor Vehicles in Transport	No	No Controls	4	1	Complains Of Pain	NA	41.85061	-71.4223	TRUE	FALSE	"200 Hawkins Street, Providence, RI, USA"	FALSE	-71.4227436	41.8507982	premise	rooftop	"200 hawkins st, providence, ri 02904, usa"	NA	NA	NA	NA	41.8507982	-71.4227436	High	42.33129517
1496	2017-10-27	641593	15:24:00	Bicycle	NA	1	FALSE	FALSE	1	Blackstone Blvd	Irving Ave	10/27/17	One-Way Trafficway	Dry	Daylight	Clear	Angle (Front - to - Side) Right Angle (Includes Broadside)	No	No Controls	2	0	No Injury	NA	41.83413	-71.38423	FALSE	FALSE	"Blackstone Blvd and Irving Ave, Providence, RI, USA"	FALSE	-71.3837393	41.8342209	intersection	geometric_center	"irving ave & blackstone blvd, providence, ri 02906, usa"	NA	NA	NA	NA	41.8342209	-71.3837393	Med High	41.93856354
1495	2017-10-28	642293	21:06:00	Pedestrian	1	NA	FALSE	FALSE	1	WASHINGTON ST	EMPIRE ST	10/28/17	"Two-Way , Not Divided"	Dry	Dark - Lighted	Clear	Not a Collision Between Two Motor Vehicles in Transport	No	No Controls	2	1	Complains Of Pain	NA	41.82182	-71.41645	FALSE	FALSE	"Washington Street and Empire Street, Providence, RI, USA"	FALSE	-71.4157797	41.821349	route	geometric_center	"empire st, providence, ri 02903, usa"	"Washington Street & Empire Street, Providence, RI, USA"	EjZXYXNoaW5ndG9uIFN0cmVldCAmIEVtcGlyZSBTdHJlZXQsIFByb3ZpZGVuY2UsIFJJLCBVU0EiZiJkChQKEgmNpp3sEkXkiRHnvAEsqcaDvRIUChIJjaad7BJF5IkR57wBLKnGg70aFAoSCanazZwSReSJERoH0JajEjT2GhQKEgnHPO_pEkXkiRGhxI4iuiomFSIKDWmC7RgVI7hu1Q	41.8218601	-71.4164189	41.8218601	-71.4164189	Med	5.155853918
1492	2017-10-29	642622	3:25:00	Pedestrian	1	NA	FALSE	FALSE	1	FRIENDSHIP ST	RICHMOND ST	10/29/17	"Two-Way , Not Divided"	Dry	Dark - Lighted	Clear	Not a Collision Between Two Motor Vehicles in Transport	"Yes, M/V and Driver Left Scene"	No Controls	1	1	Non-Incapacitating	NA	41.82051	-71.41087	FALSE	FALSE	"Friendship Street and Richmond Street, Providence, RI, USA"	FALSE	-71.4111462	41.8202499	intersection	geometric_center	"richmond st & friendship st, providence, ri 02903, usa"	NA	NA	NA	NA	41.8202499	-71.4111462	Med High	36.92386245
1493	2017-10-29	642799	18:46:00	Pedestrian	1	NA	FALSE	FALSE	1	BURNS ST	MANILA ST	10/29/17	One-Way Trafficway	Wet	Dark - Lighted	Rain	Not a Collision Between Two Motor Vehicles in Transport	"Yes, M/V and Driver Left Scene"	No Controls	2	1	Complains Of Pain	NA	41.85385	-71.44526	FALSE	FALSE	"Burns Street and Manila Street, Providence, RI, USA"	FALSE	-71.4454753	41.8538275	intersection	geometric_center	"manila st & burns st, providence, ri 02904, usa"	NA	NA	NA	NA	41.8538275	-71.4454753	Med High	18.02672141
1494	2017-10-29	642847	18:54:00	Pedestrian	1	NA	FALSE	FALSE	1	WASHINGTON ST	CANAL ST	10/29/17	One-Way Trafficway	Wet	Dark - Not Lighted	Rain	Not a Collision Between Two Motor Vehicles in Transport	No	Stop Signs	2	1	Complains Of Pain	NA	41.82673	-71.40939	FALSE	FALSE	"Washington Street and Canal Street, Providence, RI, USA"	FALSE	-71.4128343	41.8239891	locality	approximate	"providence, ri, usa"	NA	NA	NA	NA	41.8239891	-71.4128343	Med	418.0058742
1490	2017-10-30	643195	14:40:00	Pedestrian	1	NA	FALSE	FALSE	1	MEMORIAL BLVD	STEEPLE ST	10/30/17	"Two-Way, Divided, Positive Median Barrier"	Dry	Daylight	Cloudy	Not a Collision Between Two Motor Vehicles in Transport	No	Traffic Control Signal	4	1	Complains Of Pain	4	41.82677	-71.41063	FALSE	FALSE	"Memorial Blvd and Steeple Street, Providence, RI, USA"	FALSE	-71.409299	41.8273889	route	geometric_center	"steeple st, providence, ri 02903, usa"	NA	NA	NA	NA	41.8273889	-71.409299	Med	130.1401791
1491	2017-10-30	643270	16:05:00	Pedestrian	1	NA	FALSE	FALSE	1	SOUTH MAIN ST	COLLEGE ST	10/30/17	One-Way Trafficway	Dry	Daylight	Cloudy	Not a Collision Between Two Motor Vehicles in Transport	No	Traffic Control Signal	3	1	Complains Of Pain	2	41.82564	-71.40785	FALSE	FALSE	"South Main Street and College Street, Providence, RI, USA"	FALSE	-71.4078251	41.8256787	intersection	geometric_center	"s main st & college st, providence, ri 02903, usa"	NA	NA	NA	NA	41.8256787	-71.4078251	Med High	4.777636172
1489	2017-11-01	644402	22:08:00	Pedestrian	1	NA	FALSE	FALSE	1	STEEPLE ST	N MAIN ST	11/2/17	One-Way Trafficway	Dry	Daylight	Clear	Other	No	Traffic Control Signal	3	1	Complains Of Pain	NA	41.82748	-71.40909	FALSE	FALSE	"Steeple Street and N Main Street, Providence, RI, USA"	FALSE	-71.3702575	41.8264716	establishment	rooftop	"105 wilmarth ave, east providence, ri 02914, usa"	"Steeple Street & North Main Street, Providence, RI, USA"	EjdTdGVlcGxlIFN0cmVldCAmIE5vcnRoIE1haW4gU3RyZWV0LCBQcm92aWRlbmNlLCBSSSwgVVNBImYiZAoUChIJUS88oBdF5IkRhG9IWd2q99wSFAoSCVEvPKAXReSJEYRvSFndqvfcGhQKEgln0uQLF0XkiRFQpCIGGQGeZRoUChIJ-fpBPd5E5IkRX9etvg1cIz8iCg2wXe4YFQzYb9U	41.8274736	-71.4090484	41.8274736	-71.4090484	Med	3.523516094
1487	2017-11-02	644574	15:20:00	Pedestrian	1	NA	FALSE	FALSE	1	DORRANCE ST	WEYBOSSET ST	11/2/17	"Two-Way , Not Divided"	Dry	Daylight	Clear	Not a Collision Between Two Motor Vehicles in Transport	No	Traffic Control Signal	3	1	Incapacitating	NA	41.82308	-71.411	FALSE	FALSE	"Dorrance Street and Weybosset Street, Providence, RI, USA"	FALSE	-71.4109933	41.8230796	intersection	geometric_center	"weybosset st & dorrance st, providence, ri 02903, usa"	NA	NA	NA	NA	41.8230796	-71.4109933	Med High	0.557586757
1488	2017-11-02	646088	21:52:00	Pedestrian	1	NA	FALSE	FALSE	1	CHALKSTONE AVENUE	GROVESNOR STREET	11/6/17	"Two-Way , Not Divided"	Dry	Dark - Lighted	Clear	Not a Collision Between Two Motor Vehicles in Transport	No	No Controls	5	1	Complains Of Pain	NA	41.82529	-71.42985	FALSE	FALSE	"Chalkstone Avenue and Grovesnor Street, Providence, RI, USA"	FALSE	-71.439537	41.8323976	intersection	geometric_center	"grosvenor ave & chalkstone ave, providence, ri 02908, usa"	NA	NA	NA	NA	41.8323976	-71.439537	Med High	1127.683601
1486	2017-11-03	645203	6:34:00	Bicycle	NA	1	FALSE	FALSE	1	CRANSTON ST	WAVERLY ST	11/3/17	"Two-Way , Not Divided"	Dry	Dark - Lighted	Clear	Not a Collision Between Two Motor Vehicles in Transport	No	No Controls	2	1	Complains Of Pain	NA	41.80832	-71.43454	FALSE	FALSE	"Cranston Street and Waverly Street, Providence, RI, USA"	FALSE	-71.4345674	41.8083361	intersection	geometric_center	"cranston st & waverly st, providence, ri 02907, usa"	NA	NA	NA	NA	41.8083361	-71.4345674	Med High	2.895001913
1485	2017-11-04	645669	19:49:00	Bicycle	NA	1	FALSE	FALSE	1	GREENWICH ST	BUCKLIN ST	11/4/17	"Two-Way , Not Divided"	Dry	Dark - Lighted	Clear	Not a Collision Between Two Motor Vehicles in Transport	"Yes, M/V and Driver Left Scene"	Stop Signs	1	1	Complains Of Pain	NA	41.80232	-71.42765	FALSE	FALSE	"Greenwich Street and Bucklin Street, Providence, RI, USA"	FALSE	-71.4276553	41.8023399	intersection	geometric_center	"bucklin st & greenwich st, providence, ri 02907, usa"	NA	NA	NA	NA	41.8023399	-71.4276553	Med High	2.258495101
1483	2017-11-05	645773	13:03:00	Bicycle	NA	1	FALSE	FALSE	1	1303 NORTH MAIN ST	N MAIN ST	11/5/17	One-Way Trafficway	Dry	Daylight	Clear	Other	No	No Controls	3	0	No Injury	2	41.85581	-71.39988	TRUE	FALSE	"1303 North Main Street, Providence, RI, USA"	FALSE	-71.3992998	41.8560754	street_address	rooftop	"1303 n main st, providence, ri 02904, usa"	NA	NA	NA	NA	41.8560754	-71.3992998	High	56.45429635
1484	2017-11-05	645785	13:19:00	Pedestrian	1	NA	FALSE	FALSE	1	51 SILVER SPRING ST	NA	11/5/17	Unknown	Dry	Daylight	Cloudy	Not a Collision Between Two Motor Vehicles in Transport	"Yes, M/V and Driver Left Scene"	No Controls	3	1	Complains Of Pain	NA	41.84572	-71.41748	TRUE	TRUE	"51 Silver Spring Street, Providence, RI, USA"	FALSE	-71.4166633	41.8454522	premise	rooftop	"51 silver spring st, providence, ri 02904, usa"	NA	NA	NA	NA	41.8454522	-71.4166633	High	73.99721394
1481	2017-11-07	646566	8:35:00	Pedestrian	1	NA	FALSE	FALSE	1	MORRIS AVE	ROCHAMBEAU AVE	11/7/17	"Two-Way , Not Divided"	Dry	Daylight	Clear	Not a Collision Between Two Motor Vehicles in Transport	No	No Controls	2	1	Complains Of Pain	2	41.84697	-71.39476	FALSE	FALSE	"Morris Ave and Rochambeau Ave, Providence, RI, USA"	FALSE	-71.3947241	41.8469966	intersection	geometric_center	"morris ave & rochambeau ave, providence, ri 02906, usa"	NA	NA	NA	NA	41.8469966	-71.3947241	Med High	4.198893555
1482	2017-11-07	646808	22:29:00	Bicycle	NA	1	FALSE	FALSE	1	Francis St	MEMORIAL BLVD	11/8/17	"Two-Way , Not Divided"	Wet	Dark - Lighted	Rain	Not a Collision Between Two Motor Vehicles in Transport	No	Traffic Control Signal	3	1	Complains Of Pain	NA	41.82594	-71.41537	FALSE	FALSE	"Francis Street and Memorial Blvd, Providence, RI, USA"	FALSE	-71.4134258	41.8263996	route	geometric_center	"memorial blvd, providence, ri 02903, usa"	"Francis Street & Memorial Blvd, Providence, RI, USA"	EjNGcmFuY2lzIFN0cmVldCAmIE1lbW9yaWFsIEJsdmQsIFByb3ZpZGVuY2UsIFJJLCBVU0EiZiJkChQKEgkDtc6dEUXkiRFK7mftfMbegBIUChIJA7XOnRFF5IkRSu5n7XzG3oAaFAoSCeMKJVkQReSJEQnXa5JsDkKbGhQKEgn3LDO1FkXkiRGsznR5eOTavSIKDRwg7hgVW-Bu1Q	41.8258972	-71.4153893	41.8258972	-71.4153893	Med	5.026266791
1480	2017-11-11	649024	18:49:00	Pedestrian	1	NA	FALSE	FALSE	1	16 opper st	MONTICELLO ST	11/11/17	"Two-Way , Not Divided"	Dry	Dark - Lighted	Clear	Not a Collision Between Two Motor Vehicles in Transport	No	No Controls	2	1	Complains Of Pain	NA	41.85211	-71.42308	TRUE	FALSE	"16 Opper Street, Providence, RI, USA"	FALSE	-71.4232203	41.8522054	premise	rooftop	"16 opper st, providence, ri 02904, usa"	NA	NA	NA	NA	41.8522054	-71.4232203	High	15.75179772
1479	2017-11-13	650063	18:42:00	Pedestrian	1	NA	FALSE	FALSE	1	RIVER AVE	DOUGLAS AVE	11/13/17	"Two-Way, Divided, Unprotected (painted>4feet) Medium"	Wet	Dark - Lighted	Rain	Not a Collision Between Two Motor Vehicles in Transport	No	No Controls	2	1	Incapacitating	NA	41.85272	-71.43718	FALSE	FALSE	"River Ave and Douglas Ave, Providence, RI, USA"	FALSE	-71.4371491	41.8527663	intersection	geometric_center	"river ave & douglas ave, providence, ri 02904, usa"	NA	NA	NA	NA	41.8527663	-71.4371491	Med High	5.755806831
1475	2017-11-15	650857	7:54:00	Pedestrian	1	NA	FALSE	FALSE	1	ROSEBANK AVE	NA	11/15/17	"Two-Way , Not Divided"	Dry	Daylight	Clear	Not a Collision Between Two Motor Vehicles in Transport	No	No Controls	4	1	Complains Of Pain	2	41.83508	-71.43374	FALSE	TRUE	"Rosebank Ave, Providence, RI, USA"	FALSE	-71.4336693	41.8349427	route	geometric_center	"rosebank ave, providence, ri 02908, usa"	NA	NA	NA	NA	41.8349427	-71.4336693	Inaccurate	16.37043388
1476	2017-11-15	651118	13:51:00	Bicycle	NA	1	FALSE	FALSE	1	PARK ST	ORMS ST	11/15/17	"Two-Way , Not Divided"	Dry	Daylight	Clear	Not a Collision Between Two Motor Vehicles in Transport	"Yes, M/V and Driver Left Scene"	No Controls	2	1	Complains Of Pain	NA	41.83474	-71.41541	FALSE	FALSE	"Park Street and Orms Street, Providence, RI, USA"	FALSE	-71.4191013	41.8342191	route	geometric_center	"orms st, providence, ri, usa"	"Park Street & Orms Street, Providence, RI, USA"	Ei5QYXJrIFN0cmVldCAmIE9ybXMgU3RyZWV0LCBQcm92aWRlbmNlLCBSSSwgVVNBImYiZAoUChIJE6gNgRxF5IkRCDjK1sntUiQSFAoSCROoDYEcReSJEQg4ytbJ7VIkGhQKEglRpXIiEEXkiRE1JewRQdIsbhoUChIJJ2knvwRF5IkRzK6GSUqZqcEiCg3De-8YFVbkbtU	41.8347971	-71.4152874	41.8347971	-71.4152874	Med	11.99177896
1477	2017-11-15	651263	18:54:00	Pedestrian	1	NA	FALSE	FALSE	1	WASHINGTON ST	UNION ST	11/15/17	"Two-Way , Not Divided"	Dry	Dark - Lighted	Clear	Not a Collision Between Two Motor Vehicles in Transport	No	Traffic Control Signal	3	0	No Injury	NA	41.8236	-71.414	FALSE	FALSE	"Washington Street and Union Street, Providence, RI, USA"	FALSE	-71.4128343	41.8239891	locality	approximate	"providence, ri, usa"	"Washington Street & Union Street, Providence, RI, USA"	EjVXYXNoaW5ndG9uIFN0cmVldCAmIFVuaW9uIFN0cmVldCwgUHJvdmlkZW5jZSwgUkksIFVTQSJmImQKFAoSCXvJS8cTReSJEcVp0B49EFpXEhQKEgl7yUvHE0XkiRHFadAePRBaVxoUChIJqdrNnBJF5IkRGgfQlqMSNPYaFAoSCXNAs5UTReSJEZJE18owa50QIgoN_cbtGBWuFm_V	41.8236157	-71.4139986	41.8236157	-71.4139986	Med	1.751570489