row_number	crash_date	crash_report_id	crash_time	collision_type	count_pedestrian	count_bicycle	scooter	wheel_chair	number_of_vehicles	street_or_highway	nearest_intersection	report_date	type_of_roadway	road_surface_condition	light_condition	weather_condition	manner_of_impact	hit_and_run	traffic_control	person_count	injury_count	most_serious_injury	number_of_lanes	lat_raw	lon_raw	has_st_number	is_intersection_null	address_sent_to_geocoder	is_address_blank	lon_api_first_try	lat_api_first_try	type	loctype	address_returned_by_geocoder	address_returned_by_autocomplete	place_ids_autocompleted	lat_api_second_try	lon_api_second_try	lat_api_best	lon_api_best	api_coord_conf	distance_btwn_coords_meters
1478	2017-11-15	651290	17:36:00	Pedestrian	1	NA	FALSE	FALSE	1	California Ave	VIRGINIA AVE	11/15/17	"Two-Way , Not Divided"	Dry	Dark - Lighted	Clear	Not a Collision Between Two Motor Vehicles in Transport	"Yes, M/V and Driver Left Scene"	Stop Signs	1	1	Complains Of Pain	NA	41.78876	-71.39916	FALSE	FALSE	"California Ave and Virginia Ave, Providence, RI, USA"	FALSE	-71.3991762	41.7887708	intersection	geometric_center	"california ave & virginia ave, providence, ri 02905, usa"	NA	NA	NA	NA	41.7887708	-71.3991762	Med High	1.803712738
1472	2017-11-16	651426	9:41:00	Pedestrian	1	NA	FALSE	FALSE	1	DEAN ST	WASHINGTON ST	11/16/17	"Two-Way , Not Divided"	Wet	Daylight	Rain	Not a Collision Between Two Motor Vehicles in Transport	"Yes, M/V and Driver Left Scene"	Stop Signs	2	1	Complains Of Pain	NA	41.81905	-71.42073	FALSE	FALSE	"Dean Street and Washington Street, Providence, RI, USA"	FALSE	-71.417553	41.821048	route	geometric_center	"washington st, providence, ri, usa"	"Dean Street & Washington Street, Providence, RI, USA"	EjREZWFuIFN0cmVldCAmIFdhc2hpbmd0b24gU3RyZWV0LCBQcm92aWRlbmNlLCBSSSwgVVNBImYiZAoUChIJxd5n_HJF5IkR0-x289HvkKESFAoSCcXeZ_xyReSJEdPsdvPR75ChGhQKEglbBmx-DEXkiRHItJ_foOdA5BoUChIJqdrNnBJF5IkRGgfQlqMSNPYiCg0wFu0YFTgPbtU	41.8190896	-71.4207432	41.8190896	-71.4207432	Med	4.542235657
1473	2017-11-16	651788	17:31:00	Pedestrian	1	NA	FALSE	FALSE	1	BLACKSTONE ST	CULVER ST	11/16/17	"Two-Way , Not Divided"	Wet	Dark - Lighted	Cloudy	Other	No	Stop Signs	3	1	Complains Of Pain	NA	41.80993	-71.4085	FALSE	FALSE	"Blackstone Street and Culver Street, Providence, RI, USA"	FALSE	-71.4084982	41.8099346	intersection	geometric_center	"blackstone st & culver st, providence, ri 02905, usa"	NA	NA	NA	NA	41.8099346	-71.4084982	Med High	0.533405336
1474	2017-11-16	651847	18:16:00	Pedestrian	1	NA	FALSE	FALSE	1	KILLINGLY ST	KILLINGLY ST	11/16/17	"Two-Way , Not Divided"	Wet	Dark - Not Lighted	Rain	Not a Collision Between Two Motor Vehicles in Transport	No	No Controls	3	1	Complains Of Pain	NA	41.82105	-71.46963	FALSE	FALSE	"Killingly Street and Killingly Street, Providence, RI, USA"	FALSE	-71.4700523	41.8217355	route	geometric_center	"killingly st, rhode island, usa"	NA	NA	NA	NA	41.8217355	-71.4700523	Med	83.96709387
1471	2017-11-17	652202	17:33:00	Pedestrian	1	NA	FALSE	FALSE	1	1 West EXCHANGE Street	SABIN ST	11/17/17	"Two-Way , Not Divided"	Dry	Dark - Lighted	Clear	Other	No	No Controls	4	1	Complains Of Pain	NA	41.8249	-71.41515	TRUE	FALSE	"1 West Exchange Street, Providence, RI, USA"	FALSE	-71.4148047	41.8250247	intersection	geometric_center	"us-1 & w exchange st, providence, ri 02903, usa"	NA	NA	NA	NA	41.8250247	-71.4148047	High	31.83033762
1470	2017-11-19	652682	14:29:00	Pedestrian	1	NA	FALSE	FALSE	1	DOUGLAS AVE	VANDEWATER ST	11/19/17	"Two-Way, Divided, Unprotected (painted>4feet) Medium"	Dry	Daylight	Cloudy	Not a Collision Between Two Motor Vehicles in Transport	"Yes, M/V and Driver Left Scene"	No Controls	1	1	Non-Incapacitating	2	41.84992	-71.43346	FALSE	FALSE	"Douglas Ave and Vandewater Street, Providence, RI, USA"	FALSE	-71.4333766	41.8498395	intersection	geometric_center	"vandewater st & douglas ave, providence, ri 02908, usa"	NA	NA	NA	NA	41.8498395	-71.4333766	Med High	11.31943324
1469	2017-11-21	653420	11:56:00	Pedestrian	1	NA	FALSE	FALSE	1	VEAZIE ST	BRANCH AVE	11/21/17	"Two-Way , Not Divided"	Dry	Daylight	Clear	Not a Collision Between Two Motor Vehicles in Transport	No	Traffic Control Signal	3	1	Complains Of Pain	NA	41.85472	-71.43468	FALSE	FALSE	"Veazie Street and Branch Ave, Providence, RI, USA"	FALSE	-71.4346745	41.8547389	intersection	geometric_center	"branch ave & veazie st, providence, ri 02904, usa"	NA	NA	NA	NA	41.8547389	-71.4346745	Med High	2.152794187
1465	2017-11-22	654091	18:36:00	Pedestrian	1	NA	FALSE	FALSE	1	WASHINGTON ST	UNION ST	11/22/17	One-Way Trafficway	Wet	Daylight	Rain	Angle (Front - to - Side) Right Angle (Includes Broadside)	"Yes, M/V and Driver Left Scene"	Traffic Control Signal	1	1	Complains Of Pain	NA	41.8236	-71.414	FALSE	FALSE	"Washington Street and Union Street, Providence, RI, USA"	FALSE	-71.4128343	41.8239891	locality	approximate	"providence, ri, usa"	"Washington Street & Union Street, Providence, RI, USA"	EjVXYXNoaW5ndG9uIFN0cmVldCAmIFVuaW9uIFN0cmVldCwgUHJvdmlkZW5jZSwgUkksIFVTQSJmImQKFAoSCXvJS8cTReSJEcVp0B49EFpXEhQKEgl7yUvHE0XkiRHFadAePRBaVxoUChIJqdrNnBJF5IkRGgfQlqMSNPYaFAoSCXNAs5UTReSJEZJE18owa50QIgoN_cbtGBWuFm_V	41.8236157	-71.4139986	41.8236157	-71.4139986	Med	1.751570489
1466	2017-11-22	654095	18:41:00	Pedestrian	1	NA	FALSE	FALSE	1	FOUNTAIN ST	FRANCIS ST	11/22/17	"Two-Way , Not Divided"	Wet	Dark - Lighted	Cloudy	Not a Collision Between Two Motor Vehicles in Transport	No	Traffic Control Signal	3	1	Complains Of Pain	NA	41.82498	-71.41474	FALSE	FALSE	"Fountain Street and Francis Street, Providence, RI, USA"	FALSE	-71.4233339	41.8348041	route	geometric_center	"francis smith way, providence, ri 02904, usa"	"Fountain Street & Francis Street, Scranton, SC, USA"	EjNGb3VudGFpbiBTdHJlZXQgJiBGcmFuY2lzIFN0cmVldCwgU2NyYW50b24sIFNDLCBVU0EiZiJkChQKEgmPjDUaT43_iBHX2ZixABOeIhIUChIJj4w1Gk-N_4gR19mYsQATniIaFAoSCXUg5eZOjf-IEcLTpL6nTuFpGhQKEglbDwsET43_iBExUcS3zACrhyIKDftsNxQV_UZ30A	33.9176699	-79.7489411	33.9176699	-79.7489411	Med	1143862.46
1467	2017-11-22	654444	19:41:00	Pedestrian	1	NA	FALSE	FALSE	1	306 Cranston St	HARRISON ST	11/22/17	"Two-Way, Divided, Unprotected (painted>4feet) Medium"	Dry	Dark - Lighted	Clear	Not a Collision Between Two Motor Vehicles in Transport	No	No Controls	2	1	Complains Of Pain	NA	41.81285	-71.4291	TRUE	FALSE	"306 Cranston Street, Providence, RI, USA"	FALSE	-71.4289942	41.8127759	street_address	rooftop	"306 cranston st, providence, ri 02907, usa"	NA	NA	NA	NA	41.8127759	-71.4289942	High	12.04568138
1468	2017-11-22	654463	21:29:00	Bicycle	NA	1	FALSE	FALSE	1	Broadway	AMERICA ST	11/22/17	"Two-Way , Not Divided"	Dry	Dark - Lighted	Clear	Unknown	"Yes, M/V and Driver Left Scene"	No Controls	3	1	Incapacitating	NA	41.82041	-71.42678	FALSE	FALSE	"Broadway and America Street, Providence, RI, USA"	FALSE	-71.4273932	41.8220583	route	geometric_center	"america st, providence, ri 02903, usa"	"Broadway & America Street, Providence, RI, USA"	Ei5Ccm9hZHdheSAmIEFtZXJpY2EgU3RyZWV0LCBQcm92aWRlbmNlLCBSSSwgVVNBImYiZAoUChIJfUkS5HRF5IkRyRq3zJw_zvQSFAoSCX1JEuR0ReSJEckat8ycP870GhQKEgmlteWGdUXkiREawjOx16RvsxoUChIJG9WSLHVF5IkRA9aZMV9ct_QiCg16TO0YFcUsbdU	41.8204794	-71.4265403	41.8204794	-71.4265403	Med	21.33339064
1463	2017-11-27	656545	11:25:00	Bicycle	NA	1	FALSE	FALSE	1	WASHINGTON ST	EMPIRE ST	11/27/17	"Two-Way, Divided, Unprotected (painted>4feet) Medium"	Dry	Daylight	Clear	Rear End(Front-to-Rear)	No	No Controls	3	1	Complains Of Pain	NA	41.82198	-71.41624	FALSE	FALSE	"Washington Street and Empire Street, Providence, RI, USA"	FALSE	-71.4157797	41.821349	route	geometric_center	"empire st, providence, ri 02903, usa"	"Washington Street & Empire Street, Providence, RI, USA"	EjZXYXNoaW5ndG9uIFN0cmVldCAmIEVtcGlyZSBTdHJlZXQsIFByb3ZpZGVuY2UsIFJJLCBVU0EiZiJkChQKEgmNpp3sEkXkiRHnvAEsqcaDvRIUChIJjaad7BJF5IkR57wBLKnGg70aFAoSCanazZwSReSJERoH0JajEjT2GhQKEgnHPO_pEkXkiRGhxI4iuiomFSIKDWmC7RgVI7hu1Q	41.8218601	-71.4164189	41.8218601	-71.4164189	Med	19.96012782
1464	2017-11-27	656989	19:35:00	Pedestrian	1	NA	FALSE	FALSE	1	AMERICAN EXPRESS PLZ	FRANCIS ST	11/27/17	"Two-Way , Not Divided"	Dry	Dark - Lighted	Clear	Not a Collision Between Two Motor Vehicles in Transport	"Yes, M/V and Driver Left Scene"	Traffic Control Signal	1	1	Complains Of Pain	NA	41.82744	-71.41526	FALSE	FALSE	"American Express Plz and Francis Street, Providence, RI, USA"	FALSE	-71.4153409	41.8284747	route	geometric_center	"francis st, providence, ri, usa"	NA	NA	NA	NA	41.8284747	-71.4153409	Med	115.3775959
1462	2017-11-28	657194	8:57:00	Pedestrian	1	NA	FALSE	FALSE	1	POTTERS AVE	CRANSTON ST	11/28/17	"Two-Way , Not Divided"	Dry	Daylight	Clear	Head-On (Front - to - Front)	No	No Controls	3	1	Complains Of Pain	2	41.80497	-71.43756	FALSE	FALSE	"Potters Ave and Cranston Street, Providence, RI, USA"	FALSE	-71.4377905	41.8050672	intersection	geometric_center	"potters ave & cranston st, providence, ri 02909, usa"	NA	NA	NA	NA	41.8050672	-71.4377905	Med High	21.97524748
1460	2017-11-29	657979	14:17:00	Pedestrian	1	NA	FALSE	FALSE	1	BROAD ST	SERVICE ROAD 7	11/29/17	"Two-Way , Not Divided"	Dry	Daylight	Clear	Not a Collision Between Two Motor Vehicles in Transport	No	No Controls	2	1	Complains Of Pain	NA	41.81733	-71.41703	FALSE	FALSE	"Broad Street and Service Road 7, Providence, RI, USA"	FALSE	-71.4200451	41.8199608	route	geometric_center	"service rd 1, providence, ri, usa"	"Broad Street & Service Road 7th, Providence, RI, USA"	EjRCcm9hZCBTdHJlZXQgJiBTZXJ2aWNlIFJvYWQgN3RoLCBQcm92aWRlbmNlLCBSSSwgVVNBImYiZAoUChIJbbRukG1F5IkRg0XEjUgVvRgSFAoSCW20bpBtReSJEYNFxI1IFb0YGhQKEgmD3n3VjE_kiREsosqTmEsIoxoUChIJB3h0QnZF5IkRyxFdBkwhBUwiCg0k0-wYFUejbtU	41.8173732	-71.4169529	41.8173732	-71.4169529	Med	8.002597426
1461	2017-11-29	658133	18:37:00	Pedestrian	1	NA	FALSE	FALSE	1	HAWKINS ST	SALINA ST	11/29/17	"Two-Way , Not Divided"	Dry	Dark - Lighted	Cloudy	Unknown	"Yes, M/V and Driver Left Scene"	Stop Signs	1	1	Complains Of Pain	NA	41.84829	-71.4261	FALSE	FALSE	"Hawkins Street and Salina Street, Providence, RI, USA"	FALSE	-71.4260639	41.8483328	intersection	geometric_center	"salina st & hawkins st, providence, ri 02908, usa"	NA	NA	NA	NA	41.8483328	-71.4260639	Med High	5.626852419
1459	2017-11-30	658619	11:10:00	Pedestrian	1	NA	FALSE	FALSE	1	EMPIRE ST	BROAD ST	11/30/17	"Two-Way , Not Divided"	Dry	Daylight	Clear	Not a Collision Between Two Motor Vehicles in Transport	No	Pavement Markings	3	1	Complains Of Pain	NA	41.82013	-71.41441	FALSE	FALSE	"Empire Street and Broad Street, Providence, RI, USA"	FALSE	-71.4143573	41.8200721	intersection	geometric_center	"empire st & broad st, providence, ri 02903, usa"	NA	NA	NA	NA	41.8200721	-71.4143573	Med High	7.788290154
1458	2017-12-02	659779	20:00:00	Pedestrian	1	NA	FALSE	FALSE	1	FRUIT HILL AVE	HUBER AVE	12/2/17	"Two-Way, Divided, Unprotected (painted>4feet) Medium"	Dry	Dark - Lighted	Clear	Not a Collision Between Two Motor Vehicles in Transport	"Yes, M/V and Driver Left Scene"	No Controls	2	1	Complains Of Pain	2	41.83569	-71.4684	FALSE	FALSE	"Fruit Hill Ave and Huber Ave, Providence, RI, USA"	FALSE	-71.4680712	41.8345861	intersection	geometric_center	"huber ave & fruit hill ave, providence, ri 02909, usa"	NA	NA	NA	NA	41.8345861	-71.4680712	Med High	125.8751983
1457	2017-12-03	660043	17:09:00	Bicycle	NA	1	FALSE	FALSE	1	VALLEY ST	TURNER ST	12/3/17	"Two-Way, Divided, Unprotected (painted>4feet) Medium"	Dry	Dusk	Clear	Not a Collision Between Two Motor Vehicles in Transport	"Yes, M/V and Driver Left Scene"	Stop Signs	2	1	Complains Of Pain	NA	41.82598	-71.43889	FALSE	FALSE	"Valley Street and Turner Street, Providence, RI, USA"	FALSE	-71.439007	41.8258638	intersection	geometric_center	"valley st & turner st, providence, ri 02908, usa"	NA	NA	NA	NA	41.8258638	-71.439007	Med High	16.17152085
1455	2017-12-04	660417	13:01:00	Pedestrian	1	NA	FALSE	FALSE	1	BROADWAY	COURTLAND ST	12/4/17	"Two-Way , Not Divided"	Dry	Daylight	Clear	Not a Collision Between Two Motor Vehicles in Transport	No	Pavement Markings	4	1	Complains Of Pain	NA	41.81936	-71.43122	FALSE	FALSE	"Broadway and Courtland Street, Providence, RI, USA"	FALSE	-71.4312276	41.8193752	route	geometric_center	"courtland st, providence, ri 02909, usa"	"Broadway & Courtland Street, Providence, RI, USA"	EjBCcm9hZHdheSAmIENvdXJ0bGFuZCBTdHJlZXQsIFByb3ZpZGVuY2UsIFJJLCBVU0EiZiJkChQKEgkfTP4-nkXkiRHaRpD1HdCAZxIUChIJH0z-Pp5F5IkR2kaQ9R3QgGcaFAoSCaW15YZ1ReSJERrCM7HXpG-zGhQKEgmBJD9HnkXkiREEPU6rEi8kayIKDVgh7RgVrHVs1Q	41.8193752	-71.4312276	41.8193752	-71.4312276	Med	1.805709954
1456	2017-12-04	661095	9:00:00	Pedestrian	1	NA	FALSE	FALSE	1	ADMIRAL ST	HAWKINS ST	12/5/17	"Two-Way , Not Divided"	Dry	Dark - Lighted	Clear	Not a Collision Between Two Motor Vehicles in Transport	"Yes, M/V and Driver Left Scene"	No Controls	1	1	Complains Of Pain	NA	41.84592	-71.42837	FALSE	FALSE	"Admiral Street and Hawkins Street, Providence, RI, USA"	FALSE	-71.4283351	41.8459297	intersection	geometric_center	"admiral st & hawkins st, providence, ri 02908, usa"	NA	NA	NA	NA	41.8459297	-71.4283351	Med High	3.089010267
1451	2017-12-05	661150	16:39:00	Pedestrian	1	NA	FALSE	FALSE	1	HOPE ST	LAURISTON ST	12/5/17	"Two-Way, Divided, Unprotected (painted>4feet) Medium"	Wet	Dark - Lighted	Rain	Not a Collision Between Two Motor Vehicles in Transport	No	Stop Signs	4	1	Complains Of Pain	NA	41.84865	-71.39519	FALSE	FALSE	"Hope Street and Lauriston Street, Providence, RI, USA"	FALSE	-71.3952009	41.8486643	intersection	geometric_center	"hope st & lauriston st, providence, ri 02906, usa"	NA	NA	NA	NA	41.8486643	-71.3952009	Med High	1.830576288
1452	2017-12-05	661159	18:21:00	Pedestrian	1	NA	FALSE	FALSE	1	BROAD ST	MASSACHUSETTS AVE	12/5/17	"Two-Way , Not Divided"	Wet	Dark - Lighted	Rain	Not a Collision Between Two Motor Vehicles in Transport	"Yes, M/V and Driver Left Scene"	No Controls	1	1	Non-Incapacitating	NA	41.78632	-71.40191	FALSE	FALSE	"Broad Street and Massachusetts Ave, Providence, RI, USA"	FALSE	-71.398086	41.7870857	route	geometric_center	"massachusetts ave, providence, ri 02905, usa"	"Broad Street & Massachusetts Ave, Providence, RI, USA"	EjVCcm9hZCBTdHJlZXQgJiBNYXNzYWNodXNldHRzIEF2ZSwgUHJvdmlkZW5jZSwgUkksIFVTQSJmImQKFAoSCSsPeUnsT-SJEa4hPoTYt3L2EhQKEgkrD3lJ7E_kiRGuIT6E2Ldy9hoUChIJg9591YxP5IkRLKLKk5hLCKMaFAoSCaWbFTXuT-SJEd17f4AxeQSKIgoN8BfoGBXn7XDV	41.7863664	-71.4019353	41.7863664	-71.4019353	Med	5.575797263
1453	2017-12-05	661350	20:05:00	Pedestrian	1	NA	FALSE	FALSE	1	WASHINGTON ST	EMPIRE ST	12/5/17	"Two-Way, Divided, Unprotected (painted>4feet) Medium"	Wet	Dark - Lighted	Rain	Head-On (Front - to - Front)	No	Traffic Control Signal	3	1	Complains Of Pain	NA	41.82182	-71.41645	FALSE	FALSE	"Washington Street and Empire Street, Providence, RI, USA"	FALSE	-71.4157797	41.821349	route	geometric_center	"empire st, providence, ri 02903, usa"	"Washington Street & Empire Street, Providence, RI, USA"	EjZXYXNoaW5ndG9uIFN0cmVldCAmIEVtcGlyZSBTdHJlZXQsIFByb3ZpZGVuY2UsIFJJLCBVU0EiZiJkChQKEgmNpp3sEkXkiRHnvAEsqcaDvRIUChIJjaad7BJF5IkR57wBLKnGg70aFAoSCanazZwSReSJERoH0JajEjT2GhQKEgnHPO_pEkXkiRGhxI4iuiomFSIKDWmC7RgVI7hu1Q	41.8218601	-71.4164189	41.8218601	-71.4164189	Med	5.155853918
1454	2017-12-05	661394	18:35:00	Pedestrian	1	NA	FALSE	FALSE	1	GEORGE ST	THAYER ST	12/5/17	"Two-Way, Divided, Unprotected (painted>4feet) Medium"	Wet	Dark - Lighted	Rain	Not a Collision Between Two Motor Vehicles in Transport	No	No Controls	3	1	Complains Of Pain	NA	41.82553	-71.40045	FALSE	FALSE	"George Street and Thayer Street, Providence, RI, USA"	FALSE	-71.4005135	41.8268796	route	geometric_center	"thayer st, providence, ri, usa"	"George Street & Thayer Street, Providence, RI, USA"	EjJHZW9yZ2UgU3RyZWV0ICYgVGhheWVyIFN0cmVldCwgUHJvdmlkZW5jZSwgUkksIFVTQSJmImQKFAoSCUdpPp08ReSJEcUiisIDcbH9EhQKEglHaT6dPEXkiRHFIorCA3Gx_RoUChIJx-okYztF5IkRsmeONi5JlGUaFAoSCVG076s8ReSJEZJMNfXilGkAIgoNUhLuGBV7K3HV	41.8255442	-71.4003589	41.8255442	-71.4003589	Med	7.720567194
1449	2017-12-06	661527	7:00:00	Pedestrian	1	NA	FALSE	FALSE	1	Manton Ave	NA	12/6/17	"Two-Way , Not Divided"	Wet	Dawn	Cloudy	Not a Collision Between Two Motor Vehicles in Transport	"Yes, M/V and Driver Left Scene"	Traffic Control Signal	3	1	Complains Of Pain	3	41.82537	-71.45463	FALSE	TRUE	"Manton Ave, Providence, RI, USA"	FALSE	-71.4570108	41.8257711	route	geometric_center	"manton ave, providence, ri 02909, usa"	NA	NA	NA	NA	41.8257711	-71.4570108	Inaccurate	202.4786814
1450	2017-12-06	661779	17:48:00	Pedestrian	1	NA	FALSE	FALSE	1	SMITH ST	COMMON ST	12/6/17	"Two-Way , Not Divided"	Dry	Dark - Lighted	Cloudy	Not a Collision Between Two Motor Vehicles in Transport	No	Stop Signs	3	1	Complains Of Pain	NA	41.83266	-71.4192	FALSE	FALSE	"Smith Street and Common Street, Providence, RI, USA"	FALSE	-71.4191626	41.8326567	intersection	geometric_center	"common st & smith st, providence, ri 02908, usa"	NA	NA	NA	NA	41.8326567	-71.4191626	Med High	3.123770055
1447	2017-12-10	664475	19:40:00	Pedestrian	1	NA	FALSE	FALSE	1	CHALKSTONE AVE	OAKWOOD AVE	12/11/17	"Two-Way , Not Divided"	Dry	Dark - Lighted	Clear	Other	No	No Controls	3	1	Non-Incapacitating	2	41.83316	-71.45967	FALSE	FALSE	"Chalkstone Ave and Oakwood Ave, Providence, RI, USA"	FALSE	-71.4596342	41.8331662	intersection	geometric_center	"oakwood ave & chalkstone ave, providence, ri 02909, usa"	NA	NA	NA	NA	41.8331662	-71.4596342	Med High	3.04851688
1448	2017-12-10	665445	21:51:00	Pedestrian	1	NA	FALSE	FALSE	1	Westminster St	WESTMINSTER ST EXIT	12/10/17	"Two-Way , Not Divided"	Dry	Daylight	Clear	Not a Collision Between Two Motor Vehicles in Transport	"Yes, M/V and Driver Left Scene"	No Controls	1	1	Complains Of Pain	NA	41.81578	-71.43823	FALSE	FALSE	"Westminster Street and Westminster St Exit, Providence, RI, USA"	FALSE	-71.4257801	41.8171825	route	geometric_center	"westminster st, providence, ri, usa"	NA	NA	NA	NA	41.8171825	-71.4257801	Med	1044.634488
1443	2017-12-12	665496	17:28:00	Bicycle	NA	1	FALSE	FALSE	1	BATTEY ST	W FOUNTAIN ST	12/12/17	"Two-Way, Divided, Unprotected (painted>4feet) Medium"	Wet	Dark - Lighted	Cloudy	Head-On (Front - to - Front)	"Yes, M/V and Driver Left Scene"	Stop Signs	1	1	Non-Incapacitating	NA	41.81861	-71.4248	FALSE	FALSE	"Battey Street and W Fountain Street, Providence, RI, USA"	FALSE	-71.4247962	41.8186127	intersection	geometric_center	"w fountain st & battey st, providence, ri 02903, usa"	NA	NA	NA	NA	41.8186127	-71.4247962	Med High	0.435572901
1444	2017-12-12	665756	21:01:00	Pedestrian	1	NA	FALSE	FALSE	1	GEORGE ST	BROWN ST	12/12/17	"Two-Way , Not Divided"	Dry	Dark - Lighted	Clear	Not a Collision Between Two Motor Vehicles in Transport	No	No Controls	2	1	Complains Of Pain	NA	41.82535	-71.40283	FALSE	FALSE	"George Street and Brown Street, Providence, RI, USA"	FALSE	-71.4034266	41.82934	route	geometric_center	"brown st, providence, ri, usa"	"George Street & Brown Street, Providence, RI, USA"	EjFHZW9yZ2UgU3RyZWV0ICYgQnJvd24gU3RyZWV0LCBQcm92aWRlbmNlLCBSSSwgVVNBImYiZAoUChIJPSHA-DxF5IkRr_LorNZUunsSFAoSCT0hwPg8ReSJEa_y6KzWVLp7GhQKEgnH6iRjO0XkiRGyZ442LkmUZRoUChIJjdFj6CJF5IkRfjtAGSc-nD0iCg0BC-4YFajPcNU	41.8253569	-71.4027096	41.8253569	-71.4027096	Med	10.01705383
1445	2017-12-12	665912	19:50:00	Pedestrian	1	NA	FALSE	FALSE	1	Atwells Ave	DEAN ST	12/13/17	"Two-Way , Not Divided"	Dry	Dark - Lighted	Clear	Not a Collision Between Two Motor Vehicles in Transport	"Yes, M/V and Driver Left Scene"	Traffic Control Signal	2	1	Complains Of Pain	NA	41.82339	-71.4242	FALSE	FALSE	"Atwells Ave and Dean Street, Providence, RI, USA"	FALSE	-71.4242155	41.8234078	intersection	geometric_center	"atwells ave & dean st, providence, ri 02903, usa"	NA	NA	NA	NA	41.8234078	-71.4242155	Med High	2.36211906
1446	2017-12-12	666156	18:22:00	Pedestrian	1	NA	FALSE	FALSE	1	50 KENNEDY PLZ	DORRANCE ST	12/13/17	"Two-Way, Divided, Unprotected (painted>4feet) Medium"	Dry	Dark - Not Lighted	Clear	Not a Collision Between Two Motor Vehicles in Transport	"Yes, M/V and Driver Left Scene"	No Controls	1	0	No Injury	2	41.82425	-71.4122	TRUE	FALSE	"50 Kennedy Plz, Providence, RI, USA"	FALSE	-71.4105943	41.8248966	premise	rooftop	"50 kennedy plaza, 50 kennedy plaza, providence, ri 02903, usa"	NA	NA	NA	NA	41.8248966	-71.4105943	High	151.403818
1442	2017-12-14	666520	11:07:00	Pedestrian	1	NA	FALSE	FALSE	1	10 PARK ROW	NA	12/14/17	"Two-Way , Not Divided"	Snow	Daylight	Snow	Other	No	No Controls	3	1	Non-Incapacitating	NA	41.83618	-71.41545	TRUE	TRUE	"10 Park Row, Providence, RI, USA"	FALSE	-71.411454	41.828997	street_address	rooftop	"10 park row, providence, ri 02903, usa"	NA	NA	NA	NA	41.828997	-71.411454	High	865.5792989
1440	2017-12-18	668981	11:55:00	Pedestrian	1	NA	FALSE	FALSE	1	Trask Street	EDDY ST	12/18/17	"Two-Way , Not Divided"	Dry	Daylight	Clear	Not a Collision Between Two Motor Vehicles in Transport	No	Stop Signs	4	0	No Injury	NA	41.8052	-71.40714	FALSE	FALSE	"Trask Street and Eddy Street, Providence, RI, USA"	FALSE	-71.4071353	41.805202	intersection	geometric_center	"trask st & eddy st, providence, ri 02905, usa"	NA	NA	NA	NA	41.805202	-71.4071353	Med High	0.449076978
1441	2017-12-18	669271	20:40:00	Pedestrian	1	NA	FALSE	FALSE	1	STAR ST	North Main Street	12/18/17	One-Way Trafficway	Wet	Dark - Lighted	Clear	Not a Collision Between Two Motor Vehicles in Transport	No	Stop Signs	2	1	Complains Of Pain	NA	41.83195	-71.41052	FALSE	FALSE	"Star Street and North Main Street, Providence, RI, USA"	FALSE	-71.5479058	41.7335481	route	geometric_center	"n main st, rhode island, usa"	"Star Street & North Main Street, Providence, RI, USA"	EjRTdGFyIFN0cmVldCAmIE5vcnRoIE1haW4gU3RyZWV0LCBQcm92aWRlbmNlLCBSSSwgVVNBImYiZAoUChIJ0ysWbRlF5IkR2aJxrDBWyywSFAoSCdMrFm0ZReSJEdmicawwVsssGhQKEgkfgb4WGUXkiRHRU6iafALwehoUChIJ-fpBPd5E5IkRX9etvg1cIz8iCg2gDO8YFSCZb9U	41.831952	-71.4106592	41.831952	-71.4106592	Med	11.54803737
1439	2017-12-19	669669	17:20:00	Pedestrian	1	NA	FALSE	FALSE	1	711 Broad Street	PUBLIC ST	12/19/17	"Two-Way , Not Divided"	Dry	Dark - Lighted	Clear	Not a Collision Between Two Motor Vehicles in Transport	No	No Controls	2	1	Complains Of Pain	NA	41.80448	-71.41937	TRUE	FALSE	"711 Broad Street, Providence, RI, USA"	FALSE	-71.4198683	41.8046069	premise	rooftop	"711 broad st, providence, ri 02907, usa"	NA	NA	NA	NA	41.8046069	-71.4198683	High	43.69549041
1438	2017-12-21	670891	16:57:00	Bicycle	NA	1	FALSE	FALSE	1	HARRIS AVE	ATWELLS AVE	12/21/17	"Two-Way, Divided, Positive Median Barrier"	Dry	Dark - Lighted	Clear	Not a Collision Between Two Motor Vehicles in Transport	No	Traffic Control Signal	3	1	Non-Incapacitating	2	41.82451	-71.43532	FALSE	FALSE	"Harris Ave and Atwells Ave, Providence, RI, USA"	FALSE	-71.4354014	41.8244572	intersection	geometric_center	"atwells ave & harris ave, providence, ri 02909, usa"	NA	NA	NA	NA	41.8244572	-71.4354014	Med High	8.952260885
1437	2017-12-27	673142	19:01:00	Pedestrian	1	NA	FALSE	FALSE	1	KENNEDY PLZ	ARCADE ST	12/27/17	"Two-Way, Divided, Unprotected (painted>4feet) Medium"	Dry	Dark - Lighted	Clear	Not a Collision Between Two Motor Vehicles in Transport	"Yes, M/V and Driver Left Scene"	Pavement Markings	1	1	Non-Incapacitating	2	41.82481	-71.41146	FALSE	FALSE	"Kennedy Plz and Arcade Street, Providence, RI, USA"	FALSE	-71.4116574	41.8246057	intersection	geometric_center	"kennedy plaza & arcade st, providence, ri 02903, usa"	NA	NA	NA	NA	41.8246057	-71.4116574	Med High	28.02443843
1436	2018-01-02	675267	16:59:00	Pedestrian	2	NA	FALSE	FALSE	1	HARRIS AVE	PROVIDENCE PLACE	1/2/18	One-Way Trafficway	Snow	Dark - Lighted	Clear	Not a Collision Between Two Motor Vehicles in Transport	No	No Controls	3	2	Complains Of Pain	1	41.82779	-71.41904	FALSE	FALSE	"Harris Ave and Providence Place, Providence, RI, USA"	FALSE	-71.4190148	41.827801	intersection	geometric_center	"providence pl & harris ave, providence, ri 02903, usa"	NA	NA	NA	NA	41.827801	-71.4190148	Med High	2.422593078