row_number	crash_date	crash_report_id	crash_time	collision_type	count_pedestrian	count_bicycle	scooter	wheel_chair	number_of_vehicles	street_or_highway	nearest_intersection	report_date	type_of_roadway	road_surface_condition	light_condition	weather_condition	manner_of_impact	hit_and_run	traffic_control	person_count	injury_count	most_serious_injury	number_of_lanes	lat_raw	lon_raw	has_st_number	is_intersection_null	address_sent_to_geocoder	is_address_blank	lon_api_first_try	lat_api_first_try	type	loctype	address_returned_by_geocoder	address_returned_by_autocomplete	place_ids_autocompleted	lat_api_second_try	lon_api_second_try	lat_api_best	lon_api_best	api_coord_conf	distance_btwn_coords_meters
1389	2018-03-02	702124	13:20:00	Pedestrian	1	NA	FALSE	FALSE	1	BROAD ST	BROAD ST	3/2/18	"Two-Way , Not Divided"	Wet	Daylight	Rain	Not a Collision Between Two Motor Vehicles in Transport	No	No Controls	3	1	Non-Incapacitating	NA	41.79692	-71.41307	FALSE	FALSE	"Broad Street and Broad Street, Providence, RI, USA"	FALSE	-71.4101636	41.7945838	route	geometric_center	"broad st, providence, ri, usa"	NA	NA	NA	NA	41.7945838	-71.4101636	Med	354.7029467
1390	2018-03-02	702183	19:07:00	Pedestrian	1	NA	FALSE	FALSE	1	BROADWAY	HARKNESS ST	3/2/18	"Two-Way , Not Divided"	Wet	Dark - Lighted	Clear	Not a Collision Between Two Motor Vehicles in Transport	No	No Controls	3	1	Complains Of Pain	NA	41.81862	-71.43441	FALSE	FALSE	"Broadway and Harkness Street, Providence, RI, USA"	FALSE	-71.4342157	41.817629	route	geometric_center	"harkness st, providence, ri 02909, usa"	"Broadway & Harkness Street, Providence, RI, USA"	Ei9Ccm9hZHdheSAmIEhhcmtuZXNzIFN0cmVldCwgUHJvdmlkZW5jZSwgUkksIFVTQSJmImQKFAoSCUUJH6CeReSJEUmYqvf4kVMwEhQKEglFCR-gnkXkiRFJmKr3-JFTMBoUChIJpbXlhnVF5IkRGsIzsdekb7MaFAoSCXVuAj-cReSJEfxhqrd2fHOhIgoNZQTtGBVf-WvV	41.8186341	-71.4344097	41.8186341	-71.4344097	Med	1.569802131
1391	2018-03-02	702324	21:16:00	Pedestrian	1	NA	FALSE	FALSE	1	Cranston St	DEXTER ST	3/2/18	"Two-Way , Not Divided"	Wet	Dark - Lighted	Rain	Not a Collision Between Two Motor Vehicles in Transport	"Yes, M/V and Driver Left Scene"	No Controls	1	1	Complains Of Pain	NA	41.81259	-71.42961	FALSE	FALSE	"Cranston Street and Dexter Street, Providence, RI, USA"	FALSE	-71.429588	41.8126029	intersection	geometric_center	"cranston st & dexter st, providence, ri 02907, usa"	NA	NA	NA	NA	41.8126029	-71.429588	Med High	2.322498462
1388	2018-03-03	702484	13:09:00	Pedestrian	1	NA	FALSE	FALSE	1	Angel St	BENEFIT ST	3/3/18	"Two-Way , Not Divided"	Dry	Daylight	Clear	Not a Collision Between Two Motor Vehicles in Transport	"Yes, M/V and Driver Left Scene"	Traffic Control Signal	3	1	Complains Of Pain	2	41.82725	-71.40751	FALSE	FALSE	"Angel Street and Benefit Street, Providence, RI, USA"	FALSE	-71.4076581	41.827518	intersection	geometric_center	"benefit st & angell st, providence, ri 02903, usa"	NA	NA	NA	NA	41.827518	-71.4076581	Med High	32.26399994
1386	2018-03-04	702707	2:48:00	Pedestrian	2	NA	FALSE	FALSE	1	MESSER ST	CRANSTON ST	3/4/18	"Two-Way , Not Divided"	Dry	Dark - Lighted	Cloudy	Not a Collision Between Two Motor Vehicles in Transport	"Yes, M/V and Driver Left Scene"	No Controls	2	0	No Injury	NA	41.80963	-71.43345	FALSE	FALSE	"Messer Street and Cranston Street, Providence, RI, USA"	FALSE	-71.4334345	41.809637	intersection	geometric_center	"cranston st & messer st, providence, ri 02907, usa"	NA	NA	NA	NA	41.809637	-71.4334345	Med High	1.503740757
1387	2018-03-04	702989	19:10:00	Pedestrian	1	NA	FALSE	FALSE	1	Parade St	HOLLYWOOD RD	3/4/18	"Two-Way , Not Divided"	Dry	Dark - Lighted	Clear	Not a Collision Between Two Motor Vehicles in Transport	No	Pavement Markings	4	1	Incapacitating	NA	41.81576	-71.43309	FALSE	FALSE	"Parade Street and Hollywood Rd, Providence, RI, USA"	FALSE	-71.4330967	41.8157933	intersection	geometric_center	"hollywood rd & parade st, providence, ri 02909, usa"	NA	NA	NA	NA	41.8157933	-71.4330967	Med High	3.748384694
1385	2018-03-06	703644	15:50:00	Pedestrian	1	NA	FALSE	FALSE	1	REGENT AVE	HAROLD ST	3/6/18	"Two-Way , Not Divided"	Dry	Daylight	Clear	Not a Collision Between Two Motor Vehicles in Transport	"Yes, M/V and Driver Left Scene"	Stop Signs	1	1	Complains Of Pain	NA	41.82972	-71.4387	FALSE	FALSE	"Regent Ave and Harold Street, Providence, RI, USA"	FALSE	-71.4387133	41.8297388	intersection	geometric_center	"harold st & regent ave, providence, ri 02908, usa"	NA	NA	NA	NA	41.8297388	-71.4387133	Med High	2.365775303
1383	2018-03-07	704051	13:21:00	Pedestrian	1	NA	FALSE	FALSE	1	NARRAGANSETT BLVD	WASHINGTON AVE	3/7/18	"Two-Way , Not Divided"	Wet	Daylight	Rain	Not a Collision Between Two Motor Vehicles in Transport	No	No Controls	3	1	Complains Of Pain	NA	41.78823	-71.39574	FALSE	FALSE	"Narragansett Blvd and Washington Ave, Providence, RI, USA"	FALSE	-71.3957084	41.7881718	intersection	geometric_center	"washington ave & narragansett blvd, providence, ri 02905, usa"	NA	NA	NA	NA	41.7881718	-71.3957084	Med High	6.989568624
1384	2018-03-07	704252	19:48:00	Pedestrian	1	NA	FALSE	FALSE	1	THURBERS AVE	BROAD ST	3/7/18	"Two-Way , Not Divided"	Snow	Dark - Lighted	Snow	Other	No	No Controls	2	1	Complains Of Pain	NA	41.79822	-71.41453	FALSE	FALSE	"Thurbers Ave and Broad Street, Providence, RI, USA"	FALSE	-71.4146641	41.7982024	intersection	geometric_center	"thurbers ave & broad st, providence, ri 02905, usa"	NA	NA	NA	NA	41.7982024	-71.4146641	Med High	11.29987984
1382	2018-03-08	704642	18:04:00	Pedestrian	1	NA	FALSE	FALSE	1	COLLEGE ST	BENEFIT ST	3/8/18	"Two-Way , Not Divided"	Dry	Dusk	Cloudy	Other	"Yes, M/V and Driver Left Scene"	Pavement Markings	4	1	Complains Of Pain	NA	41.826	-71.40683	FALSE	FALSE	"College Street and Benefit Street, Providence, RI, USA"	FALSE	-71.4068354	41.8260134	route	geometric_center	"benefit st, providence, ri, usa"	"College Street & Benefit Street, Providence, RI, USA"	EjRDb2xsZWdlIFN0cmVldCAmIEJlbmVmaXQgU3RyZWV0LCBQcm92aWRlbmNlLCBSSSwgVVNBImYiZAoUChIJT1PH0hdF5IkRsjAAs9BpeJgSFAoSCU9Tx9IXReSJEbIwALPQaXiYGhQKEgnR5cstFkXkiRH1TvxbNfBkPhoUChIJedk4CD1F5IkRxfbmqgrCUioiCg2mJO4YFX4ucNU	41.8260134	-71.4068354	41.8260134	-71.4068354	Med	1.557486837
1381	2018-03-10	705343	20:10:00	Pedestrian	1	NA	FALSE	FALSE	1	atwells ave	STEUBEN ST	3/10/18	"Two-Way, Divided, Unprotected (painted>4feet) Medium"	Dry	Dark - Lighted	Clear	Other	"Yes, M/V and Driver Left Scene"	Person	1	1	Complains Of Pain	NA	41.82508	-71.44905	FALSE	FALSE	"Atwells Ave and Steuben Street, Providence, RI, USA"	FALSE	-71.4493409	41.8251	intersection	geometric_center	"atwells ave & steuben st, providence, ri 02909, usa"	NA	NA	NA	NA	41.8251	-71.4493409	Med High	24.23366373
1378	2018-03-12	705961	0:14:00	Other	NA	NA	FALSE	FALSE	1	BROADWAY	DEAN ST	3/12/18	"Two-Way , Not Divided"	Dry	Dark - Lighted	Clear	Other	No	Flashing Traffic Control Signal	2	1	Non-Incapacitating	2	41.82139	-71.42258	FALSE	FALSE	"Broadway and Dean Street, Providence, RI, USA"	FALSE	-71.4242155	41.8234078	route	geometric_center	"dean st, providence, ri, usa"	"Broadway & Dean Street, Providence, RI, USA"	EitCcm9hZHdheSAmIERlYW4gU3RyZWV0LCBQcm92aWRlbmNlLCBSSSwgVVNBImYiZAoUChIJCcRZtQxF5IkRWJynngBsfzMSFAoSCQnEWbUMReSJEVicp54AbH8zGhQKEgmlteWGdUXkiREawjOx16RvsxoUChIJWwZsfgxF5IkRyLSf36DnQOQiCg38cO0YFWLJbdU	41.821414	-71.422531	41.821414	-71.422531	Med	4.864326946
1379	2018-03-12	706008	7:31:00	Pedestrian	1	NA	FALSE	FALSE	1	CHARLES ST	LEDGE ST	3/12/18	"Two-Way , Not Divided"	Dry	Daylight	Clear	Not a Collision Between Two Motor Vehicles in Transport	No	No Controls	5	1	Complains Of Pain	NA	41.85335	-71.42046	FALSE	FALSE	"Charles Street and Ledge Street, Providence, RI, USA"	FALSE	-71.4164713	41.8538765	route	geometric_center	"ledge st, providence, ri 02904, usa"	"Charles Street & Ledge Street, Providence, RI, USA"	EjJDaGFybGVzIFN0cmVldCAmIExlZGdlIFN0cmVldCwgUHJvdmlkZW5jZSwgUkksIFVTQSJmImQKFAoSCb-kYqPxROSJEU77EuvE6CszEhQKEgm_pGKj8UTkiRFO-xLrxOgrMxoUChIJdQvObPFE5IkRy2TLLjVV_TIaFAoSCT_xOnPuROSJEZQVmiAl9zyqIgoNn0jyGBWLHG7V	41.8531487	-71.4204021	41.8531487	-71.4204021	Med	22.91712358
1380	2018-03-12	706159	13:54:00	Pedestrian	1	NA	FALSE	FALSE	1	ATLANTIC AVE	NIAGARA ST	3/12/18	"Two-Way , Not Divided"	Dry	Daylight	Clear	Not a Collision Between Two Motor Vehicles in Transport	"Yes, M/V and Driver Left Scene"	No Controls	2	1	Complains Of Pain	NA	41.79925	-71.41661	FALSE	FALSE	"Atlantic Ave and Niagara Street, Providence, RI, USA"	FALSE	-71.4186449	41.7986319	intersection	geometric_center	"atlantic ave & niagara st, providence, ri 02907, usa"	NA	NA	NA	NA	41.7986319	-71.4186449	Med High	182.3506688
1377	2018-03-14	707593	23:55:00	Pedestrian	1	NA	FALSE	FALSE	1	SOMERSET ST	BROAD ST	3/15/18	"Two-Way , Not Divided"	Wet	Dark - Lighted	Cloudy	Other	No	No Controls	4	1	Incapacitating	2	41.81332	-71.42129	FALSE	FALSE	"Somerset Street and Broad Street, Providence, RI, USA"	FALSE	-71.4128343	41.8239891	locality	approximate	"providence, ri, usa"	"Somerset Street & Broad Street, Providence, RI, USA"	EjNTb21lcnNldCBTdHJlZXQgJiBCcm9hZCBTdHJlZXQsIFByb3ZpZGVuY2UsIFJJLCBVU0EiZiJkChQKEgkL8cb6cEXkiRFbmigrIHJHkRIUChIJC_HG-nBF5IkRW5ooKyByR5EaFAoSCevDHxlwReSJEcOvKHyw6CVNGhQKEgmD3n3VjE_kiREsosqTmEsIoyIKDT067BgVsO5t1Q	41.8134589	-71.421576	41.8134589	-71.421576	Med	28.32224038
1376	2018-03-17	709180	1:53:00	Pedestrian	1	NA	FALSE	FALSE	1	ACORN ST	ATWELLS AVE	3/17/18	"Two-Way , Not Divided"	Dry	Dark - Lighted	Clear	Other	"Yes, M/V and Driver Left Scene"	No Controls	4	1	Complains Of Pain	2	41.82385	-71.42801	FALSE	FALSE	"Acorn Street and Atwells Ave, Providence, RI, USA"	FALSE	-71.4280552	41.8236891	intersection	geometric_center	"acorn st & atwells ave, providence, ri 02903, usa"	NA	NA	NA	NA	41.8236891	-71.4280552	Med High	18.29956843
1375	2018-03-20	711110	18:15:00	Bicycle	NA	1	FALSE	FALSE	1	BERGEN ST	ANDEM ST	3/21/18	"Two-Way , Not Divided"	Dry	Dark - Lighted	Clear	Not a Collision Between Two Motor Vehicles in Transport	"Yes, M/V and Driver Left Scene"	Stop Signs	1	1	Complains Of Pain	NA	41.83078	-71.43984	FALSE	FALSE	"Bergen Street and Andem Street, Providence, RI, USA"	FALSE	-71.439842	41.83078	intersection	geometric_center	"bergen st & andem st, providence, ri 02908, usa"	NA	NA	NA	NA	41.83078	-71.439842	Med High	0.165892273
1374	2018-03-21	711316	16:26:00	Pedestrian	1	NA	FALSE	FALSE	1	881 WESTMINSTER ST	NA	3/21/18	"Two-Way , Not Divided"	Wet	Daylight	Snow	Not a Collision Between Two Motor Vehicles in Transport	No	No Controls	4	1	Complains Of Pain	2	41.81737	-71.42278	TRUE	TRUE	"881 Westminster Street, Providence, RI, USA"	FALSE	-71.4227003	41.8176757	street_address	rooftop	"881 westminster st, providence, ri 02903, usa"	NA	NA	NA	NA	41.8176757	-71.4227003	High	34.66679738
1373	2018-03-26	713019	18:01:00	Bicycle	NA	1	FALSE	FALSE	1	159 WEYBOSSET ST	NA	3/26/18	"Two-Way , Not Divided"	Dry	Daylight	Clear	Not a Collision Between Two Motor Vehicles in Transport	No	No Controls	5	1	Complains Of Pain	2	41.82249	-71.41157	TRUE	TRUE	"159 Weybosset Street, Providence, RI, USA"	FALSE	-71.4118003	41.8225458	premise	rooftop	"159 weybosset st, providence, ri 02903, usa"	NA	NA	NA	NA	41.8225458	-71.4118003	High	20.08939614
1372	2018-03-27	713626	17:39:00	Pedestrian	1	NA	FALSE	FALSE	1	Dean Street	BROADWAY	3/27/18	"Two-Way, Divided, Unprotected (painted>4feet) Medium"	Dry	Daylight	Clear	Not a Collision Between Two Motor Vehicles in Transport	No	No Controls	2	1	Non-Incapacitating	2	41.82133	-71.42247	FALSE	FALSE	"Dean Street and Broadway, Providence, RI, USA"	FALSE	-71.422531	41.821414	intersection	geometric_center	"dean st & broadway, providence, ri 02903, usa"	NA	NA	NA	NA	41.821414	-71.422531	Med High	10.63232763
1371	2018-03-30	714851	12:53:00	Pedestrian	1	NA	FALSE	FALSE	1	SALMON ST	MANTON AVE	3/30/18	"Two-Way , Not Divided"	Dry	Daylight	Clear	Not a Collision Between Two Motor Vehicles in Transport	No	Pavement Markings	3	1	Complains Of Pain	NA	41.82521	-71.45405	FALSE	FALSE	"Salmon Street and Manton Ave, Providence, RI, USA"	FALSE	-71.4539247	41.8251097	intersection	geometric_center	"salmon st & manton ave, providence, ri 02909, usa"	NA	NA	NA	NA	41.8251097	-71.4539247	Med High	15.25455605
1369	2018-04-02	715753	12:00:00	Pedestrian	1	NA	FALSE	FALSE	1	ELM ST	EDDY ST	4/2/18	"Two-Way , Not Divided"	Wet	Daylight	"Sleet, Hail (Freezing Rain or Drizzle)"	Other	No	No Controls	4	1	Non-Incapacitating	NA	41.81825	-71.40748	FALSE	FALSE	"Elm Street and Eddy Street, Providence, RI, USA"	FALSE	-71.4072274	41.8059506	route	geometric_center	"eddy st, providence, ri, usa"	"Elm Street & Eddy Street, Providence, RI, USA"	Ei1FbG0gU3RyZWV0ICYgRWRkeSBTdHJlZXQsIFByb3ZpZGVuY2UsIFJJLCBVU0EiZiJkChQKEgk30H23akXkiRHHyJmHGhfFLxIUChIJN9B9t2pF5IkRx8iZhxoXxS8aFAoSCTetlBxrReSJEdFjUH7rFNSdGhQKEgk7THgZZ0XkiRFtx11RWtRKyCIKDfT17BgVSxZw1Q	41.8182644	-71.4074549	41.8182644	-71.4074549	Med	2.627891668
1370	2018-04-02	715886	15:11:00	Pedestrian	1	NA	FALSE	FALSE	1	BROADWAY	SERVICE ROAD 8	4/2/18	"Two-Way , Not Divided"	Dry	Daylight	Clear	Not a Collision Between Two Motor Vehicles in Transport	No	Traffic Control Signal	3	1	Complains Of Pain	NA	41.82212	-71.41976	FALSE	FALSE	"Broadway and Service Road 8, Providence, RI, USA"	FALSE	-71.391257	41.7939064	street_address	range_interpolated	"8 service rd, providence, ri 02905, usa"	NA	NA	NA	NA	41.7939064	-71.391257	Med High	3931.618819
1368	2018-04-03	716182	13:01:00	Pedestrian	1	NA	FALSE	FALSE	1	S MAIN ST	COLLEGE ST	4/3/18	One-Way Trafficway	Dry	Daylight	Cloudy	Not a Collision Between Two Motor Vehicles in Transport	No	Pavement Markings	2	1	Complains Of Pain	NA	41.82528	-71.40756	FALSE	FALSE	"S Main Street and College Street, Providence, RI, USA"	FALSE	-71.4078251	41.8256787	intersection	geometric_center	"s main st & college st, providence, ri 02903, usa"	NA	NA	NA	NA	41.8256787	-71.4078251	Med High	49.53236305
1366	2018-04-06	717576	14:55:00	Pedestrian	1	NA	FALSE	FALSE	1	BROAD ST	BROAD ST	4/6/18	"Two-Way, Divided, Unprotected (painted>4feet) Medium"	Wet	Daylight	Snow	Not a Collision Between Two Motor Vehicles in Transport	"Yes, M/V and Driver Left Scene"	Pavement Markings	2	1	Complains Of Pain	NA	41.80572	-71.41978	FALSE	FALSE	"Broad Street and Broad Street, Providence, RI, USA"	FALSE	-71.4101636	41.7945838	route	geometric_center	"broad st, providence, ri, usa"	NA	NA	NA	NA	41.7945838	-71.4101636	Med	1474.327094
1367	2018-04-06	717770	20:09:00	Pedestrian	1	NA	FALSE	FALSE	1	DOUGLAS AVE	DOUGLAS AVE	4/6/18	"Two-Way , Not Divided"	Wet	Dark - Lighted	Cloudy	Not a Collision Between Two Motor Vehicles in Transport	No	No Controls	2	1	Complains Of Pain	NA	41.83567	-71.41871	FALSE	FALSE	"Douglas Ave and Douglas Ave, Providence, RI, USA"	FALSE	-71.4649957	41.8715442	intersection	geometric_center	"douglas turnpike & douglas ave, north providence, ri 02904, usa"	NA	NA	NA	NA	41.8715442	-71.4649957	Med High	5538.692898
1365	2018-04-11	720016	21:46:00	Pedestrian	1	NA	FALSE	FALSE	1	HAGAN ST	Charles St	4/11/18	"Two-Way , Not Divided"	Dry	Dark - Lighted	Clear	Not a Collision Between Two Motor Vehicles in Transport	No	Stop Signs	3	1	Complains Of Pain	NA	41.85707	-71.42112	FALSE	FALSE	"Hagan Street and Charles Street, Providence, RI, USA"	FALSE	-71.4211236	41.8570841	intersection	geometric_center	"charles st & hagan st, providence, ri 02904, usa"	NA	NA	NA	NA	41.8570841	-71.4211236	Med High	1.597733278
1364	2018-04-12	720530	15:29:00	Pedestrian	1	NA	FALSE	FALSE	1	Althea St	Union Ave	4/12/18	"Two-Way, Divided, Unprotected (painted>4feet) Medium"	Dry	Daylight	Clear	Not a Collision Between Two Motor Vehicles in Transport	No	No Controls	2	1	Complains Of Pain	NA	41.80934	-71.43873	FALSE	FALSE	"Althea Street and Union Ave, Providence, RI, USA"	FALSE	-71.4384298	41.8092666	intersection	geometric_center	"althea st & union ave, providence, ri 02909, usa"	NA	NA	NA	NA	41.8092666	-71.4384298	Med High	26.21469545
1363	2018-04-14	721313	12:09:00	Pedestrian	1	NA	FALSE	FALSE	1	1010 CHALKSTONE AVENUE	TIFFANY ST	4/14/18	"Two-Way , Not Divided"	Dry	Daylight	Clear	Other	No	No Controls	2	1	Complains Of Pain	NA	41.83226	-71.44098	TRUE	FALSE	"1010 Chalkstone Avenue, Providence, RI, USA"	FALSE	-71.4412326	41.8320232	premise	rooftop	"1010 chalkstone ave, providence, ri 02908, usa"	NA	NA	NA	NA	41.8320232	-71.4412326	High	33.67267991
1362	2018-04-17	722323	14:42:00	Pedestrian	1	NA	FALSE	FALSE	1	291 Thayer st	CUSHING ST	4/17/18	One-Way Trafficway	Dry	Daylight	Clear	Not a Collision Between Two Motor Vehicles in Transport	No	Stop Signs	2	1	Complains Of Pain	NA	41.83	-71.4009	TRUE	FALSE	"291 Thayer Street, Providence, RI, USA"	FALSE	-71.4006427	41.8299213	premise	rooftop	"291 thayer st, providence, ri 02906, usa"	NA	NA	NA	NA	41.8299213	-71.4006427	High	23.07047373
1361	2018-04-22	724088	13:23:00	Pedestrian	1	NA	FALSE	FALSE	1	DOUGLAS AVE	WAYNE ST	4/22/18	"Two-Way , Not Divided"	Dry	Daylight	Clear	Not a Collision Between Two Motor Vehicles in Transport	No	No Controls	3	1	Non-Incapacitating	NA	41.83594	-71.41935	FALSE	FALSE	"Douglas Ave and Wayne Street, Providence, RI, USA"	FALSE	-71.419648	41.8360754	intersection	geometric_center	"wayne st & douglas ave, providence, ri 02908, usa"	NA	NA	NA	NA	41.8360754	-71.419648	Med High	28.94930474
1359	2018-04-23	724379	13:39:00	Pedestrian	1	NA	FALSE	FALSE	1	BROAD ST	ADELAIDE AVE	4/23/18	"Two-Way , Not Divided"	Dry	Dark - Lighted	Clear	Not a Collision Between Two Motor Vehicles in Transport	"Yes, M/V and Driver Left Scene"	No Controls	1	1	Complains Of Pain	NA	41.79874	-71.41534	FALSE	FALSE	"Broad Street and Adelaide Ave, Providence, RI, USA"	FALSE	-71.4229955	41.7965181	route	geometric_center	"adelaide ave, providence, ri 02907, usa"	"Broad Street & Adelaide Ave, Providence, RI, USA"	EjBCcm9hZCBTdHJlZXQgJiBBZGVsYWlkZSBBdmUsIFByb3ZpZGVuY2UsIFJJLCBVU0EiZiJkChQKEgmHmKxWiE_kiRHEyK6zP1G3PRIUChIJh5isVohP5IkRxMiusz9Rtz0aFAoSCYPefdWMT-SJESyiypOYSwijGhQKEgn7ze1zhE_kiRG6QeI0WTshsiIKDUkA6hgV2dxu1Q	41.7988681	-71.4154791	41.7988681	-71.4154791	Med	18.34672598
1360	2018-04-23	724398	15:19:00	Pedestrian	1	NA	FALSE	FALSE	1	235 Eaton St	RADCLIFFE AVE	4/23/18	"Two-Way , Not Divided"	Dry	Daylight	Clear	Not a Collision Between Two Motor Vehicles in Transport	No	No Controls	3	1	Complains Of Pain	NA	41.84115	-71.43001	TRUE	FALSE	"235 Eaton Street, Providence, RI, USA"	FALSE	-71.436298	41.8418768	street_address	rooftop	"235 eaton st, providence, ri 02908, usa"	NA	NA	NA	NA	41.8418768	-71.436298	High	527.7168605
1358	2018-04-24	724893	7:23:00	Pedestrian	1	NA	FALSE	FALSE	1	POWER ST	THAYER ST	4/24/18	"Two-Way , Not Divided"	Dry	Daylight	Clear	Not a Collision Between Two Motor Vehicles in Transport	No	Pavement Markings	3	1	Complains Of Pain	NA	41.82296	-71.39996	FALSE	FALSE	"Power Street and Thayer Street, Providence, RI, USA"	FALSE	-71.4000173	41.8229706	intersection	geometric_center	"thayer st & power st, providence, ri 02912, usa"	NA	NA	NA	NA	41.8229706	-71.4000173	Med High	4.897664862
1355	2018-04-26	725871	11:15:00	Pedestrian	1	NA	FALSE	FALSE	1	PLAINFIELD ST	EDNA ST	4/26/18	"Two-Way, Divided, Positive Median Barrier"	Dry	Daylight	Clear	Other	No	Traffic Control Signal	3	1	Complains Of Pain	NA	41.81592	-71.44513	FALSE	FALSE	"Plainfield Street and Edna Street, Providence, RI, USA"	FALSE	-71.4455457	41.8156785	intersection	geometric_center	"plainfield st & edna st, providence, ri 02909, usa"	NA	NA	NA	NA	41.8156785	-71.4455457	Med High	43.72878654
1356	2018-04-26	725895	16:13:00	Bicycle	NA	1	FALSE	FALSE	1	718 PLAINFIELD ST	NA	4/26/18	"Two-Way , Not Divided"	Dry	Daylight	Clear	Not a Collision Between Two Motor Vehicles in Transport	No	No Controls	2	1	Complains Of Pain	2	41.81124	-71.46197	TRUE	TRUE	"718 Plainfield Street, Providence, RI, USA"	FALSE	-71.4617709	41.8110488	premise	rooftop	"718 plainfield st, providence, ri 02909, usa"	NA	NA	NA	NA	41.8110488	-71.4617709	High	26.94289115
1357	2018-04-26	726183	19:34:00	Bicycle	NA	1	FALSE	FALSE	1	EAST DR	GENERAL ST	4/26/18	"Two-Way , Not Divided"	Dry	Dark - Lighted	Clear	Not a Collision Between Two Motor Vehicles in Transport	"Yes, M/V and Driver Left Scene"	No Controls	2	1	Complains Of Pain	NA	41.85324	-71.44271	FALSE	FALSE	"East Dr and General Street, Providence, RI, USA"	FALSE	-71.442604	41.853462	route	geometric_center	"general st, providence, ri, usa"	"East Dr & General Street, Providence, RI, USA"	Ei1FYXN0IERyICYgR2VuZXJhbCBTdHJlZXQsIFByb3ZpZGVuY2UsIFJJLCBVU0EiZiJkChQKEgnnipL3T0TkiRGmaku_BabYSBIUChIJ54qS909E5IkRpmpLvwWm2EgaFAoSCYnHNJVPROSJEWCa9HBzDZ2OGhQKEgntV2L2T0TkiRG5nQC9Pwo3_yIKDdxU8hgVSLlq1Q	41.853462	-71.442604	41.853462	-71.442604	Med	26.2293464
1354	2018-04-27	726283	11:00:00	Pedestrian	1	NA	FALSE	FALSE	1	FULTON ST	DORRANCE ST	4/27/18	"Two-Way , Not Divided"	Dry	Daylight	Clear	Not a Collision Between Two Motor Vehicles in Transport	No	Traffic Control Signal	5	1	Complains Of Pain	NA	41.82413	-71.41236	FALSE	FALSE	"Fulton Street and Dorrance Street, Providence, RI, USA"	FALSE	-71.4113407	41.8233534	route	geometric_center	"dorrance st, providence, ri 02903, usa"	"Fulton Street & Dorrance Street, Providence, RI, USA"	EjRGdWx0b24gU3RyZWV0ICYgRG9ycmFuY2UgU3RyZWV0LCBQcm92aWRlbmNlLCBSSSwgVVNBImYiZAoUChIJf0Y9-RNF5IkRa402C95i2d0SFAoSCX9GPfkTReSJEWuNNgveYtndGhQKEgmV_SepFkXkiRFnZiyNOi8BiRoUChIJpfpicxRF5IkR4zxQTjprQnQiCg1O2-0YFQlYb9U	41.8241358	-71.4123255	41.8241358	-71.4123255	Med	2.933864658
1353	2018-04-28	726550	12:37:00	Pedestrian	1	NA	FALSE	FALSE	1	BROAD ST	OXFORD ST	4/29/18	"Two-Way , Not Divided"	Dry	Daylight	Clear	Not a Collision Between Two Motor Vehicles in Transport	No	No Controls	3	1	Complains Of Pain	NA	41.79962	-71.41642	FALSE	FALSE	"Broad Street and Oxford Street, Providence, RI, USA"	FALSE	-71.4098094	41.8023702	route	geometric_center	"oxford st, providence, ri 02905, usa"	"Broad Street & Oxford Street, Providence, RI, USA"	EjFCcm9hZCBTdHJlZXQgJiBPeGZvcmQgU3RyZWV0LCBQcm92aWRlbmNlLCBSSSwgVVNBImYiZAoUChIJh-FuDohP5IkRI2IsCmv-T0ESFAoSCYfhbg6IT-SJESNiLApr_k9BGhQKEgmD3n3VjE_kiREsosqTmEsIoxoUChIJGaMJqWFF5IkRUr1E8WrWZNciCg0WPuoYFfqPbtU	41.8004502	-71.417447	41.8004502	-71.417447	Med	125.7161649
1352	2018-04-30	726621	12:42:00	Pedestrian	1	NA	FALSE	FALSE	1	62 DUDLEY ST	NA	4/30/18	Unknown	Dry	Daylight	Clear	Not a Collision Between Two Motor Vehicles in Transport	No	No Controls	3	1	Complains Of Pain	NA	41.80731	-71.40725	TRUE	TRUE	"62 Dudley Street, Providence, RI, USA"	FALSE	-71.40962	41.8101086	street_address	rooftop	"62 dudley st, providence, ri 02905, usa"	NA	NA	NA	NA	41.8101086	-71.40962	High	368.412328
1351	2018-05-01	726741	11:45:00	Pedestrian	1	NA	FALSE	FALSE	1	CHARLES ST	CHARLES ST	5/1/18	Unknown	Dry	Daylight	Clear	Not a Collision Between Two Motor Vehicles in Transport	"Yes, M/V and Driver Left Scene"	No Controls	1	1	Complains Of Pain	NA	41.84688	-71.41936	FALSE	FALSE	"Charles Street and Charles Street, Providence, RI, USA"	FALSE	-71.419539	41.8474982	route	geometric_center	"charles st, providence, ri, usa"	NA	NA	NA	NA	41.8474982	-71.419539	Med	70.40034185
1350	2018-05-03	726983	15:16:00	Pedestrian	1	NA	FALSE	FALSE	1	S MAIN ST	COLLEGE ST	5/3/18	One-Way Trafficway	Dry	Daylight	Clear	Not a Collision Between Two Motor Vehicles in Transport	No	Traffic Control Signal	4	1	Non-Incapacitating	2	41.82568	-71.40787	FALSE	FALSE	"S Main Street and College Street, Providence, RI, USA"	FALSE	-71.4078251	41.8256787	intersection	geometric_center	"s main st & college st, providence, ri 02903, usa"	NA	NA	NA	NA	41.8256787	-71.4078251	Med High	3.727388613
1348	2018-05-04	727129	9:01:00	Pedestrian	1	NA	FALSE	FALSE	1	STEPHEN HOPKINS COURT	WILLIAM ELLERY PL	5/4/18	"Two-Way , Not Divided"	Dry	Daylight	Clear	Not a Collision Between Two Motor Vehicles in Transport	"Yes, M/V and Driver Left Scene"	No Controls	1	1	Complains Of Pain	NA	41.83745	-71.40714	FALSE	FALSE	"Stephen Hopkins Court and William Ellery Pl, Providence, RI, USA"	FALSE	-71.4072824	41.8379839	intersection	geometric_center	"william ellery pl & stephen hopkins ct, providence, ri 02904, usa"	NA	NA	NA	NA	41.8379839	-71.4072824	Med High	60.59554509