row_number	crash_date	crash_report_id	crash_time	collision_type	count_pedestrian	count_bicycle	scooter	wheel_chair	number_of_vehicles	street_or_highway	nearest_intersection	report_date	type_of_roadway	road_surface_condition	light_condition	weather_condition	manner_of_impact	hit_and_run	traffic_control	person_count	injury_count	most_serious_injury	number_of_lanes	lat_raw	lon_raw	has_st_number	is_intersection_null	address_sent_to_geocoder	is_address_blank	lon_api_first_try	lat_api_first_try	type	loctype	address_returned_by_geocoder	address_returned_by_autocomplete	place_ids_autocompleted	lat_api_second_try	lon_api_second_try	lat_api_best	lon_api_best	api_coord_conf	distance_btwn_coords_meters
1349	2018-05-04	727577	16:19:00	Pedestrian	1	NA	TRUE	FALSE	1	CHARLES ST	CORLISS ST	5/4/18	"Two-Way, Divided, Unprotected (painted>4feet) Medium"	Dry	Daylight	Clear	Not a Collision Between Two Motor Vehicles in Transport	No	Stop Signs	2	1	Complains Of Pain	NA	41.83806	-71.41452	FALSE	FALSE	"Charles Street and Corliss Street, Providence, RI, USA"	FALSE	-71.4124894	41.8411709	route	geometric_center	"corliss st, providence, ri 02904, usa"	"Charles Street & Corliss Street, Providence, RI, USA"	EjRDaGFybGVzIFN0cmVldCAmIENvcmxpc3MgU3RyZWV0LCBQcm92aWRlbmNlLCBSSSwgVVNBImYiZAoUChIJVVJ5mB1F5IkRpcYG1dpqiVsSFAoSCVVSeZgdReSJEaXGBtXaaolbGhQKEgl1C85s8UTkiRHLZMsuNVX9MhoUChIJMSS4NuJE5IkR9A92oVVA2AUiCg0J_O8YFYsDb9U	41.8380809	-71.4144885	41.8380809	-71.4144885	Med	3.498306487
1346	2018-05-05	727635	14:15:00	Pedestrian	1	NA	FALSE	FALSE	1	HOSPITAL ST	POINT ST	5/5/18	"Two-Way , Not Divided"	Dry	Daylight	Clear	Other	No	No Controls	3	1	Complains Of Pain	NA	41.81583	-71.40961	FALSE	FALSE	"Hospital Street and Point Street, Providence, RI, USA"	FALSE	-71.4094979	41.8156623	intersection	geometric_center	"point st & hospital st, providence, ri 02903, usa"	NA	NA	NA	NA	41.8156623	-71.4094979	Med High	20.85672338
1347	2018-05-05	727662	21:55:00	Pedestrian	1	NA	FALSE	FALSE	1	MANTON AVE	LYNCH ST	5/5/18	"Two-Way , Not Divided"	Dry	Dark - Lighted	Clear	Not a Collision Between Two Motor Vehicles in Transport	"Yes, M/V and Driver Left Scene"	No Controls	1	1	Complains Of Pain	NA	41.82415	-71.4522	FALSE	FALSE	"Manton Ave and Lynch Street, Providence, RI, USA"	FALSE	-71.4523405	41.8242696	intersection	geometric_center	"lynch st & manton ave, providence, ri 02909, usa"	NA	NA	NA	NA	41.8242696	-71.4523405	Med High	17.69462011
1345	2018-05-09	728178	15:59:00	Other	NA	1	FALSE	FALSE	1	601 N MAIN ST	NA	5/9/18	"Two-Way , Not Divided"	Dry	Daylight	Clear	Not a Collision Between Two Motor Vehicles in Transport	No	No Controls	2	0	No Injury	NA	41.83825	-71.40925	TRUE	TRUE	"601 N Main Street, Providence, RI, USA"	FALSE	-71.4083214	41.8372393	subpremise	rooftop	"601 n main st, providence, ri 02904, usa"	NA	NA	NA	NA	41.8372393	-71.4083214	High	136.3451844
1344	2018-05-10	728408	12:40:00	Bicycle	NA	1	FALSE	FALSE	1	FEDERAL ST	DEAN ST	5/10/18	"Two-Way , Not Divided"	Dry	Daylight	Clear	Not a Collision Between Two Motor Vehicles in Transport	No	No Controls	3	1	Complains Of Pain	NA	41.82228	-71.42327	FALSE	FALSE	"Federal Street and Dean Street, Providence, RI, USA"	FALSE	-71.4232716	41.8222988	intersection	geometric_center	"dean st & federal st, providence, ri 02903, usa"	NA	NA	NA	NA	41.8222988	-71.4232716	Med High	2.097011294
1342	2018-05-11	728771	13:45:00	Pedestrian	1	NA	FALSE	FALSE	1	VALLEY ST	RIVER AVE	5/11/18	"Two-Way , Not Divided"	Dry	Daylight	Clear	Not a Collision Between Two Motor Vehicles in Transport	No	Traffic Control Signal	4	1	Complains Of Pain	2	41.82796	-71.43516	FALSE	FALSE	"Valley Street and River Ave, Providence, RI, USA"	FALSE	-71.435152	41.827984	intersection	geometric_center	"valley st & river ave, providence, ri 02908, usa"	NA	NA	NA	NA	41.827984	-71.435152	Med High	2.752847851
1343	2018-05-11	728778	19:28:00	Pedestrian	1	NA	FALSE	FALSE	1	SMITH ST	CHALKSTONE AVE	5/11/18	"Two-Way , Not Divided"	Dry	Dark - Lighted	Clear	Not a Collision Between Two Motor Vehicles in Transport	No	No Controls	3	1	Complains Of Pain	NA	41.83542	-71.42616	FALSE	FALSE	"Smith Street and Chalkstone Ave, Providence, RI, USA"	FALSE	-71.4256425	41.8352214	intersection	geometric_center	"chalkstone ave & smith st, providence, ri 02908, usa"	NA	NA	NA	NA	41.8352214	-71.4256425	Med High	48.28072084
1341	2018-05-14	729290	16:56:00	Pedestrian	1	NA	FALSE	FALSE	1	PACKET ST	S MAIN ST	5/14/18	"Two-Way , Not Divided"	Dry	Daylight	Clear	Not a Collision Between Two Motor Vehicles in Transport	No	Stop Signs	2	1	Complains Of Pain	NA	41.8235	-71.40617	FALSE	FALSE	"Packet Street and S Main Street, Providence, RI, USA"	FALSE	-71.4037098	41.8208275	route	geometric_center	"s main st, providence, ri 02903, usa"	NA	NA	NA	NA	41.8208275	-71.4037098	Med	360.7775045
1339	2018-05-17	730033	0:58:00	Pedestrian	2	NA	FALSE	FALSE	1	S WATER ST	POINT ST	5/17/18	One-Way Trafficway	Wet	Dark - Lighted	Rain	Angle (Front - to - Side) Right Angle (Includes Broadside)	No	Traffic Control Signal	4	2	Non-Incapacitating	NA	41.81869	-71.40178	FALSE	FALSE	"S Water Street and Point Street, Providence, RI, USA"	FALSE	-71.4018957	41.8187467	intersection	geometric_center	"s water st & point st, providence, ri 02903, usa"	NA	NA	NA	NA	41.8187467	-71.4018957	Med High	11.48797602
1340	2018-05-17	730101	11:37:00	Pedestrian	1	NA	FALSE	FALSE	1	SILVER SPRING ST	TOURO ST	5/17/18	"Two-Way , Not Divided"	Dry	Daylight	Cloudy	Not a Collision Between Two Motor Vehicles in Transport	No	No Controls	2	1	Non-Incapacitating	NA	41.84516	-71.41822	FALSE	FALSE	"Silver Spring Street and Touro Street, Providence, RI, USA"	FALSE	-71.4181207	41.8452565	intersection	geometric_center	"silver spring st & touro st, providence, ri 02904, usa"	NA	NA	NA	NA	41.8452565	-71.4181207	Med High	13.53543009
1337	2018-05-19	730637	1:17:00	Pedestrian	1	NA	FALSE	FALSE	1	GASPEE ST	SMITH ST	5/19/18	"Two-Way , Not Divided"	Dry	Dark - Lighted	Clear	Not a Collision Between Two Motor Vehicles in Transport	No	Traffic Control Signal	2	1	Complains Of Pain	NA	41.83152	-71.41281	FALSE	FALSE	"Gaspee Street and Smith Street, Providence, RI, USA"	FALSE	-71.4128107	41.8315462	intersection	geometric_center	"gaspee st & smith st, providence, ri 02908, usa"	NA	NA	NA	NA	41.8315462	-71.4128107	Med High	2.917148532
1338	2018-05-19	730662	13:16:00	Bicycle	NA	1	FALSE	FALSE	1	LUBEC ST	DOUGLAS AVE	5/19/18	"Two-Way, Divided, Unprotected (painted>4feet) Medium"	Wet	Daylight	Rain	Not a Collision Between Two Motor Vehicles in Transport	No	Pavement Markings	2	1	Complains Of Pain	NA	41.85573	-71.4417	FALSE	FALSE	"Lubec Street and Douglas Ave, Providence, RI, USA"	FALSE	-71.4416833	41.8557294	intersection	geometric_center	"lubec st & douglas ave, providence, ri 02904, usa"	NA	NA	NA	NA	41.8557294	-71.4416833	Med High	1.386270427
1335	2018-05-20	731175	13:00:00	Bicycle	NA	1	FALSE	FALSE	1	Earl St	ELMWOOD AVE	5/20/18	"Two-Way, Divided, Positive Median Barrier"	Dry	Daylight	Clear	Angle (Front - to - Side) Right Angle (Includes Broadside)	No	No Controls	2	1	Complains Of Pain	NA	41.79809	-71.42618	FALSE	FALSE	"Earl Street and Elmwood Ave, Providence, RI, USA"	FALSE	-71.4262189	41.7981132	intersection	geometric_center	"elmwood ave & earl st, providence, ri 02907, usa"	NA	NA	NA	NA	41.7981132	-71.4262189	Med High	4.134185845
1336	2018-05-20	732229	13:57:00	Bicycle	NA	1	FALSE	FALSE	1	7TH ST	HIGHLAND AVE	5/24/18	"Two-Way , Not Divided"	Dry	Daylight	Clear	Other	No	Stop Signs	2	1	Complains Of Pain	NA	41.83793	-71.42404	FALSE	FALSE	"7th Street and Highland Ave, Providence, RI, USA"	FALSE	-71.3990119	41.8529679	intersection	geometric_center	"7th st & highland ave, providence, ri 02906, usa"	NA	NA	NA	NA	41.8529679	-71.3990119	Med High	2666.467532
1333	2018-05-21	731274	11:53:00	Pedestrian	2	NA	FALSE	FALSE	1	E GEORGE ST	GANO ST	5/21/18	"Two-Way , Not Divided"	Dry	Daylight	Clear	Not a Collision Between Two Motor Vehicles in Transport	No	Pavement Markings	5	2	Incapacitating	NA	41.82587	-71.3904	FALSE	FALSE	"E George Street and Gano Street, Providence, RI, USA"	FALSE	-71.3904024	41.8258647	intersection	geometric_center	"e george st & gano st, providence, ri 02906, usa"	NA	NA	NA	NA	41.8258647	-71.3904024	Med High	0.622677552
1334	2018-05-21	731291	17:04:00	Pedestrian	1	NA	FALSE	FALSE	1	ACADEMY AVE	MAPLEHURST AVE	5/21/18	"Two-Way , Not Divided"	Dry	Daylight	Clear	Not a Collision Between Two Motor Vehicles in Transport	"Yes, M/V and Driver Left Scene"	No Controls	5	1	Complains Of Pain	2	41.82681	-71.44364	FALSE	FALSE	"Academy Ave and Maplehurst Ave, Providence, RI, USA"	FALSE	-71.4436575	41.8268375	intersection	geometric_center	"academy ave & maplehurst ave, providence, ri 02908, usa"	NA	NA	NA	NA	41.8268375	-71.4436575	Med High	3.388030587
1330	2018-05-22	731369	12:11:00	Pedestrian	1	NA	FALSE	FALSE	1	WHITE ST	10TH ST	5/22/18	"Two-Way , Not Divided"	Dry	Daylight	Clear	Not a Collision Between Two Motor Vehicles in Transport	No	Traffic Control Signal	3	1	Complains Of Pain	NA	41.85546	-71.40009	FALSE	FALSE	"White Street and 10th Street, Providence, RI, USA"	FALSE	-71.3963797	41.8542538	route	geometric_center	"10th st, providence, ri 02906, usa"	"White Street & 10th Street, Providence, RI, USA"	Ei9XaGl0ZSBTdHJlZXQgJiAxMHRoIFN0cmVldCwgUHJvdmlkZW5jZSwgUkksIFVTQSJmImQKFAoSCVsuhlLHROSJES-BPL8LqvJlEhQKEglbLoZSx0TkiREvgTy_C6ryZRoUChIJHUi0BLtE5IkRY_rnMoG0xdYaFAoSCS1Jx5HHROSJEarxa7U0WOHZIgoNWaPyGBU3OXHV	41.8554713	-71.4000073	41.8554713	-71.4000073	Med	6.971426015
1331	2018-05-22	731402	15:19:00	Pedestrian	2	NA	FALSE	FALSE	1	WICKENDEN ST	SOUTH MAIN ST	5/22/18	"Two-Way, Divided, Positive Median Barrier"	Dry	Daylight	Clear	Not a Collision Between Two Motor Vehicles in Transport	No	Traffic Control Signal	4	2	Complains Of Pain	4	41.81905	-71.4009	FALSE	FALSE	"Wickenden Street and South Main Street, Providence, RI, USA"	FALSE	-71.4008982	41.8189443	intersection	geometric_center	"wickenden st & s main st, providence, ri 02903, usa"	NA	NA	NA	NA	41.8189443	-71.4008982	Med High	11.76741773
1332	2018-05-22	731611	18:33:00	Pedestrian	1	NA	FALSE	FALSE	1	KENNEDY PLZ	ARCADE ST	5/22/18	One-Way Trafficway	Wet	Daylight	Clear	Head-On (Front - to - Front)	"Yes, M/V and Driver Left Scene"	No Controls	1	1	Complains Of Pain	NA	41.82451	-71.41186	FALSE	FALSE	"Kennedy Plz and Arcade Street, Providence, RI, USA"	FALSE	-71.4116574	41.8246057	intersection	geometric_center	"kennedy plaza & arcade st, providence, ri 02903, usa"	NA	NA	NA	NA	41.8246057	-71.4116574	Med High	19.89852784
1329	2018-05-23	731739	12:48:00	Pedestrian	1	NA	FALSE	FALSE	1	RESERVOIR AVE	ELMWOOD AVE	5/23/18	"Two-Way , Not Divided"	Dry	Daylight	Clear	Not a Collision Between Two Motor Vehicles in Transport	"Yes, M/V and Driver Left Scene"	No Controls	1	1	Complains Of Pain	NA	41.7978	-71.4261	FALSE	FALSE	"Reservoir Ave and Elmwood Ave, Providence, RI, USA"	FALSE	-71.4258248	41.7971616	intersection	geometric_center	"reservoir ave & elmwood ave, providence, ri 02907, usa"	NA	NA	NA	NA	41.7971616	-71.4258248	Med High	74.64604312
1328	2018-05-24	732683	18:13:00	Pedestrian	1	NA	FALSE	FALSE	1	ADELAIDE AVE	BROAD ST	5/24/18	"Two-Way, Divided, Unprotected (painted>4feet) Medium"	Dry	Daylight	Clear	Not a Collision Between Two Motor Vehicles in Transport	No	Traffic Control Signal	3	1	Incapacitating	1	41.79885	-71.41547	FALSE	FALSE	"Adelaide Ave and Broad Street, Providence, RI, USA"	FALSE	-71.4154791	41.7988681	intersection	geometric_center	"adelaide ave & broad st, providence, ri 02905, usa"	NA	NA	NA	NA	41.7988681	-71.4154791	Med High	2.151757122
1327	2018-05-25	732689	1:00:00	Pedestrian	1	NA	FALSE	FALSE	1	WESTMINSTER ST	CAHIR ST	5/25/18	"Two-Way , Not Divided"	Dry	Dark - Lighted	Clear	Not a Collision Between Two Motor Vehicles in Transport	"Yes, M/V and Driver Left Scene"	Traffic Control Signal	1	1	Complains Of Pain	NA	41.81822	-71.42018	FALSE	FALSE	"Westminster Street and Cahir Street, Providence, RI, USA"	FALSE	-71.4201851	41.8182066	intersection	geometric_center	"cahir st & westminster st, providence, ri 02903, usa"	NA	NA	NA	NA	41.8182066	-71.4201851	Med High	1.550526811
1324	2018-05-26	733061	15:35:00	Pedestrian	1	NA	FALSE	FALSE	1	VALLEY ST	ATWELLS AVE	5/26/18	"Two-Way , Not Divided"	Dry	Daylight	Clear	Not a Collision Between Two Motor Vehicles in Transport	"Yes, M/V and Driver Left Scene"	Traffic Control Signal	2	1	Complains Of Pain	NA	41.82469	-71.43945	FALSE	FALSE	"Valley Street and Atwells Ave, Providence, RI, USA"	FALSE	-71.4394736	41.8245768	intersection	geometric_center	"valley st & atwells ave, providence, ri 02908, usa"	NA	NA	NA	NA	41.8245768	-71.4394736	Med High	12.75253265
1325	2018-05-26	733161	12:29:00	Bicycle	NA	1	FALSE	FALSE	1	387 CHARLES ST	EXIT  (RT )	5/27/18	"Two-Way , Not Divided"	Dry	Daylight	Clear	Not a Collision Between Two Motor Vehicles in Transport	"Yes, M/V and Driver Left Scene"	Traffic Control Signal	1	1	Complains Of Pain	NA	41.84224	-71.41786	TRUE	FALSE	"387 Charles Street, Providence, RI, USA"	FALSE	-71.417562	41.843616	street_address	rooftop	"387 charles st, providence, ri 02904, usa"	NA	NA	NA	NA	41.843616	-71.417562	High	155.1564225
1326	2018-05-26	733233	10:25:00	Pedestrian	2	NA	FALSE	FALSE	1	DEXTERDALE RD	CAMP ST	5/28/18	"Two-Way , Not Divided"	Dry	Daylight	Cloudy	Other	"Yes, M/V and Driver Left Scene"	No Controls	4	1	Complains Of Pain	NA	41.84786	-71.40251	FALSE	FALSE	"Dexterdale Rd and Camp Street, Providence, RI, USA"	FALSE	-71.400772	41.84774	intersection	geometric_center	"dexterdale rd & camp st, providence, ri 02906, usa"	NA	NA	NA	NA	41.84774	-71.400772	Med High	144.7398017
1321	2018-05-28	733252	17:13:00	Pedestrian	3	NA	FALSE	FALSE	1	Pavilion Ave	PRAIRIE AVE	5/28/18	"Two-Way , Not Divided"	Dry	Daylight	Clear	Not a Collision Between Two Motor Vehicles in Transport	No	No Controls	6	3	Non-Incapacitating	NA	41.79519	-71.41005	FALSE	FALSE	"Pavilion Ave and Prairie Ave, Providence, RI, USA"	FALSE	-71.4103223	41.7950392	intersection	geometric_center	"pavilion ave & prairie ave, providence, ri 02905, usa"	NA	NA	NA	NA	41.7950392	-71.4103223	Med High	28.15153658
1322	2018-05-28	733270	19:42:00	Bicycle	NA	1	FALSE	FALSE	1	SMITH ST	ORMS ST	5/28/18	"Two-Way , Not Divided"	Dry	Dusk	Clear	Not a Collision Between Two Motor Vehicles in Transport	No	Traffic Control Signal	4	1	Non-Incapacitating	NA	41.83377	-71.42198	FALSE	FALSE	"Smith Street and Orms Street, Providence, RI, USA"	FALSE	-71.4219437	41.8337775	intersection	geometric_center	"orms st & smith st, providence, ri 02904, usa"	NA	NA	NA	NA	41.8337775	-71.4219437	Med High	3.124418663
1323	2018-05-28	733290	23:09:00	Pedestrian	1	NA	FALSE	FALSE	1	WEST FRANKLIN STREET	FRIENDSHIP ST	5/29/18	One-Way Trafficway	Dry	Dark - Lighted	Clear	Not a Collision Between Two Motor Vehicles in Transport	No	Traffic Control Signal	3	2	Incapacitating	NA	41.81638	-71.41587	FALSE	FALSE	"West Franklin Street and Friendship Street, Providence, RI, USA"	FALSE	-71.412506	41.8188374	route	geometric_center	"friendship st, providence, ri, usa"	"West Franklin Street & Friendship Street, Providence, RI, USA"	Ej1XZXN0IEZyYW5rbGluIFN0cmVldCAmIEZyaWVuZHNoaXAgU3RyZWV0LCBQcm92aWRlbmNlLCBSSSwgVVNBImYiZAoUChIJvyxZ0m1F5IkRMsaj8d5LlEcSFAoSCb8sWdJtReSJETLGo_HeS5RHGhQKEgkt5vwybEXkiRFl9LX3c9WSQRoUChIJL5ZgT2xF5IkRF4JBJvEmvYYiCg33mewYFTfkbtU	41.8159095	-71.4152905	41.8159095	-71.4152905	Med	71.09674409
1320	2018-05-30	733789	15:58:00	Pedestrian	1	NA	FALSE	FALSE	1	POINT ST	GLOBE ST	5/30/18	"Two-Way, Divided, Unprotected (painted>4feet) Medium"	Dry	Daylight	Clear	Not a Collision Between Two Motor Vehicles in Transport	No	Stop Signs	2	0	No Injury	NA	41.81566	-71.4095	FALSE	FALSE	"Point Street and Globe Street, Providence, RI, USA"	FALSE	-71.4072712	41.8145617	route	geometric_center	"globe st, providence, ri 02903, usa"	NA	NA	NA	NA	41.8145617	-71.4072712	Med	221.6795483
1319	2018-05-31	734588	15:57:00	Pedestrian	1	NA	FALSE	FALSE	1	135 Harris Avenue	135 Harris Avenue	5/31/18	"Two-Way, Divided, Positive Median Barrier"	Dry	Daylight	Clear	Not a Collision Between Two Motor Vehicles in Transport	"Yes, M/V and Driver Left Scene"	No Controls	2	1	Non-Incapacitating	2	41.82687	-71.42475	TRUE	FALSE	"135 Harris Avenue, Providence, RI, USA"	FALSE	-71.4250204	41.8271189	premise	rooftop	"135 harris ave, providence, ri 02903, usa"	NA	NA	NA	NA	41.8271189	-71.4250204	High	35.6483432
1318	2018-06-05	735788	19:48:00	Bicycle	NA	1	FALSE	FALSE	1	MANTON AVE	DELAINE ST	6/5/18	"Two-Way , Not Divided"	Dry	Dark - Lighted	Cloudy	Not a Collision Between Two Motor Vehicles in Transport	"Yes, M/V and Driver Left Scene"	Traffic Control Signal	1	1	Complains Of Pain	NA	41.81795	-71.44465	FALSE	FALSE	"Manton Ave and Delaine Street, Providence, RI, USA"	FALSE	-71.4446349	41.8179569	intersection	geometric_center	"delaine st & manton ave, providence, ri 02909, usa"	NA	NA	NA	NA	41.8179569	-71.4446349	Med High	1.469467929
1316	2018-06-06	735975	18:00:00	Pedestrian	1	NA	FALSE	FALSE	1	BROOM ST	EDDY ST	6/6/18	"Two-Way, Not Divided With a Continuous Left Turn Lane"	Dry	Daylight	Cloudy	Not a Collision Between Two Motor Vehicles in Transport	"Yes, M/V and Driver Left Scene"	Stop Signs	2	1	Complains Of Pain	NA	41.79052	-71.40477	FALSE	FALSE	"Broom Street and Eddy Street, Providence, RI, USA"	FALSE	-71.4032824	41.7907663	intersection	geometric_center	"eddy st & broom st, providence, ri 02905, usa"	NA	NA	NA	NA	41.7907663	-71.4032824	Med High	126.4756727
1317	2018-06-06	735982	14:45:00	Pedestrian	1	NA	FALSE	FALSE	1	Dexter Street	WALDO ST	6/6/18	"Two-Way, Divided, Unprotected (painted>4feet) Medium"	Dry	Daylight	Clear	Not a Collision Between Two Motor Vehicles in Transport	No	No Controls	4	1	Non-Incapacitating	1	41.80467	-71.4299	FALSE	FALSE	"Dexter Street and Waldo Street, Providence, RI, USA"	FALSE	-71.4299549	41.80455	intersection	geometric_center	"dexter st & waldo st, providence, ri 02907, usa"	NA	NA	NA	NA	41.80455	-71.4299549	Med High	14.11377862
1315	2018-06-07	736163	23:36:00	Bicycle	NA	1	FALSE	FALSE	1	ELMWOOD AVE	BISSELL ST	6/8/18	"Two-Way, Divided, Unprotected (painted>4feet) Medium"	Dry	Dark - Lighted	Clear	Angle - Direction Not Specified	No	No Controls	3	1	Complains Of Pain	4	41.77744	-71.42118	FALSE	FALSE	"Elmwood Ave and Bissell Street, Providence, RI, USA"	FALSE	-71.4211644	41.7774396	intersection	geometric_center	"bissell st & elmwood ave, providence, ri 02907, usa"	NA	NA	NA	NA	41.7774396	-71.4211644	Med High	1.29580268
1314	2018-06-09	736288	8:45:00	Pedestrian	1	NA	FALSE	FALSE	1	195 EAST ON-RAMP	SOUTH MAIN ST	6/9/18	One-Way Trafficway	Dry	Daylight	Clear	Not a Collision Between Two Motor Vehicles in Transport	No	Other	3	1	Complains Of Pain	NA	41.81686	-71.39849	TRUE	FALSE	"195 East On-Ramp, Providence, RI, USA"	FALSE	-71.4343599	41.8503946	route	geometric_center	"easton st, providence, ri 02908, usa"	NA	NA	NA	NA	41.8503946	-71.4343599	High	4773.587484
1313	2018-06-10	736400	12:16:00	Pedestrian	1	NA	FALSE	FALSE	1	EDDY ST	BAY ST	6/10/18	"Two-Way , Not Divided"	Dry	Daylight	Clear	Not a Collision Between Two Motor Vehicles in Transport	No	No Controls	5	1	Complains Of Pain	NA	41.8062	-71.40724	FALSE	FALSE	"Eddy Street and Bay Street, Providence, RI, USA"	FALSE	-71.4072274	41.8059506	intersection	geometric_center	"eddy st & bay st, providence, ri 02905, usa"	NA	NA	NA	NA	41.8059506	-71.4072274	Med High	27.78276063
1311	2018-06-13	737003	10:06:00	Pedestrian	1	NA	FALSE	FALSE	1	N MAIN ST	WASHINGTON PL	6/13/18	One-Way Trafficway	Dry	Daylight	Cloudy	Not a Collision Between Two Motor Vehicles in Transport	No	Traffic Control Signal	2	1	Complains Of Pain	NA	41.82688	-71.4087	FALSE	FALSE	"N Main Street and Washington Pl, Providence, RI, USA"	FALSE	-71.4095172	41.8266915	route	geometric_center	"washington pl, providence, ri 02903, usa"	"North Main Street & Washington Pl, Providence, RI, USA"	EjZOb3J0aCBNYWluIFN0cmVldCAmIFdhc2hpbmd0b24gUGwsIFByb3ZpZGVuY2UsIFJJLCBVU0EiZiJkChQKEgkLfcKlF0XkiREJCfAxkaCQ-BIUChIJC33CpRdF5IkRCQnwMZGgkPgaFAoSCfn6QT3eROSJEV_Xrb4NXCM_GhQKEgmVT7TjFkXkiRHZpDRMZVf8VSIKDTJJ7hgVq-Rv1Q	41.826949	-71.4087253	41.826949	-71.4087253	Med	7.962590074
1312	2018-06-13	737021	14:18:00	Bicycle	NA	1	FALSE	FALSE	1	Broad St	BROAD ST	6/13/18	"Two-Way , Not Divided"	Wet	Daylight	Clear	Not a Collision Between Two Motor Vehicles in Transport	No	No Controls	3	1	Complains Of Pain	NA	41.80158	-71.41841	FALSE	FALSE	"Broad Street and Broad Street, Providence, RI, USA"	FALSE	-71.4101636	41.7945838	route	geometric_center	"broad st, providence, ri, usa"	NA	NA	NA	NA	41.7945838	-71.4101636	Med	1036.770898
1308	2018-06-14	737096	0:24:00	Pedestrian	1	NA	FALSE	FALSE	1	SMITH ST	YOUNG AVE	6/14/18	"Two-Way , Not Divided"	Dry	Dark - Lighted	Clear	Other	No	No Controls	4	2	Incapacitating	2	41.83575	-71.42697	FALSE	FALSE	"Smith Street and Young Ave, Providence, RI, USA"	FALSE	-71.4273276	41.8353693	route	geometric_center	"young ave, providence, ri 02908, usa"	"Smith Street & Young Ave, Providence, RI, USA"	Ei1TbWl0aCBTdHJlZXQgJiBZb3VuZyBBdmUsIFByb3ZpZGVuY2UsIFJJLCBVU0EiZiJkChQKEgmHsuAlB0XkiRFNxEOx3vM3lxIUChIJh7LgJQdF5IkRTcRDsd7zN5caFAoSCbWucExLROSJESG1ozC4jKuEGhQKEgmxPlQfB0XkiRHPt4UM176hayIKDeyn7xgVzgxt1Q	41.8359276	-71.4273586	41.8359276	-71.4273586	Med	37.81084518
1309	2018-06-14	737147	17:04:00	Bicycle	NA	1	FALSE	FALSE	1	salmon st	MANTON AVE	6/14/18	"Two-Way , Not Divided"	Dry	Daylight	Clear	Not a Collision Between Two Motor Vehicles in Transport	No	Stop Signs	2	1	Complains Of Pain	NA	41.82509	-71.45394	FALSE	FALSE	"Salmon Street and Manton Ave, Providence, RI, USA"	FALSE	-71.4539247	41.8251097	intersection	geometric_center	"salmon st & manton ave, providence, ri 02909, usa"	NA	NA	NA	NA	41.8251097	-71.4539247	Med High	2.533784124
1310	2018-06-14	737157	22:57:00	Bicycle	NA	1	FALSE	FALSE	1	WESTMINSTER ST	CAHIR ST	6/14/18	"Two-Way , Not Divided"	Dry	Dark - Lighted	Clear	Not a Collision Between Two Motor Vehicles in Transport	No	Traffic Control Signal	2	0	No Injury	NA	41.81822	-71.42018	FALSE	FALSE	"Westminster Street and Cahir Street, Providence, RI, USA"	FALSE	-71.4201851	41.8182066	intersection	geometric_center	"cahir st & westminster st, providence, ri 02903, usa"	NA	NA	NA	NA	41.8182066	-71.4201851	Med High	1.550526811
1307	2018-06-16	737250	11:51:00	Bicycle	NA	1	FALSE	FALSE	1	HOPE ST	OVERHILL RD	6/16/18	"Two-Way , Not Divided"	Dry	Daylight	Clear	Not a Collision Between Two Motor Vehicles in Transport	No	No Controls	2	1	Complains Of Pain	NA	41.8512	-71.39396	FALSE	FALSE	"Hope Street and Overhill Rd, Providence, RI, USA"	FALSE	-71.3939451	41.8512056	intersection	geometric_center	"hope st & overhill rd, providence, ri 02906, usa"	NA	NA	NA	NA	41.8512056	-71.3939451	Med High	1.383864814
1306	2018-06-17	737391	16:46:00	Pedestrian	1	NA	FALSE	FALSE	1	Orms St	CANDACE ST	6/17/18	"Two-Way , Not Divided"	Dry	Daylight	Clear	Not a Collision Between Two Motor Vehicles in Transport	No	Traffic Control Signal	5	1	Complains Of Pain	NA	41.83378	-71.42189	FALSE	FALSE	"Orms Street and Candace Street, Providence, RI, USA"	FALSE	-71.421862	41.8337901	intersection	geometric_center	"candace st & orms st, providence, ri 02908, usa"	NA	NA	NA	NA	41.8337901	-71.421862	Med High	2.580227262
1305	2018-06-18	737515	14:59:00	Bicycle	NA	1	FALSE	FALSE	1	Washington Street	Snow Street	6/18/18	"Two-Way, Divided, Unprotected (painted>4feet) Medium"	Dry	Daylight	Clear	Not a Collision Between Two Motor Vehicles in Transport	No	Stop Signs	3	1	Non-Incapacitating	1	41.82252	-71.4155	FALSE	FALSE	"Washington Street and Snow Street, Providence, RI, USA"	FALSE	-71.4154294	41.8225898	intersection	geometric_center	"snow st & washington st, providence, ri 02903, usa"	NA	NA	NA	NA	41.8225898	-71.4154294	Med High	9.730158137