row_number	crash_date	crash_report_id	crash_time	collision_type	count_pedestrian	count_bicycle	scooter	wheel_chair	number_of_vehicles	street_or_highway	nearest_intersection	report_date	type_of_roadway	road_surface_condition	light_condition	weather_condition	manner_of_impact	hit_and_run	traffic_control	person_count	injury_count	most_serious_injury	number_of_lanes	lat_raw	lon_raw	has_st_number	is_intersection_null	address_sent_to_geocoder	is_address_blank	lon_api_first_try	lat_api_first_try	type	loctype	address_returned_by_geocoder	address_returned_by_autocomplete	place_ids_autocompleted	lat_api_second_try	lon_api_second_try	lat_api_best	lon_api_best	api_coord_conf	distance_btwn_coords_meters
1304	2018-06-19	737593	17:27:00	Bicycle	NA	1	FALSE	FALSE	1	Lowell Avenue	Nye Street	6/19/18	"Two-Way, Divided, Unprotected (painted>4feet) Medium"	Dry	Daylight	Clear	Not a Collision Between Two Motor Vehicles in Transport	"Yes, M/V and Driver Left Scene"	No Controls	1	1	Non-Incapacitating	1	41.81703	-71.46038	FALSE	FALSE	"Lowell Avenue and Nye Street, Providence, RI, USA"	FALSE	-71.460381	41.817028	intersection	geometric_center	"nye st & lowell ave, providence, ri 02909, usa"	NA	NA	NA	NA	41.817028	-71.460381	Med High	0.237594472
1303	2018-06-20	737684	17:27:00	Bicycle	NA	1	FALSE	FALSE	1	Wood St	ELLERY ST	6/20/18	"Two-Way , Not Divided"	Dry	Daylight	Clear	Not a Collision Between Two Motor Vehicles in Transport	No	No Controls	3	1	Non-Incapacitating	NA	41.81257	-71.43793	FALSE	FALSE	"Wood Street and Ellery Street, Providence, RI, USA"	FALSE	-71.4380949	41.8125719	intersection	geometric_center	"ellery st & wood st, providence, ri 02909, usa"	NA	NA	NA	NA	41.8125719	-71.4380949	Med High	13.68334279
1301	2018-06-21	737782	15:45:00	Pedestrian	1	NA	FALSE	FALSE	1	PRAIRIE AVE	COLFAX ST	6/21/18	"Two-Way , Not Divided"	Dry	Daylight	Clear	Not a Collision Between Two Motor Vehicles in Transport	"Yes, M/V and Driver Left Scene"	Stop Signs	4	1	Incapacitating	NA	41.79959	-71.41228	FALSE	FALSE	"Prairie Ave and Colfax Street, Providence, RI, USA"	FALSE	-71.4122468	41.799533	intersection	geometric_center	"prairie ave & colfax st, providence, ri 02905, usa"	NA	NA	NA	NA	41.799533	-71.4122468	Med High	6.917555765
1302	2018-06-21	737803	19:20:00	Pedestrian	1	NA	FALSE	FALSE	1	ORMS ST	ORMS ST EXIT  / DOUGLAS AVE	6/21/18	"Two-Way , Not Divided"	Dry	Daylight	Clear	Other	No	No Controls	3	0	No Injury	2	41.83457	-71.41674	FALSE	FALSE	"Orms Street and Orms St Exit  / Douglas Ave, Providence, RI, USA"	FALSE	-71.4323426	41.84894	route	geometric_center	"douglas ave, providence, ri, usa"	NA	NA	NA	NA	41.84894	-71.4323426	Med	2057.48175
1300	2018-06-23	738248	23:28:00	Pedestrian	1	NA	FALSE	FALSE	1	Allens Ave	Georgia Ave	6/24/18	"Two-Way , Not Divided"	Dry	Dark - Lighted	Clear	Not a Collision Between Two Motor Vehicles in Transport	No	No Controls	2	1	Complains Of Pain	NA	41.79254	-71.39717	FALSE	FALSE	"Allens Ave and Georgia Ave, Providence, RI, USA"	FALSE	-71.3970245	41.792156	intersection	geometric_center	"georgia ave & allens ave, providence, ri 02905, usa"	NA	NA	NA	NA	41.792156	-71.3970245	Med High	44.41966386
1299	2018-06-25	738376	7:42:00	Bicycle	NA	1	FALSE	FALSE	1	POCASSET AVE	MAGNOLIA ST	6/25/18	"Two-Way , Not Divided"	Dry	Daylight	Clear	Not a Collision Between Two Motor Vehicles in Transport	No	Traffic Control Signal	3	1	Complains Of Pain	NA	41.81192	-71.44995	FALSE	FALSE	"Pocasset Ave and Magnolia Street, Providence, RI, USA"	FALSE	-71.4499342	41.8119098	intersection	geometric_center	"pocasset ave & magnolia st, providence, ri 02909, usa"	NA	NA	NA	NA	41.8119098	-71.4499342	Med High	1.734306082
1298	2018-06-26	738386	11:43:00	Pedestrian	1	NA	FALSE	FALSE	1	COLFAX ST	BROAD ST	6/25/18	"Two-Way , Not Divided"	Dry	Daylight	Clear	Not a Collision Between Two Motor Vehicles in Transport	"Yes, M/V and Driver Left Scene"	Pavement Markings	1	1	Non-Incapacitating	NA	41.79888	-71.4155	FALSE	FALSE	"Colfax Street and Broad Street, Providence, RI, USA"	FALSE	-71.4154791	41.7988681	intersection	geometric_center	"broad st & colfax st, providence, ri 02905, usa"	NA	NA	NA	NA	41.7988681	-71.4154791	Med High	2.182455177
1296	2018-06-27	738745	13:17:00	Pedestrian	1	NA	FALSE	FALSE	1	HARWOL CT	SHILOH ST	6/27/18	"Two-Way , Not Divided"	Dry	Daylight	Clear	Not a Collision Between Two Motor Vehicles in Transport	"Yes, M/V and Driver Left Scene"	No Controls	1	1	Complains Of Pain	NA	41.85269	-71.43442	FALSE	FALSE	"Harwol Ct and Shiloh Street, Providence, RI, USA"	FALSE	-71.4343294	41.8529599	intersection	geometric_center	"shiloh st & harwol ct, providence, ri 02904, usa"	NA	NA	NA	NA	41.8529599	-71.4343294	Med High	30.97006609
1297	2018-06-27	738846	17:21:00	Pedestrian	1	NA	FALSE	FALSE	1	60 Prairie Ave	PROVIDENCE ST	6/27/18	"Two-Way , Not Divided"	Dry	Daylight	Clear	Not a Collision Between Two Motor Vehicles in Transport	No	No Controls	3	1	Non-Incapacitating	NA	41.81352	-71.41521	TRUE	FALSE	"60 Prairie Ave, Providence, RI, USA"	FALSE	-71.4149313	41.811976	premise	rooftop	"60 prairie ave, providence, ri 02905, usa"	NA	NA	NA	NA	41.811976	-71.4149313	High	173.4257909
1295	2018-06-28	739020	12:56:00	Pedestrian	1	NA	FALSE	FALSE	1	Broad St	Peace St	6/28/18	"Two-Way , Not Divided"	Wet	Daylight	Rain	Not a Collision Between Two Motor Vehicles in Transport	No	No Controls	4	1	Complains Of Pain	NA	41.80662	-71.42009	FALSE	FALSE	"Broad Street and Peace Street, Providence, RI, USA"	FALSE	-71.4249572	41.8065686	route	geometric_center	"peace st, providence, ri 02907, usa"	"Broad Street & Peace Street, Providence, RI, USA"	EjBCcm9hZCBTdHJlZXQgJiBQZWFjZSBTdHJlZXQsIFByb3ZpZGVuY2UsIFJJLCBVU0EiZiJkChQKEgnpoEJie0XkiRHsfhZGYc_RJxIUChIJ6aBCYntF5IkR7H4WRmHP0ScaFAoSCYPefdWMT-SJESyiypOYSwijGhQKEgnFN4-lfkXkiREgUJPI5CKyXSIKDQQv6xgVOCpu1Q	41.806618	-71.420052	41.806618	-71.420052	Med	3.160992929
1293	2018-06-29	739095	11:12:00	Pedestrian	1	NA	FALSE	FALSE	1	eddy Stree	I 195 RELOCATION	6/29/18	"Two-Way , Not Divided"	Dry	Daylight	Clear	Not a Collision Between Two Motor Vehicles in Transport	"Yes, Driver Left Scene"	Traffic Control Signal	1	1	Complains Of Pain	NA	41.80944	-71.40722	FALSE	FALSE	"Eddy Stree and I 195 Relocation, Providence, RI, USA"	FALSE	-71.4072274	41.8059506	route	geometric_center	"eddy st, providence, ri, usa"	NA	NA	NA	NA	41.8059506	-71.4072274	Med	388.4387165
1294	2018-06-29	739196	17:12:00	Pedestrian	3	NA	FALSE	FALSE	1	Chalkstone Ave	GRAY ST	6/29/18	"Two-Way , Not Divided"	Dry	Daylight	Clear	Not a Collision Between Two Motor Vehicles in Transport	No	Stop Signs	5	3	Complains Of Pain	NA	41.83238	-71.45309	FALSE	FALSE	"Chalkstone Ave and Gray Street, Providence, RI, USA"	FALSE	-71.4530608	41.8323979	intersection	geometric_center	"gray st & chalkstone ave, providence, ri 02909, usa"	NA	NA	NA	NA	41.8323979	-71.4530608	Med High	3.13631166
1292	2018-07-06	740887	22:30:00	Bicycle	NA	1	FALSE	FALSE	1	MANTON AVE	CHAFFEE ST	7/7/18	"Two-Way , Not Divided"	Dry	Dark - Unknown Lighting	Clear	Not a Collision Between Two Motor Vehicles in Transport	"Yes, M/V and Driver Left Scene"	No Controls	1	1	Incapacitating	2	41.81874	-71.44566	FALSE	FALSE	"Manton Ave and Chaffee Street, Providence, RI, USA"	FALSE	-71.4456512	41.8187415	intersection	geometric_center	"chaffee st & manton ave, providence, ri 02909, usa"	NA	NA	NA	NA	41.8187415	-71.4456512	Med High	0.748915511
1290	2018-07-07	740924	12:06:00	Bicycle	NA	1	FALSE	FALSE	1	WILLIAMS ST	HOPE ST	7/7/18	"Two-Way , Not Divided"	Dry	Daylight	Clear	Not a Collision Between Two Motor Vehicles in Transport	No	Stop Signs	2	1	Complains Of Pain	2	41.82258	-71.39684	FALSE	FALSE	"Williams Street and Hope Street, Providence, RI, USA"	FALSE	-71.3993016	41.8403661	route	geometric_center	"hope st, providence, ri, usa"	"Williams Street & Hope Street, Providence, RI, USA"	EjJXaWxsaWFtcyBTdHJlZXQgJiBIb3BlIFN0cmVldCwgUHJvdmlkZW5jZSwgUkksIFVTQSJmImQKFAoSCfm4vDE6ReSJERawglHB4kylEhQKEgn5uLwxOkXkiREWsIJRweJMpRoUChIJzxVmLTpF5IkR1tErWWsxKgsaFAoSCZGjyQXFROSJEWvhPdV4ApYhIgoN5J7tGBV6tnHV	41.8225892	-71.3968006	41.8225892	-71.3968006	Med	3.425190279
1291	2018-07-07	740986	15:54:00	Pedestrian	1	NA	FALSE	FALSE	1	67 MIDDLE DRIVE	WEST DR	7/7/18	"Two-Way , Not Divided"	Dry	Daylight	Clear	Not a Collision Between Two Motor Vehicles in Transport	No	No Controls	3	1	Non-Incapacitating	1	41.85312	-71.44363	TRUE	FALSE	"67 Middle Drive, Providence, RI, USA"	FALSE	-71.443503	41.8528893	premise	rooftop	"67 middle dr, providence, ri 02904, usa"	NA	NA	NA	NA	41.8528893	-71.443503	High	27.75655051
1289	2018-07-08	741447	22:34:00	Bicycle	NA	1	FALSE	FALSE	1	PLAINFIELD ST	SILVER LAKE AVE	7/10/18	"Two-Way , Not Divided"	Dry	Dark - Lighted	Clear	Not a Collision Between Two Motor Vehicles in Transport	No	No Controls	3	1	Complains Of Pain	NA	41.80587	-71.46492	FALSE	FALSE	"Plainfield Street and Silver Lake Ave, Providence, RI, USA"	FALSE	-71.4648418	41.8059156	intersection	geometric_center	"plainfield st & silver lake ave, providence, ri 02909, usa"	NA	NA	NA	NA	41.8059156	-71.4648418	Med High	8.238533282
1286	2018-07-10	741256	0:46:00	Pedestrian	1	NA	FALSE	FALSE	1	BROAD ST	PORTLAND ST	7/10/18	"Two-Way , Not Divided"	Dry	Unknown	Clear	Other	"Yes, M/V and Driver Left Scene"	No Controls	2	1	Incapacitating	2	41.81415	-71.4213	FALSE	FALSE	"Broad Street and Portland Street, Providence, RI, USA"	FALSE	-71.419117	41.8129799	route	geometric_center	"portland st, providence, ri 02907, usa"	"Broad Street & Portland Street, Providence, RI, USA"	EjNCcm9hZCBTdHJlZXQgJiBQb3J0bGFuZCBTdHJlZXQsIFByb3ZpZGVuY2UsIFJJLCBVU0EiZiJkChQKEgmdnxIBcUXkiRGH5-VJjW7uEBIUChIJnZ8SAXFF5IkRh-flSY1u7hAaFAoSCYPefdWMT-SJESyiypOYSwijGhQKEglhSKowcEXkiRH5umXDAdaKhCIKDfdU7BgVvvht1Q	41.8141431	-71.4213186	41.8141431	-71.4213186	Med	1.72378872
1287	2018-07-10	741268	7:00:00	Pedestrian	1	NA	FALSE	FALSE	1	WATERMAN ST	BROWN ST	7/10/18	"Two-Way , Not Divided"	Dry	Daylight	Clear	Not a Collision Between Two Motor Vehicles in Transport	"Yes, M/V and Driver Left Scene"	Pavement Markings	1	1	Complains Of Pain	NA	41.82705	-71.40304	FALSE	FALSE	"Waterman Street and Brown Street, Providence, RI, USA"	FALSE	-71.4030136	41.8270531	intersection	geometric_center	"brown st & waterman st, providence, ri 02912, usa"	NA	NA	NA	NA	41.8270531	-71.4030136	Med High	2.216928891
1288	2018-07-10	741623	21:36:00	Pedestrian	1	NA	FALSE	FALSE	1	North Main Street	College Street	7/10/18	"Two-Way, Divided, Positive Median Barrier"	Dry	Dark - Lighted	Clear	Not a Collision Between Two Motor Vehicles in Transport	"Yes, M/V and Driver Left Scene"	Traffic Control Signal	3	1	Non-Incapacitating	2	41.82564	-71.40784	FALSE	FALSE	"North Main Street and College Street, Providence, RI, USA"	FALSE	-71.4066485	41.8260241	route	geometric_center	"college st, providence, ri 02903, usa"	"North Main Street & College Street, Providence, RI, USA"	EjdOb3J0aCBNYWluIFN0cmVldCAmIENvbGxlZ2UgU3RyZWV0LCBQcm92aWRlbmNlLCBSSSwgVVNBImYiZAoUChIJD1urSRZF5IkRzGbOghZosXsSFAoSCQ9bq0kWReSJEcxmzoIWaLF7GhQKEgn5-kE93kTkiRFf162-DVwjPxoUChIJ0eXLLRZF5IkR9U78WzXwZD4iCg2TF-4YFdUHcNU	41.8256787	-71.4078251	41.8256787	-71.4078251	Med	4.481863987
1283	2018-07-11	741685	14:28:00	Bicycle	NA	1	FALSE	FALSE	1	BARBARA LEONARD WAY	NORTH MAIN ST	7/11/18	"Two-Way , Not Divided"	Dry	Daylight	Clear	Not a Collision Between Two Motor Vehicles in Transport	No	No Controls	2	1	Complains Of Pain	NA	41.84063	-71.40884	FALSE	FALSE	"Barbara Leonard Way and North Main Street, Providence, RI, USA"	FALSE	-71.408693	41.8406468	intersection	geometric_center	"n main st & barbara leonard way, providence, ri 02904, usa"	NA	NA	NA	NA	41.8406468	-71.408693	Med High	12.33381462
1284	2018-07-11	741814	21:56:00	Pedestrian	1	NA	FALSE	FALSE	1	SILVER SPRING ST	BATCHELLER AVE	7/11/18	"Two-Way , Not Divided"	Dry	Dark - Not Lighted	Clear	Not a Collision Between Two Motor Vehicles in Transport	No	No Controls	3	1	Complains Of Pain	NA	41.85534	-71.41141	FALSE	FALSE	"Silver Spring Street and Batcheller Ave, Providence, RI, USA"	FALSE	-71.4110061	41.8559306	intersection	geometric_center	"silver spring st & batcheller ave, providence, ri 02904, usa"	NA	NA	NA	NA	41.8559306	-71.4110061	Med High	73.78314143
1285	2018-07-11	746967	10:28:00	Pedestrian	1	NA	FALSE	FALSE	1	THERESA CT	MANTON AVE	8/11/18	"Two-Way, Divided, Positive Median Barrier"	Wet	Daylight	Rain	Other	"Yes, Driver Left Scene"	No Controls	2	1	Complains Of Pain	NA	41.82154	-71.44863	FALSE	FALSE	"Theresa Ct and Manton Ave, Providence, RI, USA"	FALSE	-71.4570108	41.8257711	route	geometric_center	"manton ave, providence, ri 02909, usa"	NA	NA	NA	NA	41.8257711	-71.4570108	Med	839.7575152
1282	2018-07-12	742021	19:21:00	Bicycle	NA	1	FALSE	FALSE	1	112 GANO ST	NA	7/12/18	"Two-Way , Not Divided"	Dry	Daylight	Clear	Angle (Front - to - Side) Same Direction	No	No Controls	3	1	Complains Of Pain	2	41.82222	-71.38986	TRUE	TRUE	"112 Gano Street, Providence, RI, USA"	FALSE	-71.3900302	41.8222208	premise	rooftop	"112 gano st, providence, ri 02906, usa"	NA	NA	NA	NA	41.8222208	-71.3900302	High	14.11960089
1281	2018-07-16	742689	17:33:00	Pedestrian	1	NA	FALSE	FALSE	1	ADELAIDE AVE	BROAD ST	7/16/18	"Two-Way , Not Divided"	Dry	Daylight	Clear	Unknown	No	No Controls	2	1	Complains Of Pain	NA	41.79885	-71.41547	FALSE	FALSE	"Adelaide Ave and Broad Street, Providence, RI, USA"	FALSE	-71.4154791	41.7988681	intersection	geometric_center	"adelaide ave & broad st, providence, ri 02905, usa"	NA	NA	NA	NA	41.7988681	-71.4154791	Med High	2.151757122
1279	2018-07-21	743342	17:00:00	Pedestrian	1	NA	FALSE	FALSE	1	850 MANTON AVENUE	CHALKSTONE AVE	7/21/18	"Two-Way , Not Divided"	Dry	Daylight	Clear	Not a Collision Between Two Motor Vehicles in Transport	"Yes, M/V and Driver Left Scene"	No Controls	2	1	Complains Of Pain	NA	41.83391	-71.46725	TRUE	FALSE	"850 Manton Avenue, Providence, RI, USA"	FALSE	-71.4659043	41.8329814	premise	rooftop	"850 manton ave, providence, ri 02909, usa"	NA	NA	NA	NA	41.8329814	-71.4659043	High	152.1306859
1280	2018-07-21	743410	23:45:00	Bicycle	NA	1	FALSE	FALSE	1	Ridge Street	TOBEY ST	7/22/18	"Two-Way , Not Divided"	Dry	Dark - Lighted	Clear	Not a Collision Between Two Motor Vehicles in Transport	"Yes, M/V and Driver Left Scene"	No Controls	1	1	Complains Of Pain	NA	41.82057	-71.43581	FALSE	FALSE	"Ridge Street and Tobey Street, Providence, RI, USA"	FALSE	-71.4358808	41.8204475	intersection	geometric_center	"tobey st & ridge st, providence, ri 02909, usa"	NA	NA	NA	NA	41.8204475	-71.4358808	Med High	14.84776834
1278	2018-07-26	743768	22:24:00	Pedestrian	1	NA	FALSE	FALSE	1	Atwells Ave	Depasquale Ave	7/27/18	"Two-Way , Not Divided"	Dry	Dark - Lighted	Clear	Not a Collision Between Two Motor Vehicles in Transport	No	Traffic Control Signal	5	1	Complains Of Pain	2	NA	NA	FALSE	FALSE	"Atwells Ave and Depasquale Ave, Providence, RI, USA"	FALSE	-71.4270169	41.8235993	intersection	geometric_center	"de pasquale ave & atwells ave, providence, ri 02903, usa"	NA	NA	NA	NA	41.8235993	-71.4270169	Med High	NA
1277	2018-07-27	767751	17:23:00	Pedestrian	1	NA	FALSE	FALSE	1	julian st	AMHERST ST	7/27/18	"Two-Way, Divided, Unprotected (painted>4feet) Medium"	Dry	Daylight	Clear	Other	"Yes, M/V and Driver Left Scene"	No Controls	1	1	Complains Of Pain	NA	41.82403	-71.44473	FALSE	FALSE	"Julian Street and Amherst Street, Providence, RI, USA"	FALSE	-71.4448266	41.8233443	intersection	geometric_center	"amherst st & julian st, providence, ri 02909, usa"	NA	NA	NA	NA	41.8233443	-71.4448266	Med High	76.75125917
1276	2018-07-31	743948	16:07:00	Pedestrian	1	NA	FALSE	FALSE	1	State Street	Orms Street	7/31/18	One-Way Trafficway	Dry	Daylight	Clear	Not a Collision Between Two Motor Vehicles in Transport	"Yes, M/V and Driver Left Scene"	Traffic Control Signal	1	1	Non-Incapacitating	1	41.83472	-71.41432	FALSE	FALSE	"State Street and Orms Street, Providence, RI, USA"	FALSE	-71.4191013	41.8342191	route	geometric_center	"orms st, providence, ri, usa"	"State Street & Orms Street, Providence, RI, USA"	Ei9TdGF0ZSBTdHJlZXQgJiBPcm1zIFN0cmVldCwgUHJvdmlkZW5jZSwgUkksIFVTQSJmImQKFAoSCYF0n3AcReSJEaUFlYkt_N4TEhQKEgmBdJ9wHEXkiRGlBZWJLfzeExoUChIJveK36htF5IkRPEZMB4eKsVgaFAoSCSdpJ78EReSJEcyuhklKmanBIgoNknrvGBU1CG_V	41.8347666	-71.4143691	41.8347666	-71.4143691	Med	6.595036156
1275	2018-08-02	744028	18:01:00	Pedestrian	1	NA	FALSE	FALSE	1	Smith St	SMITH ST	8/2/18	"Two-Way , Not Divided"	Dry	Daylight	Clear	Not a Collision Between Two Motor Vehicles in Transport	No	Stop Signs	4	1	Non-Incapacitating	NA	41.83756	-71.43347	FALSE	FALSE	"Smith Street and Smith Street, Providence, RI, USA"	FALSE	-71.4433053	41.8418141	route	geometric_center	"smith st, providence, ri, usa"	NA	NA	NA	NA	41.8418141	-71.4433053	Med	943.1901946
1274	2018-08-07	744221	17:05:00	Bicycle	NA	1	FALSE	FALSE	1	POWER ST	GANO ST	8/7/18	"Two-Way , Not Divided"	Dry	Daylight	Clear	Not a Collision Between Two Motor Vehicles in Transport	No	No Controls	2	1	Non-Incapacitating	NA	41.82386	-71.39014	FALSE	FALSE	"Power Street and Gano Street, Providence, RI, USA"	FALSE	-71.3900983	41.8238695	intersection	geometric_center	"gano st & power st, providence, ri 02906, usa"	NA	NA	NA	NA	41.8238695	-71.3900983	Med High	3.617269098
1273	2018-08-08	744286	17:36:00	Bicycle	NA	1	FALSE	FALSE	1	PEACE ST	Elmwood Ave	8/8/18	"Two-Way , Not Divided"	Dry	Daylight	Clear	Not a Collision Between Two Motor Vehicles in Transport	"Yes, M/V and Driver Left Scene"	Stop Signs	1	1	Complains Of Pain	NA	41.80655	-71.42495	FALSE	FALSE	"Peace Street and Elmwood Ave, Providence, RI, USA"	FALSE	-71.4249572	41.8065686	intersection	geometric_center	"peace st & elmwood ave, providence, ri 02907, usa"	NA	NA	NA	NA	41.8065686	-71.4249572	Med High	2.155012447
1271	2018-08-09	744328	17:46:00	Bicycle	NA	1	FALSE	FALSE	1	Cranston St	LINWOOD AVE	8/9/18	"Two-Way , Not Divided"	Dry	Daylight	Clear	Not a Collision Between Two Motor Vehicles in Transport	No	Traffic Control Signal	4	0	No Injury	NA	41.80701	-71.43571	FALSE	FALSE	"Cranston Street and Linwood Ave, Providence, RI, USA"	FALSE	-71.4356998	41.8070369	intersection	geometric_center	"cranston st & linwood ave, providence, ri 02909, usa"	NA	NA	NA	NA	41.8070369	-71.4356998	Med High	3.111804784
1272	2018-08-09	744350	22:54:00	Pedestrian	1	NA	FALSE	FALSE	1	Valley Street	FELIX ST	8/9/18	"Two-Way , Not Divided"	Dry	Dark - Lighted	Clear	Not a Collision Between Two Motor Vehicles in Transport	"Yes, M/V and Driver Left Scene"	No Controls	1	1	Complains Of Pain	NA	41.8321	-71.42779	FALSE	FALSE	"Valley Street and Felix Street, Providence, RI, USA"	FALSE	-71.4277108	41.8321931	intersection	geometric_center	"valley st & felix st, providence, ri 02908, usa"	NA	NA	NA	NA	41.8321931	-71.4277108	Med High	12.27043526
1270	2018-08-10	744365	12:05:00	Bicycle	NA	1	FALSE	FALSE	1	PLAINFIELD ST	MURRAY ST	8/10/18	"Two-Way , Not Divided"	Dry	Daylight	Clear	Not a Collision Between Two Motor Vehicles in Transport	No	Stop Signs	3	1	Complains Of Pain	NA	41.80998	-71.4625	FALSE	FALSE	"Plainfield Street and Murray Street, Providence, RI, USA"	FALSE	-71.4624939	41.809978	intersection	geometric_center	"murray st & plainfield st, providence, ri 02909, usa"	NA	NA	NA	NA	41.809978	-71.4624939	Med High	0.552939039
1269	2018-08-14	744548	15:39:00	Bicycle	NA	1	FALSE	FALSE	1	Broadway	DEAN ST	8/14/18	"Two-Way , Not Divided"	Dry	Daylight	Clear	Not a Collision Between Two Motor Vehicles in Transport	No	Traffic Control Signal	2	1	Complains Of Pain	NA	41.8214	-71.42253	FALSE	FALSE	"Broadway and Dean Street, Providence, RI, USA"	FALSE	-71.4242155	41.8234078	route	geometric_center	"dean st, providence, ri, usa"	"Broadway & Dean Street, Providence, RI, USA"	EitCcm9hZHdheSAmIERlYW4gU3RyZWV0LCBQcm92aWRlbmNlLCBSSSwgVVNBImYiZAoUChIJCcRZtQxF5IkRWJynngBsfzMSFAoSCQnEWbUMReSJEVicp54AbH8zGhQKEgmlteWGdUXkiREawjOx16RvsxoUChIJWwZsfgxF5IkRyLSf36DnQOQiCg38cO0YFWLJbdU	41.821414	-71.422531	41.821414	-71.422531	Med	1.560679265
1267	2018-08-17	744714	18:00:00	Bicycle	NA	1	FALSE	FALSE	1	BEACHMONT AVE	CAHILL ST	8/17/18	"Two-Way , Not Divided"	Dry	Daylight	Clear	Not a Collision Between Two Motor Vehicles in Transport	"Yes, M/V and Driver Left Scene"	Stop Signs	2	1	Complains Of Pain	NA	41.80223	-71.40786	FALSE	FALSE	"Beachmont Ave and Cahill Street, Providence, RI, USA"	FALSE	-71.4084995	41.8037453	route	geometric_center	"cahill st, providence, ri 02905, usa"	NA	NA	NA	NA	41.8037453	-71.4084995	Med	176.8329016
1268	2018-08-17	744738	20:23:00	Pedestrian	1	NA	FALSE	FALSE	1	BROAD ST	PEARL ST	8/17/18	"Two-Way , Not Divided"	Dry	Dark - Lighted	Clear	Not a Collision Between Two Motor Vehicles in Transport	"Yes, M/V and Driver Left Scene"	Traffic Control Signal	1	1	Complains Of Pain	NA	41.81473	-71.42097	FALSE	FALSE	"Broad Street and Pearl Street, Providence, RI, USA"	FALSE	-71.4128343	41.8239891	locality	approximate	"providence, ri, usa"	"Broad Street & Pearl Street, Providence, RI, USA"	EjBCcm9hZCBTdHJlZXQgJiBQZWFybCBTdHJlZXQsIFByb3ZpZGVuY2UsIFJJLCBVU0EiZiJkChQKEgk1O0-ncUXkiRHr2v1gzR_JJxIUChIJNTtPp3FF5IkR69r9YM0fyScaFAoSCYPefdWMT-SJESyiypOYSwijGhQKEgkNm4U0bkXkiRG6oe115UpVCiIKDYVt7BgVkQZu1Q	41.8147717	-71.4209647	41.8147717	-71.4209647	Med	4.662803136
1266	2018-08-18	744810	22:07:00	Bicycle	NA	1	FALSE	FALSE	1	PARADE ST	WESTMINSTER ST	8/18/18	"Two-Way , Not Divided"	Dry	Dark - Lighted	Cloudy	Angle - Direction Not Specified	"Yes, M/V and Driver Left Scene"	Stop Signs	2	1	Complains Of Pain	2	41.81633	-71.43354	FALSE	FALSE	"Parade Street and Westminster Street, Providence, RI, USA"	FALSE	-71.4335568	41.816359	intersection	geometric_center	"westminster st & parade st, providence, ri 02909, usa"	NA	NA	NA	NA	41.816359	-71.4335568	Med High	3.516304989
1264	2018-08-19	744859	17:41:00	Pedestrian	1	NA	FALSE	FALSE	1	Broad St	BAKER ST	8/19/18	"Two-Way , Not Divided"	Dry	Daylight	Clear	Not a Collision Between Two Motor Vehicles in Transport	"Yes, M/V and Driver Left Scene"	No Controls	1	1	Non-Incapacitating	NA	41.79275	-71.40789	FALSE	FALSE	"Broad Street and Baker Street, Providence, RI, USA"	FALSE	-71.4026283	41.7929206	route	geometric_center	"baker st, providence, ri 02905, usa"	"Broad Street & Baker Street, Providence, RI, USA"	EjBCcm9hZCBTdHJlZXQgJiBCYWtlciBTdHJlZXQsIFByb3ZpZGVuY2UsIFJJLCBVU0EiZiJkChQKEglPriThjE_kiREVXMdY8BOpCRIUChIJT64k4YxP5IkRFVzHWPATqQkaFAoSCYPefdWMT-SJESyiypOYSwijGhQKEgll_cCb80_kiRFs0PSM0XbDvCIKDSMR6RgVBgZw1Q	41.7927459	-71.4078714	41.7927459	-71.4078714	Med	1.609771489
1265	2018-08-19	744880	2:29:00	Pedestrian	1	NA	FALSE	FALSE	1	ATWELLS AVE	DE PASQUALE AVE	8/20/18	"Two-Way , Not Divided"	Dry	Dark - Lighted	Cloudy	Other	No	No Controls	5	1	Incapacitating	2	41.82354	-71.42617	FALSE	FALSE	"Atwells Ave and De Pasquale Ave, Providence, RI, USA"	FALSE	-71.4270169	41.8235993	intersection	geometric_center	"de pasquale ave & atwells ave, providence, ri 02903, usa"	NA	NA	NA	NA	41.8235993	-71.4270169	Med High	70.56444421
1262	2018-08-20	744905	16:56:00	Bicycle	NA	1	FALSE	FALSE	1	BRANCH AVE	North  Main St	8/20/18	"Two-Way , Not Divided"	Dry	Daylight	Clear	Not a Collision Between Two Motor Vehicles in Transport	No	Traffic Control Signal	2	1	Complains Of Pain	NA	41.84235	-71.40822	FALSE	FALSE	"Branch Ave and North  Main Street, Providence, RI, USA"	FALSE	-71.4128343	41.8239891	locality	approximate	"providence, ri, usa"	"Branch Ave & North Main Street, Providence, RI, USA"	EjNCcmFuY2ggQXZlICYgTm9ydGggTWFpbiBTdHJlZXQsIFByb3ZpZGVuY2UsIFJJLCBVU0EiZiJkChQKEglv1IfG4ETkiREr3MZ4wvyGhxIUChIJb9SHxuBE5IkRK9zGeML8hocaFAoSCem084X5ROSJEbp9Ht5SQ7aoGhQKEgn5-kE93kTkiRFf162-DVwjPyIKDfWW8BgVfwRw1Q	41.8420469	-71.4079105	41.8420469	-71.4079105	Med	42.39408649