row_number	crash_date	crash_report_id	crash_time	collision_type	count_pedestrian	count_bicycle	scooter	wheel_chair	number_of_vehicles	street_or_highway	nearest_intersection	report_date	type_of_roadway	road_surface_condition	light_condition	weather_condition	manner_of_impact	hit_and_run	traffic_control	person_count	injury_count	most_serious_injury	number_of_lanes	lat_raw	lon_raw	has_st_number	is_intersection_null	address_sent_to_geocoder	is_address_blank	lon_api_first_try	lat_api_first_try	type	loctype	address_returned_by_geocoder	address_returned_by_autocomplete	place_ids_autocompleted	lat_api_second_try	lon_api_second_try	lat_api_best	lon_api_best	api_coord_conf	distance_btwn_coords_meters
1263	2018-08-20	744924	21:42:00	Pedestrian	1	NA	FALSE	FALSE	1	ELMWOOD AVE	ELMWOOD AVE	8/20/18	"Two-Way, Not Divided With a Continuous Left Turn Lane"	Dry	Dark - Lighted	Clear	Other	"Yes, M/V and Driver Left Scene"	No Controls	3	1	Complains Of Pain	3	41.80337	-71.42577	FALSE	FALSE	"Elmwood Ave and Elmwood Ave, Providence, RI, USA"	FALSE	-71.4229658	41.7920613	route	geometric_center	"elmwood ave, providence, ri, usa"	NA	NA	NA	NA	41.7920613	-71.4229658	Med	1280.208247
1261	2018-08-22	745006	20:33:00	Bicycle	NA	1	FALSE	FALSE	1	268 nelson st	SALTER ST	8/22/18	"Two-Way , Not Divided"	Dry	Dark - Lighted	Clear	Not a Collision Between Two Motor Vehicles in Transport	"Yes, M/V and Driver Left Scene"	No Controls	1	1	Complains Of Pain	NA	41.84498	-71.4444	TRUE	FALSE	"268 Nelson Street, Providence, RI, USA"	FALSE	-71.4445763	41.8449574	premise	rooftop	"268 nelson st, providence, ri 02908, usa"	NA	NA	NA	NA	41.8449574	-71.4445763	High	14.83504271
1257	2018-08-23	745014	5:04:00	Bicycle	NA	1	FALSE	FALSE	1	CHAD BROWN ST	ADMIRAL ST	8/23/18	"Two-Way , Not Divided"	Dry	Dark - Lighted	Clear	Not a Collision Between Two Motor Vehicles in Transport	No	Stop Signs	2	1	Complains Of Pain	NA	41.84213	-71.42138	FALSE	FALSE	"Chad Brown Street and Admiral Street, Providence, RI, USA"	FALSE	-71.4213576	41.8421504	intersection	geometric_center	"admiral st & chad brown st, providence, ri 02908, usa"	NA	NA	NA	NA	41.8421504	-71.4213576	Med High	2.933936124
1258	2018-08-23	745053	15:18:00	Pedestrian	2	NA	FALSE	FALSE	1	DORRANCE ST	WASHINGTON ST	8/23/18	"Two-Way , Not Divided"	Dry	Daylight	Clear	Not a Collision Between Two Motor Vehicles in Transport	No	Traffic Control Signal	4	2	Complains Of Pain	NA	41.82438	-71.41269	FALSE	FALSE	"Dorrance Street and Washington Street, Providence, RI, USA"	FALSE	-71.412777	41.8244607	intersection	geometric_center	"washington st & dorrance st, providence, ri 02903, usa"	NA	NA	NA	NA	41.8244607	-71.412777	Med High	11.52338919
1259	2018-08-23	745072	15:10:00	Bicycle	NA	2	FALSE	FALSE	1	Havana Street	General Street	8/23/18	"Two-Way , Not Divided"	Dry	Daylight	Clear	Not a Collision Between Two Motor Vehicles in Transport	No	Stop Signs	6	2	Non-Incapacitating	1	41.85338	-71.44366	FALSE	FALSE	"Havana Street and General Street, Providence, RI, USA"	FALSE	-71.443657	41.853378	intersection	geometric_center	"general st & havana st, providence, ri 02904, usa"	NA	NA	NA	NA	41.853378	-71.443657	Med High	0.333833711
1260	2018-08-23	745111	14:07:00	Bicycle	NA	1	FALSE	FALSE	1	broadway	SERVICE ROAD 7	8/24/18	"Two-Way , Not Divided"	Dry	Daylight	Clear	Rear End(Front-to-Rear)	No	Traffic Control Signal	3	1	Complains Of Pain	NA	41.82186	-71.42079	FALSE	FALSE	"Broadway and Service Road 7, Providence, RI, USA"	FALSE	-71.4200451	41.8199608	route	geometric_center	"service rd 1, providence, ri, usa"	"Broadway & Service Road 7th, Providence, RI, USA"	EjBCcm9hZHdheSAmIFNlcnZpY2UgUm9hZCA3dGgsIFByb3ZpZGVuY2UsIFJJLCBVU0EiZiJkChQKEgn30PkmDUXkiRGVfBMop6wTihIUChIJ99D5Jg1F5IkRlXwTKKesE4oaFAoSCaW15YZ1ReSJERrCM7HXpG-zGhQKEgkHeHRCdkXkiRHLEV0GTCEFTCIKDd-B7RgV9gxu1Q	41.8218463	-71.420801	41.8218463	-71.420801	Med	1.77723931
1255	2018-08-24	745115	11:45:00	Pedestrian	1	NA	FALSE	FALSE	1	Eddy St	Chapman St	8/24/18	"Two-Way , Not Divided"	Dry	Daylight	Clear	Not a Collision Between Two Motor Vehicles in Transport	No	Other	4	1	Complains Of Pain	2	NA	NA	FALSE	FALSE	"Eddy Street and Chapman Street, Providence, RI, USA"	FALSE	-71.4036396	41.7920844	intersection	geometric_center	"eddy st & chapman st, providence, ri 02905, usa"	NA	NA	NA	NA	41.7920844	-71.4036396	Med High	NA
1256	2018-08-24	745126	17:05:00	Pedestrian	1	NA	FALSE	FALSE	1	MEMORIAL BLVD	COLLEGE ST	8/24/18	"Two-Way , Not Divided"	Dry	Daylight	Clear	Not a Collision Between Two Motor Vehicles in Transport	No	Traffic Control Signal	6	1	Complains Of Pain	5	41.82532	-71.40882	FALSE	FALSE	"Memorial Blvd and College Street, Providence, RI, USA"	FALSE	-71.4088081	41.8253077	intersection	geometric_center	"memorial blvd & college st, providence, ri 02903, usa"	NA	NA	NA	NA	41.8253077	-71.4088081	Med High	1.687969781
1253	2018-08-25	745164	2:51:00	Pedestrian	1	NA	FALSE	FALSE	1	8 Esten St	ORMS ST	8/25/18	Unknown	Dry	Dark - Lighted	Clear	Other	No	No Controls	2	1	Complains Of Pain	NA	41.83349	-71.42415	TRUE	FALSE	"8 Esten Street, Providence, RI, USA"	FALSE	-71.4242926	41.8337727	premise	rooftop	"8 esten st, providence, ri 02908, usa"	NA	NA	NA	NA	41.8337727	-71.4242926	High	33.61925191
1254	2018-08-25	745203	21:41:00	Pedestrian	1	NA	FALSE	FALSE	1	SAYLES ST	PRAIRIE AVE	8/25/18	"Two-Way , Not Divided"	Dry	Dark - Lighted	Clear	Unknown	"Yes, M/V and Driver Left Scene"	No Controls	1	1	Complains Of Pain	NA	41.80264	-71.41358	FALSE	FALSE	"Sayles Street and Prairie Ave, Providence, RI, USA"	FALSE	-71.4135678	41.8026518	intersection	geometric_center	"sayles st & prairie ave, providence, ri 02905, usa"	NA	NA	NA	NA	41.8026518	-71.4135678	Med High	1.658431361
1252	2018-08-27	745338	18:55:00	Pedestrian	1	NA	FALSE	FALSE	1	Park St	HAYES ST	8/27/18	"Two-Way , Not Divided"	Dry	Daylight	Clear	Not a Collision Between Two Motor Vehicles in Transport	No	No Controls	3	1	Non-Incapacitating	NA	41.82866	-71.41752	FALSE	FALSE	"Park Street and Hayes Street, Providence, RI, USA"	FALSE	-71.4164217	41.8292527	route	geometric_center	"hayes st, providence, ri, usa"	"Park Street & Hayes Street, Providence, RI, USA"	Ei9QYXJrIFN0cmVldCAmIEhheWVzIFN0cmVldCwgUHJvdmlkZW5jZSwgUkksIFVTQSJmImQKFAoSCREPRhoQReSJETSwi2643ajREhQKEgkRD0YaEEXkiRE0sItuuN2o0RoUChIJUaVyIhBF5IkRNSXsEUHSLG4aFAoSCTU0Om0QReSJEb8l1u4ux6oUIgoNCqbuGBW7j27V	41.8293258	-71.4174533	41.8293258	-71.4174533	Med	74.32273161
1248	2018-08-28	745404	15:11:00	Bicycle	NA	1	FALSE	FALSE	1	CHAPEL ST	SNOW ST	8/28/18	"Two-Way , Not Divided"	Dry	Daylight	Clear	Not a Collision Between Two Motor Vehicles in Transport	No	Stop Signs	4	1	Complains Of Pain	NA	41.8212	-71.41384	FALSE	FALSE	"Chapel Street and Snow Street, Providence, RI, USA"	FALSE	-71.4150373	41.8221814	route	geometric_center	"snow st, providence, ri 02903, usa"	"Chapel Street & Snow Street, Providence, RI, USA"	EjBDaGFwZWwgU3RyZWV0ICYgU25vdyBTdHJlZXQsIFByb3ZpZGVuY2UsIFJJLCBVU0EiZiJkChQKEglvWKMVE0XkiRGEK_RpokQnfBIUChIJb1ijFRNF5IkRhCv0aaJEJ3waFAoSCbvh-RUTReSJEYc_0vLn5q88GhQKEgnb-G4CE0XkiRGUF36UELXa8iIKDT1p7RgV9hxv1Q	41.8212157	-71.4138378	41.8212157	-71.4138378	Med	1.757219592
1249	2018-08-28	745406	17:07:00	Bicycle	NA	1	FALSE	FALSE	1	STATE HWY 10 N	UNION AVE	8/28/18	"Two-Way, Divided, Positive Median Barrier"	Dry	Daylight	Clear	Not a Collision Between Two Motor Vehicles in Transport	No	Traffic Control Signal	2	0	No Injury	NA	41.8087	-71.44057	FALSE	FALSE	"State Hwy 10 N and Union Ave, Providence, RI, USA"	FALSE	-71.4354863	41.8100615	street_address	range_interpolated	"10 union ave, providence, ri 02909, usa"	NA	NA	NA	NA	41.8100615	-71.4354863	Med High	448.21659
1250	2018-08-28	745425	14:43:00	Pedestrian	1	NA	FALSE	FALSE	1	775 Cranston Street	Anthony Avenue	8/28/18	"Two-Way, Divided, Unprotected (painted>4feet) Medium"	Dry	Daylight	Clear	Not a Collision Between Two Motor Vehicles in Transport	"Yes, M/V and Driver Left Scene"	Traffic Control Signal	3	1	Non-Incapacitating	2	41.80408	-71.43885	TRUE	FALSE	"775 Cranston Street, Providence, RI, USA"	FALSE	-71.4391271	41.8042947	premise	rooftop	"775 cranston st, providence, ri 02907, usa"	NA	NA	NA	NA	41.8042947	-71.4391271	High	33.16541056
1251	2018-08-28	745428	16:18:00	Bicycle	NA	1	FALSE	FALSE	1	1250 Smith Street	Old Road	8/28/18	"Two-Way, Divided, Unprotected (painted>4feet) Medium"	Dry	Daylight	Clear	Not a Collision Between Two Motor Vehicles in Transport	No	No Controls	3	1	Non-Incapacitating	1	41.84649	-71.45268	TRUE	FALSE	"1250 Smith Street, Providence, RI, USA"	FALSE	-71.4528238	41.8464087	street_address	rooftop	"1250 smith st, providence, ri 02908, usa"	NA	NA	NA	NA	41.8464087	-71.4528238	High	14.97019566
1247	2018-08-30	745519	8:13:00	Pedestrian	1	NA	FALSE	FALSE	1	BROADWAY	SERVICE ROAD 7	8/30/18	One-Way Trafficway	Dry	Daylight	Clear	Not a Collision Between Two Motor Vehicles in Transport	No	Traffic Control Signal	2	1	Incapacitating	NA	41.82181	-71.42097	FALSE	FALSE	"Broadway and Service Road 7, Providence, RI, USA"	FALSE	-71.4200451	41.8199608	route	geometric_center	"service rd 1, providence, ri, usa"	"Broadway & Service Road 7th, Providence, RI, USA"	EjBCcm9hZHdheSAmIFNlcnZpY2UgUm9hZCA3dGgsIFByb3ZpZGVuY2UsIFJJLCBVU0EiZiJkChQKEgn30PkmDUXkiRGVfBMop6wTihIUChIJ99D5Jg1F5IkRlXwTKKesE4oaFAoSCaW15YZ1ReSJERrCM7HXpG-zGhQKEgkHeHRCdkXkiRHLEV0GTCEFTCIKDd-B7RgV9gxu1Q	41.8218463	-71.420801	41.8218463	-71.420801	Med	14.59058772
1246	2018-08-31	745608	23:35:00	Bicycle	NA	1	FALSE	FALSE	1	Sorrento Street	WALDO ST	8/31/18	"Two-Way , Not Divided"	Dry	Dark - Lighted	Clear	Not a Collision Between Two Motor Vehicles in Transport	"Yes, M/V and Driver Left Scene"	Unknown	2	1	Complains Of Pain	NA	41.80718	-71.43796	FALSE	FALSE	"Sorrento Street and Waldo Street, Providence, RI, USA"	FALSE	-71.4379723	41.8071955	intersection	geometric_center	"sorrento st & waldo st, providence, ri 02909, usa"	NA	NA	NA	NA	41.8071955	-71.4379723	Med High	2.004703644
1245	2018-09-01	745620	2:14:00	Pedestrian	1	NA	FALSE	FALSE	1	881 Eddy St	MUTUAL ST	9/1/18	"Two-Way , Not Divided"	Dry	Dark - Lighted	Clear	Not a Collision Between Two Motor Vehicles in Transport	"Yes, M/V and Driver Left Scene"	No Controls	1	1	Complains Of Pain	NA	41.8038	-71.40686	TRUE	FALSE	"881 Eddy Street, Providence, RI, USA"	FALSE	-71.4070829	41.8038934	premise	rooftop	"881 eddy st, providence, ri 02905, usa"	NA	NA	NA	NA	41.8038934	-71.4070829	High	21.21843645
1243	2018-09-02	746706	1:25:00	Bicycle	NA	1	FALSE	FALSE	1	OCONNOR ST	JOHNSON ST	9/2/18	"Two-Way , Not Divided"	Dry	Dark - Lighted	Clear	Not a Collision Between Two Motor Vehicles in Transport	"Yes, M/V and Driver Left Scene"	Stop Signs	1	1	Incapacitating	NA	41.79307	-71.40586	FALSE	FALSE	"Oconnor Street and Johnson Street, Providence, RI, USA"	FALSE	-71.4058655	41.7930851	intersection	geometric_center	"o'connor st & johnson st, providence, ri 02905, usa"	NA	NA	NA	NA	41.7930851	-71.4058655	Med High	1.741801809
1244	2018-09-02	746738	14:30:00	Pedestrian	1	NA	FALSE	FALSE	1	PROSPECT ST	WATERMAN ST	9/2/18	"Two-Way , Not Divided"	Dry	Daylight	Clear	Not a Collision Between Two Motor Vehicles in Transport	No	Traffic Control Signal	2	1	Complains Of Pain	NA	41.82688	-71.40472	FALSE	FALSE	"Prospect Street and Waterman Street, Providence, RI, USA"	FALSE	-71.394672	41.8276277	route	geometric_center	"waterman st, providence, ri, usa"	"Prospect Street & Waterman Street, Providence, RI, USA"	EjZQcm9zcGVjdCBTdHJlZXQgJiBXYXRlcm1hbiBTdHJlZXQsIFByb3ZpZGVuY2UsIFJJLCBVU0EiZiJkChQKEglnpndAPUXkiRGaAWNe-yCC4RIUChIJZ6Z3QD1F5IkRmgFjXvsgguEaFAoSCf3MkoUiReSJEXnsEW5gGPVjGhQKEgn59_5mJUXkiRFiDgaGGjSWXSIKDbNH7hgVgYFw1Q	41.8269107	-71.4047103	41.8269107	-71.4047103	Med	3.510952435
1241	2018-09-03	746872	22:18:00	Bicycle	NA	1	FALSE	FALSE	1	DEXTER ST	BUCKLIN ST	9/3/18	"Two-Way , Not Divided"	Dry	Dark - Lighted	Clear	Not a Collision Between Two Motor Vehicles in Transport	"Yes, M/V and Driver Left Scene"	No Controls	1	1	Non-Incapacitating	NA	41.80905	-71.42801	FALSE	FALSE	"Dexter Street and Bucklin Street, Providence, RI, USA"	FALSE	-71.4280139	41.8090645	intersection	geometric_center	"bucklin st & dexter st, providence, ri 02907, usa"	NA	NA	NA	NA	41.8090645	-71.4280139	Med High	1.646250546
1242	2018-09-03	746944	21:32:00	Pedestrian	1	NA	FALSE	FALSE	1	Ruggles Street	Smith Street	9/4/18	"Two-Way , Not Divided"	Dry	Dark - Lighted	Clear	Not a Collision Between Two Motor Vehicles in Transport	"Yes, M/V and Driver Left Scene"	No Controls	1	1	Non-Incapacitating	1	41.83576	-71.42822	FALSE	FALSE	"Ruggles Street and Smith Street, Providence, RI, USA"	FALSE	-71.4282411	41.8361735	intersection	geometric_center	"smith st & ruggles st, providence, ri 02908, usa"	NA	NA	NA	NA	41.8361735	-71.4282411	Med High	46.06386416
1238	2018-09-04	746891	6:40:00	Pedestrian	1	NA	FALSE	FALSE	1	PLAINFIELD ST	RT 6 EAST RAMP	9/4/18	"Two-Way, Divided, Unprotected (painted>4feet) Medium"	Dry	Daylight	Clear	Not a Collision Between Two Motor Vehicles in Transport	No	Traffic Control Signal	2	1	Complains Of Pain	NA	41.81414	-71.44737	FALSE	FALSE	"Plainfield Street and Rt 6 East Ramp, Providence, RI, USA"	FALSE	-71.4439495	41.8166485	street_address	range_interpolated	"6 plainfield st, providence, ri 02909, usa"	NA	NA	NA	NA	41.8166485	-71.4439495	Med High	398.1355492
1239	2018-09-04	746920	12:10:00	Bicycle	NA	1	FALSE	FALSE	1	RANDALL ST	CHARLES ST	9/4/18	One-Way Trafficway	Dry	Daylight	Clear	Other	No	Pavement Markings	3	1	Complains Of Pain	1	41.82047	-71.45178	FALSE	FALSE	"Randall Street and Charles Street, Providence, RI, USA"	FALSE	-71.419539	41.8474982	route	geometric_center	"charles st, providence, ri, usa"	"Randall Street & Charles Street, Providence, RI, USA"	EjRSYW5kYWxsIFN0cmVldCAmIENoYXJsZXMgU3RyZWV0LCBQcm92aWRlbmNlLCBSSSwgVVNBImYiZAoUChIJK5_7KRxF5IkRC4AGxe12bdQSFAoSCSuf-ykcReSJEQuABsXtdm3UGhQKEgmXgCFvHkXkiREFR8Ne4aJLqhoUChIJdQvObPFE5IkRy2TLLjVV_TIiCg0Sse8YFcNfb9U	41.8361618	-71.4121277	41.8361618	-71.4121277	Med	3724.205722
1240	2018-09-04	746926	12:30:00	Pedestrian	1	NA	FALSE	FALSE	1	SILVER SPRING ST	LEDGE ST	9/4/18	"Two-Way , Not Divided"	Dry	Daylight	Clear	Other	"Yes, M/V and Driver Left Scene"	No Controls	1	1	Complains Of Pain	NA	41.85318	-71.41263	FALSE	FALSE	"Silver Spring Street and Ledge Street, Providence, RI, USA"	FALSE	-71.412629	41.8531992	intersection	geometric_center	"silver spring st & ledge st, providence, ri 02904, usa"	NA	NA	NA	NA	41.8531992	-71.412629	Med High	2.138941987
1237	2018-09-06	747110	17:28:00	Pedestrian	1	NA	FALSE	FALSE	1	442 Manton Ave	ATWELLS AVE	9/6/18	"Two-Way , Not Divided"	Wet	Daylight	Rain	Not a Collision Between Two Motor Vehicles in Transport	"Yes, M/V and Driver Left Scene"	No Controls	1	1	Non-Incapacitating	NA	41.82537	-71.45466	TRUE	FALSE	"442 Manton Ave, Providence, RI, USA"	FALSE	-71.4547502	41.8252102	premise	rooftop	"442 manton ave, providence, ri 02909, usa"	NA	NA	NA	NA	41.8252102	-71.4547502	High	19.29843016
1234	2018-09-07	747151	8:42:00	Bicycle	NA	1	FALSE	FALSE	1	EXIT 22A (RT )	FRANCIS ST	9/7/18	One-Way Trafficway	Dry	Daylight	Clear	Not a Collision Between Two Motor Vehicles in Transport	"Yes, M/V and Driver Left Scene"	Traffic Control Signal	1	1	Complains Of Pain	NA	41.82577	-71.41527	FALSE	FALSE	"Exit 22a (Rt ) and Francis Street, Providence, RI, USA"	FALSE	-71.4153409	41.8284747	route	geometric_center	"francis st, providence, ri, usa"	NA	NA	NA	NA	41.8284747	-71.4153409	Med	301.1432612
1235	2018-09-07	747542	13:59:00	Pedestrian	1	NA	FALSE	FALSE	1	POTTERS AVE	ELMWOOD AVE	9/12/18	"Two-Way, Divided, Unprotected (painted>4feet) Medium"	Wet	Daylight	Rain	Other	No	Traffic Control Signal	3	1	Complains Of Pain	NA	41.8015	-71.42632	FALSE	FALSE	"Potters Ave and Elmwood Ave, Providence, RI, USA"	FALSE	-71.4263655	41.8015172	intersection	geometric_center	"potters ave & elmwood ave, providence, ri 02907, usa"	NA	NA	NA	NA	41.8015172	-71.4263655	Med High	4.23350103
1236	2018-09-07	747674	8:12:00	Bicycle	NA	1	FALSE	FALSE	1	445 Smith St	SMITH ST	9/7/18	"Two-Way, Divided, Unprotected (painted>4feet) Medium"	Dry	Daylight	Clear	Not a Collision Between Two Motor Vehicles in Transport	No	Pavement Markings	3	1	Complains Of Pain	NA	41.83266	-71.4192	TRUE	FALSE	"445 Smith Street, Providence, RI, USA"	FALSE	-71.4258315	41.8354552	premise	rooftop	"445 smith st, providence, ri 02908, usa"	NA	NA	NA	NA	41.8354552	-71.4258315	High	631.9436284
1233	2018-09-10	747644	18:21:00	Bicycle	NA	1	FALSE	FALSE	1	Smith Street	Holden Street	9/13/18	"Two-Way , Not Divided"	Wet	Daylight	Rain	Not a Collision Between Two Motor Vehicles in Transport	"Yes, M/V and Driver Left Scene"	Other	2	1	Complains Of Pain	NA	41.83225	-71.41816	FALSE	FALSE	"Smith Street and Holden Street, Providence, RI, USA"	FALSE	-71.4180055	41.8322069	intersection	geometric_center	"holden st & smith st, providence, ri 02908, usa"	NA	NA	NA	NA	41.8322069	-71.4180055	Med High	13.68360021
1232	2018-09-11	747466	12:04:00	Pedestrian	1	NA	FALSE	FALSE	1	BRANCH AVE	COMMODORE ST	9/11/18	"Two-Way , Not Divided"	Dry	Daylight	Clear	Not a Collision Between Two Motor Vehicles in Transport	No	No Controls	6	1	Complains Of Pain	NA	41.84962	-71.41852	FALSE	FALSE	"Branch Ave and Commodore Street, Providence, RI, USA"	FALSE	-71.4183292	41.8495491	intersection	geometric_center	"branch ave & commodore st, providence, ri 02904, usa"	NA	NA	NA	NA	41.8495491	-71.4183292	Med High	17.68081954
1231	2018-09-12	747543	11:40:00	Pedestrian	1	NA	FALSE	FALSE	1	EMPIRE ST	BROADWAY	9/12/18	"Two-Way, Divided, Unprotected (painted>4feet) Medium"	Wet	Daylight	Rain	Not a Collision Between Two Motor Vehicles in Transport	"Yes, M/V and Driver Left Scene"	Traffic Control Signal	2	1	Complains Of Pain	NA	41.82261	-71.41748	FALSE	FALSE	"Empire Street and Broadway, Providence, RI, USA"	FALSE	-71.4177642	41.822755	intersection	geometric_center	"empire st & broadway, providence, ri 02903, usa"	NA	NA	NA	NA	41.822755	-71.4177642	Med High	28.57241844
1229	2018-09-14	747675	8:06:00	Pedestrian	1	NA	FALSE	FALSE	1	DEXTER ST	POTTERS AVE	9/14/18	"Two-Way, Divided, Unprotected (painted>4feet) Medium"	Dry	Daylight	Clear	Not a Collision Between Two Motor Vehicles in Transport	No	Stop Signs	4	1	Complains Of Pain	NA	41.80249	-71.43059	FALSE	FALSE	"Dexter Street and Potters Ave, Providence, RI, USA"	FALSE	-71.4305866	41.8024973	intersection	geometric_center	"potters ave & dexter st, providence, ri 02907, usa"	NA	NA	NA	NA	41.8024973	-71.4305866	Med High	0.86021801
1230	2018-09-14	747820	22:07:00	Pedestrian	1	NA	FALSE	FALSE	1	cranston st	LINWOOD AVE	9/17/18	"Two-Way , Not Divided"	Dry	Dark - Lighted	Clear	Not a Collision Between Two Motor Vehicles in Transport	No	Traffic Control Signal	2	1	Complains Of Pain	NA	41.80701	-71.43571	FALSE	FALSE	"Cranston Street and Linwood Ave, Providence, RI, USA"	FALSE	-71.4356998	41.8070369	intersection	geometric_center	"cranston st & linwood ave, providence, ri 02909, usa"	NA	NA	NA	NA	41.8070369	-71.4356998	Med High	3.111804784
1227	2018-09-15	747734	16:04:00	Bicycle	NA	1	FALSE	FALSE	1	SMITH ST	TYNDALL AVE	9/15/18	"Two-Way , Not Divided"	Dry	Daylight	Clear	Not a Collision Between Two Motor Vehicles in Transport	"Yes, M/V and Driver Left Scene"	Other	2	1	Complains Of Pain	NA	41.83762	-71.4336	FALSE	FALSE	"Smith Street and Tyndall Ave, Providence, RI, USA"	FALSE	-71.433632	41.8376389	intersection	geometric_center	"tyndall ave & smith st, providence, ri 02908, usa"	NA	NA	NA	NA	41.8376389	-71.433632	Med High	3.3867731
1228	2018-09-15	747743	19:39:00	Pedestrian	1	NA	FALSE	FALSE	1	RESERVOIR AVE	YARMOUTH STREET	9/15/18	"Two-Way , Not Divided"	Dry	Dark - Lighted	Clear	Other	No	No Controls	3	1	Incapacitating	NA	41.79275	-71.42748	FALSE	FALSE	"Reservoir Ave and Yarmouth Street, Providence, RI, USA"	FALSE	-71.4274794	41.7927691	intersection	geometric_center	"yarmouth st & reservoir ave, providence, ri 02907, usa"	NA	NA	NA	NA	41.7927691	-71.4274794	Med High	2.126785339
1225	2018-09-16	747763	1:53:00	Pedestrian	1	NA	FALSE	FALSE	1	WESTMINSTER ST	MEMORIAL BLVD	9/16/18	"Two-Way , Not Divided"	Dry	Dark - Lighted	Clear	Not a Collision Between Two Motor Vehicles in Transport	No	Traffic Control Signal	3	1	Complains Of Pain	NA	41.82529	-71.40895	FALSE	FALSE	"Westminster Street and Memorial Blvd, Providence, RI, USA"	FALSE	-71.4088081	41.8253077	intersection	geometric_center	"memorial blvd & westminster st, providence, ri 02903, usa"	NA	NA	NA	NA	41.8253077	-71.4088081	Med High	11.93483387
1226	2018-09-16	747764	1:14:00	Pedestrian	1	NA	FALSE	FALSE	1	OREGON ST	WHIPPLE ST	9/16/18	"Two-Way , Not Divided"	Dry	Dark - Lighted	Clear	Unknown	"Yes, M/V and Driver Left Scene"	No Controls	2	1	Incapacitating	2	41.83878	-71.42033	FALSE	FALSE	"Oregon Street and Whipple Street, Providence, RI, USA"	FALSE	-71.4202086	41.838754	intersection	geometric_center	"whipple st & oregon st, providence, ri 02908, usa"	NA	NA	NA	NA	41.838754	-71.4202086	Med High	10.47615293
1222	2018-09-18	747940	15:31:00	Pedestrian	1	NA	FALSE	FALSE	1	dorrance st	WESTMINSTER ST	9/18/18	"Two-Way , Not Divided"	Wet	Daylight	Rain	Not a Collision Between Two Motor Vehicles in Transport	No	Traffic Control Signal	3	1	Complains Of Pain	NA	41.82363	-71.41169	FALSE	FALSE	"Dorrance Street and Westminster Street, Providence, RI, USA"	FALSE	-71.4116693	41.8236083	intersection	geometric_center	"westminster st & dorrance st, providence, ri 02903, usa"	NA	NA	NA	NA	41.8236083	-71.4116693	Med High	2.963777943
1223	2018-09-18	747941	16:23:00	Bicycle	NA	1	FALSE	FALSE	1	337 Plainfield St	PLAINFIELD ST	9/18/18	"Two-Way, Divided, Unprotected (painted>4feet) Medium"	Wet	Daylight	Rain	Angle (Front - to - Side) Same Direction	No	Stop Signs	2	1	Complains Of Pain	NA	41.81377	-71.44864	TRUE	FALSE	"337 Plainfield Street, Providence, RI, USA"	FALSE	-71.4491815	41.8139031	premise	rooftop	"337 plainfield st, providence, ri 02909, usa"	NA	NA	NA	NA	41.8139031	-71.4491815	High	47.30737168
1224	2018-09-18	747952	18:22:00	Bicycle	NA	1	FALSE	FALSE	2	North Main St	N MAIN ST	9/18/18	One-Way Trafficway	Wet	Daylight	Rain	Not a Collision Between Two Motor Vehicles in Transport	No	Stop Signs	7	1	Complains Of Pain	NA	41.83014	-71.41016	FALSE	FALSE	"North Main Street and N Main Street, Providence, RI, USA"	FALSE	-71.700964	41.9595187	intersection	geometric_center	"n main st & pascoag main st, burrillville, ri 02859, usa"	NA	NA	NA	NA	41.9595187	-71.700964	Med High	28072.91159
1219	2018-09-19	747992	8:03:00	Pedestrian	2	NA	FALSE	FALSE	1	315 BROAD ST	NA	9/19/18	Unknown	Wet	Daylight	Cloudy	Not a Collision Between Two Motor Vehicles in Transport	"Yes, M/V and Driver Left Scene"	No Controls	3	0	No Injury	NA	41.81436	-71.42118	TRUE	TRUE	"315 Broad Street, Providence, RI, USA"	FALSE	-71.4217316	41.8145174	premise	rooftop	"315 broad st, providence, ri 02907, usa"	NA	NA	NA	NA	41.8145174	-71.4217316	High	49.00432071
1220	2018-09-19	748019	15:30:00	Pedestrian	1	NA	FALSE	FALSE	1	POINT ST	EDDY ST	9/19/18	"Two-Way, Divided, Positive Median Barrier"	Dry	Daylight	Cloudy	Not a Collision Between Two Motor Vehicles in Transport	No	Traffic Control Signal	3	0	No Injury	NA	41.81682	-71.4066	FALSE	FALSE	"Point Street and Eddy Street, Providence, RI, USA"	FALSE	-71.4064202	41.816823	intersection	geometric_center	"point st & eddy st, providence, ri 02903, usa"	NA	NA	NA	NA	41.816823	-71.4064202	Med High	14.92070482
1221	2018-09-19	748043	20:19:00	Pedestrian	1	NA	FALSE	FALSE	1	dexter st	WARREN ST	9/19/18	"Two-Way , Not Divided"	Dry	Dark - Lighted	Clear	Not a Collision Between Two Motor Vehicles in Transport	No	No Controls	5	1	Non-Incapacitating	NA	41.81111	-71.42893	FALSE	FALSE	"Dexter Street and Warren Street, Providence, RI, USA"	FALSE	-71.4288019	41.810825	intersection	geometric_center	"warren st & dexter st, providence, ri 02907, usa"	NA	NA	NA	NA	41.810825	-71.4288019	Med High	33.45910294