row_number	crash_date	crash_report_id	crash_time	collision_type	count_pedestrian	count_bicycle	scooter	wheel_chair	number_of_vehicles	street_or_highway	nearest_intersection	report_date	type_of_roadway	road_surface_condition	light_condition	weather_condition	manner_of_impact	hit_and_run	traffic_control	person_count	injury_count	most_serious_injury	number_of_lanes	lat_raw	lon_raw	has_st_number	is_intersection_null	address_sent_to_geocoder	is_address_blank	lon_api_first_try	lat_api_first_try	type	loctype	address_returned_by_geocoder	address_returned_by_autocomplete	place_ids_autocompleted	lat_api_second_try	lon_api_second_try	lat_api_best	lon_api_best	api_coord_conf	distance_btwn_coords_meters
1131	2018-12-06	759978	0:36:00	Bicycle	NA	1	FALSE	FALSE	1	Chalkstone Ave	SMITH ST	12/6/18	"Two-Way , Not Divided"	Dry	Dark - Lighted	Clear	Not a Collision Between Two Motor Vehicles in Transport	No	Traffic Control Signal	2	1	Complains Of Pain	NA	41.83519	-71.42569	FALSE	FALSE	"Chalkstone Ave and Smith Street, Providence, RI, USA"	FALSE	-71.4256425	41.8352214	intersection	geometric_center	"chalkstone ave & smith st, providence, ri 02908, usa"	NA	NA	NA	NA	41.8352214	-71.4256425	Med High	5.266786248
1129	2018-12-07	760104	13:18:00	Pedestrian	1	NA	FALSE	FALSE	1	ANGELL ST	GANO ST	12/7/18	"Two-Way , Not Divided"	Dry	Daylight	Clear	Not a Collision Between Two Motor Vehicles in Transport	No	Traffic Control Signal	3	1	Complains Of Pain	NA	41.82958	-71.39097	FALSE	FALSE	"Angell Street and Gano Street, Providence, RI, USA"	FALSE	-71.3909687	41.8295909	intersection	geometric_center	"gano st & angell st, providence, ri 02906, usa"	NA	NA	NA	NA	41.8295909	-71.3909687	Med High	1.218164483
1130	2018-12-07	760129	18:51:00	Pedestrian	1	NA	FALSE	FALSE	1	Academy Ave	NEWARK ST	12/7/18	"Two-Way , Not Divided"	Dry	Daylight	Clear	Not a Collision Between Two Motor Vehicles in Transport	No	No Controls	3	1	Complains Of Pain	NA	41.82544	-71.4434	FALSE	FALSE	"Academy Ave and Newark Street, Providence, RI, USA"	FALSE	-71.4434441	41.8254949	intersection	geometric_center	"academy ave & newark st, providence, ri 02908, usa"	NA	NA	NA	NA	41.8254949	-71.4434441	Med High	7.122663329
1127	2018-12-08	760262	21:48:00	Pedestrian	1	NA	FALSE	FALSE	1	100 francis st	AMERICAN EXPRESS PLZ	12/8/18	"Two-Way , Not Divided"	Dry	Dark - Lighted	Clear	Not a Collision Between Two Motor Vehicles in Transport	No	No Controls	3	0	No Injury	NA	41.8279	-71.41534	TRUE	FALSE	"100 Francis Street, Providence, RI, USA"	FALSE	-71.415882	41.8260966	street_address	rooftop	"100 francis st, providence, ri 02903, usa"	NA	NA	NA	NA	41.8260966	-71.415882	High	205.7263934
1128	2018-12-08	760271	22:44:00	Pedestrian	1	NA	FALSE	FALSE	1	BROADWAY	VINTON ST	12/9/18	"Two-Way , Not Divided"	Dry	Dark - Lighted	Clear	Not a Collision Between Two Motor Vehicles in Transport	No	No Controls	3	1	Non-Incapacitating	NA	41.82007	-71.42819	FALSE	FALSE	"Broadway and Vinton Street, Providence, RI, USA"	FALSE	-71.4285663	41.8207514	route	geometric_center	"vinton st, providence, ri, usa"	"Broadway & Vinton Street, Providence, RI, USA"	Ei1Ccm9hZHdheSAmIFZpbnRvbiBTdHJlZXQsIFByb3ZpZGVuY2UsIFJJLCBVU0EiZiJkChQKEglF5rYLdUXkiRHipmasZ-JhnRIUChIJRea2C3VF5IkR4qZmrGfiYZ0aFAoSCaW15YZ1ReSJERrCM7HXpG-zGhQKEgnN2QdAdUXkiRHzHzv0hMO0lyIKDVg97RgVUexs1Q	41.820092	-71.4281903	41.820092	-71.4281903	Med	2.449155255
1126	2018-12-09	760349	21:40:00	Pedestrian	1	NA	FALSE	FALSE	1	Ruggles Street	Sparrow Street	12/9/18	"Two-Way , Not Divided"	Dry	Dark - Lighted	Clear	Not a Collision Between Two Motor Vehicles in Transport	"Yes, M/V and Driver Left Scene"	No Controls	2	1	Complains Of Pain	1	41.83818	-71.42825	FALSE	FALSE	"Ruggles Street and Sparrow Street, Providence, RI, USA"	FALSE	-71.4283328	41.83799	intersection	geometric_center	"ruggles st & sparrow st, providence, ri 02908, usa"	NA	NA	NA	NA	41.83799	-71.4283328	Med High	22.23758268
1123	2018-12-10	760439	12:00:00	Pedestrian	1	NA	FALSE	FALSE	1	PLAINFIELD ST	PLAINFIELD ST	12/10/18	"Two-Way , Not Divided"	Dry	Daylight	Clear	Not a Collision Between Two Motor Vehicles in Transport	"Yes, M/V and Driver Left Scene"	No Controls	1	1	Complains Of Pain	NA	41.81414	-71.44737	FALSE	FALSE	"Plainfield Street and Plainfield Street, Providence, RI, USA"	FALSE	-71.4643452	41.8067161	route	geometric_center	"plainfield st, rhode island, usa"	NA	NA	NA	NA	41.8067161	-71.4643452	Med	1633.027628
1124	2018-12-10	760462	19:01:00	Pedestrian	1	NA	FALSE	FALSE	1	S WATER ST	S WATER ST	12/10/18	One-Way Trafficway	Dry	Dark - Lighted	Clear	Not a Collision Between Two Motor Vehicles in Transport	No	Other	2	1	Complains Of Pain	2	41.82276	-71.40639	FALSE	FALSE	"S Water Street and S Water Street, Providence, RI, USA"	FALSE	-71.4039536	41.8202174	route	geometric_center	"s water st, providence, ri 02903, usa"	NA	NA	NA	NA	41.8202174	-71.4039536	Med	347.7993424
1125	2018-12-10	760469	15:30:00	Pedestrian	1	NA	FALSE	FALSE	1	Chalkstone Avenue	River Avenue	12/10/18	"Two-Way, Divided, Unprotected (painted>4feet) Medium"	Dry	Daylight	Clear	Not a Collision Between Two Motor Vehicles in Transport	No	Traffic Control Signal	3	1	Complains Of Pain	1	41.83258	-71.43854	FALSE	FALSE	"Chalkstone Avenue and River Avenue, Providence, RI, USA"	FALSE	-71.4385411	41.8325962	intersection	geometric_center	"river ave & chalkstone ave, providence, ri 02908, usa"	NA	NA	NA	NA	41.8325962	-71.4385411	Med High	1.805682282
1122	2018-12-11	760504	7:48:00	Pedestrian	1	NA	FALSE	FALSE	1	PLEASANT VALLEY PKWY	RIVER AVE	12/11/18	One-Way Trafficway	Dry	Daylight	Clear	Not a Collision Between Two Motor Vehicles in Transport	No	Other	4	1	Complains Of Pain	NA	41.8355	-71.43917	FALSE	FALSE	"Pleasant Valley Pkwy and River Ave, Providence, RI, USA"	FALSE	-71.4391751	41.8355318	intersection	geometric_center	"river ave & pleasant valley pkwy, providence, ri 02908, usa"	NA	NA	NA	NA	41.8355318	-71.4391751	Med High	3.565142263
1121	2018-12-13	760719	12:05:00	Pedestrian	1	NA	FALSE	FALSE	1	CRANSTON ST	ALTHEA ST	12/13/18	"Two-Way , Not Divided"	Dry	Daylight	Clear	Not a Collision Between Two Motor Vehicles in Transport	No	No Controls	7	1	Complains Of Pain	NA	41.80773	-71.43508	FALSE	FALSE	"Cranston Street and Althea Street, Providence, RI, USA"	FALSE	-71.4350772	41.807752	intersection	geometric_center	"althea st & cranston st, providence, ri 02907, usa"	NA	NA	NA	NA	41.807752	-71.4350772	Med High	2.460024504
1120	2018-12-14	760881	18:45:00	Pedestrian	1	NA	FALSE	FALSE	1	442 MANTON AVE	SISSON ST	12/14/18	"Two-Way , Not Divided"	Dry	Dark - Lighted	Clear	Not a Collision Between Two Motor Vehicles in Transport	No	Traffic Control Signal	3	1	Complains Of Pain	NA	41.82546	-71.45529	TRUE	FALSE	"442 Manton Ave, Providence, RI, USA"	FALSE	-71.4547502	41.8252102	premise	rooftop	"442 manton ave, providence, ri 02909, usa"	NA	NA	NA	NA	41.8252102	-71.4547502	High	52.71000177
1118	2018-12-17	761140	20:22:00	Pedestrian	1	NA	FALSE	FALSE	1	chalkstone ave	ROSEBANK AVE	12/17/18	"Two-Way , Not Divided"	Dry	Dark - Lighted	Clear	Other	"Yes, M/V and Driver Left Scene"	No Controls	1	1	Complains Of Pain	NA	41.83397	-71.43451	FALSE	FALSE	"Chalkstone Ave and Rosebank Ave, Providence, RI, USA"	FALSE	-71.4333511	41.8339277	intersection	geometric_center	"chalkstone ave & rosebank ave, providence, ri 02908, usa"	NA	NA	NA	NA	41.8339277	-71.4333511	Med High	96.23678788
1119	2018-12-17	761144	20:46:00	Pedestrian	1	NA	FALSE	FALSE	1	Hartford Ave	HARTFORD AVE	12/17/18	"Two-Way , Not Divided"	Dry	Dark - Lighted	Clear	Not a Collision Between Two Motor Vehicles in Transport	No	No Controls	2	1	Non-Incapacitating	NA	41.81843	-71.45779	FALSE	FALSE	"Hartford Ave and Hartford Ave, Providence, RI, USA"	FALSE	-71.4587339	41.8185901	route	geometric_center	"hartford ave, providence, ri, usa"	"Hartford Ave Service Rd & Hartford Ave, Johnston, Providence, RI, USA"	EkVIYXJ0Zm9yZCBBdmUgU2VydmljZSBSZCAmIEhhcnRmb3JkIEF2ZSwgSm9obnN0b24sIFByb3ZpZGVuY2UsIFJJLCBVU0EiZiJkChQKEgmP4Jty0EfkiRFZT82Cwq1hZxIUChIJj-CbctBH5IkRWU_NgsKtYWcaFAoSCUk2WRTQR-SJEffJJKBODzFaGhQKEgkvAx61JEbkiRGCwC0vu7gN1iIKDdap7hgVnoNc1Q	41.829423	-71.5357282	41.829423	-71.5357282	Med	6580.156901
1117	2018-12-19	761317	14:47:00	Pedestrian	1	NA	FALSE	FALSE	1	Dudley St	CULVER ST	12/19/18	"Two-Way , Not Divided"	Dry	Daylight	Clear	Not a Collision Between Two Motor Vehicles in Transport	"Yes, M/V and Driver Left Scene"	No Controls	4	1	Non-Incapacitating	NA	41.81057	-71.40878	FALSE	FALSE	"Dudley Street and Culver Street, Providence, RI, USA"	FALSE	-71.4086492	41.8106124	intersection	geometric_center	"dudley st & culver st, providence, ri 02903, usa"	NA	NA	NA	NA	41.8106124	-71.4086492	Med High	11.83472161
1115	2018-12-20	761378	8:51:00	Bicycle	NA	1	FALSE	FALSE	1	BERKLEY ST	RIVER AVE	12/20/18	"Two-Way, Divided, Unprotected (painted>4feet) Medium"	Dry	Daylight	Clear	Not a Collision Between Two Motor Vehicles in Transport	"Yes, M/V and Driver Left Scene"	Stop Signs	1	1	Complains Of Pain	NA	41.83153	-71.43778	FALSE	FALSE	"Berkley Street and River Ave, Providence, RI, USA"	FALSE	-71.437772	41.8315498	intersection	geometric_center	"river ave & berkley st, providence, ri 02908, usa"	NA	NA	NA	NA	41.8315498	-71.437772	Med High	2.301843728
1116	2018-12-20	761448	22:35:00	Pedestrian	1	NA	FALSE	FALSE	1	DOUGLAS AVE	DOUGLAS AVE	12/20/18	"Two-Way , Not Divided"	Wet	Dark - Lighted	Cloudy	Not a Collision Between Two Motor Vehicles in Transport	No	No Controls	3	1	Incapacitating	NA	41.84775	-71.43098	FALSE	FALSE	"Douglas Ave and Douglas Ave, Providence, RI, USA"	FALSE	-71.4649957	41.8715442	intersection	geometric_center	"douglas turnpike & douglas ave, north providence, ri 02904, usa"	NA	NA	NA	NA	41.8715442	-71.4649957	Med High	3869.035717
1113	2018-12-23	761670	7:30:00	Pedestrian	1	NA	FALSE	FALSE	1	160 Broad St	SERVICE ROAD 7	12/23/18	One-Way Trafficway	Dry	Daylight	Clear	Not a Collision Between Two Motor Vehicles in Transport	No	Traffic Control Signal	2	1	Non-Incapacitating	NA	41.81736	-71.41696	TRUE	FALSE	"160 Broad Street, Providence, RI, USA"	FALSE	-71.4167171	41.8169108	premise	rooftop	"160 broad st, providence, ri 02903, usa"	NA	NA	NA	NA	41.8169108	-71.4167171	High	53.9126242
1114	2018-12-23	761691	16:25:00	Pedestrian	1	NA	FALSE	FALSE	1	cutler st	BARSTOW ST	12/23/18	"Two-Way, Divided, Unprotected (painted>4feet) Medium"	Dry	Daylight	Clear	Not a Collision Between Two Motor Vehicles in Transport	"Yes, M/V and Driver Left Scene"	No Controls	1	1	Complains Of Pain	NA	41.82434	-71.44161	FALSE	FALSE	"Cutler Street and Barstow Street, Providence, RI, USA"	FALSE	-71.4416365	41.8240403	intersection	geometric_center	"cutler st & barstow st, providence, ri 02909, usa"	NA	NA	NA	NA	41.8240403	-71.4416365	Med High	33.43479745
1112	2018-12-24	761785	17:41:00	Pedestrian	1	NA	FALSE	FALSE	1	BRANCH AVE	MOY ST	12/24/18	"Two-Way , Not Divided"	Wet	Dark - Lighted	Cloudy	Not a Collision Between Two Motor Vehicles in Transport	"Yes, M/V and Driver Left Scene"	No Controls	1	1	Incapacitating	NA	41.85492	-71.43664	FALSE	FALSE	"Branch Ave and Moy Street, Providence, RI, USA"	FALSE	-71.4362622	41.8548966	intersection	geometric_center	"branch ave & moy st, providence, ri 02904, usa"	NA	NA	NA	NA	41.8548966	-71.4362622	Med High	31.43335447
1111	2018-12-26	761879	14:09:00	Pedestrian	1	NA	FALSE	FALSE	1	DORRANCE ST.	FOUNTAIN ST	12/26/18	"Two-Way , Not Divided"	Dry	Daylight	Clear	Other	"Yes, M/V and Driver Left Scene"	Traffic Control Signal	3	1	Non-Incapacitating	NA	41.8349	-71.41676	FALSE	FALSE	"Dorrance St. and Fountain Street, Providence, RI, USA"	FALSE	-71.4146249	41.8249124	intersection	geometric_center	"fountain st & dorrance st, providence, ri 02903, usa"	NA	NA	NA	NA	41.8249124	-71.4146249	Med High	1125.831358
1110	2018-12-27	762031	14:03:00	Pedestrian	3	NA	FALSE	FALSE	1	AMERICAN EXPRESS PLZ	EXCHANGE ST	12/28/18	"Two-Way , Not Divided"	Ice/Frost	Daylight	Clear	Not a Collision Between Two Motor Vehicles in Transport	No	Stop Signs	7	3	Complains Of Pain	NA	41.82833	-71.4132	FALSE	FALSE	"American Express Plz and Exchange Street, Providence, RI, USA"	FALSE	-71.4118704	41.8265115	route	geometric_center	"exchange st, providence, ri 02903, usa"	NA	NA	NA	NA	41.8265115	-71.4118704	Med	230.5294397
1107	2018-12-28	762064	16:20:00	Pedestrian	1	NA	FALSE	FALSE	1	DEXTER ST	CRANSTON ST	12/28/18	"Two-Way , Not Divided"	Wet	Dark - Lighted	Rain	Not a Collision Between Two Motor Vehicles in Transport	No	No Controls	3	1	Complains Of Pain	2	41.81254	-71.42956	FALSE	FALSE	"Dexter Street and Cranston Street, Providence, RI, USA"	FALSE	-71.429588	41.8126029	intersection	geometric_center	"cranston st & dexter st, providence, ri 02907, usa"	NA	NA	NA	NA	41.8126029	-71.429588	Med High	7.377329082
1108	2018-12-28	762081	19:05:00	Pedestrian	1	NA	FALSE	FALSE	1	Chalkstone Ave	Tiffany St.	12/28/18	"Two-Way , Not Divided"	Wet	Dark - Lighted	Rain	Not a Collision Between Two Motor Vehicles in Transport	No	No Controls	2	1	Complains Of Pain	NA	41.83226	-71.44101	FALSE	FALSE	"Chalkstone Ave and Tiffany St., Providence, RI, USA"	FALSE	-71.4410124	41.8322763	intersection	geometric_center	"tiffany st & chalkstone ave, providence, ri 02908, usa"	NA	NA	NA	NA	41.8322763	-71.4410124	Med High	1.825394616
1109	2018-12-28	762094	19:09:00	Pedestrian	1	NA	FALSE	FALSE	1	Plainfield Street	WEBSTER AVE	12/28/18	"Two-Way, Divided, Positive Median Barrier"	Wet	Dark - Lighted	Rain	Not a Collision Between Two Motor Vehicles in Transport	No	Traffic Control Signal	8	1	Non-Incapacitating	1	41.81366	-71.45067	FALSE	FALSE	"Plainfield Street and Webster Ave, Providence, RI, USA"	FALSE	-71.4507916	41.813667	intersection	geometric_center	"webster ave & plainfield st, providence, ri 02909, usa"	NA	NA	NA	NA	41.813667	-71.4507916	Med High	10.11899481
1106	2018-12-31	762772	21:15:00	Bicycle	NA	NA	FALSE	FALSE	2	SEABURY ST	POTTERS AVE	1/5/19	"Two-Way , Not Divided"	Wet	Dark - Lighted	Rain	Not a Collision Between Two Motor Vehicles in Transport	"Yes, M/V and Driver Left Scene"	No Controls	2	0	No Injury	2	41.80319	-71.43257	FALSE	FALSE	"Seabury Street and Potters Ave, Providence, RI, USA"	FALSE	-71.432564	41.8031919	intersection	geometric_center	"potters ave & seabury st, providence, ri 02907, usa"	NA	NA	NA	NA	41.8031919	-71.432564	Med High	0.540953722
1105	2019-01-02	762524	6:31:00	Pedestrian	1	NA	FALSE	FALSE	1	BLACKSTONE ST	EDDY ST	1/3/19	"Two-Way , Not Divided"	Dry	Dark - Lighted	Clear	Not a Collision Between Two Motor Vehicles in Transport	No	No Controls	3	0	No Injury	NA	41.81013	-71.40723	FALSE	FALSE	"Blackstone Street and Eddy Street, Providence, RI, USA"	FALSE	-71.4072137	41.8101324	intersection	geometric_center	"eddy st & blackstone st, providence, ri 02905, usa"	NA	NA	NA	NA	41.8101324	-71.4072137	Med High	1.378593815
1103	2019-01-03	762583	17:22:00	Pedestrian	1	NA	FALSE	FALSE	1	Broadway	DEAN ST	1/3/19	"Two-Way, Divided, Unprotected (painted>4feet) Medium"	Dry	Dark - Lighted	Clear	Not a Collision Between Two Motor Vehicles in Transport	No	Traffic Control Signal	3	1	Complains Of Pain	NA	41.8214	-71.42253	FALSE	FALSE	"Broadway and Dean Street, Providence, RI, USA"	FALSE	-71.4242155	41.8234078	route	geometric_center	"dean st, providence, ri, usa"	"Broadway & Dean Street, Providence, RI, USA"	EitCcm9hZHdheSAmIERlYW4gU3RyZWV0LCBQcm92aWRlbmNlLCBSSSwgVVNBImYiZAoUChIJCcRZtQxF5IkRWJynngBsfzMSFAoSCQnEWbUMReSJEVicp54AbH8zGhQKEgmlteWGdUXkiREawjOx16RvsxoUChIJWwZsfgxF5IkRyLSf36DnQOQiCg38cO0YFWLJbdU	41.821414	-71.422531	41.821414	-71.422531	Med	1.560679265
1104	2019-01-03	763004	16:15:00	Pedestrian	1	NA	FALSE	FALSE	1	Westfield Street	Harrison Street	1/8/19	"Two-Way, Divided, Unprotected (painted>4feet) Medium"	Dry	Daylight	Clear	Not a Collision Between Two Motor Vehicles in Transport	"Yes, M/V and Driver Left Scene"	No Controls	1	1	Complains Of Pain	1	41.8103	-71.42739	FALSE	FALSE	"Westfield Street and Harrison Street, Providence, RI, USA"	FALSE	-71.4274104	41.8103362	intersection	geometric_center	"harrison st & westfield st, providence, ri 02907, usa"	NA	NA	NA	NA	41.8103362	-71.4274104	Med High	4.370817697
1102	2019-01-09	763129	18:17:00	Bicycle	NA	1	FALSE	FALSE	1	BROAD ST	ELMWOOD AVE	1/9/19	"Two-Way , Not Divided"	Dry	Dark - Lighted	Clear	Not a Collision Between Two Motor Vehicles in Transport	No	Traffic Control Signal	2	1	Non-Incapacitating	NA	41.8129	-71.42199	FALSE	FALSE	"Broad Street and Elmwood Ave, Providence, RI, USA"	FALSE	-71.4229658	41.7920613	route	geometric_center	"elmwood ave, providence, ri, usa"	"Broad Street & Elmwood Ave, Providence, RI, USA"	Ei9Ccm9hZCBTdHJlZXQgJiBFbG13b29kIEF2ZSwgUHJvdmlkZW5jZSwgUkksIFVTQSJmImQKFAoSCakle_JwReSJEUzVUWp9I7srEhQKEgmpJXvycEXkiRFM1VFqfSO7KxoUChIJg9591YxP5IkRLKLKk5hLCKMaFAoSCXfQbe2jT-SJEfE86TMHz6HvIgoNRSrsGBVD3m3V	41.8130501	-71.4219965	41.8130501	-71.4219965	Med	16.7177565
1101	2019-01-11	763265	8:40:00	Pedestrian	1	NA	FALSE	FALSE	1	Washington Street	Eddy Street	1/11/19	"Two-Way, Divided, Unprotected (painted>4feet) Medium"	Dry	Daylight	Clear	Not a Collision Between Two Motor Vehicles in Transport	No	Pavement Markings	3	1	Non-Incapacitating	1	41.82401	-71.4134	FALSE	FALSE	"Washington Street and Eddy Street, Providence, RI, USA"	FALSE	-71.4072274	41.8059506	route	geometric_center	"eddy st, providence, ri, usa"	"Washington Street & Eddy Street, Providence, RI, USA"	EjRXYXNoaW5ndG9uIFN0cmVldCAmIEVkZHkgU3RyZWV0LCBQcm92aWRlbmNlLCBSSSwgVVNBImYiZAoUChIJYTKH6BNF5IkR5kp7LeyaeroSFAoSCWEyh-gTReSJEeZKey3smnq6GhQKEgmp2s2cEkXkiREaB9CWoxI09hoUChIJO0x4GWdF5IkRbcddUVrUSsgiCg1e1-0YFXYtb9U	41.824035	-71.4134154	41.824035	-71.4134154	Med	3.062194969
1099	2019-01-14	764529	17:28:00	Pedestrian	1	NA	FALSE	FALSE	1	Douglas Ave	RIVER AVE	1/14/19	"Two-Way, Divided, Unprotected (painted>4feet) Medium"	Dry	Dark - Lighted	Clear	Not a Collision Between Two Motor Vehicles in Transport	No	No Controls	4	1	Complains Of Pain	NA	41.8527	-71.43707	FALSE	FALSE	"Douglas Ave and River Ave, Providence, RI, USA"	FALSE	-71.4371491	41.8527663	intersection	geometric_center	"river ave & douglas ave, providence, ri 02904, usa"	NA	NA	NA	NA	41.8527663	-71.4371491	Med High	9.873663392
1100	2019-01-14	764570	12:20:00	Bicycle	NA	1	FALSE	FALSE	1	Elmwood Avenue	Cadillac Drive	1/15/19	"Two-Way, Divided, Positive Median Barrier"	Dry	Daylight	Clear	Not a Collision Between Two Motor Vehicles in Transport	No	Stop Signs	2	1	Non-Incapacitating	2	41.78916	-71.42126	FALSE	FALSE	"Elmwood Avenue and Cadillac Drive, Providence, RI, USA"	FALSE	-71.4212577	41.78916	intersection	geometric_center	"cadillac dr & elmwood ave, providence, ri 02907, usa"	NA	NA	NA	NA	41.78916	-71.4212577	Med High	0.190900104
1098	2019-01-15	764593	20:51:00	Pedestrian	1	NA	FALSE	FALSE	1	MANTON AVE	HERSCHEL ST	1/15/19	"Two-Way , Not Divided"	Dry	Daylight	Clear	Not a Collision Between Two Motor Vehicles in Transport	No	No Controls	4	1	Complains Of Pain	NA	41.83331	-71.46961	FALSE	FALSE	"Manton Ave and Herschel Street, Providence, RI, USA"	FALSE	-71.4693755	41.833449	intersection	geometric_center	"herschel st & manton ave, providence, ri 02909, usa"	NA	NA	NA	NA	41.833449	-71.4693755	Med High	24.85421435
1097	2019-01-16	764719	10:05:00	Pedestrian	1	NA	FALSE	FALSE	1	Potters Ave	PRAIRIE AVE	1/16/19	"Two-Way , Not Divided"	Dry	Daylight	Clear	Not a Collision Between Two Motor Vehicles in Transport	No	Stop Signs	3	1	Complains Of Pain	NA	41.80407	-71.4143	FALSE	FALSE	"Potters Ave and Prairie Ave, Providence, RI, USA"	FALSE	-71.4141974	41.804104	intersection	geometric_center	"potters ave & prairie ave, providence, ri 02905, usa"	NA	NA	NA	NA	41.804104	-71.4141974	Med High	9.317206723
1096	2019-01-17	764853	15:51:00	Pedestrian	1	NA	FALSE	FALSE	1	WESTMINSTER ST	STOKES ST	1/17/19	"Two-Way , Not Divided"	Dry	Daylight	Clear	Other	No	Traffic Control Signal	2	1	Complains Of Pain	NA	41.81673	-71.44285	FALSE	FALSE	"Westminster Street and Stokes Street, Providence, RI, USA"	FALSE	-71.4428116	41.8167431	intersection	geometric_center	"westminster st & stokes st, providence, ri 02909, usa"	NA	NA	NA	NA	41.8167431	-71.4428116	Med High	3.503728149
1095	2019-01-20	765113	16:06:00	Bicycle	NA	NA	FALSE	FALSE	2	WESTMINSTER ST	SERVICE ROAD 8	1/20/19	"Two-Way , Not Divided"	Ice/Frost	Daylight	Rain	Rear End(Front-to-Rear)	No	No Controls	4	0	No Injury	NA	41.81919	-71.41791	FALSE	FALSE	"Westminster Street and Service Road 8, Providence, RI, USA"	FALSE	-71.4406099	41.816332	intersection	geometric_center	"service rd & westminster st, providence, ri 02909, usa"	NA	NA	NA	NA	41.816332	-71.4406099	Med High	1909.9366
1094	2019-01-22	765445	11:26:00	Pedestrian	1	NA	FALSE	FALSE	1	Bridgham Street	Westminster Street	1/23/19	"Two-Way, Divided, Unprotected (painted>4feet) Medium"	Dry	Daylight	Clear	Not a Collision Between Two Motor Vehicles in Transport	No	No Controls	3	1	Complains Of Pain	1	41.81692	-71.42841	FALSE	FALSE	"Bridgham Street and Westminster Street, Providence, RI, USA"	FALSE	-71.4284038	41.8169384	intersection	geometric_center	"bridgham st & westminster st, providence, ri 02909, usa"	NA	NA	NA	NA	41.8169384	-71.4284038	Med High	2.111878159
1093	2019-01-23	765504	18:18:00	Pedestrian	1	NA	FALSE	FALSE	1	DOYLE AVE	HOPE ST	1/23/19	"Two-Way , Not Divided"	Wet	Dark - Not Lighted	Clear	Not a Collision Between Two Motor Vehicles in Transport	No	Traffic Control Signal	5	1	Non-Incapacitating	NA	41.83877	-71.4001	FALSE	FALSE	"Doyle Ave and Hope Street, Providence, RI, USA"	FALSE	-71.4000972	41.8387695	intersection	geometric_center	"hope st & doyle ave, providence, ri 02906, usa"	NA	NA	NA	NA	41.8387695	-71.4000972	Med High	0.238797456
1088	2019-01-24	765576	7:23:00	Pedestrian	1	NA	FALSE	FALSE	1	ADMIRAL ST	HUXLEY AVE	1/24/19	"Two-Way , Not Divided"	Wet	Daylight	Rain	Other	No	No Controls	2	1	Complains Of Pain	2	41.83463	-71.41633	FALSE	FALSE	"Admiral Street and Huxley Ave, Providence, RI, USA"	FALSE	-71.4326586	41.8467787	intersection	geometric_center	"admiral st & huxley ave, providence, ri 02908, usa"	NA	NA	NA	NA	41.8467787	-71.4326586	Med High	1913.835392
1089	2019-01-24	765594	12:10:00	Bicycle	NA	1	FALSE	FALSE	1	WEYBOSSET ST	UNION ST	1/24/19	"Two-Way , Not Divided"	Wet	Daylight	Rain	"Sideswipe, Same Direction"	No	No Controls	3	1	Non-Incapacitating	NA	41.82237	-71.41167	FALSE	FALSE	"Weybosset Street and Union Street, Providence, RI, USA"	FALSE	-71.4118986	41.8221261	intersection	geometric_center	"weybosset st & union st, providence, ri 02903, usa"	NA	NA	NA	NA	41.8221261	-71.4118986	Med High	33.11798691
1090	2019-01-24	765601	12:11:00	Pedestrian	1	NA	FALSE	FALSE	1	633 N Main St	N MAIN ST	1/24/19	"Two-Way , Not Divided"	Wet	Daylight	Rain	Not a Collision Between Two Motor Vehicles in Transport	No	Pavement Markings	4	1	Incapacitating	2	41.83662	-71.4096	TRUE	FALSE	"633 N Main Street, Providence, RI, USA"	FALSE	-71.4091838	41.8364271	street_address	rooftop	"633 n main st, providence, ri 02904, usa"	NA	NA	NA	NA	41.8364271	-71.4091838	High	40.65316306
1091	2019-01-24	765641	17:06:00	Pedestrian	1	NA	FALSE	FALSE	1	DUDLEY ST	GAY ST	1/24/19	"Two-Way , Not Divided"	Wet	Dark - Lighted	Rain	Not a Collision Between Two Motor Vehicles in Transport	No	Stop Signs	2	1	Complains Of Pain	NA	41.81003	-71.4129	FALSE	FALSE	"Dudley Street and Gay Street, Providence, RI, USA"	FALSE	-71.4128949	41.8100358	intersection	geometric_center	"gay st & dudley st, providence, ri 02905, usa"	NA	NA	NA	NA	41.8100358	-71.4128949	Med High	0.771967779
1092	2019-01-24	765665	17:06:00	Pedestrian	1	NA	FALSE	FALSE	1	BLACKSTONE ST	EDDY ST	1/24/19	"Two-Way , Not Divided"	Wet	Dark - Lighted	Rain	Not a Collision Between Two Motor Vehicles in Transport	No	Pavement Markings	2	1	Complains Of Pain	NA	41.81013	-71.40722	FALSE	FALSE	"Blackstone Street and Eddy Street, Providence, RI, USA"	FALSE	-71.4072137	41.8101324	intersection	geometric_center	"eddy st & blackstone st, providence, ri 02905, usa"	NA	NA	NA	NA	41.8101324	-71.4072137	Med High	0.587046756