row_number	crash_date	crash_report_id	crash_time	collision_type	count_pedestrian	count_bicycle	scooter	wheel_chair	number_of_vehicles	street_or_highway	nearest_intersection	report_date	type_of_roadway	road_surface_condition	light_condition	weather_condition	manner_of_impact	hit_and_run	traffic_control	person_count	injury_count	most_serious_injury	number_of_lanes	lat_raw	lon_raw	has_st_number	is_intersection_null	address_sent_to_geocoder	is_address_blank	lon_api_first_try	lat_api_first_try	type	loctype	address_returned_by_geocoder	address_returned_by_autocomplete	place_ids_autocompleted	lat_api_second_try	lon_api_second_try	lat_api_best	lon_api_best	api_coord_conf	distance_btwn_coords_meters
1047	2019-03-15	772918	19:36:00	Pedestrian	1	NA	FALSE	FALSE	1	Charles St	W River St	3/15/19	"Two-Way, Divided, Unprotected (painted>4feet) Medium"	Wet	Dark - Lighted	Clear	Not a Collision Between Two Motor Vehicles in Transport	No	No Controls	3	1	Non-Incapacitating	NA	41.83961	-71.41638	FALSE	FALSE	"Charles Street and W River Street, Providence, RI, USA"	FALSE	-71.4140946	41.8434958	route	geometric_center	"w river st, providence, ri 02904, usa"	"Charles Street & West River Street, Providence, RI, USA"	EjdDaGFybGVzIFN0cmVldCAmIFdlc3QgUml2ZXIgU3RyZWV0LCBQcm92aWRlbmNlLCBSSSwgVVNBImYiZAoUChIJn_PVYR1F5IkRV_lekQ3QEwQSFAoSCZ_z1WEdReSJEVf5XpEN0BMEGhQKEgl1C85s8UTkiRHLZMsuNVX9MhoUChIJgxzLm-NE5IkRpKt9jzlEBwUiCg0jOPAYFZe3btU	41.8396195	-71.4164329	41.8396195	-71.4164329	Med	4.512903626
1044	2019-03-20	775292	17:18:00	Bicycle	NA	NA	FALSE	FALSE	2	GEORGE ST	GOVERNOR ST	3/20/19	"Two-Way , Not Divided"	Dry	Daylight	Clear	Not a Collision Between Two Motor Vehicles in Transport	No	Stop Signs	2	0	No Injury	NA	41.82586	-71.39386	FALSE	FALSE	"George Street and Governor Street, Providence, RI, USA"	FALSE	-71.3940564	41.8243217	route	geometric_center	"governor st, providence, ri, usa"	"George Street & Governor Street, Providence, RI, USA"	EjRHZW9yZ2UgU3RyZWV0ICYgR292ZXJub3IgU3RyZWV0LCBQcm92aWRlbmNlLCBSSSwgVVNBImYiZAoUChIJD4USBDBF5IkRDsK4Bxda-JoSFAoSCQ-FEgQwReSJEQ7CuAcXWviaGhQKEgnH6iRjO0XkiRGyZ442LkmUZRoUChIJDdfTdjBF5IkRJOofm93bdSIiCg0-Hu4YFWspctU	41.8258494	-71.3938581	41.8258494	-71.3938581	Med	1.19046597
1043	2019-03-26	775909	20:49:00	Bicycle	NA	1	FALSE	FALSE	1	RESERVOIR AVE	CRESCENT ST	3/26/19	"Two-Way , Not Divided"	Dry	Dark - Lighted	Clear	Not a Collision Between Two Motor Vehicles in Transport	"Yes, M/V and Driver Left Scene"	No Controls	2	0	No Injury	NA	41.79139	-71.42829	FALSE	FALSE	"Reservoir Ave and Crescent Street, Providence, RI, USA"	FALSE	-71.4282969	41.7914049	intersection	geometric_center	"reservoir ave & crescent st, providence, ri 02907, usa"	NA	NA	NA	NA	41.7914049	-71.4282969	Med High	1.754741325
1042	2019-03-28	776129	22:02:00	Pedestrian	1	NA	FALSE	FALSE	1	CALDER ST	GREENWICH ST	3/28/19	"Two-Way , Not Divided"	Dry	Dark - Lighted	Clear	Not a Collision Between Two Motor Vehicles in Transport	"Yes, M/V and Driver Left Scene"	Stop Signs	2	1	Complains Of Pain	NA	41.80225	-71.42992	FALSE	FALSE	"Calder Street and Greenwich Street, Providence, RI, USA"	FALSE	-71.4299231	41.8022651	intersection	geometric_center	"calder st & greenwich st, providence, ri 02907, usa"	NA	NA	NA	NA	41.8022651	-71.4299231	Med High	1.700494883
1040	2019-04-04	776735	15:30:00	Pedestrian	1	NA	FALSE	FALSE	1	391 Charles St	SILVER SPRING ST	4/4/19	"Two-Way , Not Divided"	Dry	Daylight	Clear	Not a Collision Between Two Motor Vehicles in Transport	No	No Controls	3	1	Complains Of Pain	NA	41.84472	-71.41868	TRUE	FALSE	"391 Charles Street, Providence, RI, USA"	FALSE	-71.418266	41.8447294	premise	rooftop	"391 charles st, providence, ri 02904, usa"	NA	NA	NA	NA	41.8447294	-71.418266	High	34.3481617
1041	2019-04-04	776738	15:05:00	Bicycle	NA	1	FALSE	FALSE	1	LLOYD AVE	BROWN ST	4/4/19	"Two-Way , Not Divided"	Dry	Daylight	Clear	Not a Collision Between Two Motor Vehicles in Transport	No	Stop Signs	3	1	Complains Of Pain	NA	41.83139	-71.40382	FALSE	FALSE	"Lloyd Ave and Brown Street, Providence, RI, USA"	FALSE	-71.4038222	41.8314108	intersection	geometric_center	"brown st & lloyd ave, providence, ri 02906, usa"	NA	NA	NA	NA	41.8314108	-71.4038222	Med High	2.322624871
1039	2019-04-05	776852	17:19:00	Pedestrian	1	NA	FALSE	FALSE	1	ATWELLS AVE	MANTON AVE	4/5/19	"Two-Way, Divided, Unprotected (painted>4feet) Medium"	Dry	Daylight	Clear	Other	No	No Controls	2	0	No Injury	NA	41.82537	-71.4546	FALSE	FALSE	"Atwells Ave and Manton Ave, Providence, RI, USA"	FALSE	-71.4541435	41.8252114	intersection	geometric_center	"atwells ave & manton ave, providence, ri 02909, usa"	NA	NA	NA	NA	41.8252114	-71.4541435	Med High	41.78164681
1038	2019-04-06	776949	15:17:00	Bicycle	NA	1	FALSE	FALSE	1	RANDALL ST	N MAIN ST	4/6/19	"Two-Way , Not Divided"	Dry	Daylight	Clear	Not a Collision Between Two Motor Vehicles in Transport	No	No Controls	2	0	No Injury	NA	41.83806	-71.40982	FALSE	FALSE	"Randall Street and N Main Street, Providence, RI, USA"	FALSE	-71.3702575	41.8264716	establishment	rooftop	"105 wilmarth ave, east providence, ri 02914, usa"	"Randall Street & North Main Street, Providence, RI, USA"	EjdSYW5kYWxsIFN0cmVldCAmIE5vcnRoIE1haW4gU3RyZWV0LCBQcm92aWRlbmNlLCBSSSwgVVNBImYiZAoUChIJDY71Lh5F5IkRRD0q_3pm2QwSFAoSCQ2O9S4eReSJEUQ9Kv96ZtkMGhQKEgmXgCFvHkXkiREFR8Ne4aJLqhoUChIJ-fpBPd5E5IkRX9etvg1cIz8iCg2M9-8YFVXBb9U	41.837966	-71.4096299	41.837966	-71.4096299	Med	18.92277766
1037	2019-04-07	777051	18:11:00	Bicycle	NA	1	TRUE	FALSE	1	WILLIAMS ST	GOVERNOR ST	4/7/19	"Two-Way , Not Divided"	Dry	Daylight	Clear	Angle (Front - to - Side) Right Angle (Includes Broadside)	No	Stop Signs	2	0	No Injury	NA	41.82284	-71.39405	FALSE	FALSE	"Williams Street and Governor Street, Providence, RI, USA"	FALSE	-71.3940564	41.8243217	route	geometric_center	"governor st, providence, ri, usa"	"Williams Street & Governor Street, Providence, RI, USA"	EjZXaWxsaWFtcyBTdHJlZXQgJiBHb3Zlcm5vciBTdHJlZXQsIFByb3ZpZGVuY2UsIFJJLCBVU0EiZiJkChQKEgktt-udMEXkiRGgA9k91hmOexIUChIJLbfrnTBF5IkRoAPZPdYZjnsaFAoSCc8VZi06ReSJEdbRK1lrMSoLGhQKEgkN19N2MEXkiREk6h-b3dt1IiIKDfSp7RgVahZy1Q	41.8228724	-71.3943446	41.8228724	-71.3943446	Med	24.70366869
1036	2019-04-08	777142	13:21:00	Pedestrian	1	NA	FALSE	FALSE	1	309 Broadway	VINTON ST	4/8/19	"Two-Way , Not Divided"	Wet	Daylight	Cloudy	Not a Collision Between Two Motor Vehicles in Transport	No	No Controls	2	1	Complains Of Pain	NA	41.8201	-71.42808	TRUE	FALSE	"309 Broadway, Providence, RI, USA"	FALSE	-71.427943	41.8204199	street_address	range_interpolated	"309 broadway, providence, ri 02903, usa"	NA	NA	NA	NA	41.8204199	-71.427943	High	37.38081227
1035	2019-04-11	777386	17:43:00	Bicycle	NA	1	FALSE	FALSE	1	South Court	North Main Street	4/11/19	"Two-Way, Divided, Positive Median Barrier"	Dry	Daylight	Clear	Not a Collision Between Two Motor Vehicles in Transport	No	No Controls	2	1	Non-Incapacitating	1	NA	NA	FALSE	FALSE	"South Court and North Main Street, Providence, RI, USA"	FALSE	-71.5479058	41.7335481	route	geometric_center	"n main st, rhode island, usa"	"S Court St & North Main Street, Providence, RI, USA"	EjNTIENvdXJ0IFN0ICYgTm9ydGggTWFpbiBTdHJlZXQsIFByb3ZpZGVuY2UsIFJJLCBVU0EiZiJkChQKEglTYLXXGUXkiRFRTGfjzS7j3hIUChIJU2C11xlF5IkRUUxn480u494aFAoSCaMkIi8YReSJEWPmtkv3sN32GhQKEgn5-kE93kTkiRFf162-DVwjPyIKDSuW7hgVyb1v1Q	41.8289195	-71.4097207	41.8289195	-71.4097207	Med	NA
1034	2019-04-12	777444	13:52:00	Pedestrian	2	NA	FALSE	FALSE	1	ELMWOOD AVE	PEACE ST	4/12/19	"Two-Way , Not Divided"	Dry	Daylight	Clear	Not a Collision Between Two Motor Vehicles in Transport	"Yes, M/V and Driver Left Scene"	No Controls	3	2	Complains Of Pain	NA	41.80645	-71.42496	FALSE	FALSE	"Elmwood Ave and Peace Street, Providence, RI, USA"	FALSE	-71.4249572	41.8065686	intersection	geometric_center	"peace st & elmwood ave, providence, ri 02907, usa"	NA	NA	NA	NA	41.8065686	-71.4249572	Med High	13.20453578
1033	2019-04-14	777599	2:53:00	Pedestrian	1	NA	FALSE	FALSE	1	Dike Street	PLAINFIELD ST	4/14/19	"Two-Way , Not Divided"	Dry	Dark - Lighted	Clear	Not a Collision Between Two Motor Vehicles in Transport	"Yes, M/V and Driver Left Scene"	No Controls	1	1	Complains Of Pain	NA	41.816	-71.4439	FALSE	FALSE	"Dike Street and Plainfield Street, Providence, RI, USA"	FALSE	-71.444405	41.816372	intersection	geometric_center	"dike st & plainfield st, providence, ri 02909, usa"	NA	NA	NA	NA	41.816372	-71.444405	Med High	58.90879621
1031	2019-04-16	777751	13:55:00	Pedestrian	1	NA	FALSE	FALSE	1	45 East Drive	Middle Street	4/16/19	"Two-Way , Not Divided"	Dry	Daylight	Clear	Not a Collision Between Two Motor Vehicles in Transport	No	No Controls	2	1	Complains Of Pain	1	NA	NA	TRUE	FALSE	"45 East Drive, Providence, RI, USA"	FALSE	-71.4430392	41.852099	premise	rooftop	"45 east dr, providence, ri 02904, usa"	NA	NA	NA	NA	41.852099	-71.4430392	High	NA
1032	2019-04-16	777758	15:40:00	Pedestrian	1	NA	FALSE	FALSE	1	COLLEGE ST	COLLEGE ST	4/16/19	One-Way Trafficway	Dry	Daylight	Clear	Not a Collision Between Two Motor Vehicles in Transport	No	Traffic Control Signal	2	1	Non-Incapacitating	NA	41.82564	-71.40784	FALSE	FALSE	"College Street and College Street, Providence, RI, USA"	FALSE	-71.4066485	41.8260241	route	geometric_center	"college st, providence, ri 02903, usa"	NA	NA	NA	NA	41.8260241	-71.4066485	Med	107.6901728
1030	2019-04-19	777952	14:52:00	Pedestrian	1	NA	FALSE	FALSE	1	Cranston St	BRIDGHAM ST	4/19/19	"Two-Way , Not Divided"	Dry	Daylight	Clear	Not a Collision Between Two Motor Vehicles in Transport	No	Traffic Control Signal	2	2	Non-Incapacitating	NA	41.81396	-71.42694	FALSE	FALSE	"Cranston Street and Bridgham Street, Providence, RI, USA"	FALSE	-71.426947	41.8139796	intersection	geometric_center	"cranston st & bridgham st, providence, ri 02907, usa"	NA	NA	NA	NA	41.8139796	-71.426947	Med High	2.257835677
1028	2019-04-25	778300	7:35:00	Pedestrian	1	NA	FALSE	FALSE	1	COLFAX ST	BROAD ST	4/25/19	"Two-Way , Not Divided"	Dry	Daylight	Clear	Not a Collision Between Two Motor Vehicles in Transport	"Yes, M/V and Driver Left Scene"	Pavement Markings	1	1	Complains Of Pain	NA	41.7989	-71.41536	FALSE	FALSE	"Colfax Street and Broad Street, Providence, RI, USA"	FALSE	-71.4154791	41.7988681	intersection	geometric_center	"broad st & colfax st, providence, ri 02905, usa"	NA	NA	NA	NA	41.7988681	-71.4154791	Med High	10.50237443
1029	2019-04-25	778307	12:10:00	Bicycle	NA	1	FALSE	FALSE	1	341 South Main St	JAMES ST	4/25/19	One-Way Trafficway	Dry	Daylight	Clear	Angle (Front - to - Side) Right Angle (Includes Broadside)	No	No Controls	2	1	Complains Of Pain	NA	41.82097	-71.40384	TRUE	FALSE	"341 South Main Street, Providence, RI, USA"	FALSE	-71.4044693	41.821454	subpremise	rooftop	"341 s main st, providence, ri 02903, usa"	NA	NA	NA	NA	41.821454	-71.4044693	High	75.02235159
1027	2019-04-26	778414	21:24:00	Pedestrian	1	NA	FALSE	FALSE	1	N MAIN ST	N MAIN ST	4/26/19	"Two-Way, Divided, Unprotected (painted>4feet) Medium"	Wet	Dark - Lighted	Rain	Not a Collision Between Two Motor Vehicles in Transport	No	No Controls	3	1	Non-Incapacitating	NA	41.83709	-71.4095	FALSE	FALSE	"N Main Street and N Main Street, Providence, RI, USA"	FALSE	-71.2873641	41.7371398	route	geometric_center	"n main st, rhode island, usa"	"North Main Street & South Main Street, Providence, RI, USA"	EjpOb3J0aCBNYWluIFN0cmVldCAmIFNvdXRoIE1haW4gU3RyZWV0LCBQcm92aWRlbmNlLCBSSSwgVVNBImYiZAoUChIJD1urSRZF5IkRzGbOghZosXsSFAoSCQ9bq0kWReSJEcxmzoIWaLF7GhQKEgn5-kE93kTkiRFf162-DVwjPxoUChIJxfz7Uz5F5IkRx3FZv-YChPQiCg2TF-4YFdUHcNU	41.8256787	-71.4078251	41.8256787	-71.4078251	Med	1277.874235
1026	2019-04-27	778460	16:17:00	Pedestrian	1	NA	TRUE	FALSE	1	SMITH ST	ORMS ST	4/27/19	"Two-Way , Not Divided"	Dry	Daylight	Cloudy	Not a Collision Between Two Motor Vehicles in Transport	No	No Controls	2	1	Incapacitating	NA	41.83456	-71.42401	FALSE	FALSE	"Smith Street and Orms Street, Providence, RI, USA"	FALSE	-71.4219437	41.8337775	intersection	geometric_center	"orms st & smith st, providence, ri 02904, usa"	NA	NA	NA	NA	41.8337775	-71.4219437	Med High	192.2490257
1025	2019-05-02	778867	22:16:00	Pedestrian	1	NA	FALSE	FALSE	1	BROAD ST	BROAD ST	5/2/19	"Two-Way , Not Divided"	Dry	Dark - Lighted	Clear	Not a Collision Between Two Motor Vehicles in Transport	"Yes, M/V and Driver Left Scene"	Stop Signs	1	1	Complains Of Pain	NA	41.80648	-71.42002	FALSE	FALSE	"Broad Street and Broad Street, Providence, RI, USA"	FALSE	-71.4101636	41.7945838	route	geometric_center	"broad st, providence, ri, usa"	NA	NA	NA	NA	41.7945838	-71.4101636	Med	1556.513667
1024	2019-05-04	778987	15:51:00	Bicycle	NA	1	FALSE	FALSE	1	LUBEC ST	MANILA ST	5/4/19	"Two-Way , Not Divided"	Dry	Daylight	Clear	Not a Collision Between Two Motor Vehicles in Transport	No	Stop Signs	3	1	Non-Incapacitating	NA	41.85438	-71.44557	FALSE	FALSE	"Lubec Street and Manila Street, Providence, RI, USA"	FALSE	-71.4455518	41.8543745	intersection	geometric_center	"manila st & lubec st, providence, ri 02904, usa"	NA	NA	NA	NA	41.8543745	-71.4455518	Med High	1.628536215
1023	2019-05-05	779049	15:15:00	Bicycle	NA	1	FALSE	FALSE	1	CUSTOM HOUSE ST	WEYBOSSET ST	5/5/19	"Two-Way , Not Divided"	Wet	Daylight	Rain	Angle (Front - to - Side) Right Angle (Includes Broadside)	No	No Controls	2	0	No Injury	NA	41.82431	-71.4097	FALSE	FALSE	"Custom House Street and Weybosset Street, Providence, RI, USA"	FALSE	-71.4097149	41.824309	intersection	geometric_center	"weybosset st & custom house st, providence, ri 02903, usa"	NA	NA	NA	NA	41.824309	-71.4097149	Med High	1.241025095
1021	2019-05-06	779218	18:39:00	Pedestrian	1	NA	FALSE	FALSE	1	MANTON AVE	GLENBRIDGE AVE	5/6/19	"Two-Way , Not Divided"	Dry	Daylight	Clear	Not a Collision Between Two Motor Vehicles in Transport	No	No Controls	3	1	Complains Of Pain	NA	41.82596	-71.45816	FALSE	FALSE	"Manton Ave and Glenbridge Ave, Providence, RI, USA"	FALSE	-71.4582318	41.8259774	intersection	geometric_center	"glenbridge ave & manton ave, providence, ri 02909, usa"	NA	NA	NA	NA	41.8259774	-71.4582318	Med High	6.263027304
1022	2019-05-06	779236	16:10:00	Bicycle	NA	1	FALSE	FALSE	1	CRANSTON ST	BELLEVUE AVE	5/6/19	"Two-Way , Not Divided"	Dry	Daylight	Clear	Not a Collision Between Two Motor Vehicles in Transport	No	No Controls	2	1	Complains Of Pain	2	41.80885	-71.4341	FALSE	FALSE	"Cranston Street and Bellevue Ave, Providence, RI, USA"	FALSE	-71.434059	41.8089239	intersection	geometric_center	"cranston st & bellevue ave, providence, ri 02907, usa"	NA	NA	NA	NA	41.8089239	-71.434059	Med High	8.902177657
1020	2019-05-07	779265	14:02:00	Bicycle	NA	1	FALSE	FALSE	1	CORLISS ST	CHARLES ST	5/7/19	"Two-Way , Not Divided"	Dry	Daylight	Clear	Not a Collision Between Two Motor Vehicles in Transport	No	Stop Signs	4	1	Complains Of Pain	NA	41.83814	-71.41441	FALSE	FALSE	"Corliss Street and Charles Street, Providence, RI, USA"	FALSE	-71.4144885	41.8380809	intersection	geometric_center	"charles st & corliss st, providence, ri 02904, usa"	NA	NA	NA	NA	41.8380809	-71.4144885	Med High	9.255806396
1019	2019-05-13	781893	16:26:00	Pedestrian	1	NA	FALSE	FALSE	1	THURBERS AVE	WEISS CT	5/13/19	"Two-Way , Not Divided"	Wet	Daylight	Rain	Not a Collision Between Two Motor Vehicles in Transport	No	No Controls	2	1	Complains Of Pain	NA	41.79834	-71.41391	FALSE	FALSE	"Thurbers Ave and Weiss Ct, Providence, RI, USA"	FALSE	-71.4139162	41.7983534	intersection	geometric_center	"thurbers ave & weiss ct, providence, ri 02905, usa"	NA	NA	NA	NA	41.7983534	-71.4139162	Med High	1.577925943
1018	2019-05-14	782054	15:45:00	Pedestrian	1	NA	FALSE	FALSE	1	BROAD ST	MOORE ST	5/14/19	"Two-Way , Not Divided"	Dry	Daylight	Clear	Not a Collision Between Two Motor Vehicles in Transport	No	No Controls	3	1	Complains Of Pain	NA	41.80484	-71.4195	FALSE	FALSE	"Broad Street and Moore Street, Providence, RI, USA"	FALSE	-71.4224386	41.8048126	route	geometric_center	"moore st, providence, ri 02907, usa"	"Broad Street & Moore Street, Providence, RI, USA"	EjBCcm9hZCBTdHJlZXQgJiBNb29yZSBTdHJlZXQsIFByb3ZpZGVuY2UsIFJJLCBVU0EiZiJkChQKEgmlABLCfEXkiRHWRH4Go29OcRIUChIJpQASwnxF5IkR1kR-BqNvTnEaFAoSCYPefdWMT-SJESyiypOYSwijGhQKEgnhyI4zfEXkiRFDYGpDM0nPaiIKDY7r6hgVyD9u1Q	41.804891	-71.4195	41.804891	-71.4195	Med	5.67729403
1017	2019-05-15	782165	19:47:00	Bicycle	NA	1	FALSE	FALSE	1	RICHMOND ST	POINT STREET	5/15/19	"Two-Way , Not Divided"	Dry	Dusk	Clear	Not a Collision Between Two Motor Vehicles in Transport	No	Traffic Control Signal	2	1	Incapacitating	NA	41.81655	-71.40727	FALSE	FALSE	"Richmond Street and Point Street, Providence, RI, USA"	FALSE	-71.407245	41.8165589	intersection	geometric_center	"point st & richmond st, providence, ri 02903, usa"	NA	NA	NA	NA	41.8165589	-71.407245	Med High	2.298591361
1015	2019-05-16	782208	8:46:00	Pedestrian	1	NA	FALSE	FALSE	1	Sabin Street	Empire Street	5/16/19	One-Way Trafficway	Dry	Daylight	Clear	Not a Collision Between Two Motor Vehicles in Transport	No	Traffic Control Signal	3	1	Complains Of Pain	3	NA	NA	FALSE	FALSE	"Sabin Street and Empire Street, Providence, RI, USA"	FALSE	-71.4178655	41.8228161	intersection	geometric_center	"sabin st & empire st, providence, ri 02903, usa"	NA	NA	NA	NA	41.8228161	-71.4178655	Med High	NA
1016	2019-05-16	782234	15:13:00	Bicycle	NA	1	FALSE	FALSE	1	ROGER WILLIAMS AVE	ALEXANDER ST	5/16/19	"Two-Way , Not Divided"	Dry	Daylight	Clear	Not a Collision Between Two Motor Vehicles in Transport	No	Stop Signs	3	1	Complains Of Pain	NA	41.78853	-71.4262	FALSE	FALSE	"Roger Williams Ave and Alexander Street, Providence, RI, USA"	FALSE	-71.4261954	41.7885531	intersection	geometric_center	"alexander st & roger williams ave, providence, ri 02907, usa"	NA	NA	NA	NA	41.7885531	-71.4261954	Med High	2.599670137
1014	2019-05-17	782414	20:59:00	Pedestrian	1	NA	FALSE	FALSE	1	PARK ROW E	CANAL ST	5/17/19	"Two-Way , Not Divided"	Dry	Dark - Lighted	Clear	Not a Collision Between Two Motor Vehicles in Transport	No	No Controls	4	0	No Injury	NA	41.82845	-71.41081	FALSE	FALSE	"Park Row E and Canal Street, Providence, RI, USA"	FALSE	-71.4106907	41.8284695	intersection	geometric_center	"park row w & canal st, providence, ri 02903, usa"	NA	NA	NA	NA	41.8284695	-71.4106907	Med High	10.13111915
1013	2019-05-18	782496	17:23:00	Bicycle	NA	NA	FALSE	FALSE	2	GALILEO AVE	SAMOSET AVE	5/18/19	"Two-Way , Not Divided"	Dry	Daylight	Clear	Angle (Front - to - Side) Right Angle (Includes Broadside)	No	Stop Signs	3	1	Complains Of Pain	NA	41.83582	-71.45363	FALSE	FALSE	"Galileo Ave and Samoset Ave, Providence, RI, USA"	FALSE	-71.4536382	41.835839	intersection	geometric_center	"samoset ave & galileo ave, providence, ri 02909, usa"	NA	NA	NA	NA	41.835839	-71.4536382	Med High	2.221725644
1012	2019-05-20	782738	14:47:00	Bicycle	NA	1	FALSE	FALSE	1	WATERMAN ST	GOVERNOR ST	5/20/19	One-Way Trafficway	Dry	Daylight	Clear	Not a Collision Between Two Motor Vehicles in Transport	No	No Controls	2	1	Complains Of Pain	NA	41.82762	-71.39389	FALSE	FALSE	"Waterman Street and Governor Street, Providence, RI, USA"	FALSE	-71.3938851	41.8276383	intersection	geometric_center	"governor st & waterman st, providence, ri 02906, usa"	NA	NA	NA	NA	41.8276383	-71.3938851	Med High	2.077299483
1011	2019-05-21	782908	18:08:00	Bicycle	NA	NA	FALSE	FALSE	2	CRANSTON ST	DODGE ST	5/21/19	"Two-Way , Not Divided"	Dry	Daylight	Clear	Not a Collision Between Two Motor Vehicles in Transport	"Yes, M/V and Driver Left Scene"	No Controls	1	0	Unknown	NA	41.81465	-71.42574	FALSE	FALSE	"Cranston Street and Dodge Street, Providence, RI, USA"	FALSE	-71.4259042	41.8145699	intersection	geometric_center	"cranston st & dodge st, providence, ri 02907, usa"	NA	NA	NA	NA	41.8145699	-71.4259042	Med High	16.28185612
1009	2019-05-22	783037	18:56:00	Bicycle	NA	2	FALSE	FALSE	1	CHALKSTONE AVE	FREDERICK ST	5/22/19	"Two-Way , Not Divided"	Dry	Daylight	Clear	Not a Collision Between Two Motor Vehicles in Transport	"Yes, M/V and Driver Left Scene"	No Controls	2	2	Complains Of Pain	NA	41.83447	-71.42888	FALSE	FALSE	"Chalkstone Ave and Frederick Street, Providence, RI, USA"	FALSE	-71.4288642	41.8344892	intersection	geometric_center	"frederick st & chalkstone ave, providence, ri 02908, usa"	NA	NA	NA	NA	41.8344892	-71.4288642	Med High	2.507097451
1010	2019-05-22	783053	20:59:00	Other	NA	NA	TRUE	FALSE	2	Point St	Service road #8	5/22/19	One-Way Trafficway	Dry	Dark - Lighted	Clear	Head-On (Front - to - Front)	"Yes, Driver Left Scene"	Traffic Control Signal	3	1	Complains Of Pain	2	41.81513	-71.41193	FALSE	FALSE	"Point Street and Service Road #8, Providence, RI, USA"	FALSE	-71.4408471	41.8158978	route	geometric_center	"service rd, providence, ri 02909, usa"	NA	NA	NA	NA	41.8158978	-71.4408471	Med	2400.65566
1008	2019-05-24	783272	20:43:00	Bicycle	NA	1	FALSE	FALSE	1	NORTHUP AVE	HALL ST	5/24/19	"Two-Way , Not Divided"	Dry	Dark - Lighted	Clear	Not a Collision Between Two Motor Vehicles in Transport	"Yes, M/V and Driver Left Scene"	No Controls	1	1	Complains Of Pain	NA	41.85151	-71.4165	FALSE	FALSE	"Northup Ave and Hall Street, Providence, RI, USA"	FALSE	-71.4168869	41.8515027	intersection	geometric_center	"northrup ave & hall st, providence, ri 02904, usa"	NA	NA	NA	NA	41.8515027	-71.4168869	Med High	32.09175772
1006	2019-05-25	783338	10:25:00	Pedestrian	1	NA	FALSE	FALSE	1	BROAD ST	MASSACHUSETTS AVE	5/25/19	"Two-Way , Not Divided"	Dry	Daylight	Clear	Other	No	No Controls	3	1	Complains Of Pain	NA	41.78635	-71.40193	FALSE	FALSE	"Broad Street and Massachusetts Ave, Providence, RI, USA"	FALSE	-71.398086	41.7870857	route	geometric_center	"massachusetts ave, providence, ri 02905, usa"	"Broad Street & Massachusetts Ave, Providence, RI, USA"	EjVCcm9hZCBTdHJlZXQgJiBNYXNzYWNodXNldHRzIEF2ZSwgUHJvdmlkZW5jZSwgUkksIFVTQSJmImQKFAoSCSsPeUnsT-SJEa4hPoTYt3L2EhQKEgkrD3lJ7E_kiRGuIT6E2Ldy9hoUChIJg9591YxP5IkRLKLKk5hLCKMaFAoSCaWbFTXuT-SJEd17f4AxeQSKIgoN8BfoGBXn7XDV	41.7863664	-71.4019353	41.7863664	-71.4019353	Med	1.877894902
1007	2019-05-25	783344	14:12:00	Bicycle	NA	1	FALSE	FALSE	1	BROADWAY	VALLEY ST	5/25/19	"Two-Way , Not Divided"	Dry	Daylight	Clear	Not a Collision Between Two Motor Vehicles in Transport	No	Traffic Control Signal	2	1	Complains Of Pain	NA	41.81684	-71.441	FALSE	FALSE	"Broadway and Valley Street, Providence, RI, USA"	FALSE	-71.4361571	41.8275287	route	geometric_center	"valley st, providence, ri, usa"	"Broadway & Valley Street, Providence, RI, USA"	Ei1Ccm9hZHdheSAmIFZhbGxleSBTdHJlZXQsIFByb3ZpZGVuY2UsIFJJLCBVU0EiZiJkChQKEglPQjeFmkXkiRFay9YdHmK0gBIUChIJT0I3hZpF5IkRWsvWHR5itIAaFAoSCaW15YZ1ReSJERrCM7HXpG-zGhQKEgn71PW-oUXkiRFACHbbKx7jfCIKDVm-7BgVgvdq1Q	41.8168409	-71.441011	41.8168409	-71.441011	Med	0.918089077
1005	2019-05-29	783754	17:57:00	Pedestrian	1	NA	FALSE	FALSE	1	CAHIR ST	BROAD ST	5/29/19	"Two-Way , Not Divided"	Dry	Daylight	Clear	Not a Collision Between Two Motor Vehicles in Transport	No	No Controls	3	1	Complains Of Pain	NA	41.81698	-71.41799	FALSE	FALSE	"Cahir Street and Broad Street, Providence, RI, USA"	FALSE	-71.4178923	41.8169459	intersection	geometric_center	"broad st & cahir st, providence, ri 02903, usa"	NA	NA	NA	NA	41.8169459	-71.4178923	Med High	8.95042502
1004	2019-05-30	783869	22:27:00	Pedestrian	1	NA	FALSE	FALSE	1	MOUNT PLEASANT AVE	CHALKSTONE AVE	5/31/19	"Two-Way , Not Divided"	Wet	Dark - Lighted	Rain	Not a Collision Between Two Motor Vehicles in Transport	No	Traffic Control Signal	5	1	Complains Of Pain	NA	41.8327	-71.44975	FALSE	FALSE	"Mount Pleasant Ave and Chalkstone Ave, Providence, RI, USA"	FALSE	-71.4497544	41.83271	intersection	geometric_center	"mt pleasant ave & chalkstone ave, providence, ri 02908, usa"	NA	NA	NA	NA	41.83271	-71.4497544	Med High	1.171491734
1003	2019-05-31	783947	22:30:00	Bicycle	NA	1	FALSE	FALSE	1	BRANCH AVE EXIT	BRANCH AVE	6/1/19	"Two-Way , Not Divided"	Dry	Dark - Lighted	Clear	Not a Collision Between Two Motor Vehicles in Transport	No	Yield Signs	2	1	Complains Of Pain	NA	41.85252	-71.42536	FALSE	FALSE	"Branch Ave Exit and Branch Ave, Providence, RI, USA"	FALSE	-71.4228521	41.8515249	route	geometric_center	"branch ave, providence, ri 02904, usa"	NA	NA	NA	NA	41.8515249	-71.4228521	Med	235.6156623