row_number	crash_date	crash_report_id	crash_time	collision_type	count_pedestrian	count_bicycle	scooter	wheel_chair	number_of_vehicles	street_or_highway	nearest_intersection	report_date	type_of_roadway	road_surface_condition	light_condition	weather_condition	manner_of_impact	hit_and_run	traffic_control	person_count	injury_count	most_serious_injury	number_of_lanes	lat_raw	lon_raw	has_st_number	is_intersection_null	address_sent_to_geocoder	is_address_blank	lon_api_first_try	lat_api_first_try	type	loctype	address_returned_by_geocoder	address_returned_by_autocomplete	place_ids_autocompleted	lat_api_second_try	lon_api_second_try	lat_api_best	lon_api_best	api_coord_conf	distance_btwn_coords_meters
1001	2019-06-01	783971	11:00:00	Bicycle	NA	1	FALSE	FALSE	1	BROAD ST	BROAD ST	6/1/19	"Two-Way, Divided, Unprotected (painted>4feet) Medium"	Dry	Daylight	Clear	Angle (Front - to - Side) Right Angle (Includes Broadside)	"Yes, M/V and Driver Left Scene"	Traffic Control Signal	2	1	Non-Incapacitating	NA	41.80977	-71.42101	FALSE	FALSE	"Broad Street and Broad Street, Providence, RI, USA"	FALSE	-71.4101636	41.7945838	route	geometric_center	"broad st, providence, ri, usa"	NA	NA	NA	NA	41.7945838	-71.4101636	Med	1915.197638
1002	2019-06-01	784030	19:32:00	Bicycle	NA	NA	FALSE	FALSE	2	ELMWOOD AVE	CADILLAC DR	6/1/19	"Two-Way, Divided, Positive Median Barrier"	Dry	Daylight	Clear	Angle (Front - to - Side) Same Direction	No	No Controls	1	1	Complains Of Pain	NA	41.78916	-71.42126	FALSE	FALSE	"Elmwood Ave and Cadillac Dr, Providence, RI, USA"	FALSE	-71.4212577	41.78916	intersection	geometric_center	"cadillac dr & elmwood ave, providence, ri 02907, usa"	NA	NA	NA	NA	41.78916	-71.4212577	Med High	0.190900104
1000	2019-06-04	784357	22:21:00	Pedestrian	1	NA	FALSE	FALSE	1	JOSLIN ST	KOSSUTH ST	6/5/19	"Two-Way , Not Divided"	Dry	Dark - Lighted	Clear	Other	"Yes, M/V and Driver Left Scene"	No Controls	1	1	Complains Of Pain	NA	41.82235	-71.44673	FALSE	FALSE	"Joslin Street and Kossuth Street, Providence, RI, USA"	FALSE	-71.4467322	41.8222186	intersection	geometric_center	"joslin st & kossuth st, providence, ri 02909, usa"	NA	NA	NA	NA	41.8222186	-71.4467322	Med High	14.62851961
999	2019-06-08	784767	16:40:00	Bicycle	NA	1	FALSE	FALSE	1	332 Valley Street	RILL ST	6/8/19	"Two-Way, Divided, Unprotected (painted>4feet) Medium"	Dry	Daylight	Clear	Other	No	No Controls	2	1	Complains Of Pain	NA	41.82659	-71.43819	TRUE	FALSE	"332 Valley Street, Providence, RI, USA"	FALSE	-71.4387719	41.8265155	street_address	rooftop	"332 valley st, providence, ri 02908, usa"	NA	NA	NA	NA	41.8265155	-71.4387719	High	48.97680831
997	2019-06-09	784816	12:45:00	Pedestrian	1	NA	FALSE	FALSE	1	73 PHEBE ST	ADMIRAL ST	6/9/19	"Two-Way , Not Divided"	Dry	Daylight	Clear	Other	"Yes, M/V and Driver Left Scene"	No Controls	2	1	Non-Incapacitating	NA	41.83618	-71.41545	TRUE	FALSE	"73 Phebe Street, Providence, RI, USA"	FALSE	-71.4419725	41.8526339	premise	rooftop	"73 phebe st, providence, ri 02904, usa"	NA	NA	NA	NA	41.8526339	-71.4419725	High	2862.267402
998	2019-06-09	784858	21:00:00	Pedestrian	1	NA	FALSE	FALSE	1	833 POTTERS AVE	PURITAN ST	6/9/19	"Two-Way , Not Divided"	Dry	Dark - Lighted	Clear	Not a Collision Between Two Motor Vehicles in Transport	"Yes, M/V and Driver Left Scene"	No Controls	1	1	Non-Incapacitating	NA	41.80476	-71.43701	TRUE	FALSE	"833 Potters Ave, Providence, RI, USA"	FALSE	-71.4370419	41.804971	premise	rooftop	"833 potters ave, providence, ri 02907, usa"	NA	NA	NA	NA	41.804971	-71.4370419	High	23.63709822
996	2019-06-11	785038	16:31:00	Pedestrian	1	NA	FALSE	FALSE	1	27 Armington Ave	PEMBERTON ST	6/11/19	"Two-Way , Not Divided"	Dry	Daylight	Clear	Not a Collision Between Two Motor Vehicles in Transport	No	No Controls	5	1	Complains Of Pain	NA	41.82714	-71.44484	TRUE	FALSE	"27 Armington Ave, Providence, RI, USA"	FALSE	-71.4447543	41.8273486	street_address	rooftop	"27 armington ave, providence, ri 02908, usa"	NA	NA	NA	NA	41.8273486	-71.4447543	High	24.2850238
995	2019-06-15	785385	19:37:00	Pedestrian	1	NA	FALSE	FALSE	1	GRAPE ST	ALICANT ST	6/15/19	"Two-Way , Not Divided"	Dry	Daylight	Clear	Not a Collision Between Two Motor Vehicles in Transport	"Yes, M/V and Driver Left Scene"	No Controls	1	1	Incapacitating	NA	41.84459	-71.43025	FALSE	FALSE	"Grape Street and Alicant Street, Providence, RI, USA"	FALSE	-71.4302943	41.8446022	intersection	geometric_center	"grape st & alicant st, providence, ri 02908, usa"	NA	NA	NA	NA	41.8446022	-71.4302943	Med High	3.916714577
993	2019-06-16	785439	15:54:00	Bicycle	NA	1	FALSE	FALSE	1	NEWARK ST	VALLEY ST	6/16/19	"Two-Way , Not Divided"	Dry	Daylight	Clear	Not a Collision Between Two Motor Vehicles in Transport	No	Stop Signs	2	1	Complains Of Pain	NA	41.82521	-71.43931	FALSE	FALSE	"Newark Street and Valley Street, Providence, RI, USA"	FALSE	-71.4393041	41.8252323	intersection	geometric_center	"valley st & newark st, providence, ri 02908, usa"	NA	NA	NA	NA	41.8252323	-71.4393041	Med High	2.530211188
994	2019-06-16	785450	17:29:00	Pedestrian	1	NA	FALSE	FALSE	1	86 AYRAULT ST	CHALKSTONE AVE	6/16/19	One-Way Trafficway	Dry	Daylight	Clear	Not a Collision Between Two Motor Vehicles in Transport	No	No Controls	2	1	Non-Incapacitating	NA	41.83374	-71.42907	TRUE	FALSE	"86 Ayrault Street, Providence, RI, USA"	FALSE	-71.4292777	41.8338438	street_address	rooftop	"86 ayrault st, providence, ri 02908, usa"	NA	NA	NA	NA	41.8338438	-71.4292777	High	20.74343787
992	2019-06-17	785528	17:28:00	Pedestrian	1	NA	FALSE	FALSE	1	BROAD ST	CLAVERICK ST	6/17/19	"Two-Way , Not Divided"	Dry	Daylight	Clear	Not a Collision Between Two Motor Vehicles in Transport	No	Traffic Control Signal	3	0	No Injury	NA	41.81938	-71.41493	FALSE	FALSE	"Broad Street and Claverick Street, Providence, RI, USA"	FALSE	-71.413061	41.8182487	route	geometric_center	"claverick st, providence, ri 02903, usa"	"Broad Street & Claverick Street, Providence, RI, USA"	EjRCcm9hZCBTdHJlZXQgJiBDbGF2ZXJpY2sgU3RyZWV0LCBQcm92aWRlbmNlLCBSSSwgVVNBImYiZAoUChIJN-H52GxF5IkR-aG6rjTYAMMSFAoSCTfh-dhsReSJEfmhuq402ADDGhQKEgmD3n3VjE_kiREsosqTmEsIoxoUChIJCd0jlGxF5IkRCow_XvXZa3YiCg2rIO0YFTrwbtU	41.8193579	-71.414983	41.8193579	-71.414983	Med	5.038390016
989	2019-06-19	785680	7:52:00	Bicycle	NA	1	FALSE	FALSE	1	Broadway	Almy Street	6/19/19	"Two-Way , Not Divided"	Dry	Daylight	Clear	Not a Collision Between Two Motor Vehicles in Transport	No	Traffic Control Signal	3	0	No Injury	NA	41.81896	-71.43294	FALSE	FALSE	"Broadway and Almy Street, Providence, RI, USA"	FALSE	-71.4332086	41.8196567	route	geometric_center	"almy st, providence, ri 02909, usa"	"Broadway & Almy Street, Providence, RI, USA"	EitCcm9hZHdheSAmIEFsbXkgU3RyZWV0LCBQcm92aWRlbmNlLCBSSSwgVVNBImYiZAoUChIJf2wiiJ5F5IkRjn4qkn9k29gSFAoSCX9sIoieReSJEY5-KpJ_ZNvYGhQKEgmlteWGdUXkiREawjOx16RvsxoUChIJ51EWjJ5F5IkRlA-oyGoufZoiCg2qEe0YFbcybNU	41.8189738	-71.4329417	41.8189738	-71.4329417	Med	1.542669349
990	2019-06-19	785687	9:26:00	Bicycle	NA	1	FALSE	FALSE	1	Branch Ave	Branch Ave Exit	6/19/19	"Two-Way, Divided, Positive Median Barrier"	Dry	Daylight	Clear	Not a Collision Between Two Motor Vehicles in Transport	"Yes, M/V and Driver Left Scene"	No Controls	2	1	Complains Of Pain	NA	41.8461	-71.4114	FALSE	FALSE	"Branch Ave and Branch Ave Exit, Providence, RI, USA"	FALSE	-71.4228521	41.8515249	route	geometric_center	"branch ave, providence, ri 02904, usa"	NA	NA	NA	NA	41.8515249	-71.4228521	Med	1125.392148
991	2019-06-19	785760	20:59:00	Pedestrian	1	NA	FALSE	FALSE	1	ELMWOOD AVENUE	MAWNEY STREET	6/19/19	"Two-Way , Not Divided"	Dry	Dark - Lighted	Clear	Not a Collision Between Two Motor Vehicles in Transport	"Yes, M/V and Driver Left Scene"	Pavement Markings	1	1	Complains Of Pain	NA	41.80357	-71.42571	FALSE	FALSE	"Elmwood Avenue and Mawney Street, Providence, RI, USA"	FALSE	-71.4257265	41.803583	intersection	geometric_center	"mawney st & elmwood ave, providence, ri 02907, usa"	NA	NA	NA	NA	41.803583	-71.4257265	Med High	1.992220272
988	2019-06-20	785823	16:04:00	Pedestrian	1	NA	FALSE	FALSE	1	384 NIAGARA ST	NA	6/20/19	"Two-Way , Not Divided"	Wet	Daylight	"Fog, Smog, Smoke"	Not a Collision Between Two Motor Vehicles in Transport	"Yes, M/V and Driver Left Scene"	No Controls	1	1	Non-Incapacitating	NA	41.79272	-71.41417	TRUE	TRUE	"384 Niagara Street, Providence, RI, USA"	FALSE	-71.4140041	41.7927491	premise	rooftop	"384 niagara st, providence, ri 02907, usa"	NA	NA	NA	NA	41.7927491	-71.4140041	High	14.14487161
987	2019-06-22	786034	21:38:00	Pedestrian	1	NA	FALSE	FALSE	1	123 ELMWOOD AVE	ELMWOOD AVE	6/22/19	"Two-Way , Not Divided"	Dry	Dark - Lighted	Clear	Not a Collision Between Two Motor Vehicles in Transport	No	No Controls	4	1	Complains Of Pain	NA	41.80996	-71.424	TRUE	FALSE	"123 Elmwood Ave, Providence, RI, USA"	FALSE	-71.4245104	41.8096066	premise	rooftop	"123 elmwood ave, providence, ri 02907, usa"	NA	NA	NA	NA	41.8096066	-71.4245104	High	57.80266222
986	2019-06-23	786084	13:45:00	Pedestrian	1	NA	FALSE	FALSE	1	FREMONT ST	IVES ST	6/23/19	"Two-Way , Not Divided"	Dry	Daylight	Clear	Not a Collision Between Two Motor Vehicles in Transport	No	No Controls	3	1	Complains Of Pain	NA	41.8223	-71.39225	FALSE	FALSE	"Fremont Street and Ives Street, Providence, RI, USA"	FALSE	-71.3920868	41.8223189	intersection	geometric_center	"fremont st & ives st, providence, ri 02906, usa"	NA	NA	NA	NA	41.8223189	-71.3920868	Med High	13.70110446
985	2019-06-24	786287	13:00:00	Bicycle	NA	1	FALSE	FALSE	1	630 MOUNT PLEASANT AVE	LENNON ST	6/25/19	"Two-Way , Not Divided"	Dry	Daylight	Clear	Not a Collision Between Two Motor Vehicles in Transport	"Yes, Driver Left Scene"	No Controls	3	0	No Injury	NA	41.84355	-71.45318	TRUE	FALSE	"630 Mount Pleasant Ave, Providence, RI, USA"	FALSE	-71.4534748	41.8436331	premise	rooftop	"630 mt pleasant ave, providence, ri 02908, usa"	NA	NA	NA	NA	41.8436331	-71.4534748	High	26.13926092
983	2019-06-25	786384	20:37:00	Bicycle	NA	1	FALSE	FALSE	1	CHAPIN AVE	ELLERY ST	6/25/19	"Two-Way , Not Divided"	Wet	Dark - Lighted	Rain	Not a Collision Between Two Motor Vehicles in Transport	No	Stop Signs	2	0	No Injury	NA	41.81189	-71.43845	FALSE	FALSE	"Chapin Ave and Ellery Street, Providence, RI, USA"	FALSE	-71.438164	41.811886	intersection	geometric_center	"ellery st & chapin ave, providence, ri 02909, usa"	NA	NA	NA	NA	41.811886	-71.438164	Med High	23.73377239
984	2019-06-25	786387	20:58:00	Pedestrian	2	NA	FALSE	FALSE	1	325 WASHINGTON ST	DEAN ST	6/25/19	"Two-Way , Not Divided"	Wet	Dark - Lighted	Clear	Not a Collision Between Two Motor Vehicles in Transport	No	Traffic Control Signal	3	2	Complains Of Pain	NA	41.81961	-71.41983	TRUE	FALSE	"325 Washington Street, Providence, RI, USA"	FALSE	-71.4203834	41.8197315	premise	rooftop	"325 washington st, providence, ri 02903, usa"	NA	NA	NA	NA	41.8197315	-71.4203834	High	47.86120711
982	2019-06-27	786641	22:40:00	Bicycle	NA	1	FALSE	FALSE	1	MEMORIAL BLVD	WASHINGTON ST	6/27/19	"Two-Way, Divided, Positive Median Barrier"	Dry	Dark - Lighted	Clear	Angle (Front - to - Side) Right Angle (Includes Broadside)	No	Traffic Control Signal	2	1	Complains Of Pain	NA	41.82641	-71.41005	FALSE	FALSE	"Memorial Blvd and Washington Street, Providence, RI, USA"	FALSE	-71.4101626	41.8263513	intersection	geometric_center	"memorial blvd & washington st, providence, ri 02903, usa"	NA	NA	NA	NA	41.8263513	-71.4101626	Med High	11.39919866
981	2019-06-28	786766	17:16:00	Pedestrian	1	NA	FALSE	FALSE	1	CRANSTON ST	BENEDICT ST	6/28/19	"Two-Way , Not Divided"	Dry	Daylight	Clear	Not a Collision Between Two Motor Vehicles in Transport	No	No Controls	6	1	Complains Of Pain	2	41.80547	-71.43722	FALSE	FALSE	"Cranston Street and Benedict Street, Providence, RI, USA"	FALSE	-71.4372857	41.805444	intersection	geometric_center	"cranston st & benedict st, providence, ri 02907, usa"	NA	NA	NA	NA	41.805444	-71.4372857	Med High	6.172375875
980	2019-06-29	786875	18:06:00	Pedestrian	1	NA	FALSE	FALSE	1	65 CONGDON ST	CUSHING ST	6/29/19	"Two-Way , Not Divided"	Dry	Daylight	Clear	Not a Collision Between Two Motor Vehicles in Transport	"Yes, M/V and Driver Left Scene"	No Controls	2	0	No Injury	NA	41.8299	-71.40692	TRUE	FALSE	"65 Congdon Street, Providence, RI, USA"	FALSE	-71.4066283	41.8299949	premise	rooftop	"65 congdon st, providence, ri 02906, usa"	NA	NA	NA	NA	41.8299949	-71.4066283	High	26.40141602
978	2019-07-01	787108	14:08:00	Bicycle	NA	1	FALSE	FALSE	1	Academy Ave	Dover St	7/1/19	"Two-Way , Not Divided"	Dry	Daylight	Clear	Not a Collision Between Two Motor Vehicles in Transport	No	No Controls	3	1	Complains Of Pain	2	NA	NA	FALSE	FALSE	"Academy Ave and Dover Street, Providence, RI, USA"	FALSE	-71.4441731	41.8300641	intersection	geometric_center	"dover st & academy ave, providence, ri 02908, usa"	NA	NA	NA	NA	41.8300641	-71.4441731	Med High	NA
979	2019-07-01	787127	16:59:00	Bicycle	NA	1	FALSE	FALSE	1	DEXTER ST	LINWOOD AVE	7/1/19	"Two-Way , Not Divided"	Dry	Daylight	Clear	Not a Collision Between Two Motor Vehicles in Transport	No	No Controls	3	1	Complains Of Pain	NA	41.80552	-71.42951	FALSE	FALSE	"Dexter Street and Linwood Ave, Providence, RI, USA"	FALSE	-71.4295867	41.8053764	intersection	geometric_center	"linwood ave & dexter st, providence, ri 02907, usa"	NA	NA	NA	NA	41.8053764	-71.4295867	Med High	17.20587728
977	2019-07-03	787314	15:38:00	Bicycle	NA	1	FALSE	FALSE	1	OWEN ST	MANTON AVE	7/3/19	"Two-Way , Not Divided"	Dry	Daylight	Clear	Not a Collision Between Two Motor Vehicles in Transport	No	No Controls	2	1	Complains Of Pain	NA	41.82392	-71.45189	FALSE	FALSE	"Owen Street and Manton Ave, Providence, RI, USA"	FALSE	-71.4570108	41.8257711	route	geometric_center	"manton ave, providence, ri 02909, usa"	"Owen Street & Manton Ave, Providence, RI, USA"	Ei1Pd2VuIFN0cmVldCAmIE1hbnRvbiBBdmUsIFByb3ZpZGVuY2UsIFJJLCBVU0EiZiJkChQKEgn3gxEelUXkiRGbhra_9It_UxIUChIJ94MRHpVF5IkRm4a2v_SLf1MaFAoSCUGmn-CUReSJEde_bVk6WKBbGhQKEgm3cd1Z6kXkiRHmAMyrFQnW1SIKDbfT7RgVnU5p1Q	41.8239415	-71.4518883	41.8239415	-71.4518883	Med	2.397520188
975	2019-07-05	787527	15:31:00	Bicycle	NA	1	FALSE	FALSE	1	7th street	HIGHLAND AVE	7/5/19	"Two-Way , Not Divided"	Dry	Daylight	Clear	Not a Collision Between Two Motor Vehicles in Transport	No	No Controls	2	0	No Injury	NA	41.85307	-71.39935	FALSE	FALSE	"7th Street and Highland Ave, Providence, RI, USA"	FALSE	-71.3990119	41.8529679	intersection	geometric_center	"7th st & highland ave, providence, ri 02906, usa"	NA	NA	NA	NA	41.8529679	-71.3990119	Med High	30.25068627
976	2019-07-05	787555	19:20:00	Bicycle	NA	1	FALSE	FALSE	1	ASHBURTON ST	CHARLES ST	7/5/19	"Two-Way , Not Divided"	Dry	Daylight	Clear	Not a Collision Between Two Motor Vehicles in Transport	"Yes, M/V and Driver Left Scene"	No Controls	1	0	No Injury	NA	41.8394	-71.41616	FALSE	FALSE	"Ashburton Street and Charles Street, Providence, RI, USA"	FALSE	-71.4161424	41.8393902	intersection	geometric_center	"ashburton st & charles st, providence, ri 02904, usa"	NA	NA	NA	NA	41.8393902	-71.4161424	Med High	1.822285567
972	2019-07-09	787950	10:37:00	Bicycle	NA	NA	TRUE	FALSE	2	Cambridge Avenue	Academy Avenue	7/9/19	"Two-Way , Not Divided"	Dry	Daylight	Clear	Head-On (Front - to - Front)	No	Stop Signs	3	1	Complains Of Pain	1	NA	NA	FALSE	FALSE	"Cambridge Avenue and Academy Avenue, Providence, RI, USA"	FALSE	-71.444611	41.836514	route	geometric_center	"academy ave, providence, ri, usa"	"Cambridge Street & Academy Avenue, Providence, RI, USA"	EjZDYW1icmlkZ2UgU3RyZWV0ICYgQWNhZGVteSBBdmVudWUsIFByb3ZpZGVuY2UsIFJJLCBVU0EiZiJkChQKEgmTnWRovUXkiRFt4jmTo_lUgBIUChIJk51kaL1F5IkRbeI5k6P5VIAaFAoSCWFEQni9ReSJEWKNWbURGpXoGhQKEgmzKlFesEXkiREsxo7ZXVk1SSIKDWUQ7hgVd5hq1Q	41.8254949	-71.4434441	41.8254949	-71.4434441	Med	NA
973	2019-07-09	787994	15:23:00	Bicycle	NA	1	FALSE	FALSE	1	BROADWAY	SERVICE ROAD 7	7/9/19	One-Way Trafficway	Dry	Daylight	Clear	Head-On (Front - to - Front)	"Yes, M/V and Driver Left Scene"	Traffic Control Signal	2	1	Non-Incapacitating	NA	41.82178	-71.4208	FALSE	FALSE	"Broadway and Service Road 7, Providence, RI, USA"	FALSE	-71.4200451	41.8199608	route	geometric_center	"service rd 1, providence, ri, usa"	"Broadway & Service Road 7th, Providence, RI, USA"	EjBCcm9hZHdheSAmIFNlcnZpY2UgUm9hZCA3dGgsIFByb3ZpZGVuY2UsIFJJLCBVU0EiZiJkChQKEgn30PkmDUXkiRGVfBMop6wTihIUChIJ99D5Jg1F5IkRlXwTKKesE4oaFAoSCaW15YZ1ReSJERrCM7HXpG-zGhQKEgkHeHRCdkXkiRHLEV0GTCEFTCIKDd-B7RgV9gxu1Q	41.8218463	-71.420801	41.8218463	-71.420801	Med	7.380948454
974	2019-07-09	788066	22:52:00	Bicycle	NA	1	FALSE	FALSE	1	19 Pope St.	KOSSUTH ST	7/10/19	"Two-Way , Not Divided"	Dry	Dark - Lighted	Clear	Not a Collision Between Two Motor Vehicles in Transport	"Yes, M/V and Driver Left Scene"	No Controls	1	1	Non-Incapacitating	NA	41.82213	-71.44874	TRUE	FALSE	"19 Pope St., Providence, RI, USA"	FALSE	-71.4485833	41.8221259	street_address	rooftop	"19 pope st, providence, ri 02909, usa"	NA	NA	NA	NA	41.8221259	-71.4485833	High	13.00742606
971	2019-07-10	788188	19:04:00	Other	1	NA	TRUE	FALSE	1	W FOUNTAIN ST	CARGILL ST	7/10/19	"Two-Way , Not Divided"	Dry	Dusk	Clear	Angle (Front - to - Side) Right Angle (Includes Broadside)	No	No Controls	4	1	Complains Of Pain	2	41.81896	-71.42218	FALSE	FALSE	"W Fountain Street and Cargill Street, Providence, RI, USA"	FALSE	-71.4218829	41.819061	intersection	geometric_center	"cargill st & w fountain st, providence, ri 02903, usa"	NA	NA	NA	NA	41.819061	-71.4218829	Med High	27.09107778
970	2019-07-11	788345	10:40:00	Bicycle	NA	1	FALSE	FALSE	1	STEWART ST	BROAD ST	7/12/19	"Two-Way , Not Divided"	Dry	Daylight	Cloudy	Angle (Front - to - Side) Right Angle (Includes Broadside)	No	No Controls	3	0	No Injury	NA	41.8169	-71.41794	FALSE	FALSE	"Stewart Street and Broad Street, Providence, RI, USA"	FALSE	-71.4101636	41.7945838	route	geometric_center	"broad st, providence, ri, usa"	"Stewart Street & Broad Street, Providence, RI, USA"	EjJTdGV3YXJ0IFN0cmVldCAmIEJyb2FkIFN0cmVldCwgUHJvdmlkZW5jZSwgUkksIFVTQSJmImQKFAoSCXFyFvVtReSJEfHpf-l8DP4KEhQKEglxchb1bUXkiRHx6X_pfAz-ChoUChIJNwLQjG1F5IkRZKvDpxJpLOAaFAoSCYPefdWMT-SJESyiypOYSwijIgoNc8LsGBWVfm7V	41.8169459	-71.4178923	41.8169459	-71.4178923	Med	6.462860299
969	2019-07-13	788463	1:22:00	Other	NA	1	TRUE	FALSE	1	Atwells Ave	SUTTON ST	7/13/19	"Two-Way , Not Divided"	Dry	Dark - Lighted	Clear	Angle (Front - to - Side) Right Angle (Includes Broadside)	No	No Controls	2	1	Complains Of Pain	NA	41.82376	-71.42929	FALSE	FALSE	"Atwells Ave and Sutton Street, Providence, RI, USA"	FALSE	-71.4292511	41.8237712	intersection	geometric_center	"atwells ave & sutton st, providence, ri 02903, usa"	NA	NA	NA	NA	41.8237712	-71.4292511	Med High	3.459438641
968	2019-07-15	788730	12:44:00	Bicycle	NA	1	FALSE	FALSE	1	Prairie Avenue	Oxford Avenue	7/15/19	"Two-Way , Not Divided"	Dry	Daylight	Clear	Not a Collision Between Two Motor Vehicles in Transport	No	Stop Signs	2	1	Non-Incapacitating	1	NA	NA	FALSE	FALSE	"Prairie Avenue and Oxford Avenue, Providence, RI, USA"	FALSE	-71.507088	41.994106	route	geometric_center	"oxford ave, woonsocket, ri 02895, usa"	"Prairie Avenue & Oxford Street, Providence, RI, USA"	EjNQcmFpcmllIEF2ZW51ZSAmIE94Zm9yZCBTdHJlZXQsIFByb3ZpZGVuY2UsIFJJLCBVU0EiZiJkChQKEgnz8PEWYkXkiRF1-Cr9HeA8qBIUChIJ8_DxFmJF5IkRdfgq_R3gPKgaFAoSCU9p3-5jReSJERxJRMa12xo0GhQKEgkZowmpYUXkiRFSvUTxatZk1yIKDdZq6hgVKDlv1Q	41.8015958	-71.413116	41.8015958	-71.413116	Med	NA
967	2019-07-16	788891	19:37:00	Pedestrian	1	NA	FALSE	FALSE	1	DEAN ST	KINSLEY AVE	7/16/19	One-Way Trafficway	Dry	Daylight	Clear	Not a Collision Between Two Motor Vehicles in Transport	"Yes, M/V and Driver Left Scene"	No Controls	1	1	Complains Of Pain	NA	41.82747	-71.42616	FALSE	FALSE	"Dean Street and Kinsley Ave, Providence, RI, USA"	FALSE	-71.4264711	41.828859	intersection	geometric_center	"kinsley ave & dean st, providence, ri 02903, usa"	NA	NA	NA	NA	41.828859	-71.4264711	Med High	156.7613814
966	2019-07-17	789112	19:30:00	Pedestrian	1	NA	FALSE	FALSE	1	Broad St	Potters Ave	7/18/19	"Two-Way , Not Divided"	Wet	Daylight	Rain	Not a Collision Between Two Motor Vehicles in Transport	No	Traffic Control Signal	4	1	Complains Of Pain	2	41.80296	-71.41895	FALSE	FALSE	"Broad Street and Potters Ave, Providence, RI, USA"	FALSE	-71.4218273	41.8021016	route	geometric_center	"potters ave, providence, ri, usa"	"Broad Street & Potters Ave, Providence, RI, USA"	Ei9Ccm9hZCBTdHJlZXQgJiBQb3R0ZXJzIEF2ZSwgUHJvdmlkZW5jZSwgUkksIFVTQSJmImQKFAoSCauAkzl9ReSJEY3tO4gYhWQKEhQKEgmrgJM5fUXkiRGN7TuIGIVkChoUChIJg9591YxP5IkRLKLKk5hLCKMaFAoSCaWCY799ReSJERKc-8AFuCoEIgoNaqHqGBXTVm7V	41.802993	-71.4189101	41.802993	-71.4189101	Med	4.945458602
965	2019-07-18	789107	17:53:00	Bicycle	NA	1	FALSE	FALSE	1	UPTON AVE	BLACKSTONE BLVD	7/18/19	One-Way Trafficway	Wet	Other	Cloudy	Not a Collision Between Two Motor Vehicles in Transport	No	Stop Signs	3	1	Complains Of Pain	NA	41.83957	-71.38575	FALSE	FALSE	"Upton Ave and Blackstone Blvd, Providence, RI, USA"	FALSE	-71.385763	41.8395728	intersection	geometric_center	"upton ave & blackstone blvd, providence, ri 02906, usa"	NA	NA	NA	NA	41.8395728	-71.385763	Med High	1.122303227
964	2019-07-19	789161	8:09:00	Pedestrian	1	NA	FALSE	FALSE	1	BROAD ST	CAHIR ST	7/19/19	"Two-Way , Not Divided"	Dry	Daylight	Clear	Not a Collision Between Two Motor Vehicles in Transport	No	Traffic Control Signal	4	1	Complains Of Pain	NA	41.81692	-71.41795	FALSE	FALSE	"Broad Street and Cahir Street, Providence, RI, USA"	FALSE	-71.4189877	41.8178471	route	geometric_center	"cahir st, providence, ri 02903, usa"	"Broad Street & Cahir Street, Providence, RI, USA"	EjBCcm9hZCBTdHJlZXQgJiBDYWhpciBTdHJlZXQsIFByb3ZpZGVuY2UsIFJJLCBVU0EiZiJkChQKEglxchb1bUXkiRHx6X_pfAz-ChIUChIJcXIW9W1F5IkR8el_6XwM_goaFAoSCYPefdWMT-SJESyiypOYSwijGhQKEgmx_OtuckXkiRFRWF6nVg1mziIKDXPC7BgVlX5u1Q	41.8169459	-71.4178923	41.8169459	-71.4178923	Med	5.588231095
963	2019-07-21	789421	18:56:00	Bicycle	NA	1	FALSE	FALSE	1	BROAD ST	PAYTON ST	7/21/19	"Two-Way , Not Divided"	Dry	Daylight	Clear	Not a Collision Between Two Motor Vehicles in Transport	No	Stop Signs	2	1	Complains Of Pain	NA	41.78841	-71.40366	FALSE	FALSE	"Broad Street and Payton Street, Providence, RI, USA"	FALSE	-71.4057979	41.7875976	route	geometric_center	"payton st, providence, ri 02905, usa"	"Broad Street & Payton Street, Providence, RI, USA"	EjFCcm9hZCBTdHJlZXQgJiBQYXl0b24gU3RyZWV0LCBQcm92aWRlbmNlLCBSSSwgVVNBImYiZAoUChIJbz-Xc-1P5IkRswrTdcbIS5ISFAoSCW8_l3PtT-SJEbMK03XGyEuSGhQKEgmD3n3VjE_kiREsosqTmEsIoxoUChIJSw_YLu1P5IkRkN2JCXOOSEoiCg20ZugYFbqqcNU	41.7883828	-71.403655	41.7883828	-71.403655	Med	3.0561983
961	2019-07-22	789493	16:47:00	Pedestrian	1	NA	FALSE	FALSE	1	FRIENDSHIP ST	DORRANCE ST	7/22/19	One-Way Trafficway	Dry	Daylight	Clear	Angle (Front - to - Side) Same Direction	No	No Controls	2	1	Complains Of Pain	NA	41.82196	-71.4095	FALSE	FALSE	"Friendship Street and Dorrance Street, Providence, RI, USA"	FALSE	-71.4094402	41.8220269	intersection	geometric_center	"friendship st & dorrance st, providence, ri 02903, usa"	NA	NA	NA	NA	41.8220269	-71.4094402	Med High	8.948296966
962	2019-07-22	789511	18:22:00	Bicycle	NA	1	FALSE	FALSE	1	CHARLES ST	CHARLES ST EXIT 23	7/22/19	One-Way Trafficway	Dry	Daylight	Clear	Not a Collision Between Two Motor Vehicles in Transport	"Yes, M/V and Driver Left Scene"	Yield Signs	1	1	Complains Of Pain	NA	41.83785	-71.41426	FALSE	FALSE	"Charles Street and Charles St Exit 23, Providence, RI, USA"	FALSE	-71.4128343	41.8239891	locality	approximate	"providence, ri, usa"	NA	NA	NA	NA	41.8239891	-71.4128343	Med	1547.513321