row_number	crash_date	crash_report_id	crash_time	collision_type	count_pedestrian	count_bicycle	scooter	wheel_chair	number_of_vehicles	street_or_highway	nearest_intersection	report_date	type_of_roadway	road_surface_condition	light_condition	weather_condition	manner_of_impact	hit_and_run	traffic_control	person_count	injury_count	most_serious_injury	number_of_lanes	lat_raw	lon_raw	has_st_number	is_intersection_null	address_sent_to_geocoder	is_address_blank	lon_api_first_try	lat_api_first_try	type	loctype	address_returned_by_geocoder	address_returned_by_autocomplete	place_ids_autocompleted	lat_api_second_try	lon_api_second_try	lat_api_best	lon_api_best	api_coord_conf	distance_btwn_coords_meters
959	2019-07-23	789571	8:33:00	Pedestrian	1	NA	FALSE	FALSE	1	MATHEWSON ST	FOUNTAIN ST	7/23/19	One-Way Trafficway	Wet	Daylight	Rain	Not a Collision Between Two Motor Vehicles in Transport	No	No Controls	5	1	Complains Of Pain	NA	41.82371	-71.41586	FALSE	FALSE	"Mathewson Street and Fountain Street, Providence, RI, USA"	FALSE	-71.4156924	41.8237498	intersection	geometric_center	"fountain st & mathewson st, providence, ri 02903, usa"	NA	NA	NA	NA	41.8237498	-71.4156924	Med High	14.5921663
960	2019-07-23	789588	8:00:00	Bicycle	NA	1	FALSE	FALSE	1	BROADWAY	VALLEY ST	7/23/19	"Two-Way, Divided, Unprotected (painted>4feet) Medium"	Wet	Daylight	Rain	Not a Collision Between Two Motor Vehicles in Transport	No	Traffic Control Signal	3	1	Complains Of Pain	NA	41.81684	-71.44101	FALSE	FALSE	"Broadway and Valley Street, Providence, RI, USA"	FALSE	-71.4361571	41.8275287	route	geometric_center	"valley st, providence, ri, usa"	"Broadway & Valley Street, Providence, RI, USA"	Ei1Ccm9hZHdheSAmIFZhbGxleSBTdHJlZXQsIFByb3ZpZGVuY2UsIFJJLCBVU0EiZiJkChQKEglPQjeFmkXkiRFay9YdHmK0gBIUChIJT0I3hZpF5IkRWsvWHR5itIAaFAoSCaW15YZ1ReSJERrCM7HXpG-zGhQKEgn71PW-oUXkiRFACHbbKx7jfCIKDVm-7BgVgvdq1Q	41.8168409	-71.441011	41.8168409	-71.441011	Med	0.130079212
957	2019-07-24	789754	12:55:00	Bicycle	NA	1	FALSE	FALSE	1	MEMORIAL BLVD	FRANCIS ST	7/24/19	"Two-Way, Divided, Positive Median Barrier"	Dry	Daylight	Clear	Not a Collision Between Two Motor Vehicles in Transport	No	Traffic Control Signal	3	0	No Injury	NA	41.8259	-71.41535	FALSE	FALSE	"Memorial Blvd and Francis Street, Providence, RI, USA"	FALSE	-71.4153098	41.8257791	intersection	geometric_center	"memorial blvd & francis st, providence, ri 02903, usa"	NA	NA	NA	NA	41.8257791	-71.4153098	Med High	13.86550052
958	2019-07-24	789813	20:40:00	Bicycle	NA	1	FALSE	FALSE	1	TERRACE AVE	WEBSTER AVE	7/24/19	"Two-Way , Not Divided"	Dry	Dark - Unknown Lighting	Clear	Not a Collision Between Two Motor Vehicles in Transport	"Yes, M/V and Driver Left Scene"	Unknown	1	1	Complains Of Pain	NA	41.80371	-71.4474	FALSE	FALSE	"Terrace Ave and Webster Ave, Providence, RI, USA"	FALSE	-71.4474412	41.8037783	intersection	geometric_center	"webster ave & terrace ave, cranston, ri 02920, usa"	NA	NA	NA	NA	41.8037783	-71.4474412	Med High	8.336414599
956	2019-07-25	789994	21:57:00	Bicycle	NA	1	FALSE	FALSE	1	EDDY ST	RICHMOND ST	7/26/19	"Two-Way, Divided, Positive Median Barrier"	Dry	Dark - Not Lighted	Clear	Not a Collision Between Two Motor Vehicles in Transport	No	No Controls	3	1	Complains Of Pain	4	41.81607	-71.40661	FALSE	FALSE	"Eddy Street and Richmond Street, Providence, RI, USA"	FALSE	-71.4065248	41.8156786	intersection	geometric_center	"richmond st & eddy st, providence, ri 02903, usa"	NA	NA	NA	NA	41.8156786	-71.4065248	Med High	44.14011667
955	2019-07-28	790308	18:54:00	Bicycle	NA	1	FALSE	FALSE	1	121 ROGER WILLIAMS AVE	NARRAGANSETT AVE	7/29/19	"Two-Way , Not Divided"	Dry	Daylight	Clear	Not a Collision Between Two Motor Vehicles in Transport	"Yes, M/V and Driver Left Scene"	No Controls	1	1	Complains Of Pain	NA	41.78851	-71.42364	TRUE	FALSE	"121 Roger Williams Ave, Providence, RI, USA"	FALSE	-71.4240387	41.7887146	street_address	rooftop	"121 roger williams ave, providence, ri 02907, usa"	NA	NA	NA	NA	41.7887146	-71.4240387	High	40.17277302
953	2019-08-01	790691	13:47:00	Bicycle	NA	1	FALSE	FALSE	1	BROAD ST	PEARL ST	8/1/19	"Two-Way , Not Divided"	Dry	Daylight	Clear	Not a Collision Between Two Motor Vehicles in Transport	"Yes, M/V and Driver Left Scene"	No Controls	1	1	Complains Of Pain	NA	41.8149	-71.42087	FALSE	FALSE	"Broad Street and Pearl Street, Providence, RI, USA"	FALSE	-71.4128343	41.8239891	locality	approximate	"providence, ri, usa"	"Broad Street & Pearl Street, Providence, RI, USA"	EjBCcm9hZCBTdHJlZXQgJiBQZWFybCBTdHJlZXQsIFByb3ZpZGVuY2UsIFJJLCBVU0EiZiJkChQKEgk1O0-ncUXkiRHr2v1gzR_JJxIUChIJNTtPp3FF5IkR69r9YM0fyScaFAoSCYPefdWMT-SJESyiypOYSwijGhQKEgkNm4U0bkXkiRG6oe115UpVCiIKDYVt7BgVkQZu1Q	41.8147717	-71.4209647	41.8147717	-71.4209647	Med	16.30078446
954	2019-08-01	790704	16:05:00	Bicycle	NA	1	FALSE	FALSE	1	81 DELAINE STREET	SONOMA CT	8/1/19	"Two-Way, Divided, Unprotected (painted>4feet) Medium"	Dry	Daylight	Clear	"Sideswipe, Same Direction"	No	No Controls	2	1	Complains Of Pain	2	41.81948	-71.44192	TRUE	FALSE	"81 Delaine Street, Providence, RI, USA"	FALSE	-71.4419493	41.8196216	premise	rooftop	"81 delaine st, providence, ri 02909, usa"	NA	NA	NA	NA	41.8196216	-71.4419493	High	15.94915853
951	2019-08-02	790756	8:44:00	Bicycle	NA	1	FALSE	FALSE	1	CHAD BROWN STREET	RADCLIFFE AVENUE	8/2/19	"Two-Way , Not Divided"	Dry	Daylight	Clear	Angle (Front - to - Side) Right Angle (Includes Broadside)	No	Stop Signs	4	1	Non-Incapacitating	2	41.83349	-71.41682	FALSE	FALSE	"Chad Brown Street and Radcliffe Avenue, Providence, RI, USA"	FALSE	-71.4311219	41.8393259	intersection	geometric_center	"chad brown st & radcliffe ave, providence, ri 02908, usa"	NA	NA	NA	NA	41.8393259	-71.4311219	Med High	1352.432837
952	2019-08-02	790872	23:38:00	Bicycle	NA	1	FALSE	FALSE	1	ATWELLS AVE	BOND ST	8/3/19	"Two-Way, Divided, Unprotected (painted>4feet) Medium"	Dry	Dark - Lighted	Clear	Not a Collision Between Two Motor Vehicles in Transport	"Yes, Driver Left Scene"	No Controls	1	0	No Injury	NA	41.82333	-71.42318	FALSE	FALSE	"Atwells Ave and Bond Street, Providence, RI, USA"	FALSE	-71.4231235	41.8233342	intersection	geometric_center	"bond st & atwells ave, providence, ri 02903, usa"	NA	NA	NA	NA	41.8233342	-71.4231235	Med High	4.710263545
949	2019-08-03	790916	14:30:00	Bicycle	NA	1	FALSE	FALSE	1	BROAD ST	LOCKWOOD ST	8/3/19	"Two-Way , Not Divided"	Dry	Daylight	Clear	Not a Collision Between Two Motor Vehicles in Transport	"Yes, M/V and Driver Left Scene"	No Controls	1	1	Complains Of Pain	NA	41.81536	-71.42062	FALSE	FALSE	"Broad Street and Lockwood Street, Providence, RI, USA"	FALSE	-71.4159924	41.8129685	route	geometric_center	"lockwood st, providence, ri, usa"	NA	NA	NA	NA	41.8129685	-71.4159924	Med	467.2089484
950	2019-08-03	790982	22:30:00	Pedestrian	1	NA	FALSE	FALSE	1	BROAD ST	VERNDALE AVE	8/4/19	"Two-Way, Divided, Unprotected (painted>4feet) Medium"	Dry	Dark - Lighted	Clear	Other	"Yes, M/V and Driver Left Scene"	No Controls	2	1	Incapacitating	NA	41.79177	-71.40668	FALSE	FALSE	"Broad Street and Verndale Ave, Providence, RI, USA"	FALSE	-71.4094732	41.7897944	route	geometric_center	"verndale ave, providence, ri 02905, usa"	"Broad Street & Verndale Ave, Providence, RI, USA"	EjBCcm9hZCBTdHJlZXQgJiBWZXJuZGFsZSBBdmUsIFByb3ZpZGVuY2UsIFJJLCBVU0EiZiJkChQKEgnV00MujU_kiREBe9ZiVX1MqRIUChIJ1dNDLo1P5IkRAXvWYlV9TKkaFAoSCYPefdWMT-SJESyiypOYSwijGhQKEglHfWgak0_kiRFBCAvcx_6DwSIKDWnr6BgV3TRw1Q	41.7917801	-71.4066723	41.7917801	-71.4066723	Med	1.293262081
948	2019-08-07	791294	14:50:00	Bicycle	NA	1	FALSE	FALSE	1	Manton Avenue	Westcott Street	8/7/19	"Two-Way , Not Divided"	Dry	Daylight	Clear	Angle (Front - to - Side) Right Angle (Includes Broadside)	No	Stop Signs	3	1	Non-Incapacitating	NA	NA	NA	FALSE	FALSE	"Manton Avenue and Westcott Street, Providence, RI, USA"	FALSE	-71.4685327	41.8337394	intersection	geometric_center	"westcott ave & manton ave, providence, ri 02909, usa"	NA	NA	NA	NA	41.8337394	-71.4685327	Med High	NA
947	2019-08-08	791398	9:48:00	Bicycle	NA	1	FALSE	FALSE	1	ATWELLS AVE	VALLEY ST	8/8/19	"Two-Way, Divided, Positive Median Barrier"	Wet	Dark - Lighted	Cloudy	Other	No	No Controls	4	1	Complains Of Pain	NA	41.82456	-71.4395	FALSE	FALSE	"Atwells Ave and Valley Street, Providence, RI, USA"	FALSE	-71.4394736	41.8245768	intersection	geometric_center	"valley st & atwells ave, providence, ri 02908, usa"	NA	NA	NA	NA	41.8245768	-71.4394736	Med High	2.879858432
946	2019-08-09	791459	22:49:00	Bicycle	NA	1	FALSE	FALSE	1	174 Linwood ave	DEXTER ST	8/10/19	"Two-Way , Not Divided"	Dry	Dark - Lighted	Clear	Angle (Front - to - Side) Same Direction	No	No Controls	3	1	Complains Of Pain	NA	41.806	-71.43194	TRUE	FALSE	"174 Linwood Ave, Providence, RI, USA"	FALSE	-71.4328854	41.8064693	street_address	rooftop	"174 linwood ave, providence, ri 02907, usa"	NA	NA	NA	NA	41.8064693	-71.4328854	High	94.25092224
944	2019-08-10	791488	17:02:00	Pedestrian	1	NA	FALSE	FALSE	1	Pleasant Valley Parkway	Winrooth Ave	8/10/19	One-Way Trafficway	Dry	Daylight	Clear	Not a Collision Between Two Motor Vehicles in Transport	"Yes, M/V and Driver Left Scene"	No Controls	1	0	No Injury	1	41.83545	-71.43677	FALSE	FALSE	"Pleasant Valley Parkway and Winrooth Ave, Providence, RI, USA"	FALSE	-71.436768	41.8354682	intersection	geometric_center	"winrooth ave & pleasant valley pkwy, providence, ri 02908, usa"	NA	NA	NA	NA	41.8354682	-71.436768	Med High	2.032794116
945	2019-08-10	791503	19:20:00	Pedestrian	1	NA	FALSE	FALSE	1	S MAIN ST	TRANSIT ST	8/10/19	One-Way Trafficway	Dry	Dusk	Clear	Not a Collision Between Two Motor Vehicles in Transport	"Yes, M/V and Driver Left Scene"	No Controls	2	1	Non-Incapacitating	NA	41.82012	-71.40301	FALSE	FALSE	"S Main Street and Transit Street, Providence, RI, USA"	FALSE	-71.4030142	41.8201474	intersection	geometric_center	"transit st & s main st, providence, ri 02903, usa"	NA	NA	NA	NA	41.8201474	-71.4030142	Med High	3.06999094
942	2019-08-11	791569	16:26:00	Bicycle	NA	1	FALSE	FALSE	1	N MAIN ST	SMITH ST	8/11/19	One-Way Trafficway	Dry	Daylight	Clear	Not a Collision Between Two Motor Vehicles in Transport	"Yes, M/V and Driver Left Scene"	No Controls	1	1	Complains Of Pain	NA	41.8315	-71.41063	FALSE	FALSE	"N Main Street and Smith Street, Providence, RI, USA"	FALSE	-71.4433053	41.8418141	route	geometric_center	"smith st, providence, ri, usa"	"North Main Street & Smith Street, Providence, RI, USA"	EjVOb3J0aCBNYWluIFN0cmVldCAmIFNtaXRoIFN0cmVldCwgUHJvdmlkZW5jZSwgUkksIFVTQSJmImQKFAoSCS8d1QoZReSJEdRbsQ43I3PBEhQKEgkvHdUKGUXkiRHUW7EONyNzwRoUChIJ-fpBPd5E5IkRX9etvg1cIz8aFAoSCbWucExLROSJESG1ozC4jKuEIgoN4_zuGBVEmm_V	41.8315491	-71.41063	41.8315491	-71.41063	Med	5.465786997
943	2019-08-11	791597	20:37:00	Bicycle	NA	1	FALSE	FALSE	1	Plainfield Street	Union Street	8/11/19	"Two-Way, Divided, Unprotected (painted>4feet) Medium"	Dry	Dark - Lighted	Clear	Angle (Front - to - Side) Same Direction	No	Stop Signs	4	1	Complains Of Pain	NA	41.8088	-71.46314	FALSE	FALSE	"Plainfield Street and Union Street, Providence, RI, USA"	FALSE	-71.4134849	41.823235	route	geometric_center	"union st, providence, ri 02903, usa"	NA	NA	NA	NA	41.823235	-71.4134849	Med	4421.947513
941	2019-08-15	791957	18:41:00	Pedestrian	1	NA	FALSE	FALSE	1	REGENT AVE	HURON ST	8/15/19	"Two-Way , Not Divided"	Dry	Daylight	Clear	Not a Collision Between Two Motor Vehicles in Transport	"Yes, M/V and Driver Left Scene"	No Controls	1	0	No Injury	NA	41.8295	-71.44139	FALSE	FALSE	"Regent Ave and Huron Street, Providence, RI, USA"	FALSE	-71.4411864	41.8295286	intersection	geometric_center	"huron st & regent ave, providence, ri 02908, usa"	NA	NA	NA	NA	41.8295286	-71.4411864	Med High	17.18564458
938	2019-08-16	791989	14:50:00	Bicycle	NA	1	FALSE	FALSE	1	ELMWOOD AVE	WILSON STREET	8/16/19	"Two-Way , Not Divided"	Dry	Daylight	Clear	Not a Collision Between Two Motor Vehicles in Transport	"Yes, M/V and Driver Left Scene"	No Controls	1	1	Complains Of Pain	NA	41.81119	-71.42317	FALSE	FALSE	"Elmwood Ave and Wilson Street, Providence, RI, USA"	FALSE	-71.4231706	41.8112147	intersection	geometric_center	"wilson st & elmwood ave, providence, ri 02907, usa"	NA	NA	NA	NA	41.8112147	-71.4231706	Med High	2.750042059
939	2019-08-16	792001	15:48:00	Bicycle	NA	1	FALSE	FALSE	1	F C GREENE MEMORIAL BLVD	CARR ST	8/16/19	"Two-Way , Not Divided"	Dry	Daylight	Clear	Not a Collision Between Two Motor Vehicles in Transport	No	No Controls	3	1	Incapacitating	NA	41.78713	-71.41026	FALSE	FALSE	"F C Greene Memorial Blvd and Carr Street, Providence, RI, USA"	FALSE	-71.4102624	41.7871584	intersection	geometric_center	"carr st & f c greene memorial blvd, providence, ri 02905, usa"	NA	NA	NA	NA	41.7871584	-71.4102624	Med High	3.167743379
940	2019-08-16	792184	20:13:00	Pedestrian	1	NA	FALSE	FALSE	1	FRANCIS ST	AMERICAN EXPRESS PLZ	8/19/19	"Two-Way, Divided, Unprotected (painted>4feet) Medium"	Dry	Daylight	Clear	Not a Collision Between Two Motor Vehicles in Transport	No	Traffic Control Signal	4	1	Complains Of Pain	NA	41.82741	-71.41541	FALSE	FALSE	"Francis Street and American Express Plz, Providence, RI, USA"	FALSE	-71.4128343	41.8239891	locality	approximate	"providence, ri, usa"	NA	NA	NA	NA	41.8239891	-71.4128343	Med	436.6572833
937	2019-08-23	792659	20:38:00	Bicycle	NA	1	FALSE	FALSE	1	PONAGANSETT AVE / DRESSER ST	PONAGANSETT AVE	8/23/19	"Two-Way , Not Divided"	Dry	Dusk	Clear	Not a Collision Between Two Motor Vehicles in Transport	No	No Controls	2	1	Complains Of Pain	NA	41.81979	-71.4584	FALSE	FALSE	"Ponagansett Ave / Dresser Street and Ponagansett Ave, Providence, RI, USA"	FALSE	-71.72369198	41.84190254	establishment	approximate	"ponaganset river, rhode island, usa"	NA	NA	NA	NA	41.84190254	-71.72369198	Med	22142.16433
935	2019-08-25	792734	0:56:00	Pedestrian	1	NA	FALSE	FALSE	1	ORMS ST	CANDACE ST	8/25/19	"Two-Way , Not Divided"	Dry	Dark - Lighted	Clear	Other	"Yes, M/V and Driver Left Scene"	No Controls	3	1	Complains Of Pain	NA	41.83378	-71.42189	FALSE	FALSE	"Orms Street and Candace Street, Providence, RI, USA"	FALSE	-71.421862	41.8337901	intersection	geometric_center	"candace st & orms st, providence, ri 02908, usa"	NA	NA	NA	NA	41.8337901	-71.421862	Med High	2.580227262
936	2019-08-25	793135	14:40:00	Pedestrian	1	NA	FALSE	FALSE	1	HAUXHURST AVE	LAUREL HILL AVE	8/29/19	One-Way Trafficway	Dry	Daylight	Clear	Not a Collision Between Two Motor Vehicles in Transport	No	No Controls	2	1	Non-Incapacitating	NA	41.82179	-71.4554	FALSE	FALSE	"Hauxhurst Ave and Laurel Hill Ave, Providence, RI, USA"	FALSE	-71.4525408	41.8067975	route	geometric_center	"laurel hill ave, providence, ri, usa"	NA	NA	NA	NA	41.8067975	-71.4525408	Med	1685.732086
933	2019-08-29	793187	14:54:00	Pedestrian	1	NA	FALSE	FALSE	1	863 BROAD STREET	OXFORD ST	8/29/19	"Two-Way, Divided, Unprotected (painted>4feet) Medium"	Dry	Daylight	Clear	Not a Collision Between Two Motor Vehicles in Transport	"Yes, M/V and Driver Left Scene"	No Controls	2	1	Complains Of Pain	NA	41.80061	-71.41763	TRUE	FALSE	"863 Broad Street, Providence, RI, USA"	FALSE	-71.4176374	41.8002511	premise	rooftop	"863 broad st, providence, ri 02907, usa"	NA	NA	NA	NA	41.8002511	-71.4176374	High	39.95728443
934	2019-08-29	793201	10:00:00	Pedestrian	1	NA	FALSE	FALSE	1	DEAN ST	ATWELLS AVE	8/29/19	"Two-Way, Not Divided With a Continuous Left Turn Lane"	Dry	Dark - Lighted	Clear	Not a Collision Between Two Motor Vehicles in Transport	No	Traffic Control Signal	6	1	Complains Of Pain	NA	41.82341	-71.42423	FALSE	FALSE	"Dean Street and Atwells Ave, Providence, RI, USA"	FALSE	-71.4242155	41.8234078	intersection	geometric_center	"atwells ave & dean st, providence, ri 02903, usa"	NA	NA	NA	NA	41.8234078	-71.4242155	Med High	1.227535539
932	2019-08-30	793244	9:40:00	Pedestrian	1	NA	FALSE	FALSE	1	Allens Avenue	Georgia Avenue	8/30/19	"Two-Way, Divided, Unprotected (painted>4feet) Medium"	Dry	Daylight	Clear	Not a Collision Between Two Motor Vehicles in Transport	No	Stop Signs	2	1	Complains Of Pain	2	NA	NA	FALSE	FALSE	"Allens Avenue and Georgia Avenue, Providence, RI, USA"	FALSE	-71.3970245	41.792156	intersection	geometric_center	"georgia ave & allens ave, providence, ri 02905, usa"	NA	NA	NA	NA	41.792156	-71.3970245	Med High	NA
931	2019-08-31	793399	16:13:00	Pedestrian	1	NA	FALSE	FALSE	1	PLAINFIELD STREET	KILLINGLY ST	8/31/19	"Two-Way, Divided, Unprotected (painted>4feet) Medium"	Dry	Daylight	Clear	Not a Collision Between Two Motor Vehicles in Transport	No	No Controls	2	1	Non-Incapacitating	NA	41.81265	-71.45897	FALSE	FALSE	"Plainfield Street and Killingly Street, Providence, RI, USA"	FALSE	-71.4589726	41.8126703	intersection	geometric_center	"killingly st & plainfield st, providence, ri 02909, usa"	NA	NA	NA	NA	41.8126703	-71.4589726	Med High	2.270058764
929	2019-09-01	794424	2:08:00	Pedestrian	1	NA	FALSE	FALSE	1	1193 Eddy Street	NA	9/1/19	"Two-Way , Not Divided"	Dry	Dark - Lighted	Clear	Not a Collision Between Two Motor Vehicles in Transport	"Yes, M/V and Driver Left Scene"	No Controls	2	1	Incapacitating	NA	41.79321	-71.40396	TRUE	TRUE	"1193 Eddy Street, Providence, RI, USA"	FALSE	-71.4042238	41.7931396	premise	rooftop	"1193 eddy st, providence, ri 02905, usa"	NA	NA	NA	NA	41.7931396	-71.4042238	High	23.25437359
930	2019-09-01	794468	19:42:00	Pedestrian	1	NA	FALSE	FALSE	1	HAMMOND ST	DIVISION ST	9/1/19	"Two-Way , Not Divided"	Dry	Dark - Lighted	Cloudy	Not a Collision Between Two Motor Vehicles in Transport	No	Stop Signs	4	1	Complains Of Pain	NA	41.81507	-71.42855	FALSE	FALSE	"Hammond Street and Division Street, Providence, RI, USA"	FALSE	-71.428535	41.8150799	intersection	geometric_center	"division st & hammond st, providence, ri 02909, usa"	NA	NA	NA	NA	41.8150799	-71.428535	Med High	1.662322528
928	2019-09-02	794476	0:12:00	Bicycle	NA	1	FALSE	FALSE	1	Elmwood Ave	Roger Williams Ave	9/2/19	"Two-Way, Divided, Unprotected (painted>4feet) Medium"	Dry	Dark - Lighted	Clear	Not a Collision Between Two Motor Vehicles in Transport	"Yes, M/V and Driver Left Scene"	No Controls	2	1	Complains Of Pain	NA	41.78767	-71.42041	FALSE	FALSE	"Elmwood Ave and Roger Williams Ave, Providence, RI, USA"	FALSE	-71.4209033	41.7885278	intersection	geometric_center	"roger williams ave & elmwood ave, providence, ri 02907, usa"	NA	NA	NA	NA	41.7885278	-71.4209033	Med High	103.8978993
927	2019-09-03	794517	3:47:00	Pedestrian	1	NA	FALSE	FALSE	1	551 North Main ST	N MAIN ST	9/3/19	"Two-Way, Divided, Positive Median Barrier"	Wet	Dark - Lighted	Rain	Not a Collision Between Two Motor Vehicles in Transport	"Yes, M/V and Driver Left Scene"	No Controls	1	1	Complains Of Pain	NA	41.8371	-71.4095	TRUE	FALSE	"551 North Main Street, Providence, RI, USA"	FALSE	-71.4091618	41.8363221	street_address	rooftop	"551 n main st, providence, ri 02904, usa"	NA	NA	NA	NA	41.8363221	-71.4091618	High	91.02504716
926	2019-09-05	794790	22:59:00	Pedestrian	1	NA	FALSE	FALSE	1	KENNEDY PLAZA	DORRANCE ST	9/6/19	One-Way Trafficway	Dry	Dark - Lighted	Clear	Not a Collision Between Two Motor Vehicles in Transport	No	No Controls	3	1	Complains Of Pain	NA	41.82415	-71.41232	FALSE	FALSE	"Kennedy Plaza and Dorrance Street, Providence, RI, USA"	FALSE	-71.4123255	41.8241358	intersection	geometric_center	"kennedy plaza & dorrance st, providence, ri 02903, usa"	NA	NA	NA	NA	41.8241358	-71.4123255	Med High	1.645264038
925	2019-09-08	795002	0:58:00	Bicycle	NA	1	FALSE	FALSE	1	BRANCH AVE	95 SOUTH ON-RAMP	9/8/19	One-Way Trafficway	Dry	Dark - Lighted	Clear	Not a Collision Between Two Motor Vehicles in Transport	No	No Controls	2	1	Non-Incapacitating	NA	41.85064	-71.42521	FALSE	FALSE	"Branch Ave and 95 South On-Ramp, Providence, RI, USA"	FALSE	-71.4228521	41.8515249	route	geometric_center	"branch ave, providence, ri 02904, usa"	NA	NA	NA	NA	41.8515249	-71.4228521	Med	218.9299322
924	2019-09-12	795441	23:14:00	Pedestrian	1	NA	FALSE	FALSE	1	Oakland Ave.	CHAD BROWN ST	9/13/19	"Two-Way , Not Divided"	Dry	Dark - Lighted	Clear	Not a Collision Between Two Motor Vehicles in Transport	"Yes, M/V and Driver Left Scene"	No Controls	2	1	Non-Incapacitating	NA	41.8389	-71.42936	FALSE	FALSE	"Oakland Ave. and Chad Brown Street, Providence, RI, USA"	FALSE	-71.4293644	41.8389192	intersection	geometric_center	"oakland ave & chad brown st, providence, ri 02908, usa"	NA	NA	NA	NA	41.8389192	-71.4293644	Med High	2.168262378
922	2019-09-13	795476	7:32:00	Pedestrian	1	NA	FALSE	FALSE	1	NARRAGANSETT BLVD	CALIFORNIA AVE	9/13/19	"Two-Way , Not Divided"	Dry	Daylight	Cloudy	Not a Collision Between Two Motor Vehicles in Transport	No	No Controls	2	1	Complains Of Pain	NA	41.7892	-71.39606	FALSE	FALSE	"Narragansett Blvd and California Ave, Providence, RI, USA"	FALSE	-71.3961032	41.7893524	intersection	geometric_center	"california ave & narragansett blvd, providence, ri 02905, usa"	NA	NA	NA	NA	41.7893524	-71.3961032	Med High	17.33986121
923	2019-09-13	795511	17:53:00	Pedestrian	1	NA	FALSE	FALSE	1	VALLEY ST	DELAINE ST	9/13/19	"Two-Way , Not Divided"	Dry	Daylight	Clear	Not a Collision Between Two Motor Vehicles in Transport	No	Stop Signs	3	1	Non-Incapacitating	NA	41.81951	-71.4405	FALSE	FALSE	"Valley Street and Delaine Street, Providence, RI, USA"	FALSE	-71.4405034	41.8195248	intersection	geometric_center	"delaine st & valley st, providence, ri 02909, usa"	NA	NA	NA	NA	41.8195248	-71.4405034	Med High	1.671499787
920	2019-09-14	795544	15:16:00	Pedestrian	1	NA	FALSE	FALSE	1	SERVICE ROAD 8	BROAD ST	9/14/19	One-Way Trafficway	Wet	Daylight	Rain	Not a Collision Between Two Motor Vehicles in Transport	No	Traffic Control Signal	4	1	Non-Incapacitating	NA	41.818	-71.41637	FALSE	FALSE	"Service Road 8 and Broad Street, Providence, RI, USA"	FALSE	-71.4149768	41.819365	street_address	range_interpolated	"8 broad st, providence, ri 02903, usa"	NA	NA	NA	NA	41.819365	-71.4149768	Med High	190.9147144
921	2019-09-14	796573	19:31:00	Bicycle	NA	2	FALSE	FALSE	1	FISK ST	BERNARD ST	9/14/19	"Two-Way , Not Divided"	Wet	Dark - Unknown Lighting	Rain	Not a Collision Between Two Motor Vehicles in Transport	No	Stop Signs	4	2	Non-Incapacitating	NA	41.79002	-71.40751	FALSE	FALSE	"Fisk Street and Bernard Street, Providence, RI, USA"	FALSE	-71.4075022	41.79003	intersection	geometric_center	"bernard st & fisk st, providence, ri 02905, usa"	NA	NA	NA	NA	41.79003	-71.4075022	Med High	1.287757278
919	2019-09-15	796617	13:23:00	Bicycle	NA	1	FALSE	FALSE	1	GREENWICH ST	BUCKLIN ST	9/15/19	"Two-Way , Not Divided"	Dry	Daylight	Clear	Angle (Front - to - Side) Right Angle (Includes Broadside)	No	Traffic Control Signal	6	1	Complains Of Pain	NA	41.80237	-71.42609	FALSE	FALSE	"Greenwich Street and Bucklin Street, Providence, RI, USA"	FALSE	-71.4276553	41.8023399	intersection	geometric_center	"bucklin st & greenwich st, providence, ri 02907, usa"	NA	NA	NA	NA	41.8023399	-71.4276553	Med High	129.9364359
918	2019-09-16	796739	16:30:00	Bicycle	NA	NA	FALSE	FALSE	2	N MAIN ST	MEETING ST	9/16/19	"Two-Way , Not Divided"	Dry	Daylight	Clear	"Sideswipe, Same Direction"	No	No Controls	3	1	Complains Of Pain	NA	41.82849	-71.40959	FALSE	FALSE	"N Main Street and Meeting Street, Providence, RI, USA"	FALSE	-71.4038461	41.8289622	route	geometric_center	"meeting st, providence, ri, usa"	"North Main Street & Meeting Street, Providence, RI, USA"	EjdOb3J0aCBNYWluIFN0cmVldCAmIE1lZXRpbmcgU3RyZWV0LCBQcm92aWRlbmNlLCBSSSwgVVNBImYiZAoUChIJgTz3exdF5IkRhC1SotOgzicSFAoSCYE893sXReSJEYQtUqLToM4nGhQKEgn5-kE93kTkiRFf162-DVwjPxoUChIJc2M83SJF5IkRnB0VpdvcM7siCg3mhe4YFTbDb9U	41.828503	-71.4095818	41.828503	-71.4095818	Med	1.599031347
916	2019-09-17	796787	7:46:00	Pedestrian	1	NA	FALSE	FALSE	1	CRANSTON ST	BRIDGHAM ST	9/17/19	"Two-Way, Divided, Unprotected (painted>4feet) Medium"	Dry	Daylight	Clear	Not a Collision Between Two Motor Vehicles in Transport	No	Traffic Control Signal	4	1	Complains Of Pain	NA	41.81396	-71.42694	FALSE	FALSE	"Cranston Street and Bridgham Street, Providence, RI, USA"	FALSE	-71.426947	41.8139796	intersection	geometric_center	"cranston st & bridgham st, providence, ri 02907, usa"	NA	NA	NA	NA	41.8139796	-71.426947	Med High	2.257835677