row_number	crash_date	crash_report_id	crash_time	collision_type	count_pedestrian	count_bicycle	scooter	wheel_chair	number_of_vehicles	street_or_highway	nearest_intersection	report_date	type_of_roadway	road_surface_condition	light_condition	weather_condition	manner_of_impact	hit_and_run	traffic_control	person_count	injury_count	most_serious_injury	number_of_lanes	lat_raw	lon_raw	has_st_number	is_intersection_null	address_sent_to_geocoder	is_address_blank	lon_api_first_try	lat_api_first_try	type	loctype	address_returned_by_geocoder	address_returned_by_autocomplete	place_ids_autocompleted	lat_api_second_try	lon_api_second_try	lat_api_best	lon_api_best	api_coord_conf	distance_btwn_coords_meters
917	2019-09-17	796855	21:56:00	Bicycle	NA	1	FALSE	FALSE	1	SOUTH ST	RICHMOND ST	9/17/19	"Two-Way , Not Divided"	Dry	Dark - Lighted	Clear	Not a Collision Between Two Motor Vehicles in Transport	No	Stop Signs	3	1	Complains Of Pain	NA	41.81737	-71.40785	FALSE	FALSE	"South Street and Richmond Street, Providence, RI, USA"	FALSE	-71.4078372	41.817371	intersection	geometric_center	"richmond st & south st, providence, ri 02903, usa"	NA	NA	NA	NA	41.817371	-71.4078372	Med High	1.067751644
913	2019-09-19	797015	8:33:00	Pedestrian	1	NA	FALSE	FALSE	1	STATE ST	SMITH ST	9/19/19	One-Way Trafficway	Dry	Daylight	Clear	Other	No	Stop Signs	3	1	Non-Incapacitating	1	41.83158	-71.41284	FALSE	FALSE	"State Street and Smith Street, Providence, RI, USA"	FALSE	-71.4128107	41.8315462	intersection	geometric_center	"state st & smith st, providence, ri 02908, usa"	NA	NA	NA	NA	41.8315462	-71.4128107	Med High	4.479226406
914	2019-09-19	797016	8:44:00	Bicycle	NA	1	FALSE	FALSE	1	PUBLIC ST	I 95 N	9/19/19	"Two-Way , Not Divided"	Dry	Daylight	Cloudy	Angle (Front - to - Side) Right Angle (Includes Broadside)	No	Traffic Control Signal	2	1	Complains Of Pain	NA	41.80821	-71.40371	FALSE	FALSE	"Public Street and I 95 N, Providence, RI, USA"	FALSE	-71.4036206	41.8082262	street_address	range_interpolated	"95 public st, providence, ri 02903, usa"	NA	NA	NA	NA	41.8082262	-71.4036206	Med High	7.63405878
915	2019-09-19	797024	13:41:00	Bicycle	NA	1	FALSE	FALSE	1	53 Harold Street	Harold St	9/19/19	"Two-Way , Not Divided"	Dry	Daylight	Clear	Not a Collision Between Two Motor Vehicles in Transport	No	No Controls	3	1	Complains Of Pain	1	NA	NA	TRUE	FALSE	"53 Harold Street, Providence, RI, USA"	FALSE	-71.4380996	41.8285669	premise	rooftop	"53 harold st, providence, ri 02908, usa"	NA	NA	NA	NA	41.8285669	-71.4380996	High	NA
911	2019-09-20	797129	20:18:00	Bicycle	NA	1	FALSE	FALSE	1	BELLEVUE AVE	DEXTER ST	9/20/19	"Two-Way , Not Divided"	Dry	Dark - Lighted	Clear	Not a Collision Between Two Motor Vehicles in Transport	"Yes, M/V and Driver Left Scene"	Stop Signs	2	1	Non-Incapacitating	NA	41.80744	-71.42869	FALSE	FALSE	"Bellevue Ave and Dexter Street, Providence, RI, USA"	FALSE	-71.4286964	41.8074483	intersection	geometric_center	"dexter st & bellevue ave, providence, ri 02907, usa"	NA	NA	NA	NA	41.8074483	-71.4286964	Med High	1.065692103
912	2019-09-20	802995	19:22:00	Bicycle	NA	1	FALSE	FALSE	1	ELMWOOD AVE	ROGER WILLIAMS AVE	9/20/19	"Two-Way, Divided, Positive Median Barrier"	Dry	Dark - Lighted	Clear	Not a Collision Between Two Motor Vehicles in Transport	"Yes, M/V and Driver Left Scene"	Traffic Control Signal	1	1	Complains Of Pain	NA	41.7883	-71.4209	FALSE	FALSE	"Elmwood Ave and Roger Williams Ave, Providence, RI, USA"	FALSE	-71.4209033	41.7885278	intersection	geometric_center	"roger williams ave & elmwood ave, providence, ri 02907, usa"	NA	NA	NA	NA	41.7885278	-71.4209033	Med High	25.3600592
910	2019-09-21	797187	19:11:00	Pedestrian	1	NA	FALSE	FALSE	1	ATWELLS AVE	DEAN ST	9/21/19	"Two-Way , Not Divided"	Dry	Dark - Lighted	Clear	Not a Collision Between Two Motor Vehicles in Transport	No	No Controls	3	0	No Injury	NA	41.82339	-71.4242	FALSE	FALSE	"Atwells Ave and Dean Street, Providence, RI, USA"	FALSE	-71.4242155	41.8234078	intersection	geometric_center	"atwells ave & dean st, providence, ri 02903, usa"	NA	NA	NA	NA	41.8234078	-71.4242155	Med High	2.36211906
908	2019-09-22	797245	11:21:00	Pedestrian	1	NA	FALSE	FALSE	1	310 Cranston Street	GILMORE ST	9/22/19	"Two-Way , Not Divided"	Dry	Daylight	Clear	"Sidwswipe, Opposite Direction"	"Yes, M/V and Driver Left Scene"	No Controls	1	1	Complains Of Pain	NA	41.81336	-71.4281	TRUE	FALSE	"310 Cranston Street, Providence, RI, USA"	FALSE	-71.4291479	41.8126796	premise	rooftop	"310 cranston st, providence, ri 02907, usa"	NA	NA	NA	NA	41.8126796	-71.4291479	High	115.3081381
909	2019-09-22	797265	15:18:00	Bicycle	NA	1	FALSE	FALSE	1	39 SALMON ST	SALMON ST	9/22/19	"Two-Way , Not Divided"	Dry	Daylight	Clear	Not a Collision Between Two Motor Vehicles in Transport	"Yes, M/V and Driver Left Scene"	No Controls	1	1	Non-Incapacitating	NA	41.82376	-71.45643	TRUE	FALSE	"39 Salmon Street, Providence, RI, USA"	FALSE	-71.4562159	41.8239235	street_address	rooftop	"39 salmon st, providence, ri 02909, usa"	NA	NA	NA	NA	41.8239235	-71.4562159	High	25.43047421
904	2019-09-23	797310	7:01:00	Pedestrian	1	NA	FALSE	FALSE	1	Dave Gavitt Way	Broadway	9/23/19	One-Way Trafficway	Dry	Daylight	Clear	Not a Collision Between Two Motor Vehicles in Transport	No	Traffic Control Signal	2	1	Non-Incapacitating	3	NA	NA	FALSE	FALSE	"Dave Gavitt Way and Broadway, Providence, RI, USA"	FALSE	-71.4197767	41.8221232	intersection	geometric_center	"broadway & dave gavitt way, providence, ri 02903, usa"	NA	NA	NA	NA	41.8221232	-71.4197767	Med High	NA
905	2019-09-23	797371	15:05:00	Pedestrian	1	NA	FALSE	FALSE	1	elmwood ave	CADILLAC DR	9/23/19	"Two-Way , Not Divided"	Dry	Daylight	Clear	Not a Collision Between Two Motor Vehicles in Transport	No	No Controls	2	1	Complains Of Pain	NA	41.78916	-71.42126	FALSE	FALSE	"Elmwood Ave and Cadillac Dr, Providence, RI, USA"	FALSE	-71.4212577	41.78916	intersection	geometric_center	"cadillac dr & elmwood ave, providence, ri 02907, usa"	NA	NA	NA	NA	41.78916	-71.4212577	Med High	0.190900104
906	2019-09-23	797387	16:47:00	Bicycle	NA	1	FALSE	FALSE	1	SERVICE ROAD 8	WESTMINSTER ST	9/23/19	One-Way Trafficway	Dry	Daylight	Clear	Not a Collision Between Two Motor Vehicles in Transport	No	Stop Signs	3	1	Complains Of Pain	NA	41.81924	-71.41784	FALSE	FALSE	"Service Road 8 and Westminster Street, Providence, RI, USA"	FALSE	-71.4089265	41.8252921	street_address	range_interpolated	"8 westminster st, providence, ri 02903, usa"	NA	NA	NA	NA	41.8252921	-71.4089265	Med High	1000.33184
907	2019-09-23	797431	16:43:00	Pedestrian	1	NA	FALSE	FALSE	1	Empire Street	BROADWAY	9/23/19	"Two-Way , Not Divided"	Dry	Daylight	Clear	Other	No	Traffic Control Signal	5	1	Complains Of Pain	NA	41.82255	-71.41742	FALSE	FALSE	"Empire Street and Broadway, Providence, RI, USA"	FALSE	-71.4177642	41.822755	intersection	geometric_center	"empire st & broadway, providence, ri 02903, usa"	NA	NA	NA	NA	41.822755	-71.4177642	Med High	36.55253669
902	2019-09-25	797671	21:11:00	Bicycle	NA	1	FALSE	FALSE	1	BROADWAY	VALLEY ST	9/25/19	"Two-Way, Divided, Unprotected (painted>4feet) Medium"	Dry	Dark - Lighted	Clear	Not a Collision Between Two Motor Vehicles in Transport	"Yes, M/V and Driver Left Scene"	No Controls	1	1	Complains Of Pain	NA	41.81683	-71.44103	FALSE	FALSE	"Broadway and Valley Street, Providence, RI, USA"	FALSE	-71.4361571	41.8275287	route	geometric_center	"valley st, providence, ri, usa"	"Broadway & Valley Street, Providence, RI, USA"	Ei1Ccm9hZHdheSAmIFZhbGxleSBTdHJlZXQsIFByb3ZpZGVuY2UsIFJJLCBVU0EiZiJkChQKEglPQjeFmkXkiRFay9YdHmK0gBIUChIJT0I3hZpF5IkRWsvWHR5itIAaFAoSCaW15YZ1ReSJERrCM7HXpG-zGhQKEgn71PW-oUXkiRFACHbbKx7jfCIKDVm-7BgVgvdq1Q	41.8168409	-71.441011	41.8168409	-71.441011	Med	1.989241381
903	2019-09-25	797680	23:59:00	Pedestrian	1	NA	FALSE	FALSE	1	270 broad street	LOCKWOOD ST	9/26/19	"Two-Way , Not Divided"	Dry	Dark - Lighted	Clear	Not a Collision Between Two Motor Vehicles in Transport	"Yes, M/V and Driver Left Scene"	No Controls	1	1	Complains Of Pain	NA	41.81548	-71.42054	TRUE	FALSE	"270 Broad Street, Providence, RI, USA"	FALSE	-71.4199958	41.8153081	premise	rooftop	"270 broad st, providence, ri 02903, usa"	NA	NA	NA	NA	41.8153081	-71.4199958	High	49.037887
901	2019-09-26	797718	12:04:00	Pedestrian	1	NA	FALSE	FALSE	1	Pine Street	Lockwood Street	9/26/19	"Two-Way , Not Divided"	Dry	Daylight	Clear	Not a Collision Between Two Motor Vehicles in Transport	"Yes, M/V and Driver Left Scene"	Pavement Markings	1	1	Complains Of Pain	1	NA	NA	FALSE	FALSE	"Pine Street and Lockwood Street, Providence, RI, USA"	FALSE	-71.4159924	41.8129685	route	geometric_center	"lockwood st, providence, ri, usa"	"Pine Street & Lockwood Street, Providence, RI, USA"	EjJQaW5lIFN0cmVldCAmIExvY2t3b29kIFN0cmVldCwgUHJvdmlkZW5jZSwgUkksIFVTQSJmImQKFAoSCQ3B9SduReSJEbVJvwGGgXPZEhQKEgkNwfUnbkXkiRG1Sb8BhoFz2RoUChIJOZMJU2xF5IkRoCks8G_vwjwaFAoSCftX5vFuReSJERTpGcX8V45MIgoNclLsGBU1eG7V	41.8140786	-71.4180555	41.8140786	-71.4180555	Med	NA
900	2019-09-27	797901	16:48:00	Bicycle	NA	1	FALSE	FALSE	1	OLNEY ST	BROWN ST	9/27/19	"Two-Way , Not Divided"	Dry	Daylight	Clear	Not a Collision Between Two Motor Vehicles in Transport	No	No Controls	3	1	Complains Of Pain	NA	41.8356	-71.40544	FALSE	FALSE	"Olney Street and Brown Street, Providence, RI, USA"	FALSE	-71.4054218	41.8356196	intersection	geometric_center	"olney st & brown st, providence, ri 02906, usa"	NA	NA	NA	NA	41.8356196	-71.4054218	Med High	2.653135799
898	2019-09-28	797975	13:10:00	Pedestrian	1	NA	FALSE	FALSE	1	HOPE ST	BLACKSTONE BLVD	9/28/19	"Two-Way , Not Divided"	Dry	Daylight	Clear	Not a Collision Between Two Motor Vehicles in Transport	No	No Controls	4	1	Complains Of Pain	NA	41.8566	-71.39127	FALSE	FALSE	"Hope Street and Blackstone Blvd, Providence, RI, USA"	FALSE	-71.3915342	41.8561535	intersection	geometric_center	"hope st & blackstone blvd, providence, ri 02906, usa"	NA	NA	NA	NA	41.8561535	-71.3915342	Med High	54.31720063
899	2019-09-28	798041	19:07:00	Pedestrian	1	NA	FALSE	FALSE	1	BROAD STREET	PORTLAND STREET	9/28/19	"Two-Way , Not Divided"	Dry	Dark - Lighted	Clear	Not a Collision Between Two Motor Vehicles in Transport	No	No Controls	4	1	Complains Of Pain	NA	41.81413	-71.42131	FALSE	FALSE	"Broad Street and Portland Street, Providence, RI, USA"	FALSE	-71.419117	41.8129799	route	geometric_center	"portland st, providence, ri 02907, usa"	"Broad Street & Portland Street, Providence, RI, USA"	EjNCcm9hZCBTdHJlZXQgJiBQb3J0bGFuZCBTdHJlZXQsIFByb3ZpZGVuY2UsIFJJLCBVU0EiZiJkChQKEgmdnxIBcUXkiRGH5-VJjW7uEBIUChIJnZ8SAXFF5IkRh-flSY1u7hAaFAoSCYPefdWMT-SJESyiypOYSwijGhQKEglhSKowcEXkiRH5umXDAdaKhCIKDfdU7BgVvvht1Q	41.8141431	-71.4213186	41.8141431	-71.4213186	Med	1.623487003
897	2019-09-30	798136	12:12:00	Bicycle	NA	1	FALSE	FALSE	1	Weybosset St	Eddy St	9/30/19	"Two-Way , Not Divided"	Dry	Daylight	Clear	Not a Collision Between Two Motor Vehicles in Transport	No	No Controls	4	1	Complains Of Pain	2	NA	NA	FALSE	FALSE	"Weybosset Street and Eddy Street, Providence, RI, USA"	FALSE	-71.4114379	41.8226389	intersection	geometric_center	"weybosset st & eddy st, providence, ri 02903, usa"	NA	NA	NA	NA	41.8226389	-71.4114379	Med High	NA
895	2019-10-02	798352	19:07:00	Pedestrian	1	NA	FALSE	FALSE	1	NARRAGANSETT BLVD	MASSACHUSETTS AVE	10/2/19	"Two-Way , Not Divided"	Wet	Dark - Lighted	Rain	Not a Collision Between Two Motor Vehicles in Transport	"Yes, M/V and Driver Left Scene"	No Controls	1	1	Complains Of Pain	4	41.78756	-71.39551	FALSE	FALSE	"Narragansett Blvd and Massachusetts Ave, Providence, RI, USA"	FALSE	-71.3955134	41.7875704	intersection	geometric_center	"massachusetts ave & narragansett blvd, providence, ri 02905, usa"	NA	NA	NA	NA	41.7875704	-71.3955134	Med High	1.191621899
896	2019-10-02	798383	23:48:00	Pedestrian	1	NA	FALSE	FALSE	1	Elmwood Ave	POTTERS AVE	10/3/19	"Two-Way , Not Divided"	Dry	Dark - Lighted	Clear	Not a Collision Between Two Motor Vehicles in Transport	"Yes, M/V and Driver Left Scene"	No Controls	1	1	Complains Of Pain	NA	41.80128	-71.42641	FALSE	FALSE	"Elmwood Ave and Potters Ave, Providence, RI, USA"	FALSE	-71.4263655	41.8015172	intersection	geometric_center	"potters ave & elmwood ave, providence, ri 02907, usa"	NA	NA	NA	NA	41.8015172	-71.4263655	Med High	26.66195579
893	2019-10-03	798409	12:06:00	Bicycle	NA	NA	FALSE	FALSE	1	BROADWAY	ANDREW ST	10/3/19	"Two-Way, Divided, Unprotected (painted>4feet) Medium"	Dry	Daylight	Cloudy	Not a Collision Between Two Motor Vehicles in Transport	No	No Controls	3	1	Complains Of Pain	2	41.81966	-71.42995	FALSE	FALSE	"Broadway and Andrew Street, Providence, RI, USA"	FALSE	-71.4305227	41.8199222	route	geometric_center	"andrews st, providence, ri 02909, usa"	NA	NA	NA	NA	41.8199222	-71.4305227	Med	55.76084068
894	2019-10-03	798439	16:30:00	Pedestrian	1	NA	FALSE	FALSE	1	KNIGHT ST	BROADWAY	10/3/19	"Two-Way , Not Divided"	Dry	Daylight	Cloudy	Not a Collision Between Two Motor Vehicles in Transport	No	Traffic Control Signal	3	1	Complains Of Pain	NA	41.81981	-71.42938	FALSE	FALSE	"Knight Street and Broadway, Providence, RI, USA"	FALSE	-71.4293417	41.8198212	intersection	geometric_center	"knight st & broadway, providence, ri 02909, usa"	NA	NA	NA	NA	41.8198212	-71.4293417	Med High	3.413239941
891	2019-10-04	798522	10:25:00	Pedestrian	1	NA	FALSE	FALSE	1	REDWING ST	BUCKLIN ST	10/4/19	"Two-Way , Not Divided"	Dry	Daylight	Clear	Not a Collision Between Two Motor Vehicles in Transport	"Yes, M/V and Driver Left Scene"	Unknown	1	1	Complains Of Pain	NA	41.79939	-71.42649	FALSE	FALSE	"Redwing Street and Bucklin Street, Providence, RI, USA"	FALSE	-71.4277346	41.7992422	intersection	geometric_center	"bucklin st & redwing st, providence, ri 02907, usa"	NA	NA	NA	NA	41.7992422	-71.4277346	Med High	104.5877338
892	2019-10-04	798578	16:12:00	Bicycle	1	NA	FALSE	FALSE	1	PLAINFIELD ST	SILVER LAKE AVE	10/4/19	"Two-Way , Not Divided"	Dry	Daylight	Clear	"Sideswipe, Same Direction"	No	No Controls	2	1	Incapacitating	NA	41.80587	-71.46492	FALSE	FALSE	"Plainfield Street and Silver Lake Ave, Providence, RI, USA"	FALSE	-71.4648418	41.8059156	intersection	geometric_center	"plainfield st & silver lake ave, providence, ri 02909, usa"	NA	NA	NA	NA	41.8059156	-71.4648418	Med High	8.238533282
890	2019-10-05	798596	0:50:00	Pedestrian	1	NA	FALSE	FALSE	1	S Water Street	Tockwotton Street	10/5/19	One-Way Trafficway	Dry	Dark - Lighted	Clear	Not a Collision Between Two Motor Vehicles in Transport	"Yes, M/V and Driver Left Scene"	No Controls	1	1	Complains Of Pain	NA	41.81694	-71.40012	FALSE	FALSE	"S Water Street and Tockwotton Street, Providence, RI, USA"	FALSE	-71.4000928	41.816915	intersection	geometric_center	"s water st & tockwotton st, providence, ri 02903, usa"	NA	NA	NA	NA	41.816915	-71.4000928	Med High	3.582927
889	2019-10-09	798844	9:24:00	Pedestrian	1	NA	FALSE	FALSE	1	Smith St	Maude St	10/9/19	"Two-Way , Not Divided"	Wet	Daylight	Rain	Not a Collision Between Two Motor Vehicles in Transport	No	No Controls	3	1	Complains Of Pain	2	NA	NA	FALSE	FALSE	"Smith Street and Maude Street, Providence, RI, USA"	FALSE	-71.43349	41.8375814	intersection	geometric_center	"maude st & smith st, providence, ri 02908, usa"	NA	NA	NA	NA	41.8375814	-71.43349	Med High	NA
887	2019-10-11	799139	17:47:00	Bicycle	NA	1	FALSE	FALSE	1	HARRIS AVE	ATWELLS AVE	10/11/19	"Two-Way , Not Divided"	Wet	Daylight	Rain	Not a Collision Between Two Motor Vehicles in Transport	No	Traffic Control Signal	2	0	No Injury	NA	41.82446	-71.4355	FALSE	FALSE	"Harris Ave and Atwells Ave, Providence, RI, USA"	FALSE	-71.4354014	41.8244572	intersection	geometric_center	"atwells ave & harris ave, providence, ri 02909, usa"	NA	NA	NA	NA	41.8244572	-71.4354014	Med High	8.185233499
888	2019-10-11	799178	23:00:00	Pedestrian	1	NA	FALSE	FALSE	1	SISSON ST	MANTON AVE	10/12/19	"Two-Way , Not Divided"	Wet	Dark - Lighted	Rain	Not a Collision Between Two Motor Vehicles in Transport	"Yes, M/V and Driver Left Scene"	No Controls	1	1	Complains Of Pain	NA	41.82561	-71.45536	FALSE	FALSE	"Sisson Street and Manton Ave, Providence, RI, USA"	FALSE	-71.4553928	41.8254879	intersection	geometric_center	"manton ave & sisson st, providence, ri 02909, usa"	NA	NA	NA	NA	41.8254879	-71.4553928	Med High	13.86176413
886	2019-10-12	799262	19:59:00	Bicycle	NA	1	FALSE	FALSE	1	BROAD ST	W FRIENDSHIP ST	10/12/19	"Two-Way , Not Divided"	Dry	Dark - Lighted	Clear	Not a Collision Between Two Motor Vehicles in Transport	No	No Controls	3	1	Complains Of Pain	NA	41.80948	-71.42093	FALSE	FALSE	"Broad Street and W Friendship Street, Providence, RI, USA"	FALSE	-71.4226134	41.80978	route	geometric_center	"w friendship st, providence, ri 02907, usa"	"Broad Street & West Friendship Street, Providence, RI, USA"	EjpCcm9hZCBTdHJlZXQgJiBXZXN0IEZyaWVuZHNoaXAgU3RyZWV0LCBQcm92aWRlbmNlLCBSSSwgVVNBImYiZAoUChIJtyXX93pF5IkRwOehYJD2zpMSFAoSCbcl1_d6ReSJEcDnoWCQ9s6TGhQKEgmD3n3VjE_kiREsosqTmEsIoxoUChIJfQTXN3pF5IkR_qmuvOoTu2YiCg1erOsYFcEEbtU	41.809827	-71.4210111	41.809827	-71.4210111	Med	39.20960726
885	2019-10-13	799336	15:59:00	Bicycle	NA	1	FALSE	FALSE	1	ADELAIDE AVE	EMERSON ST	10/13/19	"Two-Way , Not Divided"	Dry	Daylight	Clear	Not a Collision Between Two Motor Vehicles in Transport	"Yes, M/V and Driver Left Scene"	No Controls	1	1	Non-Incapacitating	2	41.79861	-71.4162	FALSE	FALSE	"Adelaide Ave and Emerson Street, Providence, RI, USA"	FALSE	-71.4164142	41.7985663	intersection	geometric_center	"adelaide ave & emerson st, providence, ri 02907, usa"	NA	NA	NA	NA	41.7985663	-71.4164142	Med High	18.42962075
882	2019-10-15	799573	15:30:00	Pedestrian	1	NA	FALSE	FALSE	1	BROAD ST	MARLBOROUGH ST	10/15/19	"Two-Way , Not Divided"	Dry	Daylight	Clear	Not a Collision Between Two Motor Vehicles in Transport	No	No Controls	2	1	Complains Of Pain	NA	41.80572	-71.41978	FALSE	FALSE	"Broad Street and Marlborough Street, Providence, RI, USA"	FALSE	-71.4457512	41.7909266	route	geometric_center	"marlborough st, cranston, ri 02910, usa"	NA	NA	NA	NA	41.7909266	-71.4457512	Med	2712.426761
883	2019-10-15	799577	21:22:00	Pedestrian	1	NA	FALSE	FALSE	1	Imera St	CHALKSTONE AVE	10/15/19	"Two-Way , Not Divided"	Dry	Dark - Lighted	Clear	Not a Collision Between Two Motor Vehicles in Transport	No	No Controls	3	1	Incapacitating	NA	41.83205	-71.45649	FALSE	FALSE	"Imera Street and Chalkstone Ave, Providence, RI, USA"	FALSE	-71.456497	41.832108	intersection	geometric_center	"imera st & chalkstone ave, providence, ri 02909, usa"	NA	NA	NA	NA	41.832108	-71.456497	Med High	6.482583976
884	2019-10-15	799651	22:03:00	Pedestrian	1	NA	FALSE	FALSE	1	Atwells Ave	NEWTON ST	10/16/19	"Two-Way, Divided, Unprotected (painted>4feet) Medium"	Dry	Dark - Lighted	Clear	Not a Collision Between Two Motor Vehicles in Transport	"Yes, Driver Left Scene"	No Controls	1	1	Complains Of Pain	NA	41.82327	-71.42228	FALSE	FALSE	"Atwells Ave and Newton Street, Providence, RI, USA"	FALSE	-71.4222395	41.823272	intersection	geometric_center	"newton st & atwells ave, providence, ri 02903, usa"	NA	NA	NA	NA	41.823272	-71.4222395	Med High	3.367081325
881	2019-10-16	799597	10:06:00	Bicycle	NA	NA	FALSE	FALSE	2	95 Lydia St	CANDACE ST	10/16/19	"Two-Way , Not Divided"	Dry	Daylight	Clear	Angle (Front - to - Side) Right Angle (Includes Broadside)	No	No Controls	3	1	Complains Of Pain	1	41.83493	-71.42109	TRUE	FALSE	"95 Lydia Street, Providence, RI, USA"	FALSE	-71.4216976	41.834915	premise	rooftop	"95 lydia st, providence, ri 02908, usa"	NA	NA	NA	NA	41.834915	-71.4216976	High	50.42246705
880	2019-10-17	799790	15:43:00	Bicycle	NA	1	FALSE	FALSE	1	Veazie Street	DOUGLAS AVE	10/17/19	"Two-Way , Not Divided"	Dry	Daylight	Cloudy	Angle (Front - to - Side) Right Angle (Includes Broadside)	No	No Controls	2	1	Complains Of Pain	NA	41.85154	-71.43468	FALSE	FALSE	"Veazie Street and Douglas Ave, Providence, RI, USA"	FALSE	-71.4341761	41.8505578	intersection	geometric_center	"douglas ave & veazie st, providence, ri 02904, usa"	NA	NA	NA	NA	41.8505578	-71.4341761	Med High	117.0497545
879	2019-10-18	799861	15:29:00	Pedestrian	1	NA	FALSE	FALSE	1	66 BENEFIT STREET	NA	10/18/19	"Two-Way , Not Divided"	Dry	Daylight	Clear	Not a Collision Between Two Motor Vehicles in Transport	No	No Controls	2	1	Complains Of Pain	NA	41.83168	-71.40933	TRUE	TRUE	"66 Benefit Street, Providence, RI, USA"	FALSE	-71.4097473	41.8318181	premise	rooftop	"66 benefit st, providence, ri 02904, usa"	NA	NA	NA	NA	41.8318181	-71.4097473	High	37.8733245
878	2019-10-19	799978	16:32:00	Bicycle	NA	1	FALSE	FALSE	1	TRANSIT ST	BROOK ST	10/19/19	"Two-Way , Not Divided"	Dry	Daylight	Clear	Not a Collision Between Two Motor Vehicles in Transport	No	Stop Signs	6	1	Non-Incapacitating	NA	41.82056	-71.39839	FALSE	FALSE	"Transit Street and Brook Street, Providence, RI, USA"	FALSE	-71.3983698	41.820544	intersection	geometric_center	"transit st & brook st, providence, ri 02906, usa"	NA	NA	NA	NA	41.820544	-71.3983698	Med High	2.445525887
877	2019-10-20	800132	17:05:00	Pedestrian	1	NA	FALSE	FALSE	1	60 VALLEY ST	SAN SOUCI DR	10/20/19	"Two-Way , Not Divided"	Dry	Unknown	Clear	Unknown	"Yes, M/V and Driver Left Scene"	No Controls	1	1	Complains Of Pain	NA	41.81767	-71.44086	TRUE	FALSE	"60 Valley Street, Providence, RI, USA"	FALSE	-71.4412852	41.8189506	premise	rooftop	"60 valley st, providence, ri 02909, usa"	NA	NA	NA	NA	41.8189506	-71.4412852	High	146.8553867
876	2019-10-21	800245	15:31:00	Pedestrian	1	NA	FALSE	FALSE	1	380 HOPE ST	CARRINGTON AVE	10/21/19	"Two-Way , Not Divided"	Dry	Daylight	Clear	Not a Collision Between Two Motor Vehicles in Transport	"Yes, M/V and Driver Left Scene"	No Controls	1	1	Complains Of Pain	NA	41.83668	-71.40113	TRUE	FALSE	"380 Hope Street, Providence, RI, USA"	FALSE	-71.4014402	41.8367023	premise	rooftop	"380 hope st, providence, ri 02906, usa"	NA	NA	NA	NA	41.8367023	-71.4014402	High	25.84700144
875	2019-10-23	800520	16:04:00	Bicycle	NA	1	FALSE	FALSE	1	EDDY ST	EDDY ST EXIT	10/23/19	"Two-Way , Not Divided"	Dry	Daylight	Clear	Not a Collision Between Two Motor Vehicles in Transport	"Yes, M/V and Driver Left Scene"	No Controls	1	0	No Injury	NA	41.81156	-71.40709	FALSE	FALSE	"Eddy Street and Eddy St Exit, Providence, RI, USA"	FALSE	-71.4072274	41.8059506	route	geometric_center	"eddy st, providence, ri, usa"	NA	NA	NA	NA	41.8059506	-71.4072274	Med	624.5396181
874	2019-10-24	800606	14:50:00	Bicycle	NA	1	FALSE	FALSE	1	533 ELMWOOD AVE	533 ELMWOOD AVE	10/24/19	"Two-Way , Not Divided"	Dry	Daylight	Clear	Angle (Front - to - Side) Opposite Direction	No	No Controls	2	1	Complains Of Pain	NA	41.79939	-71.42649	TRUE	FALSE	"533 Elmwood Ave, Providence, RI, USA"	FALSE	-71.4267799	41.7976099	premise	rooftop	"533 elmwood ave, providence, ri 02907, usa"	NA	NA	NA	NA	41.7976099	-71.4267799	High	199.6149138
872	2019-10-25	800693	7:51:00	Pedestrian	1	NA	FALSE	FALSE	1	ACADEMY AVE	REGENT AVE	10/25/19	"Two-Way , Not Divided"	Dry	Daylight	Clear	Not a Collision Between Two Motor Vehicles in Transport	"Yes, M/V and Driver Left Scene"	Person	2	1	Complains Of Pain	NA	41.82926	-71.44403	FALSE	FALSE	"Academy Ave and Regent Ave, Providence, RI, USA"	FALSE	-71.4440371	41.8292677	intersection	geometric_center	"academy ave & regent ave, providence, ri 02908, usa"	NA	NA	NA	NA	41.8292677	-71.4440371	Med High	1.039982565
873	2019-10-25	800745	17:43:00	Bicycle	NA	1	FALSE	FALSE	1	CLEMATIS ST	MOLLOY ST	10/25/19	"Two-Way , Not Divided"	Dry	Dark - Lighted	Clear	Rear End(Front-to-Rear)	No	No Controls	2	1	Incapacitating	2	41.83357	-71.44595	FALSE	FALSE	"Clematis Street and Molloy Street, Providence, RI, USA"	FALSE	-71.446007	41.8342669	intersection	geometric_center	"molloy st & clematis st, providence, ri 02908, usa"	NA	NA	NA	NA	41.8342669	-71.446007	Med High	77.72247445