row_number	crash_date	crash_report_id	crash_time	collision_type	count_pedestrian	count_bicycle	scooter	wheel_chair	number_of_vehicles	street_or_highway	nearest_intersection	report_date	type_of_roadway	road_surface_condition	light_condition	weather_condition	manner_of_impact	hit_and_run	traffic_control	person_count	injury_count	most_serious_injury	number_of_lanes	lat_raw	lon_raw	has_st_number	is_intersection_null	address_sent_to_geocoder	is_address_blank	lon_api_first_try	lat_api_first_try	type	loctype	address_returned_by_geocoder	address_returned_by_autocomplete	place_ids_autocompleted	lat_api_second_try	lon_api_second_try	lat_api_best	lon_api_best	api_coord_conf	distance_btwn_coords_meters
832	2019-12-09	807648	17:34:00	Pedestrian	1	NA	FALSE	FALSE	1	MEMORIAL BLVD	FRANICS ST	12/9/19	"Two-Way, Divided, Positive Median Barrier"	Wet	Dark - Lighted	Rain	Not a Collision Between Two Motor Vehicles in Transport	No	Traffic Control Signal	2	1	Non-Incapacitating	NA	41.82578	-71.41523	FALSE	FALSE	"Memorial Blvd and Franics Street, Providence, RI, USA"	FALSE	-71.4153098	41.8257791	intersection	geometric_center	"memorial blvd & francis st, providence, ri 02903, usa"	NA	NA	NA	NA	41.8257791	-71.4153098	Med High	6.620376862
833	2019-12-09	807722	16:48:00	Pedestrian	1	NA	FALSE	FALSE	1	51 Silver Spring St	Touro St	12/10/19	Unknown	Dry	Dark - Lighted	Clear	Not a Collision Between Two Motor Vehicles in Transport	No	No Controls	2	1	Complains Of Pain	NA	41.84546	-71.41783	TRUE	FALSE	"51 Silver Spring Street, Providence, RI, USA"	FALSE	-71.4166633	41.8454522	premise	rooftop	"51 silver spring st, providence, ri 02904, usa"	NA	NA	NA	NA	41.8454522	-71.4166633	High	96.75496346
829	2019-12-10	807712	16:11:00	Pedestrian	1	NA	FALSE	FALSE	1	FRANCIS ST	AMERICAN EXPRESS PLZ	12/10/19	"Two-Way , Not Divided"	Wet	Dark - Lighted	Rain	Not a Collision Between Two Motor Vehicles in Transport	No	Traffic Control Signal	2	1	Complains Of Pain	2	41.82745	-71.41541	FALSE	FALSE	"Francis Street and American Express Plz, Providence, RI, USA"	FALSE	-71.4128343	41.8239891	locality	approximate	"providence, ri, usa"	NA	NA	NA	NA	41.8239891	-71.4128343	Med	440.545949
828	2019-12-13	808064	20:19:00	Pedestrian	1	NA	FALSE	FALSE	1	WHIPPLE ST	ADMIRAL ST	12/13/19	"Two-Way , Not Divided"	Wet	Dark - Lighted	Rain	Not a Collision Between Two Motor Vehicles in Transport	No	No Controls	2	1	Complains Of Pain	NA	41.84049	-71.41906	FALSE	FALSE	"Whipple Street and Admiral Street, Providence, RI, USA"	FALSE	-71.4189756	41.8406503	intersection	geometric_center	"admiral st & whipple st, providence, ri 02908, usa"	NA	NA	NA	NA	41.8406503	-71.4189756	Med High	19.1682252
827	2019-12-14	808094	2:00:00	Pedestrian	1	NA	FALSE	FALSE	1	727 Cranston Street	ANTHONY AVE	12/14/19	"Two-Way , Not Divided"	Wet	Dark - Lighted	Rain	Not a Collision Between Two Motor Vehicles in Transport	No	No Controls	3	1	Incapacitating	2	41.80465	-71.43823	TRUE	FALSE	"727 Cranston Street, Providence, RI, USA"	FALSE	-71.4384032	41.8049401	street_address	rooftop	"727 cranston st, providence, ri 02907, usa"	NA	NA	NA	NA	41.8049401	-71.4384032	High	35.34750054
825	2019-12-17	808283	5:45:00	Pedestrian	1	NA	FALSE	FALSE	1	244 smith street	SMITH ST	12/17/19	"Two-Way , Not Divided"	Wet	Dark - Lighted	"Sleet, Hail (Freezing Rain or Drizzle)"	Not a Collision Between Two Motor Vehicles in Transport	No	No Controls	3	1	Complains Of Pain	NA	41.83284	-71.41965	TRUE	FALSE	"244 Smith Street, Providence, RI, USA"	FALSE	-71.4196892	41.8324254	premise	rooftop	"244 smith st, providence, ri 02908, usa"	NA	NA	NA	NA	41.8324254	-71.4196892	High	46.26744638
826	2019-12-17	808330	17:50:00	Bicycle	NA	1	FALSE	FALSE	1	BENEVOLENT ST	BROWN ST	12/17/19	"Two-Way, Not Divided With a Continuous Left Turn Lane"	Wet	Dark - Lighted	"Sleet, Hail (Freezing Rain or Drizzle)"	Not a Collision Between Two Motor Vehicles in Transport	No	No Controls	2	1	Complains Of Pain	NA	41.8246	-71.40271	FALSE	FALSE	"Benevolent Street and Brown Street, Providence, RI, USA"	FALSE	-71.4026893	41.8246153	intersection	geometric_center	"brown st & benevolent st, providence, ri 02906, usa"	NA	NA	NA	NA	41.8246153	-71.4026893	Med High	2.418564901
823	2019-12-19	808497	11:54:00	Pedestrian	1	NA	FALSE	FALSE	1	Pine St	DYER ST	12/19/19	One-Way Trafficway	Dry	Daylight	Clear	Not a Collision Between Two Motor Vehicles in Transport	"Yes, M/V and Driver Left Scene"	No Controls	2	1	Complains Of Pain	NA	41.82384	-71.40863	FALSE	FALSE	"Pine Street and Dyer Street, Providence, RI, USA"	FALSE	-71.4081942	41.8218617	route	geometric_center	"dyer st, providence, ri 02903, usa"	"Pine Street & Dyer Street, Providence, RI, USA"	Ei5QaW5lIFN0cmVldCAmIER5ZXIgU3RyZWV0LCBQcm92aWRlbmNlLCBSSSwgVVNBImYiZAoUChIJf6HwdxZF5IkR6kwTVVwQX5MSFAoSCX-h8HcWReSJEepME1VcEF-TGhQKEgk5kwlTbEXkiRGgKSzwb-_CPBoUChIJM5PpuhVF5IkR0PCpQ0HnfmUiCg1C0O0YFe3xb9U	41.823853	-71.4083859	41.823853	-71.4083859	Med	20.30099062
824	2019-12-19	808527	16:33:00	Pedestrian	1	NA	FALSE	FALSE	1	BROADWAY	AMERICA ST	12/19/19	"Two-Way , Not Divided"	Dry	Dark - Lighted	Clear	Not a Collision Between Two Motor Vehicles in Transport	No	Pavement Markings	3	1	Complains Of Pain	2	41.82046	-71.42654	FALSE	FALSE	"Broadway and America Street, Providence, RI, USA"	FALSE	-71.4273932	41.8220583	route	geometric_center	"america st, providence, ri 02903, usa"	"Broadway & America Street, Providence, RI, USA"	Ei5Ccm9hZHdheSAmIEFtZXJpY2EgU3RyZWV0LCBQcm92aWRlbmNlLCBSSSwgVVNBImYiZAoUChIJfUkS5HRF5IkRyRq3zJw_zvQSFAoSCX1JEuR0ReSJEckat8ycP870GhQKEgmlteWGdUXkiREawjOx16RvsxoUChIJG9WSLHVF5IkRA9aZMV9ct_QiCg16TO0YFcUsbdU	41.8204794	-71.4265403	41.8204794	-71.4265403	Med	2.159741524
822	2019-12-20	808628	10:19:00	Pedestrian	1	NA	FALSE	FALSE	1	PLAINFIELD ST	DIKE ST	12/20/19	"Two-Way , Not Divided"	Dry	Daylight	Clear	Not a Collision Between Two Motor Vehicles in Transport	No	No Controls	3	1	Complains Of Pain	NA	41.81651	-71.44418	FALSE	FALSE	"Plainfield Street and Dike Street, Providence, RI, USA"	FALSE	-71.444405	41.816372	intersection	geometric_center	"dike st & plainfield st, providence, ri 02909, usa"	NA	NA	NA	NA	41.816372	-71.444405	Med High	24.17546185
819	2019-12-23	808791	16:43:00	Pedestrian	1	NA	FALSE	FALSE	1	LEDGE ST	PETER ST	12/23/19	"Two-Way , Not Divided"	Dry	Dark - Lighted	Clear	Not a Collision Between Two Motor Vehicles in Transport	No	No Controls	2	1	Complains Of Pain	2	41.85338	-71.41955	FALSE	FALSE	"Ledge Street and Peter Street, Providence, RI, USA"	FALSE	-71.4128343	41.8239891	locality	approximate	"providence, ri, usa"	"Ledge Street & Peter Street, Providence, RI, USA"	EjBMZWRnZSBTdHJlZXQgJiBQZXRlciBTdHJlZXQsIFByb3ZpZGVuY2UsIFJJLCBVU0EiZiJkChQKEgmrbHjl8UTkiRFG7-gU333jtxIUChIJq2x45fFE5IkRRu_oFN9947caFAoSCT_xOnPuROSJEZQVmiAl9zyqGhQKEglZahCN8UTkiRFgh-aBG5qSYSIKDTpb8hgVgVxu1Q	41.853625	-71.4187647	41.853625	-71.4187647	Med	70.59551176
820	2019-12-23	808792	16:56:00	Bicycle	NA	1	FALSE	FALSE	1	RICHMOND STREET	EDDY STREET	12/23/19	"Two-Way , Not Divided"	Dry	Dark - Not Lighted	Clear	Other	No	No Controls	3	0	No Injury	NA	41.83616	-71.41597	FALSE	FALSE	"Richmond Street and Eddy Street, Providence, RI, USA"	FALSE	-71.4065248	41.8156786	intersection	geometric_center	"richmond st & eddy st, providence, ri 02903, usa"	NA	NA	NA	NA	41.8156786	-71.4065248	Med High	2410.846369
821	2019-12-23	808799	18:28:00	Pedestrian	1	NA	FALSE	FALSE	1	LORETO ST	TOURO ST	12/23/19	"Two-Way , Not Divided"	Dry	Dark - Lighted	Clear	Not a Collision Between Two Motor Vehicles in Transport	"Yes, M/V and Driver Left Scene"	Stop Signs	1	1	Complains Of Pain	NA	41.84794	-71.41871	FALSE	FALSE	"Loreto Street and Touro Street, Providence, RI, USA"	FALSE	-71.4187001	41.8479642	intersection	geometric_center	"touro st & loreto st, providence, ri 02904, usa"	NA	NA	NA	NA	41.8479642	-71.4187001	Med High	2.816242342
818	2019-12-25	808930	17:46:00	Bicycle	NA	1	FALSE	FALSE	1	HARTFORD AVE	HARTFORD AVE	12/25/19	"Two-Way , Not Divided"	Dry	Dark - Lighted	Clear	Not a Collision Between Two Motor Vehicles in Transport	"Yes, M/V and Driver Left Scene"	No Controls	7	1	Non-Incapacitating	NA	41.81967	-71.46639	FALSE	FALSE	"Hartford Ave and Hartford Ave, Providence, RI, USA"	FALSE	-71.4587339	41.8185901	route	geometric_center	"hartford ave, providence, ri, usa"	"Hartford Ave Service Rd & Hartford Ave, Johnston, Providence, RI, USA"	EkVIYXJ0Zm9yZCBBdmUgU2VydmljZSBSZCAmIEhhcnRmb3JkIEF2ZSwgSm9obnN0b24sIFByb3ZpZGVuY2UsIFJJLCBVU0EiZiJkChQKEgmP4Jty0EfkiRFZT82Cwq1hZxIUChIJj-CbctBH5IkRWU_NgsKtYWcaFAoSCUk2WRTQR-SJEffJJKBODzFaGhQKEgkvAx61JEbkiRGCwC0vu7gN1iIKDdap7hgVnoNc1Q	41.829423	-71.5357282	41.829423	-71.5357282	Med	5853.464439
817	2019-12-27	809071	17:13:00	Pedestrian	1	NA	FALSE	FALSE	1	DEAN ST	ATWELLS AVE	12/27/19	"Two-Way , Not Divided"	Dry	Dark - Lighted	Clear	Not a Collision Between Two Motor Vehicles in Transport	No	Traffic Control Signal	3	1	Non-Incapacitating	NA	41.82332	-71.42413	FALSE	FALSE	"Dean Street and Atwells Ave, Providence, RI, USA"	FALSE	-71.4242155	41.8234078	intersection	geometric_center	"atwells ave & dean st, providence, ri 02903, usa"	NA	NA	NA	NA	41.8234078	-71.4242155	Med High	12.07620771
816	2019-12-29	809207	13:39:00	Pedestrian	1	NA	FALSE	FALSE	1	Elmwood Avenue	W. Friendship Street	12/29/19	"Two-Way, Divided, Unprotected (painted>4feet) Medium"	Dry	Daylight	Clear	Not a Collision Between Two Motor Vehicles in Transport	No	Traffic Control Signal	2	1	Complains Of Pain	1	NA	NA	FALSE	FALSE	"Elmwood Avenue and W. Friendship Street, Providence, RI, USA"	FALSE	-71.424073	41.80989	intersection	geometric_center	"w friendship st & elmwood ave, providence, ri 02907, usa"	NA	NA	NA	NA	41.80989	-71.424073	Med High	NA
815	2019-12-30	809302	22:17:00	Pedestrian	1	NA	FALSE	FALSE	1	BROAD ST	LENOX AVE	12/31/19	"Two-Way , Not Divided"	Wet	Dark - Lighted	Rain	Not a Collision Between Two Motor Vehicles in Transport	No	Pavement Markings	2	1	Complains Of Pain	2	41.79828	-71.41478	FALSE	FALSE	"Broad Street and Lenox Ave, Providence, RI, USA"	FALSE	-71.4128343	41.8239891	locality	approximate	"providence, ri, usa"	"Broad Street & Lenox Ave, Providence, RI, USA"	Ei1Ccm9hZCBTdHJlZXQgJiBMZW5veCBBdmUsIFByb3ZpZGVuY2UsIFJJLCBVU0EiZiJkChQKEgmT6t8AiU_kiRFShKlWkME5IRIUChIJk-rfAIlP5IkRUoSpVpDBOSEaFAoSCYPefdWMT-SJESyiypOYSwijGhQKEgmLIQXfhU_kiRERQQXUPieyyyIKDcnq6RgVUvdu1Q	41.7983177	-71.4148014	41.7983177	-71.4148014	Med	4.557044797
814	2020-01-01	809378	3:35:00	Pedestrian	1	NA	FALSE	FALSE	1	YALE AVE	LYNCH ST	1/1/20	"Two-Way , Not Divided"	Dry	Dark - Lighted	Clear	Unknown	"Yes, M/V and Driver Left Scene"	Stop Signs	1	1	Complains Of Pain	NA	41.82677	-71.45203	FALSE	FALSE	"Yale Ave and Lynch Street, Providence, RI, USA"	FALSE	-71.452187	41.8267669	intersection	geometric_center	"yale ave & lynch st, providence, ri 02908, usa"	NA	NA	NA	NA	41.8267669	-71.452187	Med High	13.02793078
813	2020-01-02	809510	10:47:00	Pedestrian	1	NA	FALSE	FALSE	1	118 DUDLEY ST	NA	1/2/20	Unknown	Dry	Daylight	Clear	Not a Collision Between Two Motor Vehicles in Transport	No	No Controls	2	1	Complains Of Pain	NA	NA	NA	TRUE	TRUE	"118 Dudley Street, Providence, RI, USA"	FALSE	-71.4118003	41.8096319	premise	rooftop	"118 dudley st, providence, ri 02905, usa"	NA	NA	NA	NA	41.8096319	-71.4118003	High	NA
812	2020-01-03	809587	13:27:00	Pedestrian	1	NA	FALSE	FALSE	1	Bucklin Street	Whitmarsh Street	1/3/20	"Two-Way , Not Divided"	Dry	Daylight	Clear	Not a Collision Between Two Motor Vehicles in Transport	No	No Controls	2	0	No Injury	1	NA	NA	FALSE	FALSE	"Bucklin Street and Whitmarsh Street, Providence, RI, USA"	FALSE	-71.4278013	41.8059079	intersection	geometric_center	"bucklin st & whitmarsh st, providence, ri 02907, usa"	NA	NA	NA	NA	41.8059079	-71.4278013	Med High	NA
811	2020-01-06	809737	15:30:00	Pedestrian	1	NA	FALSE	FALSE	1	PLAINFIELD ST	PLAINFIELD ST	1/6/20	"Two-Way , Not Divided"	Dry	Daylight	Clear	Not a Collision Between Two Motor Vehicles in Transport	No	No Controls	3	1	Complains Of Pain	2	41.81444	-71.447	FALSE	FALSE	"Plainfield Street and Plainfield Street, Providence, RI, USA"	FALSE	-71.4643452	41.8067161	route	geometric_center	"plainfield st, rhode island, usa"	NA	NA	NA	NA	41.8067161	-71.4643452	Med	1676.456224
810	2020-01-08	809880	15:17:00	Pedestrian	1	NA	FALSE	FALSE	1	FRICKER STREET	CRANSTON ST	1/8/20	One-Way Trafficway	Snow	Daylight	Snow	Not a Collision Between Two Motor Vehicles in Transport	"Yes, M/V and Driver Left Scene"	No Controls	1	1	Complains Of Pain	NA	41.81657	-71.42176	FALSE	FALSE	"Fricker Street and Cranston Street, Providence, RI, USA"	FALSE	-71.4223096	41.817219	intersection	geometric_center	"cranston st & fricker st, providence, ri 02903, usa"	NA	NA	NA	NA	41.817219	-71.4223096	Med High	85.43201444
809	2020-01-11	810317	12:28:00	Bicycle	NA	1	FALSE	FALSE	1	Manton Ave	Aleppo St	1/15/20	"Two-Way , Not Divided"	Dry	Daylight	Clear	Other	No	No Controls	3	1	Complains Of Pain	NA	41.82019	-71.44695	FALSE	FALSE	"Manton Ave and Aleppo Street, Providence, RI, USA"	FALSE	-71.4462075	41.8193627	intersection	geometric_center	"aleppo st & manton ave, providence, ri 02909, usa"	NA	NA	NA	NA	41.8193627	-71.4462075	Med High	110.7959521
808	2020-01-16	810423	14:57:00	Pedestrian	1	NA	FALSE	FALSE	1	CHALKSTONE AVE	RIVER AVE	1/16/20	"Two-Way , Not Divided"	Dry	Daylight	Clear	Not a Collision Between Two Motor Vehicles in Transport	No	No Controls	5	1	Complains Of Pain	2	41.83252	-71.43882	FALSE	FALSE	"Chalkstone Ave and River Ave, Providence, RI, USA"	FALSE	-71.4385411	41.8325962	intersection	geometric_center	"river ave & chalkstone ave, providence, ri 02908, usa"	NA	NA	NA	NA	41.8325962	-71.4385411	Med High	24.6392142
806	2020-01-17	810467	7:40:00	Pedestrian	1	NA	FALSE	FALSE	1	BROAD ST	THURBERS AVE	1/17/20	"Two-Way , Not Divided"	Dry	Daylight	Clear	Not a Collision Between Two Motor Vehicles in Transport	No	Pavement Markings	4	1	Complains Of Pain	NA	41.79811	-71.41456	FALSE	FALSE	"Broad Street and Thurbers Ave, Providence, RI, USA"	FALSE	-71.4072534	41.7996465	route	geometric_center	"thurbers ave, providence, ri 02905, usa"	"Broad Street & Thurbers Ave, Providence, RI, USA"	EjBCcm9hZCBTdHJlZXQgJiBUaHVyYmVycyBBdmUsIFByb3ZpZGVuY2UsIFJJLCBVU0EiZiJkChQKEgnVbsoGiU_kiRFIi3UXtPpeWRIUChIJ1W7KBolP5IkRSIt1F7T6XlkaFAoSCYPefdWMT-SJESyiypOYSwijGhQKEgkroyggYEXkiRGzStN47BclxSIKDUjm6RgVr_xu1Q	41.7982024	-71.4146641	41.7982024	-71.4146641	Med	13.43257538
807	2020-01-17	810505	18:05:00	Pedestrian	1	NA	FALSE	FALSE	1	THURBERS AVE	OCEAN ST	1/17/20	"Two-Way , Not Divided"	Dry	Dark - Lighted	Clear	Not a Collision Between Two Motor Vehicles in Transport	No	No Controls	3	1	Complains Of Pain	NA	41.7993	-71.409	FALSE	FALSE	"Thurbers Ave and Ocean Street, Providence, RI, USA"	FALSE	-71.4089834	41.7993122	intersection	geometric_center	"thurbers ave & ocean st, providence, ri 02905, usa"	NA	NA	NA	NA	41.7993122	-71.4089834	Med High	1.934467263
804	2020-01-18	810614	22:10:00	Pedestrian	1	NA	FALSE	FALSE	1	oakland ave	SMITH ST	1/18/20	"Two-Way , Not Divided"	Snow	Dark - Lighted	Snow	Not a Collision Between Two Motor Vehicles in Transport	"Yes, M/V and Driver Left Scene"	No Controls	1	1	Complains Of Pain	NA	41.83606	-71.43046	FALSE	FALSE	"Oakland Ave and Smith Street, Providence, RI, USA"	FALSE	-71.430455	41.8362474	intersection	geometric_center	"oakland ave & smith st, providence, ri 02908, usa"	NA	NA	NA	NA	41.8362474	-71.430455	Med High	20.86539398
805	2020-01-18	810635	23:03:00	Pedestrian	1	NA	FALSE	FALSE	1	Elmwood Ave	CARTER ST	1/19/20	"Two-Way , Not Divided"	Snow	Dark - Lighted	Snow	"Sideswipe, Same Direction"	No	No Controls	3	1	Complains Of Pain	NA	41.80069	-71.42654	FALSE	FALSE	"Elmwood Ave and Carter Street, Providence, RI, USA"	FALSE	-71.426574	41.800197	intersection	geometric_center	"carter st & elmwood ave, providence, ri 02907, usa"	NA	NA	NA	NA	41.800197	-71.426574	Med High	54.95299039
803	2020-01-21	810849	18:29:00	Pedestrian	1	NA	FALSE	FALSE	1	WILLARD AVE	PLAIN ST	1/21/20	"Two-Way , Not Divided"	Dry	Dark - Lighted	Clear	Not a Collision Between Two Motor Vehicles in Transport	No	Stop Signs	3	1	Complains Of Pain	NA	41.80891	-71.41075	FALSE	FALSE	"Willard Ave and Plain Street, Providence, RI, USA"	FALSE	-71.4107596	41.8089396	intersection	geometric_center	"willard ave & plain st, providence, ri 02905, usa"	NA	NA	NA	NA	41.8089396	-71.4107596	Med High	3.38997044
802	2020-01-23	810989	19:21:00	Pedestrian	1	NA	FALSE	FALSE	1	POCASSET AVE	MAGNOLIA ST	1/23/20	"Two-Way , Not Divided"	Dry	Dark - Lighted	Clear	Not a Collision Between Two Motor Vehicles in Transport	"Yes, M/V and Driver Left Scene"	No Controls	1	1	Complains Of Pain	2	41.81152	-71.4514	FALSE	FALSE	"Pocasset Ave and Magnolia Street, Providence, RI, USA"	FALSE	-71.4499342	41.8119098	intersection	geometric_center	"pocasset ave & magnolia st, providence, ri 02909, usa"	NA	NA	NA	NA	41.8119098	-71.4499342	Med High	129.1278102
799	2020-01-24	811069	15:59:00	Pedestrian	1	NA	FALSE	FALSE	1	ELMWOOD AVE	POTTERS AVE	1/24/20	"Two-Way , Not Divided"	Dry	Daylight	Clear	Not a Collision Between Two Motor Vehicles in Transport	"Yes, M/V and Driver Left Scene"	Traffic Control Signal	2	1	Complains Of Pain	2	41.80121	-71.42643	FALSE	FALSE	"Elmwood Ave and Potters Ave, Providence, RI, USA"	FALSE	-71.4263655	41.8015172	intersection	geometric_center	"potters ave & elmwood ave, providence, ri 02907, usa"	NA	NA	NA	NA	41.8015172	-71.4263655	Med High	34.61369183
800	2020-01-24	811082	19:25:00	Bicycle	NA	1	FALSE	FALSE	1	STEEPLE ST	CANAL ST	1/24/20	"Two-Way , Not Divided"	Dry	Dark - Lighted	Cloudy	Angle (Front - to - Side) Right Angle (Includes Broadside)	No	Traffic Control Signal	2	1	Complains Of Pain	NA	41.82718	-71.40991	FALSE	FALSE	"Steeple Street and Canal Street, Providence, RI, USA"	FALSE	-71.409902	41.8271852	intersection	geometric_center	"steeple st & canal st, providence, ri 02903, usa"	NA	NA	NA	NA	41.8271852	-71.409902	Med High	0.880598601
801	2020-01-24	811090	20:48:00	Pedestrian	1	NA	FALSE	FALSE	1	PEARL ST	PINE ST	1/24/20	"Two-Way , Not Divided"	Dry	Dark - Lighted	Clear	Not a Collision Between Two Motor Vehicles in Transport	No	No Controls	2	1	Complains Of Pain	NA	41.81346	-71.41852	FALSE	FALSE	"Pearl Street and Pine Street, Providence, RI, USA"	FALSE	-71.4128343	41.8239891	locality	approximate	"providence, ri, usa"	"Pearl Street & Pine Street, Providence, RI, USA"	Ei9QZWFybCBTdHJlZXQgJiBQaW5lIFN0cmVldCwgUHJvdmlkZW5jZSwgUkksIFVTQSJmImQKFAoSCbnzLNNxReSJEeVCVuUiRrW0EhQKEgm58yzTcUXkiRHlQlblIka1tBoUChIJDZuFNG5F5IkRuqHtdeVKVQoaFAoSCTmTCVNsReSJEaApLPBv78I8IgoNbDzsGBV3Y27V	41.8135148	-71.4185865	41.8135148	-71.4185865	Med	8.225299329
798	2020-01-25	811153	18:04:00	Pedestrian	1	NA	FALSE	FALSE	1	NARRAGANSETT BLVD	OHIO AVE	1/25/20	"Two-Way , Not Divided"	Wet	Dark - Lighted	Rain	Not a Collision Between Two Motor Vehicles in Transport	No	No Controls	3	1	Incapacitating	NA	41.78986	-71.39628	FALSE	FALSE	"Narragansett Blvd and Ohio Ave, Providence, RI, USA"	FALSE	-71.3962874	41.7898851	intersection	geometric_center	"ohio ave & narragansett blvd, providence, ri 02905, usa"	NA	NA	NA	NA	41.7898851	-71.3962874	Med High	2.86082783
797	2020-01-26	811190	15:34:00	Pedestrian	1	NA	FALSE	FALSE	1	WHIPPLE ST	ADMIRAL ST	1/26/20	"Two-Way , Not Divided"	Dry	Daylight	Clear	Not a Collision Between Two Motor Vehicles in Transport	No	Traffic Control Signal	7	1	Incapacitating	NA	41.84068	-71.41897	FALSE	FALSE	"Whipple Street and Admiral Street, Providence, RI, USA"	FALSE	-71.4189756	41.8406503	intersection	geometric_center	"admiral st & whipple st, providence, ri 02908, usa"	NA	NA	NA	NA	41.8406503	-71.4189756	Med High	3.338648975
796	2020-01-27	811272	8:32:00	Pedestrian	1	NA	FALSE	FALSE	1	EXCHANGE TER	EXCHANGE ST	1/28/20	One-Way Trafficway	Dry	Daylight	Cloudy	Not a Collision Between Two Motor Vehicles in Transport	No	Stop Signs	3	1	Complains Of Pain	NA	41.82611	-71.4116	FALSE	FALSE	"Exchange Ter and Exchange Street, Providence, RI, USA"	FALSE	-71.4148047	41.8250247	intersection	geometric_center	"exchange terrace & w exchange st, providence, ri 02903, usa"	NA	NA	NA	NA	41.8250247	-71.4148047	Med High	292.0046525
795	2020-01-29	811324	18:37:00	Pedestrian	1	NA	FALSE	FALSE	1	SERVICE ROAD 7	BROAD ST	1/29/20	One-Way Trafficway	Dry	Dark - Lighted	Clear	Other	"Yes, M/V and Driver Left Scene"	Traffic Control Signal	1	1	Complains Of Pain	NA	41.81737	-71.41698	FALSE	FALSE	"Service Road 7 and Broad Street, Providence, RI, USA"	FALSE	-71.4169529	41.8173732	intersection	geometric_center	"service rd 1 & broad st, providence, ri 02903, usa"	NA	NA	NA	NA	41.8173732	-71.4169529	Med High	2.276356103
793	2020-02-01	811518	10:24:00	Pedestrian	1	NA	FALSE	FALSE	1	CHALKSTONE AVE	FALLON AVE	2/1/20	"Two-Way , Not Divided"	Dry	Daylight	Clear	Not a Collision Between Two Motor Vehicles in Transport	"Yes, M/V and Driver Left Scene"	Pavement Markings	1	1	Complains Of Pain	NA	41.83234	-71.44342	FALSE	FALSE	"Chalkstone Ave and Fallon Ave, Providence, RI, USA"	FALSE	-71.443344	41.832336	intersection	geometric_center	"fallon ave & chalkstone ave, providence, ri 02908, usa"	NA	NA	NA	NA	41.832336	-71.443344	Med High	6.319459922
794	2020-02-01	811556	19:20:00	Bicycle	NA	1	FALSE	FALSE	1	CRANSTON ST	HUNTINGTON AVE	2/1/20	"Two-Way , Not Divided"	Dry	Dark - Lighted	Clear	Not a Collision Between Two Motor Vehicles in Transport	No	Traffic Control Signal	2	0	No Injury	NA	41.80406	-71.43888	FALSE	FALSE	"Cranston Street and Huntington Ave, Providence, RI, USA"	FALSE	-71.4392216	41.8037523	intersection	geometric_center	"cranston st & huntington ave, providence, ri 02907, usa"	NA	NA	NA	NA	41.8037523	-71.4392216	Med High	44.46100325
792	2020-02-04	811700	23:05:00	Pedestrian	1	NA	FALSE	TRUE	2	460 SMITH ST	CHALKSTONE AVE	2/5/20	"Two-Way , Not Divided"	Wet	Dark - Lighted	Rain	Rear End(Front-to-Rear)	No	No Controls	4	1	Complains Of Pain	NA	41.83541	-71.42612	TRUE	FALSE	"460 Smith Street, Providence, RI, USA"	FALSE	-71.4264456	41.8352609	premise	rooftop	"460 smith st, providence, ri 02908, usa"	NA	NA	NA	NA	41.8352609	-71.4264456	High	31.69815819
791	2020-02-05	811713	9:19:00	Pedestrian	1	NA	FALSE	FALSE	1	100 Butler Drive	100 Butler Drive	2/5/20	"Two-Way , Not Divided"	Dry	Daylight	Clear	Not a Collision Between Two Motor Vehicles in Transport	No	No Controls	3	1	Complains Of Pain	1	NA	NA	TRUE	FALSE	"100 Butler Drive, Providence, RI, USA"	FALSE	-71.3798427	41.8418993	premise	rooftop	"100 butler dr, providence, ri 02906, usa"	NA	NA	NA	NA	41.8418993	-71.3798427	High	NA
788	2020-02-11	812012	7:56:00	Pedestrian	1	NA	FALSE	FALSE	1	Sabin Street	West Exchange Street	2/11/20	One-Way Trafficway	Wet	Daylight	Rain	Not a Collision Between Two Motor Vehicles in Transport	No	No Controls	4	1	Complains Of Pain	1	NA	NA	FALSE	FALSE	"Sabin Street and West Exchange Street, Providence, RI, USA"	FALSE	-71.4152876	41.8248645	intersection	geometric_center	"sabin st & w exchange st, providence, ri 02903, usa"	NA	NA	NA	NA	41.8248645	-71.4152876	Med High	NA
789	2020-02-11	812015	8:13:00	Pedestrian	1	NA	FALSE	FALSE	1	BROAD ST	ADELAIDE AVE	2/11/20	"Two-Way , Not Divided"	Wet	Daylight	Rain	Not a Collision Between Two Motor Vehicles in Transport	No	Pavement Markings	3	1	Complains Of Pain	NA	41.79891	-71.41554	FALSE	FALSE	"Broad Street and Adelaide Ave, Providence, RI, USA"	FALSE	-71.4229955	41.7965181	route	geometric_center	"adelaide ave, providence, ri 02907, usa"	"Broad Street & Adelaide Ave, Providence, RI, USA"	EjBCcm9hZCBTdHJlZXQgJiBBZGVsYWlkZSBBdmUsIFByb3ZpZGVuY2UsIFJJLCBVU0EiZiJkChQKEgmHmKxWiE_kiRHEyK6zP1G3PRIUChIJh5isVohP5IkRxMiusz9Rtz0aFAoSCYPefdWMT-SJESyiypOYSwijGhQKEgn7ze1zhE_kiRG6QeI0WTshsiIKDUkA6hgV2dxu1Q	41.7988681	-71.4154791	41.7988681	-71.4154791	Med	6.877342115