row_number	crash_date	crash_report_id	crash_time	collision_type	count_pedestrian	count_bicycle	scooter	wheel_chair	number_of_vehicles	street_or_highway	nearest_intersection	report_date	type_of_roadway	road_surface_condition	light_condition	weather_condition	manner_of_impact	hit_and_run	traffic_control	person_count	injury_count	most_serious_injury	number_of_lanes	lat_raw	lon_raw	has_st_number	is_intersection_null	address_sent_to_geocoder	is_address_blank	lon_api_first_try	lat_api_first_try	type	loctype	address_returned_by_geocoder	address_returned_by_autocomplete	place_ids_autocompleted	lat_api_second_try	lon_api_second_try	lat_api_best	lon_api_best	api_coord_conf	distance_btwn_coords_meters
790	2020-02-11	812072	19:05:00	Pedestrian	1	NA	FALSE	FALSE	1	FRANCIS ST	FINANCE WAY	2/11/20	"Two-Way , Not Divided"	Wet	Dark - Lighted	Rain	Not a Collision Between Two Motor Vehicles in Transport	No	Traffic Control Signal	3	1	Incapacitating	NA	41.82754	-71.41539	FALSE	FALSE	"Francis Street and Finance Way, Providence, RI, USA"	FALSE	-71.4141847	41.8276529	route	geometric_center	"finance way, providence, ri 02903, usa"	"Francis Street & Finance Way, Providence, RI, USA"	EjFGcmFuY2lzIFN0cmVldCAmIEZpbmFuY2UgV2F5LCBQcm92aWRlbmNlLCBSSSwgVVNBImYiZAoUChIJV0u8VBBF5IkRSbWudbN2R1USFAoSCVdLvFQQReSJEUm1rnWzdkdVGhQKEgnjCiVZEEXkiREJ12uSbA5CmxoUChIJTVXC7xBF5IkRh9pEKJ3E5UwiCg3zXO4YFdnfbtU	41.8274547	-71.4154023	41.8274547	-71.4154023	Med	9.550209934
786	2020-02-13	812169	6:32:00	Pedestrian	1	NA	FALSE	FALSE	1	Plain Street	Lockwood Street	2/13/20	"Two-Way , Not Divided"	Wet	Dark - Unknown Lighting	Rain	Not a Collision Between Two Motor Vehicles in Transport	No	No Controls	3	1	Incapacitating	NA	41.81238	-71.41199	FALSE	FALSE	"Plain Street and Lockwood Street, Providence, RI, USA"	FALSE	-71.4119241	41.8123839	intersection	geometric_center	"lockwood st & plain st, providence, ri 02903, usa"	NA	NA	NA	NA	41.8123839	-71.4119241	Med High	5.484930034
787	2020-02-13	812260	21:09:00	Pedestrian	1	NA	FALSE	FALSE	1	Smith St	Orms St	2/13/20	"Two-Way, Divided, Unprotected (painted>4feet) Medium"	Wet	Dark - Lighted	Cloudy	Not a Collision Between Two Motor Vehicles in Transport	"Yes, M/V and Driver Left Scene"	No Controls	1	1	Complains Of Pain	NA	41.83377	-71.42198	FALSE	FALSE	"Smith Street and Orms Street, Providence, RI, USA"	FALSE	-71.4219437	41.8337775	intersection	geometric_center	"orms st & smith st, providence, ri 02904, usa"	NA	NA	NA	NA	41.8337775	-71.4219437	Med High	3.124418663
785	2020-02-17	812530	23:50:00	Pedestrian	1	NA	FALSE	FALSE	1	NA	CRANSTON ST	2/17/20	"Two-Way , Not Divided"	Dry	Dark - Lighted	Clear	Not a Collision Between Two Motor Vehicles in Transport	"Yes, M/V and Driver Left Scene"	Traffic Control Signal	1	1	Complains Of Pain	NA	41.80316	-71.43987	NA	FALSE	"NA and Cranston Street, Providence, RI, USA"	FALSE	-71.4492555	41.7959835	route	geometric_center	"cranston st, providence, ri, usa"	NA	NA	NA	NA	41.7959835	-71.4492555	Med	1115.730813
784	2020-02-19	812675	15:49:00	Pedestrian	1	NA	FALSE	FALSE	1	ROCHAMBEAU AVE	HOPE ST	2/19/20	"Two-Way , Not Divided"	Dry	Daylight	Clear	Not a Collision Between Two Motor Vehicles in Transport	No	Traffic Control Signal	2	1	Complains Of Pain	NA	41.84691	-71.39599	FALSE	FALSE	"Rochambeau Ave and Hope Street, Providence, RI, USA"	FALSE	-71.3960532	41.8469319	intersection	geometric_center	"hope st & rochambeau ave, providence, ri 02906, usa"	NA	NA	NA	NA	41.8469319	-71.3960532	Med High	5.780146983
783	2020-02-20	812757	18:49:00	Pedestrian	1	NA	FALSE	FALSE	1	Wayland Ave	Waterman St	2/20/20	"Two-Way , Not Divided"	Dry	Dark - Lighted	Clear	Not a Collision Between Two Motor Vehicles in Transport	No	Traffic Control Signal	4	1	Complains Of Pain	2	41.8286	-71.38838	FALSE	FALSE	"Wayland Ave and Waterman Street, Providence, RI, USA"	FALSE	-71.3883533	41.8286345	intersection	geometric_center	"wayland ave & waterman st, providence, ri 02906, usa"	NA	NA	NA	NA	41.8286345	-71.3883533	Med High	4.433358893
782	2020-02-21	812856	16:00:00	Bicycle	NA	1	FALSE	FALSE	1	SERVICE ROAD 3	WESTMINSTER ST	2/22/20	"Two-Way , Not Divided"	Dry	Daylight	Clear	"Sidwswipe, Opposite Direction"	"Yes, M/V and Driver Left Scene"	No Controls	1	1	Complains Of Pain	NA	41.81632	-71.44059	FALSE	FALSE	"Service Road 3 and Westminster Street, Providence, RI, USA"	FALSE	-71.4089265	41.8252921	street_address	range_interpolated	"3 westminster st, providence, ri 02903, usa"	NA	NA	NA	NA	41.8252921	-71.4089265	Med High	2810.246105
779	2020-02-23	812899	0:15:00	Pedestrian	1	NA	FALSE	FALSE	1	987 NORTH MAIN ST	DEXTERDALE RD	2/23/20	"Two-Way, Divided, Positive Median Barrier"	Dry	Dark - Lighted	Clear	Not a Collision Between Two Motor Vehicles in Transport	No	No Controls	3	1	Non-Incapacitating	NA	41.84849	-71.40412	TRUE	FALSE	"987 North Main Street, Providence, RI, USA"	FALSE	-71.4036364	41.8482753	premise	rooftop	"987 n main st, providence, ri 02904, usa"	NA	NA	NA	NA	41.8482753	-71.4036364	High	46.68374421
780	2020-02-23	812906	2:19:00	Pedestrian	1	NA	FALSE	FALSE	1	Broad Street	Detroit Avenue	2/23/20	"Two-Way , Not Divided"	Dry	Dark - Lighted	Clear	Not a Collision Between Two Motor Vehicles in Transport	"Yes, M/V and Driver Left Scene"	No Controls	2	1	Non-Incapacitating	1	NA	NA	FALSE	FALSE	"Broad Street and Detroit Avenue, Providence, RI, USA"	FALSE	-71.4120396	41.7932779	route	geometric_center	"detroit ave, providence, ri 02907, usa"	"Broad Street & Detroit Avenue, Providence, RI, USA"	EjJCcm9hZCBTdHJlZXQgJiBEZXRyb2l0IEF2ZW51ZSwgUHJvdmlkZW5jZSwgUkksIFVTQSJmImQKFAoSCa0TWW-MT-SJEZOOXfqCQfLREhQKEgmtE1lvjE_kiRGTjl36gkHy0RoUChIJg9591YxP5IkRLKLKk5hLCKMaFAoSCRliwiuMT-SJEQt0lHPzfPUlIgoN7lDpGBVYtm_V	41.794379	-71.4099112	41.794379	-71.4099112	Med	NA
781	2020-02-23	812957	21:11:00	Pedestrian	1	NA	FALSE	FALSE	1	BROAD ST	BROAD ST	2/23/20	"Two-Way , Not Divided"	Dry	Daylight	Clear	Not a Collision Between Two Motor Vehicles in Transport	No	No Controls	2	1	Complains Of Pain	NA	41.81434	-71.42119	FALSE	FALSE	"Broad Street and Broad Street, Providence, RI, USA"	FALSE	-71.4101636	41.7945838	route	geometric_center	"broad st, providence, ri, usa"	NA	NA	NA	NA	41.7945838	-71.4101636	Med	2381.990146
778	2020-02-26	813200	20:26:00	Pedestrian	1	NA	FALSE	FALSE	1	LIEGE ST	DOUGLAS AVE	2/26/20	"Two-Way, Divided, Unprotected (painted>4feet) Medium"	Wet	Dark - Lighted	Clear	Unknown	No	No Controls	5	1	Complains Of Pain	NA	41.84161	-71.42747	FALSE	FALSE	"Liege Street and Douglas Ave, Providence, RI, USA"	FALSE	-71.4274607	41.841629	intersection	geometric_center	"douglas ave & liege st, providence, ri 02908, usa"	NA	NA	NA	NA	41.841629	-71.4274607	Med High	2.251305726
776	2020-02-27	813232	9:11:00	Pedestrian	1	NA	FALSE	FALSE	1	RUGGLES ST	Smith Street	2/27/20	"Two-Way , Not Divided"	Wet	Daylight	Rain	Not a Collision Between Two Motor Vehicles in Transport	No	Stop Signs	3	1	Complains Of Pain	NA	41.83624	-71.42825	FALSE	FALSE	"Ruggles Street and Smith Street, Providence, RI, USA"	FALSE	-71.4282411	41.8361735	intersection	geometric_center	"smith st & ruggles st, providence, ri 02908, usa"	NA	NA	NA	NA	41.8361735	-71.4282411	Med High	7.439457484
777	2020-02-27	813256	19:25:00	Pedestrian	1	NA	FALSE	FALSE	1	4TH ST	HIGHLAND AVE	2/27/20	"Two-Way , Not Divided"	Dry	Dark - Lighted	Clear	Not a Collision Between Two Motor Vehicles in Transport	No	Stop Signs	2	0	No Injury	NA	41.85116	-71.4001	FALSE	FALSE	"4th Street and Highland Ave, Providence, RI, USA"	FALSE	-71.3993489	41.852353	route	geometric_center	"highland ave, providence, ri 02906, usa"	"4th Street & Highland Ave, Providence, RI, USA"	Ei40dGggU3RyZWV0ICYgSGlnaGxhbmQgQXZlLCBQcm92aWRlbmNlLCBSSSwgVVNBImYiZAoUChIJa4VJAMRE5IkRcIqI3e1C7NoSFAoSCWuFSQDEROSJEXCKiN3tQuzaGhQKEgntCyrOxUTkiRF0nlQCmrtEnRoUChIJN6mjx8ZE5IkRDiQ61GID6s0iCg0Y-_EYFfg1cdU	41.851164	-71.4000904	41.851164	-71.4000904	Med	0.912104787
775	2020-02-28	813355	16:12:00	Pedestrian	1	NA	FALSE	FALSE	1	douglas ave	DOUGLAS AVE	2/28/20	"Two-Way , Not Divided"	Dry	Daylight	Clear	Not a Collision Between Two Motor Vehicles in Transport	No	No Controls	2	1	Complains Of Pain	NA	41.83605	-71.41962	FALSE	FALSE	"Douglas Ave and Douglas Ave, Providence, RI, USA"	FALSE	-71.4649957	41.8715442	intersection	geometric_center	"douglas turnpike & douglas ave, north providence, ri 02904, usa"	NA	NA	NA	NA	41.8715442	-71.4649957	Med High	5455.959475
774	2020-02-29	813409	18:40:00	Bicycle	NA	1	FALSE	FALSE	1	MEMORIAL BLVD	FRANCIS ST	2/29/20	One-Way Trafficway	Dry	Dark - Lighted	Clear	Not a Collision Between Two Motor Vehicles in Transport	No	Traffic Control Signal	4	1	Complains Of Pain	NA	41.8259	-71.41535	FALSE	FALSE	"Memorial Blvd and Francis Street, Providence, RI, USA"	FALSE	-71.4153098	41.8257791	intersection	geometric_center	"memorial blvd & francis st, providence, ri 02903, usa"	NA	NA	NA	NA	41.8257791	-71.4153098	Med High	13.86550052
771	2020-03-02	814513	9:20:00	Pedestrian	1	NA	FALSE	FALSE	1	GEORGE ST	BENEFIT ST	3/2/20	"Two-Way , Not Divided"	Dry	Daylight	Clear	Not a Collision Between Two Motor Vehicles in Transport	No	Pavement Markings	2	1	Complains Of Pain	NA	41.82517	-71.40609	FALSE	FALSE	"George Street and Benefit Street, Providence, RI, USA"	FALSE	-71.4068354	41.8260134	route	geometric_center	"benefit st, providence, ri, usa"	"George Street & Benefit Street, Providence, RI, USA"	EjNHZW9yZ2UgU3RyZWV0ICYgQmVuZWZpdCBTdHJlZXQsIFByb3ZpZGVuY2UsIFJJLCBVU0EiZiJkChQKEglLFzKIPUXkiRE-uNyDZgKeMBIUChIJSxcyiD1F5IkRPrjcg2YCnjAaFAoSCcfqJGM7ReSJEbJnjjYuSZRlGhQKEgl52TgIPUXkiRHF9uaqCsJSKiIKDaMA7hgVe0pw1Q	41.8250915	-71.4061189	41.8250915	-71.4061189	Med	9.061461877
772	2020-03-02	814563	16:03:00	Pedestrian	1	NA	FALSE	FALSE	1	George St	Brown St	3/2/20	"Two-Way , Not Divided"	Dry	Daylight	Clear	Not a Collision Between Two Motor Vehicles in Transport	No	Pavement Markings	4	1	Complains Of Pain	2	41.82535	-71.40276	FALSE	FALSE	"George Street and Brown Street, Providence, RI, USA"	FALSE	-71.4034266	41.82934	route	geometric_center	"brown st, providence, ri, usa"	"George Street & Brown Street, Providence, RI, USA"	EjFHZW9yZ2UgU3RyZWV0ICYgQnJvd24gU3RyZWV0LCBQcm92aWRlbmNlLCBSSSwgVVNBImYiZAoUChIJPSHA-DxF5IkRr_LorNZUunsSFAoSCT0hwPg8ReSJEa_y6KzWVLp7GhQKEgnH6iRjO0XkiRGyZ442LkmUZRoUChIJjdFj6CJF5IkRfjtAGSc-nD0iCg0BC-4YFajPcNU	41.8253569	-71.4027096	41.8253569	-71.4027096	Med	4.250812246
773	2020-03-02	814571	16:19:00	Pedestrian	1	NA	FALSE	FALSE	1	BARRY RD	BARRY RD	3/2/20	"Two-Way , Not Divided"	Dry	Daylight	Clear	Not a Collision Between Two Motor Vehicles in Transport	"Yes, M/V and Driver Left Scene"	No Controls	2	1	Incapacitating	NA	41.81821	-71.4504	FALSE	FALSE	"Barry Rd and Barry Rd, Providence, RI, USA"	FALSE	-71.4511927	41.8179555	route	geometric_center	"barry rd, providence, ri 02909, usa"	NA	NA	NA	NA	41.8179555	-71.4511927	Med	71.60723974
770	2020-03-03	815286	8:30:00	Pedestrian	1	NA	FALSE	FALSE	1	CRANSTON ST	FRICKER ST	3/11/20	"Two-Way , Not Divided"	Dry	Daylight	Clear	Not a Collision Between Two Motor Vehicles in Transport	"Yes, M/V and Driver Left Scene"	Traffic Control Signal	1	1	Complains Of Pain	NA	41.81709	-71.4224	FALSE	FALSE	"Cranston Street and Fricker Street, Providence, RI, USA"	FALSE	-71.4223096	41.817219	intersection	geometric_center	"cranston st & fricker st, providence, ri 02903, usa"	NA	NA	NA	NA	41.817219	-71.4223096	Med High	16.20076091
769	2020-03-05	814758	13:42:00	Pedestrian	1	NA	FALSE	FALSE	1	UNION ST	WASHINGTON ST	3/5/20	"Two-Way , Not Divided"	Dry	Daylight	Clear	Not a Collision Between Two Motor Vehicles in Transport	"Yes, M/V and Driver Left Scene"	No Controls	1	1	Complains Of Pain	NA	41.82357	-71.41395	FALSE	FALSE	"Union Street and Washington Street, Providence, RI, USA"	FALSE	-71.4128343	41.8239891	locality	approximate	"providence, ri, usa"	"Union Street & Washington Street, Providence, RI, USA"	EjVVbmlvbiBTdHJlZXQgJiBXYXNoaW5ndG9uIFN0cmVldCwgUHJvdmlkZW5jZSwgUkksIFVTQSJmImQKFAoSCXvJS8cTReSJEcVp0B49EFpXEhQKEgl7yUvHE0XkiRHFadAePRBaVxoUChIJc0CzlRNF5IkRkkTXyjBrnRAaFAoSCanazZwSReSJERoH0JajEjT2IgoN_cbtGBWuFm_V	41.8236157	-71.4139986	41.8236157	-71.4139986	Med	6.491125327
768	2020-03-07	815010	16:25:00	Pedestrian	1	NA	FALSE	FALSE	1	Angell St	Hope St	3/7/20	One-Way Trafficway	Dry	Daylight	Clear	Not a Collision Between Two Motor Vehicles in Transport	No	Traffic Control Signal	4	1	Complains Of Pain	NA	41.8284	-71.39751	FALSE	FALSE	"Angell Street and Hope Street, Providence, RI, USA"	FALSE	-71.3974982	41.8284083	intersection	geometric_center	"hope st & angell st, providence, ri 02906, usa"	NA	NA	NA	NA	41.8284083	-71.3974982	Med High	1.346008085
767	2020-03-08	815092	15:02:00	Pedestrian	1	NA	FALSE	FALSE	1	BROAD ST	ADELAIDE AVE	3/8/20	"Two-Way , Not Divided"	Dry	Daylight	Clear	Not a Collision Between Two Motor Vehicles in Transport	No	No Controls	2	1	Complains Of Pain	NA	41.79837	-71.41488	FALSE	FALSE	"Broad Street and Adelaide Ave, Providence, RI, USA"	FALSE	-71.4229955	41.7965181	route	geometric_center	"adelaide ave, providence, ri 02907, usa"	"Broad Street & Adelaide Ave, Providence, RI, USA"	EjBCcm9hZCBTdHJlZXQgJiBBZGVsYWlkZSBBdmUsIFByb3ZpZGVuY2UsIFJJLCBVU0EiZiJkChQKEgmHmKxWiE_kiRHEyK6zP1G3PRIUChIJh5isVohP5IkRxMiusz9Rtz0aFAoSCYPefdWMT-SJESyiypOYSwijGhQKEgn7ze1zhE_kiRG6QeI0WTshsiIKDUkA6hgV2dxu1Q	41.7988681	-71.4154791	41.7988681	-71.4154791	Med	74.47405982
764	2020-03-09	815171	13:28:00	Pedestrian	1	NA	FALSE	FALSE	1	ROGER WILLIAMS CT	ELMWOOD AVE	3/9/20	"Two-Way, Divided, Positive Median Barrier"	Dry	Daylight	Clear	Not a Collision Between Two Motor Vehicles in Transport	No	No Controls	2	1	Non-Incapacitating	NA	41.78912	-71.42138	FALSE	FALSE	"Roger Williams Ct and Elmwood Ave, Providence, RI, USA"	FALSE	-71.4213539	41.7891335	intersection	geometric_center	"roger williams ct & elmwood ave, providence, ri 02904, usa"	NA	NA	NA	NA	41.7891335	-71.4213539	Med High	2.636534266
765	2020-03-09	815181	14:41:00	Bicycle	NA	1	FALSE	FALSE	1	FOUNTAIN ST	DORRANCE ST	3/9/20	One-Way Trafficway	Dry	Daylight	Clear	Not a Collision Between Two Motor Vehicles in Transport	No	Traffic Control Signal	3	1	Complains Of Pain	NA	41.82482	-71.41422	FALSE	FALSE	"Fountain Street and Dorrance Street, Providence, RI, USA"	FALSE	-71.4146249	41.8249124	intersection	geometric_center	"fountain st & dorrance st, providence, ri 02903, usa"	NA	NA	NA	NA	41.8249124	-71.4146249	Med High	35.12767373
766	2020-03-09	815196	17:02:00	Pedestrian	1	NA	FALSE	FALSE	1	ACADEMY AVENUE	ARMINGTON AVE	3/9/20	"Two-Way, Divided, Unprotected (painted>4feet) Medium"	Dry	Daylight	Clear	Not a Collision Between Two Motor Vehicles in Transport	No	No Controls	3	1	Complains Of Pain	NA	41.8274	-71.44374	FALSE	FALSE	"Academy Avenue and Armington Ave, Providence, RI, USA"	FALSE	-71.4437257	41.8272559	intersection	geometric_center	"academy ave & armington ave, providence, ri 02908, usa"	NA	NA	NA	NA	41.8272559	-71.4437257	Med High	16.08493655
762	2020-03-10	815226	10:15:00	Pedestrian	1	NA	FALSE	FALSE	1	WASHINGTON ST	SERVICE ROAD 8	3/10/20	"Two-Way , Not Divided"	Dry	Daylight	Clear	Angle (Front - to - Side) Right Angle (Includes Broadside)	No	No Controls	2	1	Complains Of Pain	NA	41.82021	-71.41885	FALSE	FALSE	"Washington Street and Service Road 8, Providence, RI, USA"	FALSE	-71.391257	41.7939064	street_address	range_interpolated	"8 service rd, providence, ri 02905, usa"	NA	NA	NA	NA	41.7939064	-71.391257	Med High	3716.983824
763	2020-03-10	815261	20:12:00	Pedestrian	1	NA	FALSE	FALSE	1	PITMAN ST	BUTLER AVE	3/10/20	"Two-Way , Not Divided"	Dry	Dark - Lighted	Cloudy	Not a Collision Between Two Motor Vehicles in Transport	No	Pavement Markings	5	1	Fatal	NA	41.8268	-71.38713	FALSE	FALSE	"Pitman Street and Butler Ave, Providence, RI, USA"	FALSE	-71.3859622	41.8268029	intersection	geometric_center	"butler ave & pitman st, providence, ri 02906, usa"	NA	NA	NA	NA	41.8268029	-71.3859622	Med High	96.87105639
761	2020-03-11	815306	14:42:00	Pedestrian	1	NA	FALSE	FALSE	1	BRANCH AVE	VANDEWATER ST	3/11/20	"Two-Way, Divided, Unprotected (painted>4feet) Medium"	Dry	Daylight	Clear	Other	"Yes, M/V and Driver Left Scene"	No Controls	1	1	Complains Of Pain	NA	41.85364	-71.42871	FALSE	FALSE	"Branch Ave and Vandewater Street, Providence, RI, USA"	FALSE	-71.428823	41.8536926	intersection	geometric_center	"vandewater st & branch ave, providence, ri 02904, usa"	NA	NA	NA	NA	41.8536926	-71.428823	Med High	11.04873092
760	2020-03-12	815401	16:39:00	Pedestrian	1	NA	FALSE	FALSE	1	MANTON AVE	POPE ST	3/12/20	"Two-Way , Not Divided"	Dry	Daylight	Clear	Not a Collision Between Two Motor Vehicles in Transport	"Yes, M/V and Driver Left Scene"	No Controls	1	1	Complains Of Pain	NA	41.82186	-71.44906	FALSE	FALSE	"Manton Ave and Pope Street, Providence, RI, USA"	FALSE	-71.4490548	41.8218793	intersection	geometric_center	"pope st & manton ave, providence, ri 02909, usa"	NA	NA	NA	NA	41.8218793	-71.4490548	Med High	2.191345602
759	2020-03-13	815433	7:05:00	Pedestrian	1	NA	FALSE	FALSE	1	STEUBEN ST	ATWELLS AVE	3/13/20	"Two-Way , Not Divided"	Wet	Daylight	Rain	Not a Collision Between Two Motor Vehicles in Transport	No	Pavement Markings	5	1	Complains Of Pain	NA	41.82504	-71.44935	FALSE	FALSE	"Steuben Street and Atwells Ave, Providence, RI, USA"	FALSE	-71.4493409	41.8251	intersection	geometric_center	"atwells ave & steuben st, providence, ri 02909, usa"	NA	NA	NA	NA	41.8251	-71.4493409	Med High	6.721692053
758	2020-03-14	815555	21:11:00	Bicycle	NA	1	FALSE	FALSE	1	MEMORIAL BLVD	FRANCIS ST	3/14/20	"Two-Way, Divided, Positive Median Barrier"	Dry	Dark - Lighted	Clear	Not a Collision Between Two Motor Vehicles in Transport	No	Traffic Control Signal	3	1	Complains Of Pain	NA	41.8259	-71.41535	FALSE	FALSE	"Memorial Blvd and Francis Street, Providence, RI, USA"	FALSE	-71.4153098	41.8257791	intersection	geometric_center	"memorial blvd & francis st, providence, ri 02903, usa"	NA	NA	NA	NA	41.8257791	-71.4153098	Med High	13.86550052
756	2020-03-16	815612	4:18:00	Pedestrian	1	NA	FALSE	FALSE	1	EAST DR	MIDDLE DR	3/16/20	"Two-Way , Not Divided"	Dry	Dark - Lighted	Clear	Not a Collision Between Two Motor Vehicles in Transport	"Yes, M/V and Driver Left Scene"	No Controls	2	1	Non-Incapacitating	NA	41.85234	-71.44313	FALSE	FALSE	"East Dr and Middle Dr, Providence, RI, USA"	FALSE	-71.4440701	41.8520336	route	geometric_center	"middle dr, providence, ri 02904, usa"	"East Dr & Middle Dr, Providence, RI, USA"	EihFYXN0IERyICYgTWlkZGxlIERyLCBQcm92aWRlbmNlLCBSSSwgVVNBImYiZAoUChIJAQL6sU9E5IkRgQsf-EsGNjkSFAoSCQEC-rFPROSJEYELH_hLBjY5GhQKEgmJxzSVT0TkiRFgmvRwcw2djhoUChIJ0YzPvE9E5IkRJiPGWOjsb_8iCg3XD_IYFRWDatU	41.8516951	-71.4439915	41.8516951	-71.4439915	Med	101.2752025
757	2020-03-16	815629	8:06:00	Bicycle	NA	1	FALSE	FALSE	1	Manton Avenue	Chaffee Street	3/16/20	"Two-Way, Divided, Unprotected (painted>4feet) Medium"	Dry	Daylight	Clear	Not a Collision Between Two Motor Vehicles in Transport	No	Pavement Markings	3	1	Incapacitating	1	NA	NA	FALSE	FALSE	"Manton Avenue and Chaffee Street, Providence, RI, USA"	FALSE	-71.4456512	41.8187415	intersection	geometric_center	"chaffee st & manton ave, providence, ri 02909, usa"	NA	NA	NA	NA	41.8187415	-71.4456512	Med High	NA
755	2020-03-19	815736	18:08:00	Pedestrian	2	NA	FALSE	FALSE	1	MANTON AVE	SHERIDAN ST	3/19/20	"Two-Way , Not Divided"	Wet	Daylight	Cloudy	Not a Collision Between Two Motor Vehicles in Transport	No	No Controls	5	2	Non-Incapacitating	NA	41.8237	-71.45158	FALSE	FALSE	"Manton Ave and Sheridan Street, Providence, RI, USA"	FALSE	-71.4514967	41.8236497	intersection	geometric_center	"sheridan st & manton ave, providence, ri 02909, usa"	NA	NA	NA	NA	41.8236497	-71.4514967	Med High	8.894016921
753	2020-03-20	815744	6:02:00	Pedestrian	1	NA	FALSE	FALSE	1	N. Main Street	Eight Street	3/20/20	"Two-Way, Divided, Positive Median Barrier"	Dry	Dawn	Clear	Not a Collision Between Two Motor Vehicles in Transport	No	No Controls	2	1	Complains Of Pain	2	NA	NA	FALSE	FALSE	"N. Main Street and Eight Street, Providence, RI, USA"	FALSE	-71.4128343	41.8239891	locality	approximate	"providence, ri, usa"	NA	NA	NA	NA	41.8239891	-71.4128343	Med	NA
754	2020-03-20	815752	15:07:00	Pedestrian	1	NA	FALSE	FALSE	1	BROAD STREET	MARLBOROUGH AVE	3/20/20	"Two-Way , Not Divided"	Dry	Daylight	Clear	Not a Collision Between Two Motor Vehicles in Transport	No	No Controls	3	1	Complains Of Pain	NA	41.80572	-71.41978	FALSE	FALSE	"Broad Street and Marlborough Ave, Providence, RI, USA"	FALSE	-71.4189611	41.8059292	route	geometric_center	"marlborough ave, providence, ri 02907, usa"	"Broad Street & Marlborough Ave, Providence, RI, USA"	EjNCcm9hZCBTdHJlZXQgJiBNYXJsYm9yb3VnaCBBdmUsIFByb3ZpZGVuY2UsIFJJLCBVU0EiZiJkChQKEglR7-KWfEXkiRFBJfKWuTXvyRIUChIJUe_ilnxF5IkRQSXylrk178kaFAoSCYPefdWMT-SJESyiypOYSwijGhQKEgk1YTGvfEXkiRE3Z9YAHJc_VyIKDbkM6xgVnjRu1Q	41.8057401	-71.4197858	41.8057401	-71.4197858	Med	2.288696147
752	2020-03-24	815849	17:12:00	Pedestrian	1	NA	FALSE	FALSE	1	POCASSET AVE	MERCY ST	3/24/20	"Two-Way , Not Divided"	Dry	Daylight	Cloudy	Not a Collision Between Two Motor Vehicles in Transport	"Yes, M/V and Driver Left Scene"	No Controls	2	1	Complains Of Pain	NA	41.80862	-71.45557	FALSE	FALSE	"Pocasset Ave and Mercy Street, Providence, RI, USA"	FALSE	-71.455635	41.808529	intersection	geometric_center	"mercy st & pocasset ave, providence, ri 02909, usa"	NA	NA	NA	NA	41.808529	-71.455635	Med High	11.47635913
751	2020-03-28	815897	11:51:00	Bicycle	NA	1	FALSE	FALSE	1	POCASSET AVE	LAUREL HILL AVE	3/28/20	"Two-Way, Divided, Unprotected (painted>4feet) Medium"	Dry	Daylight	Clear	Angle (Front - to - Side) Right Angle (Includes Broadside)	No	Traffic Control Signal	2	0	No Injury	NA	41.81072	-71.4541	FALSE	FALSE	"Pocasset Ave and Laurel Hill Ave, Providence, RI, USA"	FALSE	-71.454084	41.8107702	intersection	geometric_center	"pocasset ave & laurel hill ave, providence, ri 02909, usa"	NA	NA	NA	NA	41.8107702	-71.454084	Med High	5.743762449
750	2020-04-02	815989	17:06:00	Pedestrian	1	NA	FALSE	FALSE	1	ATWELLS AVE	BRADFORD ST	4/2/20	"Two-Way , Not Divided"	Dry	Daylight	Cloudy	Not a Collision Between Two Motor Vehicles in Transport	No	Pavement Markings	3	1	Complains Of Pain	NA	41.82323	-71.42183	FALSE	FALSE	"Atwells Ave and Bradford Street, Providence, RI, USA"	FALSE	-71.4217897	41.8232404	intersection	geometric_center	"atwells ave & bradford st, providence, ri 02903, usa"	NA	NA	NA	NA	41.8232404	-71.4217897	Med High	3.537908284
749	2020-04-03	816018	20:30:00	Pedestrian	1	NA	FALSE	FALSE	1	GLENBRIDGE AVE	LARK ST	4/3/20	"Two-Way , Not Divided"	Wet	Dark - Lighted	Rain	Not a Collision Between Two Motor Vehicles in Transport	No	No Controls	2	1	Complains Of Pain	NA	41.82556	-71.45854	FALSE	FALSE	"Glenbridge Ave and Lark Street, Providence, RI, USA"	FALSE	-71.4586329	41.8254563	intersection	geometric_center	"glenbridge ave & lark st, providence, ri 02909, usa"	NA	NA	NA	NA	41.8254563	-71.4586329	Med High	13.879754
748	2020-04-06	816048	20:10:00	Bicycle	NA	1	FALSE	FALSE	1	PLAINFIELD ST EXIT	PLAINFIELD ST	4/6/20	"Two-Way , Not Divided"	Dry	Dark - Lighted	Clear	Not a Collision Between Two Motor Vehicles in Transport	No	Pavement Markings	3	1	Complains Of Pain	NA	41.81539	-71.44587	FALSE	FALSE	"Plainfield Street Exit and Plainfield Street, Providence, RI, USA"	FALSE	-71.4643452	41.8067161	route	geometric_center	"plainfield st, rhode island, usa"	NA	NA	NA	NA	41.8067161	-71.4643452	Med	1811.676822
747	2020-04-07	816052	11:32:00	Pedestrian	1	NA	FALSE	FALSE	1	110 LOCKWOOD ST	NA	4/7/20	Unknown	Dry	Daylight	Clear	Not a Collision Between Two Motor Vehicles in Transport	No	No Controls	4	1	Complains Of Pain	NA	NA	NA	TRUE	TRUE	"110 Lockwood Street, Providence, RI, USA"	FALSE	-71.4100376	41.8113647	premise	rooftop	"110 lockwood st, providence, ri 02903, usa"	NA	NA	NA	NA	41.8113647	-71.4100376	High	NA