row_number	crash_date	crash_report_id	crash_time	collision_type	count_pedestrian	count_bicycle	scooter	wheel_chair	number_of_vehicles	street_or_highway	nearest_intersection	report_date	type_of_roadway	road_surface_condition	light_condition	weather_condition	manner_of_impact	hit_and_run	traffic_control	person_count	injury_count	most_serious_injury	number_of_lanes	lat_raw	lon_raw	has_st_number	is_intersection_null	address_sent_to_geocoder	is_address_blank	lon_api_first_try	lat_api_first_try	type	loctype	address_returned_by_geocoder	address_returned_by_autocomplete	place_ids_autocompleted	lat_api_second_try	lon_api_second_try	lat_api_best	lon_api_best	api_coord_conf	distance_btwn_coords_meters
746	2020-04-08	816135	1:26:00	Pedestrian	1	NA	FALSE	FALSE	1	ATLANTIC AVE	Broad Street	4/10/20	"Two-Way , Not Divided"	Dry	Dark - Lighted	Clear	Not a Collision Between Two Motor Vehicles in Transport	"Yes, M/V and Driver Left Scene"	No Controls	1	1	Complains Of Pain	NA	41.79934	-71.41632	FALSE	FALSE	"Atlantic Ave and Broad Street, Providence, RI, USA"	FALSE	-71.4161381	41.7994012	intersection	geometric_center	"atlantic ave & broad st, providence, ri 02907, usa"	NA	NA	NA	NA	41.7994012	-71.4161381	Med High	16.56145468
745	2020-04-10	816124	7:30:00	Bicycle	NA	1	FALSE	FALSE	1	ORMS ST	SMITH ST	4/10/20	"Two-Way, Divided, Positive Median Barrier"	Dry	Daylight	Clear	Not a Collision Between Two Motor Vehicles in Transport	No	Traffic Control Signal	2	0	No Injury	NA	41.83377	-71.42198	FALSE	FALSE	"Orms Street and Smith Street, Providence, RI, USA"	FALSE	-71.4219437	41.8337775	intersection	geometric_center	"orms st & smith st, providence, ri 02904, usa"	NA	NA	NA	NA	41.8337775	-71.4219437	Med High	3.124418663
744	2020-04-11	816148	13:06:00	Bicycle	NA	1	FALSE	FALSE	1	NORTH MAIN ST	WHITE ST	4/11/20	"Two-Way , Not Divided"	Dry	Daylight	Clear	Not a Collision Between Two Motor Vehicles in Transport	No	Traffic Control Signal	4	1	Complains Of Pain	NA	41.85548	-71.40015	FALSE	FALSE	"North Main Street and White Street, Providence, RI, USA"	FALSE	-71.4001394	41.855496	route	geometric_center	"white st, providence, ri, usa"	"North Main Street & White Street, Providence, RI, USA"	EjVOb3J0aCBNYWluIFN0cmVldCAmIFdoaXRlIFN0cmVldCwgUHJvdmlkZW5jZSwgUkksIFVTQSJmImQKFAoSCVsuhlLHROSJEWBPecKyaCOiEhQKEglbLoZSx0TkiRFgT3nCsmgjohoUChIJ-fpBPd5E5IkRX9etvg1cIz8aFAoSCR1ItAS7ROSJEWP65zKBtMXWIgoNUKTyGBUONHHV	41.855496	-71.4001394	41.855496	-71.4001394	Med	1.986153658
743	2020-04-13	816204	14:10:00	Bicycle	NA	1	FALSE	FALSE	1	WESTMINSTER ST	BOUGH ST	4/14/20	"Two-Way, Divided, Positive Median Barrier"	Dry	Daylight	Rain	Head-On (Front - to - Front)	"Yes, M/V and Driver Left Scene"	No Controls	2	1	Complains Of Pain	NA	41.81656	-71.44159	FALSE	FALSE	"Westminster Street and Bough Street, Providence, RI, USA"	FALSE	-71.4418328	41.816627	intersection	geometric_center	"bough st & westminster st, providence, ri 02909, usa"	NA	NA	NA	NA	41.816627	-71.4418328	Med High	21.48022061
742	2020-04-14	816215	21:17:00	Pedestrian	1	NA	FALSE	FALSE	1	CRANSTON STREET	HANOVER ST	4/14/20	"Two-Way , Not Divided"	Dry	Dark - Lighted	Clear	Not a Collision Between Two Motor Vehicles in Transport	"Yes, M/V and Driver Left Scene"	No Controls	1	1	Non-Incapacitating	NA	41.80933	-71.43368	FALSE	FALSE	"Cranston Street and Hanover Street, Providence, RI, USA"	FALSE	-71.4335598	41.809491	intersection	geometric_center	"cranston st & hanover st, providence, ri 02907, usa"	NA	NA	NA	NA	41.809491	-71.4335598	Med High	20.51057178
741	2020-04-18	816246	9:59:00	Pedestrian	1	NA	FALSE	FALSE	1	NORTH MAIN ST	RANDALL ST	4/18/20	"Two-Way, Divided, Positive Median Barrier"	Wet	Daylight	Snow	Not a Collision Between Two Motor Vehicles in Transport	No	Pavement Markings	2	1	Complains Of Pain	NA	41.83666	-71.40959	FALSE	FALSE	"North Main Street and Randall Street, Providence, RI, USA"	FALSE	-71.4107138	41.837311	route	geometric_center	"randall st, providence, ri, usa"	"North Main Street & Randall Street, Providence, RI, USA"	EjdOb3J0aCBNYWluIFN0cmVldCAmIFJhbmRhbGwgU3RyZWV0LCBQcm92aWRlbmNlLCBSSSwgVVNBImYiZAoUChIJDY71Lh5F5IkRRD0q_3pm2QwSFAoSCQ2O9S4eReSJEUQ9Kv96ZtkMGhQKEgn5-kE93kTkiRFf162-DVwjPxoUChIJl4Ahbx5F5IkRBUfDXuGiS6oiCg2M9-8YFVXBb9U	41.837966	-71.4096299	41.837966	-71.4096299	Med	145.4209122
740	2020-04-21	816329	17:00:00	Pedestrian	1	NA	FALSE	FALSE	1	broad street	SACKETT ST	4/21/20	"Two-Way , Not Divided"	Wet	Daylight	Rain	Not a Collision Between Two Motor Vehicles in Transport	"Yes, M/V and Driver Left Scene"	No Controls	1	1	Complains Of Pain	NA	41.79614	-71.4121	FALSE	FALSE	"Broad Street and Sackett Street, Providence, RI, USA"	FALSE	-71.4183646	41.7942259	route	geometric_center	"sackett st, providence, ri, usa"	"Broad Street & Sackett Street, Providence, RI, USA"	EjJCcm9hZCBTdHJlZXQgJiBTYWNrZXR0IFN0cmVldCwgUHJvdmlkZW5jZSwgUkksIFVTQSJmImQKFAoSCWd7_VeJT-SJEYpZL4NwfcCcEhQKEglne_1XiU_kiRGKWS-DcH3AnBoUChIJg9591YxP5IkRLKLKk5hLCKMaFAoSCZdEqH6PT-SJEbKg-cvhkLFFIgoNIJfpGBXOX2_V	41.796176	-71.4121266	41.796176	-71.4121266	Med	4.575302344
738	2020-04-25	816558	0:21:00	Pedestrian	1	NA	FALSE	FALSE	1	BROAD ST	BROAD ST	4/25/20	"Two-Way , Not Divided"	Dry	Dark - Lighted	Clear	Not a Collision Between Two Motor Vehicles in Transport	"Yes, M/V and Driver Left Scene"	No Controls	1	0	No Injury	NA	41.81606	-71.41988	FALSE	FALSE	"Broad Street and Broad Street, Providence, RI, USA"	FALSE	-71.4101636	41.7945838	route	geometric_center	"broad st, providence, ri, usa"	NA	NA	NA	NA	41.7945838	-71.4101636	Med	2523.012651
739	2020-04-25	817611	20:38:00	Pedestrian	1	NA	FALSE	FALSE	1	ELMWOOD AVENUE	PARKIS AVE	4/25/20	"Two-Way , Not Divided"	Dry	Dark - Lighted	Clear	Not a Collision Between Two Motor Vehicles in Transport	No	No Controls	2	1	Incapacitating	NA	41.80892	-71.42459	FALSE	FALSE	"Elmwood Avenue and Parkis Ave, Providence, RI, USA"	FALSE	-71.4245337	41.809159	intersection	geometric_center	"elmwood ave & parkis ave, providence, ri 02907, usa"	NA	NA	NA	NA	41.809159	-71.4245337	Med High	27.01235949
737	2020-05-01	817956	8:33:00	Pedestrian	2	NA	FALSE	FALSE	1	CAMP ST	DOYLE AVE	5/1/20	"Two-Way , Not Divided"	Wet	Daylight	"Sleet, Hail (Freezing Rain or Drizzle)"	Not a Collision Between Two Motor Vehicles in Transport	"Yes, Driver Left Scene"	Stop Signs	8	2	Incapacitating	NA	41.8388	-71.40419	FALSE	FALSE	"Camp Street and Doyle Ave, Providence, RI, USA"	FALSE	-71.4041847	41.838804	intersection	geometric_center	"camp st & doyle ave, providence, ri 02906, usa"	NA	NA	NA	NA	41.838804	-71.4041847	Med High	0.625687586
735	2020-05-03	818021	13:17:00	Pedestrian	1	NA	FALSE	FALSE	1	PRESIDENT AVE	ELMGROVE AVE	5/3/20	"Two-Way , Not Divided"	Dry	Daylight	Clear	Not a Collision Between Two Motor Vehicles in Transport	No	Stop Signs	2	1	Complains Of Pain	NA	41.83523	-71.39117	FALSE	FALSE	"President Ave and Elmgrove Ave, Providence, RI, USA"	FALSE	-71.3911653	41.8352386	intersection	geometric_center	"president ave & elmgrove ave, providence, ri 02906, usa"	NA	NA	NA	NA	41.8352386	-71.3911653	Med High	1.0336701
736	2020-05-03	818037	21:15:00	Pedestrian	1	NA	FALSE	FALSE	1	CRANSTON ST	BRIDGHAM ST	5/3/20	"Two-Way , Not Divided"	Dry	Dark - Lighted	Clear	Not a Collision Between Two Motor Vehicles in Transport	"Yes, M/V and Driver Left Scene"	Traffic Control Signal	3	1	Incapacitating	NA	41.81396	-71.42694	FALSE	FALSE	"Cranston Street and Bridgham Street, Providence, RI, USA"	FALSE	-71.426947	41.8139796	intersection	geometric_center	"cranston st & bridgham st, providence, ri 02907, usa"	NA	NA	NA	NA	41.8139796	-71.426947	Med High	2.257835677
734	2020-05-05	818165	13:46:00	Pedestrian	1	NA	FALSE	FALSE	1	REGENT AVE	ACADEMY AVE	5/5/20	"Two-Way , Not Divided"	Dry	Daylight	Clear	Not a Collision Between Two Motor Vehicles in Transport	No	No Controls	2	1	Complains Of Pain	NA	41.82929	-71.44397	FALSE	FALSE	"Regent Ave and Academy Ave, Providence, RI, USA"	FALSE	-71.4440371	41.8292677	intersection	geometric_center	"academy ave & regent ave, providence, ri 02908, usa"	NA	NA	NA	NA	41.8292677	-71.4440371	Med High	6.094320555
733	2020-05-13	818498	8:58:00	Pedestrian	1	NA	FALSE	FALSE	1	460 SMITH ST	CHALKSTONE AVE	5/13/20	"Two-Way, Divided, Unprotected (painted>4feet) Medium"	Dry	Daylight	Clear	Not a Collision Between Two Motor Vehicles in Transport	"Yes, M/V and Driver Left Scene"	No Controls	3	1	Non-Incapacitating	NA	41.83524	-71.42571	TRUE	FALSE	"460 Smith Street, Providence, RI, USA"	FALSE	-71.4264456	41.8352609	premise	rooftop	"460 smith st, providence, ri 02908, usa"	NA	NA	NA	NA	41.8352609	-71.4264456	High	61.05526127
732	2020-05-17	818685	14:00:00	Bicycle	NA	1	FALSE	FALSE	2	CAROLINA AVE	VIRGINIA AVE	5/17/20	"Two-Way , Not Divided"	Dry	Daylight	Clear	Angle (Front - to - Side) Right Angle (Includes Broadside)	No	No Controls	4	3	Complains Of Pain	NA	41.79101	-71.39991	FALSE	FALSE	"Carolina Ave and Virginia Ave, Providence, RI, USA"	FALSE	-71.3999138	41.791023	intersection	geometric_center	"carolina ave & virginia ave, providence, ri 02905, usa"	NA	NA	NA	NA	41.791023	-71.3999138	Med High	1.481122686
731	2020-05-24	819160	16:52:00	Bicycle	NA	1	FALSE	FALSE	1	PLAINFIELD ST	GIFFORD ST	5/24/20	"Two-Way , Not Divided"	Dry	Daylight	Clear	Not a Collision Between Two Motor Vehicles in Transport	No	Other	2	1	Complains Of Pain	NA	41.81378	-71.4485	FALSE	FALSE	"Plainfield Street and Gifford Street, Providence, RI, USA"	FALSE	-71.4484882	41.8137972	intersection	geometric_center	"gifford st & plainfield st, providence, ri 02909, usa"	NA	NA	NA	NA	41.8137972	-71.4484882	Med High	2.150475806
730	2020-05-25	819216	16:20:00	Bicycle	NA	1	FALSE	FALSE	1	DOVER ST	PEMBERTON ST	5/25/20	"Two-Way , Not Divided"	Dry	Daylight	Cloudy	Not a Collision Between Two Motor Vehicles in Transport	No	No Controls	2	0	No Injury	NA	41.82991	-71.44564	FALSE	FALSE	"Dover Street and Pemberton Street, Providence, RI, USA"	FALSE	-71.4456418	41.8299356	intersection	geometric_center	"dover st & pemberton st, providence, ri 02908, usa"	NA	NA	NA	NA	41.8299356	-71.4456418	Med High	2.853687464
729	2020-05-26	819314	19:21:00	Pedestrian	1	NA	FALSE	FALSE	1	SMITH ST	RUGGLES ST	5/26/20	"Two-Way , Not Divided"	Dry	Dusk	Clear	Not a Collision Between Two Motor Vehicles in Transport	No	No Controls	5	1	Complains Of Pain	NA	41.83616	-71.42831	FALSE	FALSE	"Smith Street and Ruggles Street, Providence, RI, USA"	FALSE	-71.4282411	41.8361735	intersection	geometric_center	"smith st & ruggles st, providence, ri 02908, usa"	NA	NA	NA	NA	41.8361735	-71.4282411	Med High	5.908810997
728	2020-05-27	819369	16:29:00	Pedestrian	1	NA	FALSE	FALSE	1	CHARLES ST	HAWKINS ST	5/27/20	"Two-Way, Divided, Unprotected (painted>4feet) Medium"	Dry	Daylight	Clear	Not a Collision Between Two Motor Vehicles in Transport	No	No Controls	2	1	Incapacitating	NA	41.8514	-71.42016	FALSE	FALSE	"Charles Street and Hawkins Street, Providence, RI, USA"	FALSE	-71.4232923	41.8502749	route	geometric_center	"hawkins st, providence, ri, usa"	"Charles Street & Hawkins Street, Providence, RI, USA"	EjRDaGFybGVzIFN0cmVldCAmIEhhd2tpbnMgU3RyZWV0LCBQcm92aWRlbmNlLCBSSSwgVVNBImYiZAoUChIJp7zvRPBE5IkRsQR9FhcT41QSFAoSCae870TwROSJEbEEfRYXE-NUGhQKEgl1C85s8UTkiRHLZMsuNVX9MhoUChIJpfJlFfpE5IkRLMzGtaGm9F0iCg3YA_IYFXEmbtU	41.851388	-71.4201487	41.851388	-71.4201487	Med	1.631686674
727	2020-05-28	819423	16:38:00	Bicycle	NA	1	FALSE	FALSE	1	BROOK ST	WILLIAMS ST	5/28/20	"Two-Way , Not Divided"	Dry	Daylight	Cloudy	Angle (Front - to - Side) Right Angle (Includes Broadside)	No	Stop Signs	3	1	Complains Of Pain	2	41.82248	-71.3986	FALSE	FALSE	"Brook Street and Williams Street, Providence, RI, USA"	FALSE	-71.3972807	41.8225518	route	geometric_center	"williams st, providence, ri, usa"	"Brook Street & Williams Street, Providence, RI, USA"	EjNCcm9vayBTdHJlZXQgJiBXaWxsaWFtcyBTdHJlZXQsIFByb3ZpZGVuY2UsIFJJLCBVU0EiZiJkChQKEglDtn3eO0XkiRGjnWxp6ydaBhIUChIJQ7Z93jtF5IkRo51saesnWgYaFAoSCZtmfXI7ReSJEXWGhyEQeABoGhQKEgnPFWYtOkXkiRHW0StZazEqCyIKDeWZ7RgVg3Bx1Q	41.8224613	-71.3985917	41.8224613	-71.3985917	Med	2.192591873
726	2020-05-31	819586	10:48:00	Pedestrian	1	NA	FALSE	FALSE	1	CRANSTON ST	DEXTER ST	5/31/20	"Two-Way , Not Divided"	Dry	Daylight	Clear	Not a Collision Between Two Motor Vehicles in Transport	No	Pavement Markings	2	1	Complains Of Pain	NA	41.81264	-71.42952	FALSE	FALSE	"Cranston Street and Dexter Street, Providence, RI, USA"	FALSE	-71.429588	41.8126029	intersection	geometric_center	"cranston st & dexter st, providence, ri 02907, usa"	NA	NA	NA	NA	41.8126029	-71.429588	Med High	6.991992985
725	2020-06-01	819705	23:30:00	Pedestrian	1	NA	FALSE	FALSE	1	77 Union Ave	SORRENTO ST	6/2/20	"Two-Way , Not Divided"	Dry	Dark - Lighted	Clear	Not a Collision Between Two Motor Vehicles in Transport	No	No Controls	2	1	Incapacitating	NA	41.80984	-71.43621	TRUE	FALSE	"77 Union Ave, Providence, RI, USA"	FALSE	-71.4382136	41.8094521	premise	rooftop	"77 union ave, providence, ri 02909, usa"	NA	NA	NA	NA	41.8094521	-71.4382136	High	171.7621291
724	2020-06-02	819708	21:25:00	Pedestrian	1	NA	FALSE	FALSE	1	EDDY ST	BROOM ST	6/2/20	"Two-Way , Not Divided"	Dry	Dark - Lighted	Clear	Not a Collision Between Two Motor Vehicles in Transport	"Yes, M/V and Driver Left Scene"	No Controls	4	1	Complains Of Pain	NA	41.79061	-71.40323	FALSE	FALSE	"Eddy Street and Broom Street, Providence, RI, USA"	FALSE	-71.4032824	41.7907663	intersection	geometric_center	"eddy st & broom st, providence, ri 02905, usa"	NA	NA	NA	NA	41.7907663	-71.4032824	Med High	17.93455009
722	2020-06-05	819863	14:28:00	Bicycle	NA	1	FALSE	FALSE	1	OPPER STREET	SOCIAL STREET	6/5/20	"Two-Way , Not Divided"	Dry	Daylight	Clear	Angle (Front - to - Side) Right Angle (Includes Broadside)	No	Stop Signs	3	0	No Injury	NA	41.83465	-71.41632	FALSE	FALSE	"Opper Street and Social Street, Providence, RI, USA"	FALSE	-71.4220131	41.8538456	intersection	geometric_center	"opper st & social st, providence, ri 02904, usa"	NA	NA	NA	NA	41.8538456	-71.4220131	Med High	2188.378981
723	2020-06-05	819873	21:00:00	Pedestrian	1	NA	FALSE	FALSE	1	ROCHAMBEAU AVE	HOPE ST	6/5/20	"Two-Way, Not Divided With a Continuous Left Turn Lane"	Wet	Dusk	Clear	Not a Collision Between Two Motor Vehicles in Transport	"Yes, Driver Left Scene"	Traffic Control Signal	2	1	Complains Of Pain	NA	41.84691	-71.39608	FALSE	FALSE	"Rochambeau Ave and Hope Street, Providence, RI, USA"	FALSE	-71.3960532	41.8469319	intersection	geometric_center	"hope st & rochambeau ave, providence, ri 02906, usa"	NA	NA	NA	NA	41.8469319	-71.3960532	Med High	3.298845912
721	2020-06-07	819963	13:12:00	Bicycle	NA	1	FALSE	FALSE	1	BROAD ST	ALDRICH ST	6/7/20	"Two-Way , Not Divided"	Dry	Daylight	Clear	Not a Collision Between Two Motor Vehicles in Transport	No	No Controls	2	0	No Injury	NA	41.79362	-71.40898	FALSE	FALSE	"Broad Street and Aldrich Street, Providence, RI, USA"	FALSE	-71.4071857	41.7945459	route	geometric_center	"aldrich st, providence, ri 02905, usa"	"Broad Street & Aldrich Street, Providence, RI, USA"	EjJCcm9hZCBTdHJlZXQgJiBBbGRyaWNoIFN0cmVldCwgUHJvdmlkZW5jZSwgUkksIFVTQSJmImQKFAoSCelQzPWMT-SJEfEyNbUOAjRxEhQKEgnpUMz1jE_kiRHxMjW1DgI0cRoUChIJg9591YxP5IkRLKLKk5hLCKMaFAoSCTuV4FeLT-SJEfCTNf2eOQHCIgoNmDPpGBXz2m_V	41.793628	-71.4089741	41.793628	-71.4089741	Med	1.016298583
720	2020-06-09	820038	2:25:00	Pedestrian	1	NA	FALSE	FALSE	1	JEWETT ST	CALVERLY ST	6/9/20	"Two-Way , Not Divided"	Dry	Dark - Lighted	Clear	Not a Collision Between Two Motor Vehicles in Transport	"Yes, M/V and Driver Left Scene"	No Controls	2	1	Complains Of Pain	NA	41.83279	-71.4214	FALSE	FALSE	"Jewett Street and Calverly Street, Providence, RI, USA"	FALSE	-71.4209759	41.8326355	intersection	geometric_center	"jewett st & calverly st, providence, ri 02908, usa"	NA	NA	NA	NA	41.8326355	-71.4209759	Med High	39.15583677
719	2020-06-13	820249	17:55:00	Bicycle	NA	1	FALSE	FALSE	1	CHARLES ST	CORLISS ST	6/13/20	One-Way Trafficway	Dry	Daylight	Clear	Not a Collision Between Two Motor Vehicles in Transport	No	No Controls	4	1	Complains Of Pain	NA	41.83867	-71.41526	FALSE	FALSE	"Charles Street and Corliss Street, Providence, RI, USA"	FALSE	-71.4124894	41.8411709	route	geometric_center	"corliss st, providence, ri 02904, usa"	"Charles Street & Corliss Street, Providence, RI, USA"	EjRDaGFybGVzIFN0cmVldCAmIENvcmxpc3MgU3RyZWV0LCBQcm92aWRlbmNlLCBSSSwgVVNBImYiZAoUChIJVVJ5mB1F5IkRpcYG1dpqiVsSFAoSCVVSeZgdReSJEaXGBtXaaolbGhQKEgl1C85s8UTkiRHLZMsuNVX9MhoUChIJMSS4NuJE5IkR9A92oVVA2AUiCg0J_O8YFYsDb9U	41.8380809	-71.4144885	41.8380809	-71.4144885	Med	91.62226865
716	2020-06-17	820509	13:03:00	Pedestrian	1	NA	TRUE	FALSE	1	501 SILVER SPRING STREET	SMITHFIELD AVE	6/17/20	"Two-Way, Divided, Unprotected (painted>4feet) Medium"	Dry	Daylight	Clear	Not a Collision Between Two Motor Vehicles in Transport	No	No Controls	3	1	Complains Of Pain	NA	41.85619	-71.41091	TRUE	FALSE	"501 Silver Spring Street, Providence, RI, USA"	FALSE	-71.4110061	41.8559306	street_address	range_interpolated	"501 silver spring st, providence, ri 02904, usa"	NA	NA	NA	NA	41.8559306	-71.4110061	High	29.95543248
717	2020-06-17	820583	12:23:00	Other	1	NA	TRUE	FALSE	1	1271 Broad St	BROAD ST	6/18/20	"Two-Way , Not Divided"	Dry	Daylight	Clear	Not a Collision Between Two Motor Vehicles in Transport	"Yes, M/V and Driver Left Scene"	No Controls	2	1	Complains Of Pain	NA	41.79195	-71.4069	TRUE	FALSE	"1271 Broad Street, Providence, RI, USA"	FALSE	-71.4071793	41.7917724	premise	rooftop	"1271 broad st, providence, ri 02905, usa"	NA	NA	NA	NA	41.7917724	-71.4071793	High	30.46673904
718	2020-06-17	820596	16:30:00	Bicycle	NA	1	FALSE	FALSE	1	POTTERS AVE	BROAD ST	6/18/20	"Two-Way , Not Divided"	Dry	Daylight	Clear	Not a Collision Between Two Motor Vehicles in Transport	"Yes, M/V and Driver Left Scene"	No Controls	1	1	Complains Of Pain	NA	41.80297	-71.41891	FALSE	FALSE	"Potters Ave and Broad Street, Providence, RI, USA"	FALSE	-71.4189101	41.802993	intersection	geometric_center	"potters ave & broad st, providence, ri 02905, usa"	NA	NA	NA	NA	41.802993	-71.4189101	Med High	2.560361737
715	2020-06-18	820567	3:29:00	Pedestrian	1	NA	FALSE	FALSE	1	SORRENTO ST	WADSWORTH ST	6/18/20	Unknown	Dry	Dark - Lighted	Clear	Not a Collision Between Two Motor Vehicles in Transport	"Yes, M/V and Driver Left Scene"	Unknown	1	1	Non-Incapacitating	NA	41.80679	-71.43831	FALSE	FALSE	"Sorrento Street and Wadsworth Street, Providence, RI, USA"	FALSE	-71.4384539	41.806629	intersection	geometric_center	"sorrento st & wadsworth st, providence, ri 02909, usa"	NA	NA	NA	NA	41.806629	-71.4384539	Med High	21.53573315
714	2020-06-20	820799	18:29:00	Bicycle	NA	1	FALSE	FALSE	1	LLOYD AVE	ELMGROVE AVE	6/20/20	"Two-Way , Not Divided"	Dry	Daylight	Clear	Not a Collision Between Two Motor Vehicles in Transport	No	Stop Signs	6	1	Incapacitating	2	41.83416	-71.3908	FALSE	FALSE	"Lloyd Ave and Elmgrove Ave, Providence, RI, USA"	FALSE	-71.3907943	41.834174	intersection	geometric_center	"lloyd ave & elmgrove ave, providence, ri 02906, usa"	NA	NA	NA	NA	41.834174	-71.3907943	Med High	1.628602847
713	2020-06-24	821099	15:12:00	Pedestrian	1	NA	FALSE	FALSE	1	BORDEN ST	PLAIN ST	6/24/20	"Two-Way , Not Divided"	Dry	Daylight	Clear	Not a Collision Between Two Motor Vehicles in Transport	No	No Controls	2	1	Complains Of Pain	NA	41.81331	-71.412	FALSE	FALSE	"Borden Street and Plain Street, Providence, RI, USA"	FALSE	-71.4122769	41.8132938	intersection	geometric_center	"borden st & plain st, providence, ri 02903, usa"	NA	NA	NA	NA	41.8132938	-71.4122769	Med High	23.04472568
712	2020-06-26	821230	3:09:00	Pedestrian	1	NA	FALSE	FALSE	1	CASS ST	BROAD ST	6/26/20	"Two-Way , Not Divided"	Dry	Dark - Not Lighted	Clear	Not a Collision Between Two Motor Vehicles in Transport	"Yes, M/V and Driver Left Scene"	No Controls	1	1	Incapacitating	NA	41.79331	-71.40795	FALSE	FALSE	"Cass Street and Broad Street, Providence, RI, USA"	FALSE	-71.4083501	41.7931177	intersection	geometric_center	"cass st & broad st, providence, ri 02907, usa"	NA	NA	NA	NA	41.7931177	-71.4083501	Med High	39.50824402
708	2020-06-27	821292	12:09:00	Bicycle	NA	1	FALSE	FALSE	1	Valley Street	Hemlock Street	6/27/20	"Two-Way, Divided, Unprotected (painted>4feet) Medium"	Dry	Daylight	Clear	Not a Collision Between Two Motor Vehicles in Transport	No	Stop Signs	2	0	No Injury	1	NA	NA	FALSE	FALSE	"Valley Street and Hemlock Street, Providence, RI, USA"	FALSE	-71.4304933	41.8304583	intersection	geometric_center	"valley st & hemlock st, providence, ri 02908, usa"	NA	NA	NA	NA	41.8304583	-71.4304933	Med High	NA
709	2020-06-27	821321	15:25:00	Bicycle	NA	1	FALSE	FALSE	1	GALLATIN ST	EMERSON ST	6/27/20	"Two-Way , Not Divided"	Wet	Daylight	Rain	Other	No	No Controls	2	0	No Injury	NA	41.79717	-71.41358	FALSE	FALSE	"Gallatin Street and Emerson Street, Providence, RI, USA"	FALSE	-71.4153701	41.7966497	intersection	geometric_center	"gallatin st & emerson st, providence, ri 02907, usa"	NA	NA	NA	NA	41.7966497	-71.4153701	Med High	159.4517786
710	2020-06-27	821347	23:16:00	Pedestrian	1	NA	FALSE	FALSE	1	315 BROAD STREET	NA	6/28/20	"Two-Way , Not Divided"	Other	Dark - Lighted	Cloudy	Not a Collision Between Two Motor Vehicles in Transport	No	No Controls	3	1	Incapacitating	NA	41.81433	-71.4212	TRUE	TRUE	"315 Broad Street, Providence, RI, USA"	FALSE	-71.4217316	41.8145174	premise	rooftop	"315 broad st, providence, ri 02907, usa"	NA	NA	NA	NA	41.8145174	-71.4217316	High	48.79018095
711	2020-06-27	821352	23:07:00	Pedestrian	1	NA	FALSE	FALSE	1	Webster Ave	Dora Street	6/28/20	"Two-Way , Not Divided"	Wet	Dark - Lighted	Rain	Rear End(Front-to-Rear)	No	No Controls	3	1	Incapacitating	NA	41.8081	-71.44815	FALSE	FALSE	"Webster Ave and Dora Street, Providence, RI, USA"	FALSE	-71.4481401	41.8081004	intersection	geometric_center	"dora st & webster ave, providence, ri 02909, usa"	NA	NA	NA	NA	41.8081004	-71.4481401	Med High	0.822663576
705	2020-06-28	821406	17:33:00	Bicycle	NA	1	FALSE	FALSE	1	COLFAX ST	OCEAN ST	6/28/20	"Two-Way , Not Divided"	Dry	Daylight	Clear	Other	"Yes, M/V and Driver Left Scene"	No Controls	1	0	Unknown	NA	41.80006	-71.40956	FALSE	FALSE	"Colfax Street and Ocean Street, Providence, RI, USA"	FALSE	-71.4093322	41.8001227	intersection	geometric_center	"ocean st & colfax st, providence, ri 02905, usa"	NA	NA	NA	NA	41.8001227	-71.4093322	Med High	20.15154837
706	2020-06-28	821414	21:17:00	Pedestrian	1	NA	FALSE	FALSE	1	FLORA ST	ASHTON ST	6/28/20	"Two-Way , Not Divided"	Wet	Dark - Lighted	Rain	"Sideswipe, Same Direction"	"Yes, M/V and Driver Left Scene"	No Controls	1	1	Complains Of Pain	NA	41.84931	-71.41545	FALSE	FALSE	"Flora Street and Ashton Street, Providence, RI, USA"	FALSE	-71.415474	41.84927	intersection	geometric_center	"flora st & ashton st, providence, ri 02904, usa"	NA	NA	NA	NA	41.84927	-71.415474	Med High	4.877281004
707	2020-06-28	821420	22:56:00	Pedestrian	1	NA	FALSE	FALSE	1	Thayer Street	Bowen Street	6/28/20	One-Way Trafficway	Wet	Dark - Lighted	Clear	Not a Collision Between Two Motor Vehicles in Transport	No	Stop Signs	3	1	Complains Of Pain	NA	41.83084	-71.401	FALSE	FALSE	"Thayer Street and Bowen Street, Providence, RI, USA"	FALSE	-71.4009914	41.8308225	intersection	geometric_center	"thayer st & bowen st, providence, ri 02906, usa"	NA	NA	NA	NA	41.8308225	-71.4009914	Med High	2.074586087
704	2020-07-01	821625	19:30:00	Bicycle	NA	1	FALSE	FALSE	1	ADMIRAL ST	HAWKINS ST	7/1/20	"Two-Way , Not Divided"	Dry	Daylight	Clear	Not a Collision Between Two Motor Vehicles in Transport	No	No Controls	2	1	Complains Of Pain	NA	41.84592	-71.42839	FALSE	FALSE	"Admiral Street and Hawkins Street, Providence, RI, USA"	FALSE	-71.4283351	41.8459297	intersection	geometric_center	"admiral st & hawkins st, providence, ri 02908, usa"	NA	NA	NA	NA	41.8459297	-71.4283351	Med High	4.678966543