row_number	crash_date	crash_report_id	crash_time	collision_type	count_pedestrian	count_bicycle	scooter	wheel_chair	number_of_vehicles	street_or_highway	nearest_intersection	report_date	type_of_roadway	road_surface_condition	light_condition	weather_condition	manner_of_impact	hit_and_run	traffic_control	person_count	injury_count	most_serious_injury	number_of_lanes	lat_raw	lon_raw	has_st_number	is_intersection_null	address_sent_to_geocoder	is_address_blank	lon_api_first_try	lat_api_first_try	type	loctype	address_returned_by_geocoder	address_returned_by_autocomplete	place_ids_autocompleted	lat_api_second_try	lon_api_second_try	lat_api_best	lon_api_best	api_coord_conf	distance_btwn_coords_meters
703	2020-07-05	821951	0:02:00	Pedestrian	1	NA	FALSE	FALSE	1	GROSVENOR AVE	CHALKSTONE AVE	7/5/20	"Two-Way, Divided, Unprotected (painted>4feet) Medium"	Dry	Dark - Lighted	Clear	Not a Collision Between Two Motor Vehicles in Transport	No	No Controls	6	1	Non-Incapacitating	NA	41.83377	-71.43953	FALSE	FALSE	"Grosvenor Ave and Chalkstone Ave, Providence, RI, USA"	FALSE	-71.439537	41.8323976	intersection	geometric_center	"grosvenor ave & chalkstone ave, providence, ri 02908, usa"	NA	NA	NA	NA	41.8323976	-71.439537	Med High	152.7759724
701	2020-07-06	822102	15:03:00	Pedestrian	1	NA	FALSE	FALSE	1	Charles St	W River St	7/6/20	"Two-Way, Divided, Unprotected (painted>4feet) Medium"	Dry	Daylight	Clear	Not a Collision Between Two Motor Vehicles in Transport	No	No Controls	2	1	Complains Of Pain	NA	41.83961	-71.41638	FALSE	FALSE	"Charles Street and W River Street, Providence, RI, USA"	FALSE	-71.4140946	41.8434958	route	geometric_center	"w river st, providence, ri 02904, usa"	"Charles Street & West River Street, Providence, RI, USA"	EjdDaGFybGVzIFN0cmVldCAmIFdlc3QgUml2ZXIgU3RyZWV0LCBQcm92aWRlbmNlLCBSSSwgVVNBImYiZAoUChIJn_PVYR1F5IkRV_lekQ3QEwQSFAoSCZ_z1WEdReSJEVf5XpEN0BMEGhQKEgl1C85s8UTkiRHLZMsuNVX9MhoUChIJgxzLm-NE5IkRpKt9jzlEBwUiCg0jOPAYFZe3btU	41.8396195	-71.4164329	41.8396195	-71.4164329	Med	4.512903626
702	2020-07-06	822165	21:20:00	Pedestrian	1	NA	FALSE	FALSE	1	73 AYRAULT ST	CHALKSTONE AVE	7/6/20	One-Way Trafficway	Dry	Dark - Lighted	Clear	Not a Collision Between Two Motor Vehicles in Transport	"Yes, M/V and Driver Left Scene"	No Controls	2	1	Incapacitating	NA	41.8336	-71.42903	TRUE	FALSE	"73 Ayrault Street, Providence, RI, USA"	FALSE	-71.4288202	41.8335898	street_address	rooftop	"73 ayrault st, providence, ri 02908, usa"	NA	NA	NA	NA	41.8335898	-71.4288202	High	17.4383399
698	2020-07-08	822281	18:19:00	Bicycle	NA	1	FALSE	FALSE	1	ADELAIDE AVE	RESERVOIR AVE	7/8/20	"Two-Way, Divided, Unprotected (painted>4feet) Medium"	Dry	Daylight	Clear	Not a Collision Between Two Motor Vehicles in Transport	No	Traffic Control Signal	4	1	Incapacitating	NA	41.79275	-71.42748	FALSE	FALSE	"Adelaide Ave and Reservoir Ave, Providence, RI, USA"	FALSE	-71.4262013	41.7955254	intersection	geometric_center	"reservoir ave & adelaide ave, providence, ri 02907, usa"	NA	NA	NA	NA	41.7955254	-71.4262013	Med High	326.6744043
699	2020-07-08	822283	17:52:00	Pedestrian	1	NA	FALSE	FALSE	1	31 Croyland Road	POTTERS AVE	7/8/20	"Two-Way , Not Divided"	Dry	Daylight	Clear	Not a Collision Between Two Motor Vehicles in Transport	"Yes, M/V and Driver Left Scene"	No Controls	3	1	Complains Of Pain	NA	41.80342	-71.41471	TRUE	FALSE	"31 Croyland Road, Providence, RI, USA"	FALSE	-71.4146062	41.8028914	street_address	rooftop	"31 croyland rd, providence, ri 02905, usa"	NA	NA	NA	NA	41.8028914	-71.4146062	High	59.47056632
700	2020-07-08	822339	20:56:00	Pedestrian	1	NA	FALSE	FALSE	1	EXCHANGE TER	MEMORIAL BLVD	7/8/20	"Two-Way , Not Divided"	Dry	Dark - Lighted	Clear	Other	No	Traffic Control Signal	2	1	Non-Incapacitating	NA	41.82669	-71.41075	FALSE	FALSE	"Exchange Ter and Memorial Blvd, Providence, RI, USA"	FALSE	-71.4107503	41.8267034	intersection	geometric_center	"exchange terrace & memorial blvd, providence, ri 02903, usa"	NA	NA	NA	NA	41.8267034	-71.4107503	Med High	1.491888742
697	2020-07-09	822390	13:58:00	Pedestrian	1	NA	FALSE	FALSE	1	HOPE ST	4TH ST	7/10/20	"Two-Way , Not Divided"	Dry	Daylight	Clear	Not a Collision Between Two Motor Vehicles in Transport	No	No Controls	4	1	Complains Of Pain	NA	41.84929	-71.39488	FALSE	FALSE	"Hope Street and 4th Street, Providence, RI, USA"	FALSE	-71.3948887	41.8492949	intersection	geometric_center	"hope st & 4th st, providence, ri 02906, usa"	NA	NA	NA	NA	41.8492949	-71.3948887	Med High	0.904424271
696	2020-07-13	822636	13:43:00	Pedestrian	1	NA	FALSE	FALSE	1	GOVERNOR ST	POWER ST	7/13/20	"Two-Way , Not Divided"	Dry	Daylight	Clear	Not a Collision Between Two Motor Vehicles in Transport	No	Other	6	1	Incapacitating	NA	41.82373	-71.39412	FALSE	FALSE	"Governor Street and Power Street, Providence, RI, USA"	FALSE	-71.3941448	41.8235124	intersection	geometric_center	"power st & governor st, providence, ri 02906, usa"	NA	NA	NA	NA	41.8235124	-71.3941448	Med High	24.31032826
695	2020-07-14	822723	13:34:00	Bicycle	NA	1	FALSE	FALSE	1	HARRIS AVE	ACORN ST	7/14/20	"Two-Way , Not Divided"	Dry	Daylight	Clear	Not a Collision Between Two Motor Vehicles in Transport	No	No Controls	3	0	No Injury	NA	41.82636	-71.42768	FALSE	FALSE	"Harris Ave and Acorn Street, Providence, RI, USA"	FALSE	-71.4276993	41.826323	intersection	geometric_center	"acorn st & harris ave, providence, ri 02903, usa"	NA	NA	NA	NA	41.826323	-71.4276993	Med High	4.419026733
693	2020-07-15	822757	11:39:00	Pedestrian	1	NA	FALSE	FALSE	1	ATWELLS AVE	VALLEY ST	7/15/20	"Two-Way , Not Divided"	Dry	Daylight	Clear	Not a Collision Between Two Motor Vehicles in Transport	"Yes, M/V and Driver Left Scene"	No Controls	1	1	Complains Of Pain	NA	41.82456	-71.43948	FALSE	FALSE	"Atwells Ave and Valley Street, Providence, RI, USA"	FALSE	-71.4394736	41.8245768	intersection	geometric_center	"valley st & atwells ave, providence, ri 02908, usa"	NA	NA	NA	NA	41.8245768	-71.4394736	Med High	1.944064888
694	2020-07-15	822802	15:58:00	Bicycle	NA	1	FALSE	FALSE	1	PARKIS AVE	BROAD ST	7/15/20	"Two-Way, Divided, Unprotected (painted>4feet) Medium"	Dry	Daylight	Clear	Not a Collision Between Two Motor Vehicles in Transport	"Yes, M/V and Driver Left Scene"	Traffic Control Signal	1	1	Complains Of Pain	NA	41.80915	-71.42088	FALSE	FALSE	"Parkis Ave and Broad Street, Providence, RI, USA"	FALSE	-71.4208353	41.8091525	intersection	geometric_center	"broad st & parkis ave, providence, ri 02907, usa"	NA	NA	NA	NA	41.8091525	-71.4208353	Med High	3.719371152
691	2020-07-18	823018	1:40:00	Pedestrian	2	NA	FALSE	FALSE	1	BROAD ST	SACKETT ST	7/18/20	"Two-Way , Not Divided"	Dry	Dark - Lighted	Clear	Not a Collision Between Two Motor Vehicles in Transport	"Yes, M/V and Driver Left Scene"	No Controls	2	2	Incapacitating	NA	41.79589	-71.41179	FALSE	FALSE	"Broad Street and Sackett Street, Providence, RI, USA"	FALSE	-71.4183646	41.7942259	route	geometric_center	"sackett st, providence, ri, usa"	"Broad Street & Sackett Street, Providence, RI, USA"	EjJCcm9hZCBTdHJlZXQgJiBTYWNrZXR0IFN0cmVldCwgUHJvdmlkZW5jZSwgUkksIFVTQSJmImQKFAoSCWd7_VeJT-SJEYpZL4NwfcCcEhQKEglne_1XiU_kiRGKWS-DcH3AnBoUChIJg9591YxP5IkRLKLKk5hLCKMaFAoSCZdEqH6PT-SJEbKg-cvhkLFFIgoNIJfpGBXOX2_V	41.796176	-71.4121266	41.796176	-71.4121266	Med	42.3553132
692	2020-07-18	823036	10:43:00	Pedestrian	2	NA	FALSE	FALSE	1	WILLARD AVE	BROAD ST	7/18/20	"Two-Way , Not Divided"	Dry	Daylight	Clear	Not a Collision Between Two Motor Vehicles in Transport	No	No Controls	3	1	Complains Of Pain	NA	41.80717	-71.41967	FALSE	FALSE	"Willard Ave and Broad Street, Providence, RI, USA"	FALSE	-71.4202082	41.8071255	intersection	geometric_center	"willard ave & broad st, providence, ri 02907, usa"	NA	NA	NA	NA	41.8071255	-71.4202082	Med High	44.93199437
690	2020-07-20	827532	14:26:00	Pedestrian	1	NA	FALSE	FALSE	1	UNION AVE	WEBSTER AVE	8/31/20	"Two-Way , Not Divided"	Dry	Daylight	Clear	"Sidwswipe, Opposite Direction"	No	No Controls	2	1	Complains Of Pain	NA	41.80697	-71.44703	FALSE	FALSE	"Union Ave and Webster Ave, Providence, RI, USA"	FALSE	-71.4484433	41.8087282	route	geometric_center	"webster ave, providence, ri, usa"	"Union Ave & Webster Ave, Providence, RI, USA"	EixVbmlvbiBBdmUgJiBXZWJzdGVyIEF2ZSwgUHJvdmlkZW5jZSwgUkksIFVTQSJmImQKFAoSCYGwTPiJReSJEdURK9jB___mEhQKEgmBsEz4iUXkiRHVESvYwf__5hoUChIJI4HrOIpF5IkRntWfMLDFiC8aFAoSCUtPViuKReSJEQVPEPvUiEI-IgoNUDfrGBUa-GnV	41.8068304	-71.4475494	41.8068304	-71.4475494	Med	45.81441436
688	2020-07-21	823236	15:33:00	Bicycle	NA	1	FALSE	FALSE	1	CHARLES ST	CANAL ST	7/21/20	"Two-Way , Not Divided"	Dry	Daylight	Clear	Not a Collision Between Two Motor Vehicles in Transport	No	No Controls	3	1	Complains Of Pain	NA	41.83329	-71.41136	FALSE	FALSE	"Charles Street and Canal Street, Providence, RI, USA"	FALSE	-71.4110637	41.8300387	route	geometric_center	"canal st, providence, ri, usa"	NA	NA	NA	NA	41.8300387	-71.4110637	Med	362.7665221
689	2020-07-21	823312	20:12:00	Pedestrian	1	NA	FALSE	FALSE	1	DOUGLAS AVE	WHIPPLE ST	7/22/20	"Two-Way , Not Divided"	Dry	Dark - Lighted	Clear	Not a Collision Between Two Motor Vehicles in Transport	"Yes, M/V and Driver Left Scene"	No Controls	1	1	Complains Of Pain	NA	41.83686	-71.42156	FALSE	FALSE	"Douglas Ave and Whipple Street, Providence, RI, USA"	FALSE	-71.4215517	41.8368745	intersection	geometric_center	"whipple st & douglas ave, providence, ri 02908, usa"	NA	NA	NA	NA	41.8368745	-71.4215517	Med High	1.754793834
687	2020-07-22	823326	16:03:00	Pedestrian	1	NA	FALSE	FALSE	1	BODELL AVE	WHELAN RD	7/22/20	Unknown	Dry	Daylight	Clear	"Sidwswipe, Opposite Direction"	No	No Controls	4	1	Complains Of Pain	NA	41.81789	-71.45408	FALSE	FALSE	"Bodell Ave and Whelan Rd, Providence, RI, USA"	FALSE	-71.454308	41.818283	intersection	geometric_center	"bodell ave & whelan rd, providence, ri 02909, usa"	NA	NA	NA	NA	41.818283	-71.454308	Med High	47.66268406
686	2020-07-24	823463	16:56:00	Bicycle	NA	1	FALSE	FALSE	1	VALLEY ST	RIVER AVE	7/24/20	"Two-Way , Not Divided"	Dry	Daylight	Clear	Not a Collision Between Two Motor Vehicles in Transport	No	Traffic Control Signal	4	1	Complains Of Pain	NA	41.82796	-71.43516	FALSE	FALSE	"Valley Street and River Ave, Providence, RI, USA"	FALSE	-71.435152	41.827984	intersection	geometric_center	"valley st & river ave, providence, ri 02908, usa"	NA	NA	NA	NA	41.827984	-71.435152	Med High	2.752847851
685	2020-07-25	823477	0:05:00	Bicycle	NA	1	FALSE	FALSE	1	CRANSTON ST	ALTHEA ST	7/25/20	"Two-Way , Not Divided"	Dry	Dark - Lighted	Clear	Not a Collision Between Two Motor Vehicles in Transport	No	No Controls	2	1	Complains Of Pain	NA	41.80773	-71.43508	FALSE	FALSE	"Cranston Street and Althea Street, Providence, RI, USA"	FALSE	-71.4350772	41.807752	intersection	geometric_center	"althea st & cranston st, providence, ri 02907, usa"	NA	NA	NA	NA	41.807752	-71.4350772	Med High	2.460024504
684	2020-07-26	823580	19:24:00	Bicycle	NA	1	FALSE	FALSE	1	PLAINFIELD ST	LABAN ST	7/26/20	"Two-Way , Not Divided"	Dry	Dusk	Clear	Not a Collision Between Two Motor Vehicles in Transport	No	No Controls	3	0	No Injury	NA	41.81501	-71.44633	FALSE	FALSE	"Plainfield Street and Laban Street, Providence, RI, USA"	FALSE	-71.446362	41.8150582	intersection	geometric_center	"laban st & plainfield st, providence, ri 02909, usa"	NA	NA	NA	NA	41.8150582	-71.446362	Med High	5.986510373
683	2020-07-30	823950	12:08:00	Pedestrian	1	NA	FALSE	FALSE	1	343 BROAD ST	343 BROAD ST	7/30/20	"Two-Way, Divided, Unprotected (painted>4feet) Medium"	Dry	Daylight	Cloudy	Not a Collision Between Two Motor Vehicles in Transport	"Yes, M/V and Driver Left Scene"	No Controls	1	1	Complains Of Pain	NA	41.81415	-71.4213	TRUE	FALSE	"343 Broad Street, Providence, RI, USA"	FALSE	-71.4221475	41.813852	premise	rooftop	"343 broad st, providence, ri 02907, usa"	NA	NA	NA	NA	41.813852	-71.4221475	High	77.74766557
681	2020-07-31	824083	18:36:00	Pedestrian	1	NA	FALSE	FALSE	1	61 AMERICA ST	FEDERAL ST	7/31/20	One-Way Trafficway	Dry	Daylight	Clear	Not a Collision Between Two Motor Vehicles in Transport	No	Traffic Control Signal	3	1	Complains Of Pain	NA	41.82203	-71.42738	TRUE	FALSE	"61 America Street, Providence, RI, USA"	FALSE	-71.4275765	41.8218992	premise	rooftop	"61 america st, providence, ri 02903, usa"	NA	NA	NA	NA	41.8218992	-71.4275765	High	21.85723195
682	2020-07-31	824041	12:49:00	Bicycle	NA	1	FALSE	FALSE	1	DOUGLAS AVENUE	ADMIRAL STREET	7/31/20	"Two-Way , Not Divided"	Dry	Daylight	Clear	Angle (Front - to - Side) Right Angle (Includes Broadside)	No	Traffic Control Signal	2	1	Complains Of Pain	NA	41.84605	-71.429	FALSE	FALSE	"Douglas Avenue and Admiral Street, Providence, RI, USA"	FALSE	-71.4289636	41.8460618	intersection	geometric_center	"admiral st & douglas ave, providence, ri 02908, usa"	NA	NA	NA	NA	41.8460618	-71.4289636	Med High	3.291947996
680	2020-08-02	824206	12:28:00	Other	NA	1	TRUE	FALSE	1	DOYLE AVE	N MAIN ST	8/2/20	"Two-Way , Not Divided"	Dry	Daylight	Clear	Not a Collision Between Two Motor Vehicles in Transport	No	No Controls	3	1	Complains Of Pain	NA	41.83835	-71.40896	FALSE	FALSE	"Doyle Ave and N Main Street, Providence, RI, USA"	FALSE	-71.3702575	41.8264716	establishment	rooftop	"105 wilmarth ave, east providence, ri 02914, usa"	"Doyle Ave & North Main Street, Providence, RI, USA"	EjJEb3lsZSBBdmUgJiBOb3J0aCBNYWluIFN0cmVldCwgUHJvdmlkZW5jZSwgUkksIFVTQSJmImQKFAoSCXf5vyseReSJETFnB8CyBmhQEhQKEgl3-b8rHkXkiRExZwfAsgZoUBoUChIJOYD3ON9E5IkRRL9LueDXNEkaFAoSCfn6QT3eROSJEV_Xrb4NXCM_IgoNQwfwGBUn0W_V	41.8383683	-71.4092249	41.8383683	-71.4092249	Med	22.06407464
679	2020-08-03	824225	8:44:00	Bicycle	NA	1	FALSE	FALSE	1	GANO ST EXIT	GANO ST	8/3/20	One-Way Trafficway	Dry	Daylight	Clear	Not a Collision Between Two Motor Vehicles in Transport	No	Traffic Control Signal	2	0	No Injury	NA	41.82113	-71.38944	FALSE	FALSE	"Gano Street Exit and Gano Street, Providence, RI, USA"	FALSE	-71.3900983	41.8238695	route	geometric_center	"gano st, providence, ri, usa"	NA	NA	NA	NA	41.8238695	-71.3900983	Med	309.8108346
676	2020-08-06	824536	7:39:00	Bicycle	NA	1	FALSE	FALSE	1	MUTUAL PL	ROCHAMBEAU AVE	8/6/20	"Two-Way , Not Divided"	Dry	Daylight	Clear	Not a Collision Between Two Motor Vehicles in Transport	"Yes, M/V and Driver Left Scene"	No Controls	1	0	No Injury	NA	41.84706	-71.39487	FALSE	FALSE	"Mutual Pl and Rochambeau Ave, Providence, RI, USA"	FALSE	-71.3949573	41.8469843	intersection	geometric_center	"mutual pl & rochambeau ave, providence, ri 02906, usa"	NA	NA	NA	NA	41.8469843	-71.3949573	Med High	11.10948843
677	2020-08-06	824563	16:04:00	Bicycle	NA	1	FALSE	FALSE	1	INDIA STREET	NA	8/6/20	"Two-Way , Not Divided"	Dry	Daylight	Clear	Not a Collision Between Two Motor Vehicles in Transport	"Yes, M/V and Driver Left Scene"	No Controls	2	1	Complains Of Pain	NA	41.81823	-71.39259	FALSE	TRUE	"India Street, Providence, RI, USA"	FALSE	-71.3951646	41.8181038	route	geometric_center	"india st, providence, ri 02903, usa"	NA	NA	NA	NA	41.8181038	-71.3951646	Inaccurate	214.0566958
678	2020-08-06	824576	21:00:00	Bicycle	NA	1	FALSE	FALSE	1	F C GREENE MEMORIAL BLVD	F C GREENE MEMORIAL BLVD	8/6/20	"Two-Way , Not Divided"	Dry	Dark - Not Lighted	Clear	Not a Collision Between Two Motor Vehicles in Transport	No	No Controls	2	1	Complains Of Pain	NA	41.77945	-71.41418	FALSE	FALSE	"F C Greene Memorial Blvd and F C Greene Memorial Blvd, Providence, RI, USA"	FALSE	-71.4142058	41.7885473	intersection	geometric_center	"green memorial blvd & f c greene memorial blvd, providence, ri 02907, usa"	NA	NA	NA	NA	41.7885473	-71.4142058	Med High	1012.709068
672	2020-08-09	824716	1:56:00	Pedestrian	1	NA	FALSE	FALSE	1	OAKLAND AVE	CHAD BROWN ST	8/9/20	"Two-Way , Not Divided"	Dry	Dark - Lighted	Clear	Not a Collision Between Two Motor Vehicles in Transport	"Yes, M/V and Driver Left Scene"	Stop Signs	1	1	Incapacitating	NA	41.8389	-71.42936	FALSE	FALSE	"Oakland Ave and Chad Brown Street, Providence, RI, USA"	FALSE	-71.4293644	41.8389192	intersection	geometric_center	"oakland ave & chad brown st, providence, ri 02908, usa"	NA	NA	NA	NA	41.8389192	-71.4293644	Med High	2.168262378
673	2020-08-09	824749	11:19:00	Pedestrian	2	NA	FALSE	FALSE	1	W RIVER ST	CHARLES ST	8/9/20	"Two-Way , Not Divided"	Dry	Daylight	Clear	Not a Collision Between Two Motor Vehicles in Transport	No	Stop Signs	3	1	Complains Of Pain	NA	41.83972	-71.4163	FALSE	FALSE	"W River Street and Charles Street, Providence, RI, USA"	FALSE	-71.4164329	41.8396195	intersection	geometric_center	"charles st & w river st, providence, ri 02904, usa"	NA	NA	NA	NA	41.8396195	-71.4164329	Med High	15.70500899
674	2020-08-09	824782	22:11:00	Pedestrian	1	NA	FALSE	FALSE	1	Atwells ave	DE PASQUALE AVE	8/9/20	"Two-Way, Divided, Unprotected (painted>4feet) Medium"	Dry	Dark - Lighted	Clear	Not a Collision Between Two Motor Vehicles in Transport	No	Traffic Control Signal	3	1	Complains Of Pain	NA	41.8236	-71.42708	FALSE	FALSE	"Atwells Ave and De Pasquale Ave, Providence, RI, USA"	FALSE	-71.4270169	41.8235993	intersection	geometric_center	"de pasquale ave & atwells ave, providence, ri 02903, usa"	NA	NA	NA	NA	41.8235993	-71.4270169	Med High	5.235068246
675	2020-08-09	824791	19:09:00	Pedestrian	1	NA	FALSE	FALSE	1	SMITH ST	CHALKSTONE AVE	8/10/20	"Two-Way , Not Divided"	Dry	Daylight	Clear	Not a Collision Between Two Motor Vehicles in Transport	No	Traffic Control Signal	2	1	Complains Of Pain	NA	41.83522	-71.42567	FALSE	FALSE	"Smith Street and Chalkstone Ave, Providence, RI, USA"	FALSE	-71.4256425	41.8352214	intersection	geometric_center	"chalkstone ave & smith st, providence, ri 02908, usa"	NA	NA	NA	NA	41.8352214	-71.4256425	Med High	2.286178699
669	2020-08-10	824815	19:30:00	Pedestrian	1	NA	FALSE	FALSE	1	GANO ST	NA	8/10/20	"Two-Way , Not Divided"	Dry	Daylight	Clear	Not a Collision Between Two Motor Vehicles in Transport	No	No Controls	2	2	Non-Incapacitating	NA	41.81876	-71.38931	FALSE	TRUE	"Gano Street, Providence, RI, USA"	FALSE	-71.3900983	41.8238695	route	geometric_center	"gano st, providence, ri, usa"	NA	NA	NA	NA	41.8238695	-71.3900983	Inaccurate	572.5340443
670	2020-08-10	824824	23:40:00	Bicycle	NA	1	FALSE	FALSE	1	BROAD ST	PARKSIDE CIR	8/11/20	"Two-Way , Not Divided"	Dry	Dark - Lighted	Clear	Not a Collision Between Two Motor Vehicles in Transport	No	Stop Signs	3	1	Complains Of Pain	NA	41.78589	-71.40166	FALSE	FALSE	"Broad Street and Parkside Cir, Providence, RI, USA"	FALSE	-71.4036757	41.7858514	route	geometric_center	"parkside cir, cranston, ri 02905, usa"	NA	NA	NA	NA	41.7858514	-71.4036757	Med	167.366943
671	2020-08-10	825498	16:49:00	Bicycle	NA	1	FALSE	FALSE	1	VALLEY ST	DEAN ST	8/19/20	One-Way Trafficway	Dry	Daylight	Clear	Not a Collision Between Two Motor Vehicles in Transport	No	No Controls	2	1	Complains Of Pain	NA	41.83139	-71.42848	FALSE	FALSE	"Valley Street and Dean Street, Providence, RI, USA"	FALSE	-71.4242155	41.8234078	route	geometric_center	"dean st, providence, ri, usa"	NA	NA	NA	NA	41.8234078	-71.4242155	Med	956.3985976
668	2020-08-11	824854	11:00:00	Bicycle	NA	1	FALSE	FALSE	1	336 Admiral Street	336 Admiral Street	8/11/20	"Two-Way , Not Divided"	Dry	Daylight	Clear	Other	No	No Controls	2	1	Complains Of Pain	NA	41.83616	-71.42824	TRUE	FALSE	"336 Admiral Street, Providence, RI, USA"	FALSE	-71.4273582	41.8455374	premise	rooftop	"336 admiral st, providence, ri 02908, usa"	NA	NA	NA	NA	41.8455374	-71.4273582	High	1046.445863
667	2020-08-14	825107	21:32:00	Pedestrian	1	NA	FALSE	FALSE	1	BROADWAY	SERVICE ROAD 7	8/14/20	"Two-Way , Not Divided"	Dry	Dark - Not Lighted	Clear	Head-On (Front - to - Front)	No	Traffic Control Signal	2	1	Complains Of Pain	NA	41.82177	-71.42083	FALSE	FALSE	"Broadway and Service Road 7, Providence, RI, USA"	FALSE	-71.4200451	41.8199608	route	geometric_center	"service rd 1, providence, ri, usa"	"Broadway & Service Road 7th, Providence, RI, USA"	EjBCcm9hZHdheSAmIFNlcnZpY2UgUm9hZCA3dGgsIFByb3ZpZGVuY2UsIFJJLCBVU0EiZiJkChQKEgn30PkmDUXkiRGVfBMop6wTihIUChIJ99D5Jg1F5IkRlXwTKKesE4oaFAoSCaW15YZ1ReSJERrCM7HXpG-zGhQKEgkHeHRCdkXkiRHLEV0GTCEFTCIKDd-B7RgV9gxu1Q	41.8218463	-71.420801	41.8218463	-71.420801	Med	8.827814292
664	2020-08-15	825127	10:42:00	Pedestrian	1	NA	FALSE	FALSE	1	60 KOSSUTH ST	NA	8/15/20	"Two-Way , Not Divided"	Dry	Daylight	Clear	Not a Collision Between Two Motor Vehicles in Transport	"Yes, M/V and Driver Left Scene"	No Controls	1	0	Unknown	NA	NA	NA	TRUE	TRUE	"60 Kossuth Street, Providence, RI, USA"	FALSE	-71.4474554	41.8218213	premise	rooftop	"60 kossuth st, providence, ri 02909, usa"	NA	NA	NA	NA	41.8218213	-71.4474554	High	NA
665	2020-08-15	825128	13:33:00	Pedestrian	1	NA	TRUE	FALSE	1	FRUIT HILL AVE	HUBER AVE	8/15/20	"Two-Way , Not Divided"	Dry	Daylight	Clear	Not a Collision Between Two Motor Vehicles in Transport	No	No Controls	3	1	Complains Of Pain	NA	41.83429	-71.46798	FALSE	FALSE	"Fruit Hill Ave and Huber Ave, Providence, RI, USA"	FALSE	-71.4680712	41.8345861	intersection	geometric_center	"huber ave & fruit hill ave, providence, ri 02909, usa"	NA	NA	NA	NA	41.8345861	-71.4680712	Med High	33.8185113
666	2020-08-15	825143	13:44:00	Pedestrian	2	NA	FALSE	FALSE	1	HUMES ST	CRESCENT ST	8/15/20	"Two-Way , Not Divided"	Dry	Daylight	Clear	Not a Collision Between Two Motor Vehicles in Transport	No	No Controls	6	2	Complains Of Pain	NA	41.79218	-71.42871	FALSE	FALSE	"Humes Street and Crescent Street, Providence, RI, USA"	FALSE	-71.4290355	41.7916505	intersection	geometric_center	"humes st & crescent st, providence, ri 02907, usa"	NA	NA	NA	NA	41.7916505	-71.4290355	Med High	64.83969155
662	2020-08-18	825398	20:30:00	Bicycle	NA	1	FALSE	FALSE	1	TRENTON ST	IVES ST	8/18/20	"Two-Way , Not Divided"	Dry	Dark - Lighted	Clear	Not a Collision Between Two Motor Vehicles in Transport	No	Stop Signs	2	1	Incapacitating	NA	41.82095	-71.39197	FALSE	FALSE	"Trenton Street and Ives Street, Providence, RI, USA"	FALSE	-71.3918793	41.8209613	intersection	geometric_center	"trenton st & ives st, providence, ri 02906, usa"	NA	NA	NA	NA	41.8209613	-71.3918793	Med High	7.628792082
663	2020-08-18	825415	23:21:00	Other	NA	NA	TRUE	FALSE	2	PLAINFIELD ST	ON RAMP TO RT 6 EAST	8/19/20	"Two-Way, Divided, Unprotected (painted>4feet) Medium"	Dry	Daylight	Clear	Other	No	No Controls	3	2	Incapacitating	NA	41.81541	-71.44589	FALSE	FALSE	"Plainfield Street and On Ramp To Rt 6 East, Providence, RI, USA"	FALSE	-71.3955012	41.8224276	premise	rooftop	"6 east st, providence, ri 02906, usa"	NA	NA	NA	NA	41.8224276	-71.3955012	Med High	4252.69684
660	2020-08-19	825482	17:52:00	Pedestrian	1	NA	FALSE	FALSE	1	51 MANTON AVENUE	NA	8/19/20	"Two-Way , Not Divided"	Dry	Daylight	Clear	Not a Collision Between Two Motor Vehicles in Transport	No	No Controls	3	1	Complains Of Pain	NA	NA	NA	TRUE	TRUE	"51 Manton Avenue, Providence, RI, USA"	FALSE	-71.4440904	41.8179414	subpremise	rooftop	"51 manton ave, providence, ri 02909, usa"	NA	NA	NA	NA	41.8179414	-71.4440904	High	NA
661	2020-08-19	825518	15:46:00	Bicycle	NA	1	FALSE	FALSE	1	Potters Ave	SEABURY ST	8/19/20	"Two-Way, Divided, Positive Median Barrier"	Dry	Daylight	Clear	Angle (Front - to - Side) Opposite Direction	"Yes, M/V and Driver Left Scene"	No Controls	1	1	Complains Of Pain	NA	41.80318	-71.43255	FALSE	FALSE	"Potters Ave and Seabury Street, Providence, RI, USA"	FALSE	-71.432564	41.8031919	intersection	geometric_center	"potters ave & seabury st, providence, ri 02907, usa"	NA	NA	NA	NA	41.8031919	-71.432564	Med High	1.761956252
659	2020-08-22	825814	21:40:00	Pedestrian	1	NA	FALSE	FALSE	1	BODELL AVE	ETNA ST	8/22/20	"Two-Way , Not Divided"	Dry	Dark - Lighted	Clear	Not a Collision Between Two Motor Vehicles in Transport	No	No Controls	3	1	Complains Of Pain	NA	41.81655	-71.45152	FALSE	FALSE	"Bodell Ave and Etna Street, Providence, RI, USA"	FALSE	-71.450912	41.816513	intersection	geometric_center	"bodell ave & etna st, providence, ri 02909, usa"	NA	NA	NA	NA	41.816513	-71.450912	Med High	50.61035433