row_number	crash_date	crash_report_id	crash_time	collision_type	count_pedestrian	count_bicycle	scooter	wheel_chair	number_of_vehicles	street_or_highway	nearest_intersection	report_date	type_of_roadway	road_surface_condition	light_condition	weather_condition	manner_of_impact	hit_and_run	traffic_control	person_count	injury_count	most_serious_injury	number_of_lanes	lat_raw	lon_raw	has_st_number	is_intersection_null	address_sent_to_geocoder	is_address_blank	lon_api_first_try	lat_api_first_try	type	loctype	address_returned_by_geocoder	address_returned_by_autocomplete	place_ids_autocompleted	lat_api_second_try	lon_api_second_try	lat_api_best	lon_api_best	api_coord_conf	distance_btwn_coords_meters
658	2020-08-26	826106	19:38:00	Bicycle	NA	1	FALSE	FALSE	1	GLENHAM ST	PRAIRIE AVE	8/26/20	"Two-Way , Not Divided"	Dry	Dusk	Clear	Not a Collision Between Two Motor Vehicles in Transport	"Yes, M/V and Driver Left Scene"	No Controls	1	1	Complains Of Pain	NA	41.80605	-71.41525	FALSE	FALSE	"Glenham Street and Prairie Ave, Providence, RI, USA"	FALSE	-71.4150396	41.8061135	intersection	geometric_center	"glenham st & prairie ave, providence, ri 02905, usa"	NA	NA	NA	NA	41.8061135	-71.4150396	Med High	18.8353508
657	2020-09-01	827692	23:17:00	Pedestrian	2	NA	FALSE	FALSE	1	129 BURNS ST	MANILA ST	9/2/20	"Two-Way , Not Divided"	Dry	Dark - Lighted	Clear	Not a Collision Between Two Motor Vehicles in Transport	"Yes, M/V and Driver Left Scene"	No Controls	2	1	Complains Of Pain	NA	41.8539	-71.44466	TRUE	FALSE	"129 Burns Street, Providence, RI, USA"	FALSE	-71.4454753	41.8538275	street_address	range_interpolated	"129 burns st, providence, ri 02904, usa"	NA	NA	NA	NA	41.8538275	-71.4454753	High	68.08164925
656	2020-09-02	827769	15:12:00	Pedestrian	1	NA	FALSE	FALSE	1	CHARLES ST	CORLISS ST	9/2/20	"Two-Way, Divided, Unprotected (painted>4feet) Medium"	Wet	Daylight	Rain	Not a Collision Between Two Motor Vehicles in Transport	No	Stop Signs	2	1	Complains Of Pain	NA	41.83806	-71.41452	FALSE	FALSE	"Charles Street and Corliss Street, Providence, RI, USA"	FALSE	-71.4124894	41.8411709	route	geometric_center	"corliss st, providence, ri 02904, usa"	"Charles Street & Corliss Street, Providence, RI, USA"	EjRDaGFybGVzIFN0cmVldCAmIENvcmxpc3MgU3RyZWV0LCBQcm92aWRlbmNlLCBSSSwgVVNBImYiZAoUChIJVVJ5mB1F5IkRpcYG1dpqiVsSFAoSCVVSeZgdReSJEaXGBtXaaolbGhQKEgl1C85s8UTkiRHLZMsuNVX9MhoUChIJMSS4NuJE5IkR9A92oVVA2AUiCg0J_O8YFYsDb9U	41.8380809	-71.4144885	41.8380809	-71.4144885	Med	3.498306487
654	2020-09-03	827821	14:18:00	Pedestrian	1	NA	FALSE	FALSE	1	CANDACE ST	GODDARD ST	9/3/20	"Two-Way , Not Divided"	Dry	Daylight	Clear	Not a Collision Between Two Motor Vehicles in Transport	"Yes, M/V and Driver Left Scene"	No Controls	2	1	Complains Of Pain	NA	41.83426	-71.42205	FALSE	FALSE	"Candace Street and Goddard Street, Providence, RI, USA"	FALSE	-71.4220655	41.8343772	intersection	geometric_center	"candace st & goddard st, providence, ri 02908, usa"	NA	NA	NA	NA	41.8343772	-71.4220655	Med High	13.10983143
655	2020-09-03	827875	13:15:00	Pedestrian	1	NA	FALSE	FALSE	1	Penn Street	Vinton Street	9/4/20	"Two-Way , Not Divided"	Dry	Daylight	Clear	Other	No	No Controls	3	0	No Injury	1	41.82188	-71.42977	FALSE	FALSE	"Penn Street and Vinton Street, Providence, RI, USA"	FALSE	-71.4285663	41.8207514	route	geometric_center	"vinton st, providence, ri, usa"	"Penn Street & Vinton Street, Providence, RI, USA"	EjBQZW5uIFN0cmVldCAmIFZpbnRvbiBTdHJlZXQsIFByb3ZpZGVuY2UsIFJJLCBVU0EiZiJkChQKEgnNf0lQdUXkiRGiE9oIhfem6hIUChIJzX9JUHVF5IkRohPaCIX3puoaFAoSCX9TYamfReSJEX1X5w0owLqSGhQKEgnN2QdAdUXkiRHzHzv0hMO0lyIKDayJ7RgV5sBs1Q	41.822046	-71.4293018	41.822046	-71.4293018	Med	43.01252196
652	2020-09-04	827893	10:25:00	Pedestrian	1	NA	FALSE	FALSE	1	BROAD ST	FRICKER ST	9/4/20	"Two-Way , Not Divided"	Dry	Daylight	Clear	Not a Collision Between Two Motor Vehicles in Transport	"Yes, M/V and Driver Left Scene"	No Controls	1	1	Complains Of Pain	NA	41.81528	-71.42066	FALSE	FALSE	"Broad Street and Fricker Street, Providence, RI, USA"	FALSE	-71.42173	41.8165575	route	geometric_center	"fricker st, providence, ri, usa"	"Broad Street & Fricker Street, Providence, RI, USA"	EjJCcm9hZCBTdHJlZXQgJiBGcmlja2VyIFN0cmVldCwgUHJvdmlkZW5jZSwgUkksIFVTQSJmImQKFAoSCcsO7ptxReSJEe1RgLr0NWTvEhQKEgnLDu6bcUXkiRHtUYC69DVk7xoUChIJg9591YxP5IkRLKLKk5hLCKMaFAoSCaG8FtZzReSJESAHFPqNHvDOIgoNcoXsGBU0FG7V	41.8153842	-71.4206156	41.8153842	-71.4206156	Med	12.17036624
653	2020-09-04	827952	21:28:00	Bicycle	NA	1	FALSE	FALSE	1	271 RESERVOIR AVE	271 RESERVOIR AVE	9/4/20	"Two-Way, Divided, Unprotected (painted>4feet) Medium"	Dry	Dark - Lighted	Clear	Not a Collision Between Two Motor Vehicles in Transport	"Yes, M/V and Driver Left Scene"	No Controls	1	1	Complains Of Pain	NA	41.79216	-71.42783	TRUE	FALSE	"271 Reservoir Ave, Providence, RI, USA"	FALSE	-71.4300523	41.7894913	premise	rooftop	"271 reservoir ave, providence, ri 02907, usa"	NA	NA	NA	NA	41.7894913	-71.4300523	High	349.6797601
651	2020-09-06	828056	2:43:00	Pedestrian	1	NA	FALSE	FALSE	1	BROAD ST	CENTRAL ST	9/6/20	"Two-Way , Not Divided"	Dry	Dark - Lighted	Clear	Not a Collision Between Two Motor Vehicles in Transport	No	No Controls	3	1	Complains Of Pain	NA	41.81323	-71.42189	FALSE	FALSE	"Broad Street and Central Street, Providence, RI, USA"	FALSE	-71.3870525	41.8858281	intersection	geometric_center	"broad st & central st, central falls, ri 02863, usa"	NA	NA	NA	NA	41.8858281	-71.3870525	Med High	8582.371072
650	2020-09-07	828143	3:22:00	Pedestrian	1	NA	FALSE	FALSE	1	NARRAGANSETT BLVD	WASHINGTON AVE	9/7/20	"Two-Way, Divided, Unprotected (painted>4feet) Medium"	Dry	Dark - Lighted	Clear	Not a Collision Between Two Motor Vehicles in Transport	"Yes, M/V and Driver Left Scene"	No Controls	1	1	Fatal	NA	41.78818	-71.39572	FALSE	FALSE	"Narragansett Blvd and Washington Ave, Providence, RI, USA"	FALSE	-71.3957084	41.7881718	intersection	geometric_center	"washington ave & narragansett blvd, providence, ri 02905, usa"	NA	NA	NA	NA	41.7881718	-71.3957084	Med High	1.326745393
649	2020-09-10	828392	8:38:00	Pedestrian	1	NA	FALSE	FALSE	1	621 Academy Ave	SMITH ST	9/10/20	"Two-Way , Not Divided"	Dry	Daylight	Clear	Not a Collision Between Two Motor Vehicles in Transport	No	Other	3	1	Complains Of Pain	1	41.84185	-71.44512	TRUE	FALSE	"621 Academy Ave, Providence, RI, USA"	FALSE	-71.4448945	41.8417893	premise	rooftop	"621 academy ave, providence, ri 02908, usa"	NA	NA	NA	NA	41.8417893	-71.4448945	High	19.88442818
648	2020-09-11	828467	6:40:00	Bicycle	NA	1	FALSE	FALSE	1	N MAIN ST	5TH ST	9/11/20	"Two-Way , Not Divided"	Dry	Daylight	Cloudy	Not a Collision Between Two Motor Vehicles in Transport	No	No Controls	3	1	Complains Of Pain	NA	41.85224	-71.4017	FALSE	FALSE	"N Main Street and 5th Street, Providence, RI, USA"	FALSE	-71.3966306	41.8506938	route	geometric_center	"5th st, providence, ri 02906, usa"	"North Main Street & 5th Street, Providence, RI, USA"	EjNOb3J0aCBNYWluIFN0cmVldCAmIDV0aCBTdHJlZXQsIFByb3ZpZGVuY2UsIFJJLCBVU0EiZiJkChQKEgl_PSFCwUTkiRFKUCtu1MEn-xIUChIJfz0hQsFE5IkRSlArbtTBJ_saFAoSCfn6QT3eROSJEV_Xrb4NXCM_GhQKEgldU4t3xkTkiRFWKUJwnAqkwiIKDbwq8hgVgftw1Q	41.8523836	-71.4015871	41.8523836	-71.4015871	Med	18.52491894
647	2020-09-12	828565	7:00:00	Pedestrian	1	NA	FALSE	FALSE	1	CHALKSTONE AVE	GENEVA ST	9/12/20	"Two-Way , Not Divided"	Dry	Daylight	Clear	Not a Collision Between Two Motor Vehicles in Transport	No	No Controls	2	1	Incapacitating	NA	41.83228	-71.44069	FALSE	FALSE	"Chalkstone Ave and Geneva Street, Providence, RI, USA"	FALSE	-71.4409323	41.832278	intersection	geometric_center	"chalkstone ave & geneva st, providence, ri 02908, usa"	NA	NA	NA	NA	41.832278	-71.4409323	Med High	20.09861141
646	2020-09-16	828976	17:14:00	Bicycle	NA	1	FALSE	FALSE	1	DEXTER ST	WALDO ST	9/16/20	"Two-Way , Not Divided"	Dry	Daylight	Clear	Not a Collision Between Two Motor Vehicles in Transport	No	No Controls	3	1	Complains Of Pain	NA	41.80434	-71.43004	FALSE	FALSE	"Dexter Street and Waldo Street, Providence, RI, USA"	FALSE	-71.4299549	41.80455	intersection	geometric_center	"dexter st & waldo st, providence, ri 02907, usa"	NA	NA	NA	NA	41.80455	-71.4299549	Med High	24.4203798
645	2020-09-17	829010	12:13:00	Pedestrian	1	NA	FALSE	FALSE	1	JILLSON ST	EDDY ST	9/17/20	"Two-Way , Not Divided"	Dry	Daylight	Clear	Not a Collision Between Two Motor Vehicles in Transport	"Yes, M/V and Driver Left Scene"	No Controls	1	1	Complains Of Pain	NA	41.79132	-71.40397	FALSE	FALSE	"Jillson Street and Eddy Street, Providence, RI, USA"	FALSE	-71.4034455	41.7914259	intersection	geometric_center	"eddy st & jillson st, providence, ri 02905, usa"	NA	NA	NA	NA	41.7914259	-71.4034455	Med High	45.10001203
644	2020-09-18	829095	23:29:00	Pedestrian	1	NA	FALSE	FALSE	1	GAY ST	DUDLEY ST	9/18/20	"Two-Way , Not Divided"	Dry	Dark - Lighted	Clear	Not a Collision Between Two Motor Vehicles in Transport	"Yes, M/V and Driver Left Scene"	Pavement Markings	1	1	Complains Of Pain	NA	41.81006	-71.4129	FALSE	FALSE	"Gay Street and Dudley Street, Providence, RI, USA"	FALSE	-71.4135956	41.8099609	route	geometric_center	"dudley st, providence, ri, usa"	"Gay Street & Dudley Street, Providence, RI, USA"	Ei9HYXkgU3RyZWV0ICYgRHVkbGV5IFN0cmVldCwgUHJvdmlkZW5jZSwgUkksIFVTQSJmImQKFAoSCTvqhfdlReSJEScc0Lk5bEfvEhQKEgk76oX3ZUXkiREnHNC5OWxH7xoUChIJdZhN92VF5IkRdum12wOdJjAaFAoSCd111l9vReSJETMtoxEgkfjyIgoNhrTrGBXLQW_V	41.8100358	-71.4128949	41.8100358	-71.4128949	Med	2.726964282
642	2020-09-24	829638	12:40:00	Pedestrian	1	NA	FALSE	FALSE	1	Hope St	Rochambeau Ave	9/24/20	"Two-Way , Not Divided"	Dry	Daylight	Clear	Not a Collision Between Two Motor Vehicles in Transport	No	Traffic Control Signal	2	1	Complains Of Pain	2	NA	NA	FALSE	FALSE	"Hope Street and Rochambeau Ave, Providence, RI, USA"	FALSE	-71.3960532	41.8469319	intersection	geometric_center	"hope st & rochambeau ave, providence, ri 02906, usa"	NA	NA	NA	NA	41.8469319	-71.3960532	Med High	NA
643	2020-09-24	829641	13:27:00	Pedestrian	1	NA	FALSE	FALSE	1	WHITMARSH ST	UPDIKE ST	9/24/20	"Two-Way , Not Divided"	Dry	Daylight	Clear	Not a Collision Between Two Motor Vehicles in Transport	"Yes, M/V and Driver Left Scene"	No Controls	1	1	Complains Of Pain	NA	41.80605	-71.42101	FALSE	FALSE	"Whitmarsh Street and Updike Street, Providence, RI, USA"	FALSE	-71.4224872	41.806023	intersection	geometric_center	"updike st & whitmarsh st, providence, ri 02907, usa"	NA	NA	NA	NA	41.806023	-71.4224872	Med High	122.6122281
640	2020-09-25	829771	19:31:00	Pedestrian	1	NA	FALSE	FALSE	1	ORMS ST	BATH ST	9/25/20	"Two-Way , Not Divided"	Dry	Dark - Lighted	Clear	Head-On (Front - to - Front)	No	Stop Signs	2	0	No Injury	NA	41.83322	-71.42549	FALSE	FALSE	"Orms Street and Bath Street, Providence, RI, USA"	FALSE	-71.4254527	41.8332163	intersection	geometric_center	"bath st & orms st, providence, ri 02908, usa"	NA	NA	NA	NA	41.8332163	-71.4254527	Med High	3.121070098
641	2020-09-25	829781	22:45:00	Bicycle	NA	1	FALSE	FALSE	1	CARPENTER ST	KNIGHT ST	9/25/20	"Two-Way , Not Divided"	Dry	Dark - Lighted	Clear	Not a Collision Between Two Motor Vehicles in Transport	No	Stop Signs	3	1	Incapacitating	NA	41.81825	-71.42752	FALSE	FALSE	"Carpenter Street and Knight Street, Providence, RI, USA"	FALSE	-71.4274842	41.8182728	intersection	geometric_center	"knight st & carpenter st, providence, ri 02909, usa"	NA	NA	NA	NA	41.8182728	-71.4274842	Med High	3.906799623
639	2020-09-27	829916	19:32:00	Pedestrian	1	NA	FALSE	FALSE	1	ACADEMY AVE	HEALTH AVE	9/27/20	"Two-Way , Not Divided"	Dry	Dark - Lighted	Clear	Not a Collision Between Two Motor Vehicles in Transport	No	No Controls	3	1	Incapacitating	NA	41.82759	-71.44377	FALSE	FALSE	"Academy Ave and Health Ave, Providence, RI, USA"	FALSE	-71.4438011	41.827781	intersection	geometric_center	"health ave & academy ave, providence, ri 02908, usa"	NA	NA	NA	NA	41.827781	-71.4438011	Med High	21.41795319
637	2020-09-28	829968	7:26:00	Bicycle	NA	1	FALSE	FALSE	1	HOPE ST	BLACKSTONE BLVD	9/28/20	One-Way Trafficway	Dry	Daylight	Clear	Not a Collision Between Two Motor Vehicles in Transport	No	Stop Signs	3	1	Complains Of Pain	NA	41.85605	-71.39132	FALSE	FALSE	"Hope Street and Blackstone Blvd, Providence, RI, USA"	FALSE	-71.3915342	41.8561535	intersection	geometric_center	"hope st & blackstone blvd, providence, ri 02906, usa"	NA	NA	NA	NA	41.8561535	-71.3915342	Med High	21.16991423
638	2020-09-28	830022	19:31:00	Pedestrian	1	NA	FALSE	FALSE	1	MESSER ST	CRANSTON ST	9/28/20	"Two-Way , Not Divided"	Dry	Dark - Lighted	Clear	Not a Collision Between Two Motor Vehicles in Transport	No	No Controls	2	1	Complains Of Pain	NA	41.80963	-71.43345	FALSE	FALSE	"Messer Street and Cranston Street, Providence, RI, USA"	FALSE	-71.4334345	41.809637	intersection	geometric_center	"cranston st & messer st, providence, ri 02907, usa"	NA	NA	NA	NA	41.809637	-71.4334345	Med High	1.503740757
636	2020-09-29	830080	19:21:00	Pedestrian	1	NA	FALSE	FALSE	1	MEMORIAL BLVD	STEEPLE ST	9/29/20	"Two-Way, Divided, Unprotected (painted>4feet) Medium"	Dry	Dark - Lighted	Clear	Not a Collision Between Two Motor Vehicles in Transport	No	Traffic Control Signal	4	1	Complains Of Pain	NA	41.82677	-71.41063	FALSE	FALSE	"Memorial Blvd and Steeple Street, Providence, RI, USA"	FALSE	-71.409299	41.8273889	route	geometric_center	"steeple st, providence, ri 02903, usa"	NA	NA	NA	NA	41.8273889	-71.409299	Med	130.1401791
634	2020-10-01	830210	9:24:00	Pedestrian	1	NA	FALSE	FALSE	1	314 BROAD ST	BROAD ST	10/1/20	"Two-Way , Not Divided"	Dry	Daylight	Clear	Not a Collision Between Two Motor Vehicles in Transport	No	No Controls	2	1	Complains Of Pain	NA	41.81443	-71.42115	TRUE	FALSE	"314 Broad Street, Providence, RI, USA"	FALSE	-71.4209817	41.8144604	street_address	rooftop	"314 broad st, providence, ri 02907, usa"	NA	NA	NA	NA	41.8144604	-71.4209817	High	14.3676254
635	2020-10-01	830241	17:22:00	Other	NA	NA	TRUE	FALSE	2	502 HARTFORD AVE	MELISSA ST	10/1/20	"Two-Way , Not Divided"	Dry	Dusk	Clear	Rear End(Front-to-Rear)	No	Pavement Markings	3	1	Non-Incapacitating	2	41.80864	-71.44081	TRUE	FALSE	"502 Hartford Ave, Providence, RI, USA"	FALSE	-71.460615	41.8187363	premise	rooftop	"502 hartford ave, providence, ri 02909, usa"	NA	NA	NA	NA	41.8187363	-71.460615	High	1990.790711
633	2020-10-03	830409	20:40:00	Pedestrian	1	NA	FALSE	FALSE	1	Broad Street	Gallup Street	10/3/20	"Two-Way , Not Divided"	Dry	Dark - Lighted	Clear	Not a Collision Between Two Motor Vehicles in Transport	"Yes, M/V and Driver Left Scene"	No Controls	2	1	Complains Of Pain	NA	41.79929	-71.41603	FALSE	FALSE	"Broad Street and Gallup Street, Providence, RI, USA"	FALSE	-71.411993	41.8001218	route	geometric_center	"gallup st, providence, ri, usa"	"Broad Street & Gallup Street, Providence, RI, USA"	EjFCcm9hZCBTdHJlZXQgJiBHYWxsdXAgU3RyZWV0LCBQcm92aWRlbmNlLCBSSSwgVVNBImYiZAoUChIJ2XXYRIhP5IkRXiA-zZQA7G0SFAoSCdl12ESIT-SJEV4gPs2UAOxtGhQKEgmD3n3VjE_kiREsosqTmEsIoxoUChIJ-fFsAYpP5IkRvEuDDpHvm-oiCg2rEeoYFanHbtU	41.7993131	-71.4160215	41.7993131	-71.4160215	Med	2.666474061
631	2020-10-06	830802	17:48:00	Pedestrian	1	NA	FALSE	FALSE	1	WESTMINSTER ST	MESSER ST	10/6/20	"Two-Way , Not Divided"	Dry	Daylight	Clear	Not a Collision Between Two Motor Vehicles in Transport	No	No Controls	3	1	Complains Of Pain	NA	41.81581	-71.43767	FALSE	FALSE	"Westminster Street and Messer Street, Providence, RI, USA"	FALSE	-71.437044	41.8158698	intersection	geometric_center	"messer st & westminster st, providence, ri 02909, usa"	NA	NA	NA	NA	41.8158698	-71.437044	Med High	52.36128228
632	2020-10-06	830812	18:33:00	Pedestrian	1	NA	FALSE	FALSE	1	sackett st	HAMILTON ST	10/6/20	"Two-Way , Not Divided"	Dry	Dark - Lighted	Clear	Not a Collision Between Two Motor Vehicles in Transport	No	No Controls	7	1	Non-Incapacitating	NA	41.7943	-71.41808	FALSE	FALSE	"Sackett Street and Hamilton Street, Providence, RI, USA"	FALSE	-71.4183646	41.7942259	intersection	geometric_center	"hamilton st & sackett st, providence, ri 02907, usa"	NA	NA	NA	NA	41.7942259	-71.4183646	Med High	25.01886254
629	2020-10-08	830902	10:29:00	Bicycle	NA	1	FALSE	FALSE	1	HEATH ST	EASTWOOD AVE	10/8/20	"Two-Way , Not Divided"	Dry	Daylight	Clear	Not a Collision Between Two Motor Vehicles in Transport	No	No Controls	3	1	Complains Of Pain	NA	41.8158	-71.45011	FALSE	FALSE	"Heath Street and Eastwood Ave, Providence, RI, USA"	FALSE	-71.450104	41.815826	intersection	geometric_center	"heath st & eastwood ave, providence, ri 02909, usa"	NA	NA	NA	NA	41.815826	-71.450104	Med High	2.936802626
630	2020-10-08	831123	11:00:00	Bicycle	NA	1	FALSE	FALSE	1	53 Governor St	ARNOLD ST	10/10/20	"Two-Way , Not Divided"	Dry	Daylight	Clear	Not a Collision Between Two Motor Vehicles in Transport	No	No Controls	2	1	Complains Of Pain	NA	41.82195	-71.39393	TRUE	FALSE	"53 Governor Street, Providence, RI, USA"	FALSE	-71.3937073	41.8219325	premise	rooftop	"53 governor st, providence, ri 02906, usa"	NA	NA	NA	NA	41.8219325	-71.3937073	High	18.57708094
627	2020-10-09	831007	8:37:00	Other	NA	NA	TRUE	FALSE	2	Elmwood Ave	Bellevue Ave	10/9/20	"Two-Way , Not Divided"	Dry	Daylight	Clear	Angle (Front - to - Side) Right Angle (Includes Broadside)	No	Traffic Control Signal	2	0	No Injury	2	NA	NA	FALSE	FALSE	"Elmwood Ave and Bellevue Ave, Providence, RI, USA"	FALSE	-71.4248921	41.8071094	intersection	geometric_center	"bellevue ave & elmwood ave, providence, ri 02907, usa"	NA	NA	NA	NA	41.8071094	-71.4248921	Med High	NA
628	2020-10-09	831103	22:38:00	Pedestrian	1	NA	FALSE	FALSE	1	575 Broad Street	Dartmouth Ave	10/9/20	"Two-Way , Not Divided"	Dry	Dark - Lighted	Clear	Not a Collision Between Two Motor Vehicles in Transport	"Yes, M/V and Driver Left Scene"	No Controls	2	1	Incapacitating	NA	41.80844	-71.42063	TRUE	FALSE	"575 Broad Street, Providence, RI, USA"	FALSE	-71.4207989	41.8083569	premise	rooftop	"575 broad st, providence, ri 02907, usa"	NA	NA	NA	NA	41.8083569	-71.4207989	High	16.79228165
626	2020-10-10	831148	15:02:00	Bicycle	NA	1	FALSE	FALSE	1	GANO ST	PITMAN ST	10/10/20	"Two-Way , Not Divided"	Dry	Daylight	Clear	Not a Collision Between Two Motor Vehicles in Transport	No	Traffic Control Signal	4	1	Non-Incapacitating	NA	41.82648	-71.3905	FALSE	FALSE	"Gano Street and Pitman Street, Providence, RI, USA"	FALSE	-71.3904973	41.8265437	intersection	geometric_center	"gano st & pitman st, providence, ri 02906, usa"	NA	NA	NA	NA	41.8265437	-71.3904973	Med High	7.094587699
625	2020-10-14	831486	12:08:00	Pedestrian	1	NA	FALSE	FALSE	1	WASHINGTON ST	EMPIRE ST	10/14/20	"Two-Way , Not Divided"	Dry	Daylight	Clear	Other	No	No Controls	2	1	Incapacitating	NA	41.82182	-71.41645	FALSE	FALSE	"Washington Street and Empire Street, Providence, RI, USA"	FALSE	-71.4157797	41.821349	route	geometric_center	"empire st, providence, ri 02903, usa"	"Washington Street & Empire Street, Providence, RI, USA"	EjZXYXNoaW5ndG9uIFN0cmVldCAmIEVtcGlyZSBTdHJlZXQsIFByb3ZpZGVuY2UsIFJJLCBVU0EiZiJkChQKEgmNpp3sEkXkiRHnvAEsqcaDvRIUChIJjaad7BJF5IkR57wBLKnGg70aFAoSCanazZwSReSJERoH0JajEjT2GhQKEgnHPO_pEkXkiRGhxI4iuiomFSIKDWmC7RgVI7hu1Q	41.8218601	-71.4164189	41.8218601	-71.4164189	Med	5.155853918
623	2020-10-17	831798	13:15:00	Other	NA	1	TRUE	FALSE	1	Corinth St	Broad St	10/17/20	"Two-Way , Not Divided"	Dry	Daylight	Clear	Not a Collision Between Two Motor Vehicles in Transport	No	Stop Signs	2	0	No Injury	1	NA	NA	FALSE	FALSE	"Corinth Street and Broad Street, Providence, RI, USA"	FALSE	-71.4104447	41.7948181	intersection	geometric_center	"corinth st & broad st, providence, ri 02905, usa"	NA	NA	NA	NA	41.7948181	-71.4104447	Med High	NA
624	2020-10-17	831806	14:11:00	Bicycle	NA	1	FALSE	FALSE	1	stokes st	WESTMINSTER ST	10/17/20	"Two-Way , Not Divided"	Dry	Daylight	Clear	Not a Collision Between Two Motor Vehicles in Transport	No	No Controls	2	1	Non-Incapacitating	NA	41.81673	-71.44282	FALSE	FALSE	"Stokes Street and Westminster Street, Providence, RI, USA"	FALSE	-71.4428116	41.8167431	intersection	geometric_center	"westminster st & stokes st, providence, ri 02909, usa"	NA	NA	NA	NA	41.8167431	-71.4428116	Med High	1.616250674
622	2020-10-18	831949	17:50:00	Other	NA	NA	TRUE	FALSE	2	ELMWOOD AVE	BISSELL ST	10/18/20	"Two-Way, Divided, Positive Median Barrier"	Dry	Daylight	Clear	Other	No	No Controls	4	2	Incapacitating	NA	41.77744	-71.42118	FALSE	FALSE	"Elmwood Ave and Bissell Street, Providence, RI, USA"	FALSE	-71.4211644	41.7774396	intersection	geometric_center	"bissell st & elmwood ave, providence, ri 02907, usa"	NA	NA	NA	NA	41.7774396	-71.4211644	Med High	1.29580268
621	2020-10-19	831971	15:00:00	Bicycle	NA	1	FALSE	FALSE	1	ANGELL ST	BROWN ST	10/19/20	One-Way Trafficway	Dry	Daylight	Clear	Head-On (Front - to - Front)	No	Stop Signs	3	1	Non-Incapacitating	1	41.8279	-71.40283	FALSE	FALSE	"Angell Street and Brown Street, Providence, RI, USA"	FALSE	-71.4031595	41.8278662	intersection	geometric_center	"brown st & angell st, providence, ri 02906, usa"	NA	NA	NA	NA	41.8278662	-71.4031595	Med High	27.5897583
619	2020-10-22	832157	23:22:00	Bicycle	NA	NA	FALSE	FALSE	1	GANO ST	I 195 E	10/22/20	"Two-Way , Not Divided"	Dry	Dark - Lighted	Clear	Not a Collision Between Two Motor Vehicles in Transport	No	No Controls	2	0	Unknown	NA	41.81904	-71.38931	FALSE	FALSE	"Gano Street and I 195 E, Providence, RI, USA"	FALSE	-71.390238	41.8256891	street_address	range_interpolated	"195 gano st, providence, ri 02906, usa"	NA	NA	NA	NA	41.8256891	-71.390238	Med High	744.1671439
620	2020-10-22	832181	13:00:00	Bicycle	NA	1	FALSE	FALSE	1	SOUTH WATER ST	NA	10/22/20	One-Way Trafficway	Dry	Daylight	Clear	"Sideswipe, Same Direction"	No	No Controls	2	1	Non-Incapacitating	NA	41.81771	-71.40083	FALSE	TRUE	"South Water Street, Providence, RI, USA"	FALSE	-71.4039536	41.8202174	route	geometric_center	"s water st, providence, ri 02903, usa"	NA	NA	NA	NA	41.8202174	-71.4039536	Inaccurate	380.8701373
618	2020-10-24	832302	0:43:00	Pedestrian	1	NA	FALSE	FALSE	1	133 PEMBROKE AVE	EATON ST	10/24/20	"Two-Way , Not Divided"	Dry	Dark - Lighted	Clear	Not a Collision Between Two Motor Vehicles in Transport	"Yes, M/V and Driver Left Scene"	No Controls	2	1	Non-Incapacitating	NA	41.8403	-71.42975	TRUE	FALSE	"133 Pembroke Ave, Providence, RI, USA"	FALSE	-71.4295733	41.8402331	street_address	rooftop	"133 pembroke ave, providence, ri 02908, usa"	NA	NA	NA	NA	41.8402331	-71.4295733	High	16.43817579
617	2020-10-25	832371	14:02:00	Bicycle	NA	1	FALSE	FALSE	1	207 Wickenden St.	TRAVERSE ST	10/25/20	"Two-Way , Not Divided"	Dry	Daylight	Clear	Not a Collision Between Two Motor Vehicles in Transport	No	No Controls	2	1	Complains Of Pain	NA	41.81943	-71.39905	TRUE	FALSE	"207 Wickenden St., Providence, RI, USA"	FALSE	-71.3990781	41.8192785	premise	rooftop	"207 wickenden st, providence, ri 02903, usa"	NA	NA	NA	NA	41.8192785	-71.3990781	High	17.02525926
616	2020-10-29	832641	19:56:00	Pedestrian	1	NA	FALSE	FALSE	1	609 ELMWOOD AVE	LENOX AVE	10/29/20	"Two-Way, Divided, Positive Median Barrier"	Wet	Dark - Lighted	Rain	"Sidwswipe, Opposite Direction"	No	No Controls	2	1	Incapacitating	NA	41.79545	-71.42488	TRUE	FALSE	"609 Elmwood Ave, Providence, RI, USA"	FALSE	-71.4249966	41.7954078	subpremise	rooftop	"609 elmwood ave, providence, ri 02907, usa"	NA	NA	NA	NA	41.7954078	-71.4249966	High	10.75684979
615	2020-10-30	832735	18:17:00	Pedestrian	1	NA	FALSE	FALSE	1	CATHERDAL AVE	SMITH ST	10/30/20	"Two-Way , Not Divided"	Wet	Dark - Lighted	Clear	Other	No	No Controls	3	1	Non-Incapacitating	NA	41.8132	-71.45548	FALSE	FALSE	"Catherdal Ave and Smith Street, Providence, RI, USA"	FALSE	-71.4491246	41.8444122	intersection	geometric_center	"smith st & cathedral ave, providence, ri 02903, usa"	NA	NA	NA	NA	41.8444122	-71.4491246	Med High	3514.291226