row_number	crash_date	crash_report_id	crash_time	collision_type	count_pedestrian	count_bicycle	scooter	wheel_chair	number_of_vehicles	street_or_highway	nearest_intersection	report_date	type_of_roadway	road_surface_condition	light_condition	weather_condition	manner_of_impact	hit_and_run	traffic_control	person_count	injury_count	most_serious_injury	number_of_lanes	lat_raw	lon_raw	has_st_number	is_intersection_null	address_sent_to_geocoder	is_address_blank	lon_api_first_try	lat_api_first_try	type	loctype	address_returned_by_geocoder	address_returned_by_autocomplete	place_ids_autocompleted	lat_api_second_try	lon_api_second_try	lat_api_best	lon_api_best	api_coord_conf	distance_btwn_coords_meters
527	2021-05-05	851151	17:10:00	Pedestrian	1	NA	FALSE	FALSE	1	BROADWAY	EMPIRE ST	5/5/21	"Two-Way , Not Divided"	Wet	Daylight	Rain	Not a Collision Between Two Motor Vehicles in Transport	No	Pavement Markings	2	1	Complains Of Pain	NA	41.82257	-71.41747	FALSE	FALSE	"Broadway and Empire Street, Providence, RI, USA"	FALSE	-71.4157797	41.821349	route	geometric_center	"empire st, providence, ri 02903, usa"	"Broadway & Empire Street, Providence, RI, USA"	Ei1Ccm9hZHdheSAmIEVtcGlyZSBTdHJlZXQsIFByb3ZpZGVuY2UsIFJJLCBVU0EiZiJkChQKEglNlP-DEkXkiRHtQ_ofNG0sSxIUChIJTZT_gxJF5IkR7UP6HzRtLEsaFAoSCaW15YZ1ReSJERrCM7HXpG-zGhQKEgnHPO_pEkXkiRGhxI4iuiomFSIKDV6l7RgVloNu1Q	41.822755	-71.4177642	41.822755	-71.4177642	Med	31.9337219
526	2021-05-06	851187	8:12:00	Other	NA	NA	TRUE	FALSE	1	POCASSET AVE	LOWELL AVE	5/6/21	"Two-Way , Not Divided"	Dry	Daylight	Clear	Not a Collision Between Two Motor Vehicles in Transport	No	Stop Signs	2	1	Non-Incapacitating	NA	41.80976	-71.45478	FALSE	FALSE	"Pocasset Ave and Lowell Ave, Providence, RI, USA"	FALSE	-71.454773	41.809757	intersection	geometric_center	"pocasset ave & lowell ave, providence, ri 02909, usa"	NA	NA	NA	NA	41.809757	-71.454773	Med High	0.669979619
525	2021-05-09	851493	23:00:00	Pedestrian	2	NA	FALSE	FALSE	1	160 Benedict St	CRANSTON ST	5/10/21	Unknown	Wet	Dark - Lighted	Rain	Not a Collision Between Two Motor Vehicles in Transport	"Yes, M/V and Driver Left Scene"	No Controls	2	2	Complains Of Pain	NA	41.80585	-71.43835	TRUE	FALSE	"160 Benedict Street, Providence, RI, USA"	FALSE	-71.4392845	41.8059127	premise	rooftop	"160 benedict st, providence, ri 02909, usa"	NA	NA	NA	NA	41.8059127	-71.4392845	High	77.85679903
523	2021-05-10	851513	14:07:00	Pedestrian	1	NA	FALSE	FALSE	1	POTTERS AVE	BROAD ST	5/10/21	"Two-Way , Not Divided"	Dry	Daylight	Clear	Not a Collision Between Two Motor Vehicles in Transport	No	Traffic Control Signal	2	0	No Injury	NA	41.80297	-71.41891	FALSE	FALSE	"Potters Ave and Broad Street, Providence, RI, USA"	FALSE	-71.4189101	41.802993	intersection	geometric_center	"potters ave & broad st, providence, ri 02905, usa"	NA	NA	NA	NA	41.802993	-71.4189101	Med High	2.560361737
524	2021-05-10	851564	17:00:00	Bicycle	1	NA	FALSE	FALSE	1	MERINO ST	EASTWOOD AVE	5/11/21	"Two-Way , Not Divided"	Dry	Daylight	Clear	Angle (Front - to - Side) Right Angle (Includes Broadside)	"Yes, M/V and Driver Left Scene"	No Controls	2	1	Complains Of Pain	NA	41.81504	-71.45787	FALSE	FALSE	"Merino Street and Eastwood Ave, Providence, RI, USA"	FALSE	-71.4578779	41.815075	intersection	geometric_center	"merino st & eastwood ave, providence, ri 02909, usa"	NA	NA	NA	NA	41.815075	-71.4578779	Med High	3.950927881
522	2021-05-11	851603	15:58:00	Pedestrian	1	NA	FALSE	TRUE	1	SORRENTO ST	WADSWORTH ST	5/11/21	"Two-Way , Not Divided"	Dry	Daylight	Clear	Not a Collision Between Two Motor Vehicles in Transport	No	No Controls	2	1	Complains Of Pain	NA	41.80663	-71.43846	FALSE	FALSE	"Sorrento Street and Wadsworth Street, Providence, RI, USA"	FALSE	-71.4384539	41.806629	intersection	geometric_center	"sorrento st & wadsworth st, providence, ri 02909, usa"	NA	NA	NA	NA	41.806629	-71.4384539	Med High	0.518258896
521	2021-05-12	851670	15:26:00	Bicycle	NA	1	FALSE	FALSE	1	Manton ave	TANYARD LN	5/12/21	"Two-Way, Divided, Unprotected (painted>4feet) Medium"	Dry	Daylight	Clear	"Sideswipe, Same Direction"	No	No Controls	3	1	Complains Of Pain	NA	41.81729	-71.44379	FALSE	FALSE	"Manton Ave and Tanyard Ln, Providence, RI, USA"	FALSE	-71.4440975	41.8175419	intersection	geometric_center	"tanyard ln & manton ave, providence, ri 02909, usa"	NA	NA	NA	NA	41.8175419	-71.4440975	Med High	37.90967459
520	2021-05-15	852927	19:44:00	Pedestrian	1	NA	FALSE	FALSE	1	Lowell Ave	NYE ST	5/16/21	"Two-Way , Not Divided"	Dry	Dark - Lighted	Clear	Not a Collision Between Two Motor Vehicles in Transport	"Yes, M/V and Driver Left Scene"	No Controls	2	0	No Injury	NA	41.81648	-71.46019	FALSE	FALSE	"Lowell Ave and Nye Street, Providence, RI, USA"	FALSE	-71.460381	41.817028	intersection	geometric_center	"nye st & lowell ave, providence, ri 02909, usa"	NA	NA	NA	NA	41.817028	-71.460381	Med High	63.02759237
519	2021-05-16	852911	13:14:00	Pedestrian	1	NA	FALSE	FALSE	1	325 VALLEY ST	TURNER ST	5/16/21	"Two-Way , Not Divided"	Dry	Daylight	Cloudy	Not a Collision Between Two Motor Vehicles in Transport	No	No Controls	3	1	Complains Of Pain	NA	41.82588	-71.43896	TRUE	FALSE	"325 Valley Street, Providence, RI, USA"	FALSE	-71.4379021	41.8259072	premise	rooftop	"325 valley st, providence, ri 02908, usa"	NA	NA	NA	NA	41.8259072	-71.4379021	High	87.80763711
517	2021-05-20	853093	14:56:00	Pedestrian	1	NA	FALSE	FALSE	1	CLARENCE ST	WEBSTER AVE	5/20/21	"Two-Way , Not Divided"	Dry	Daylight	Clear	Not a Collision Between Two Motor Vehicles in Transport	No	Pavement Markings	3	1	Complains Of Pain	NA	41.80999	-71.44906	FALSE	FALSE	"Clarence Street and Webster Ave, Providence, RI, USA"	FALSE	-71.4490339	41.809996	intersection	geometric_center	"clarence st & webster ave, providence, ri 02909, usa"	NA	NA	NA	NA	41.809996	-71.4490339	Med High	2.266257612
518	2021-05-20	853135	19:54:00	Pedestrian	1	NA	FALSE	FALSE	1	Houghton St	Veazie St	5/20/21	"Two-Way , Not Divided"	Dry	Daylight	Clear	Not a Collision Between Two Motor Vehicles in Transport	"Yes, M/V and Driver Left Scene"	No Controls	1	1	Non-Incapacitating	NA	41.85651	-71.43483	FALSE	FALSE	"Houghton Street and Veazie Street, Providence, RI, USA"	FALSE	-71.43417	41.8561992	intersection	geometric_center	"houghton st & veazie st, providence, ri 02904, usa"	NA	NA	NA	NA	41.8561992	-71.43417	Med High	64.74247723
515	2021-05-24	853281	14:41:00	Bicycle	NA	1	FALSE	FALSE	1	CAMP ST	DOYLE AVE	5/24/21	"Two-Way , Not Divided"	Dry	Daylight	Clear	Not a Collision Between Two Motor Vehicles in Transport	No	Stop Signs	2	1	Complains Of Pain	NA	41.8388	-71.40419	FALSE	FALSE	"Camp Street and Doyle Ave, Providence, RI, USA"	FALSE	-71.4041847	41.838804	intersection	geometric_center	"camp st & doyle ave, providence, ri 02906, usa"	NA	NA	NA	NA	41.838804	-71.4041847	Med High	0.625687586
516	2021-05-24	853283	16:23:00	Pedestrian	1	NA	TRUE	FALSE	1	N MAIN ST	DOYLE AVE	5/24/21	"Two-Way , Not Divided"	Dry	Daylight	Clear	Not a Collision Between Two Motor Vehicles in Transport	No	Traffic Control Signal	2	1	Complains Of Pain	NA	41.83835	-71.40923	FALSE	FALSE	"N Main Street and Doyle Ave, Providence, RI, USA"	FALSE	-71.4000972	41.8387695	route	geometric_center	"doyle ave, providence, ri 02906, usa"	"North Main Street & Doyle Ave, Providence, RI, USA"	EjJOb3J0aCBNYWluIFN0cmVldCAmIERveWxlIEF2ZSwgUHJvdmlkZW5jZSwgUkksIFVTQSJmImQKFAoSCXf5vyseReSJETFnB8CyBmhQEhQKEgl3-b8rHkXkiRExZwfAsgZoUBoUChIJ-fpBPd5E5IkRX9etvg1cIz8aFAoSCTmA9zjfROSJEUS_S7ng1zRJIgoNQwfwGBUn0W_V	41.8383683	-71.4092249	41.8383683	-71.4092249	Med	2.080594779
514	2021-05-25	853318	16:07:00	Pedestrian	1	NA	FALSE	FALSE	1	WASHINGTON ST	EDDY ST	5/25/21	"Two-Way , Not Divided"	Dry	Daylight	Clear	Not a Collision Between Two Motor Vehicles in Transport	No	Pavement Markings	2	1	Non-Incapacitating	NA	41.82401	-71.4134	FALSE	FALSE	"Washington Street and Eddy Street, Providence, RI, USA"	FALSE	-71.4072274	41.8059506	route	geometric_center	"eddy st, providence, ri, usa"	"Washington Street & Eddy Street, Providence, RI, USA"	EjRXYXNoaW5ndG9uIFN0cmVldCAmIEVkZHkgU3RyZWV0LCBQcm92aWRlbmNlLCBSSSwgVVNBImYiZAoUChIJYTKH6BNF5IkR5kp7LeyaeroSFAoSCWEyh-gTReSJEeZKey3smnq6GhQKEgmp2s2cEkXkiREaB9CWoxI09hoUChIJO0x4GWdF5IkRbcddUVrUSsgiCg1e1-0YFXYtb9U	41.824035	-71.4134154	41.824035	-71.4134154	Med	3.062194969
512	2021-05-27	853375	10:44:00	Pedestrian	1	NA	FALSE	FALSE	1	SMITH ST	ORMS ST	5/27/21	"Two-Way , Not Divided"	Dry	Daylight	Clear	Other	No	Traffic Control Signal	3	1	Complains Of Pain	NA	41.8338	-71.42207	FALSE	FALSE	"Smith Street and Orms Street, Providence, RI, USA"	FALSE	-71.4219437	41.8337775	intersection	geometric_center	"orms st & smith st, providence, ri 02904, usa"	NA	NA	NA	NA	41.8337775	-71.4219437	Med High	10.77087541
513	2021-05-27	853381	9:08:00	Bicycle	NA	1	FALSE	FALSE	1	Ledge St	Silver Spring St	5/27/21	"Two-Way , Not Divided"	Dry	Daylight	Clear	Not a Collision Between Two Motor Vehicles in Transport	No	Stop Signs	5	1	Complains Of Pain	2	NA	NA	FALSE	FALSE	"Ledge Street and Silver Spring Street, Providence, RI, USA"	FALSE	-71.412629	41.8531992	intersection	geometric_center	"silver spring st & ledge st, providence, ri 02904, usa"	NA	NA	NA	NA	41.8531992	-71.412629	Med High	NA
511	2021-05-30	853479	0:19:00	Pedestrian	1	NA	FALSE	FALSE	1	Francis Street	Fountain Street	5/30/21	"Two-Way , Not Divided"	Wet	Dark - Lighted	Clear	Not a Collision Between Two Motor Vehicles in Transport	"Yes, M/V and Driver Left Scene"	Traffic Control Signal	2	1	Incapacitating	NA	41.82492	-71.41462	FALSE	FALSE	"Francis Street and Fountain Street, Providence, RI, USA"	FALSE	-71.4161507	41.8232429	route	geometric_center	"fountain st, providence, ri, usa"	"Francis Street & Fountain Street, Scranton, SC, USA"	EjNGcmFuY2lzIFN0cmVldCAmIEZvdW50YWluIFN0cmVldCwgU2NyYW50b24sIFNDLCBVU0EiZiJkChQKEgmPjDUaT43_iBHX2ZixABOeIhIUChIJj4w1Gk-N_4gR19mYsQATniIaFAoSCVsPCwRPjf-IETFRxLfMAKuHGhQKEgl1IOXmTo3_iBHC06S-p07haSIKDftsNxQV_UZ30A	33.9176699	-79.7489411	33.9176699	-79.7489411	Med	1143864.24
509	2021-06-02	853631	14:26:00	Pedestrian	1	NA	FALSE	TRUE	1	MANTON AVE	OLNEYVILLE SQ	6/2/21	"Two-Way, Divided, Positive Median Barrier"	Dry	Daylight	Clear	Not a Collision Between Two Motor Vehicles in Transport	"Yes, M/V and Driver Left Scene"	Pavement Markings	2	1	Complains Of Pain	NA	41.81677	-71.44322	FALSE	FALSE	"Manton Ave and Olneyville Sq, Providence, RI, USA"	FALSE	-71.4434849	41.8167835	route	geometric_center	"olneyville square, providence, ri 02909, usa"	NA	NA	NA	NA	41.8167835	-71.4434849	Med	22.02855915
510	2021-06-02	853644	16:31:00	Bicycle	NA	1	FALSE	FALSE	1	BROADWAY	WESTMINSTER ST	6/2/21	"Two-Way , Not Divided"	Dry	Daylight	Clear	"Sideswipe, Same Direction"	No	No Controls	2	1	Complains Of Pain	NA	41.81663	-71.44201	FALSE	FALSE	"Broadway and Westminster Street, Providence, RI, USA"	FALSE	-71.4257801	41.8171825	route	geometric_center	"westminster st, providence, ri, usa"	"Broadway & Westminster Street, Providence, RI, USA"	EjJCcm9hZHdheSAmIFdlc3RtaW5zdGVyIFN0cmVldCwgUHJvdmlkZW5jZSwgUkksIFVTQSJmImQKFAoSCU9CN4WaReSJEVrL1h0eYrSAEhQKEglPQjeFmkXkiRFay9YdHmK0gBoUChIJpbXlhnVF5IkRGsIzsdekb7MaFAoSCf17EuZ0ReSJEcWGNOX-huwAIgoNWb7sGBWC92rV	41.8168409	-71.441011	41.8168409	-71.441011	Med	86.14234691
508	2021-06-03	853666	18:36:00	Pedestrian	1	NA	FALSE	FALSE	1	ROSEDALE ST	MESSER ST	6/3/21	"Two-Way , Not Divided"	Dry	Daylight	Clear	Not a Collision Between Two Motor Vehicles in Transport	No	No Controls	4	0	No Injury	NA	41.81038	-71.4356	FALSE	FALSE	"Rosedale Street and Messer Street, Providence, RI, USA"	FALSE	-71.435204	41.8103679	intersection	geometric_center	"rosedale st & messer st, providence, ri 02909, usa"	NA	NA	NA	NA	41.8103679	-71.435204	Med High	32.88473651
507	2021-06-05	853749	6:29:00	Pedestrian	2	NA	FALSE	FALSE	1	CRANSTON ST	POTTERS AVE	6/5/21	"Two-Way, Divided, Unprotected (painted>4feet) Medium"	Dry	Daylight	Clear	Not a Collision Between Two Motor Vehicles in Transport	"Yes, Driver Left Scene"	No Controls	3	2	Incapacitating	2	41.80471	-71.43816	FALSE	FALSE	"Cranston Street and Potters Ave, Providence, RI, USA"	FALSE	-71.4377905	41.8050672	intersection	geometric_center	"potters ave & cranston st, providence, ri 02909, usa"	NA	NA	NA	NA	41.8050672	-71.4377905	Med High	50.21173317
506	2021-06-06	853801	1:53:00	Pedestrian	1	NA	FALSE	FALSE	1	SILVER SPRING ST	CHARLES ST	6/6/21	"Two-Way, Not Divided With a Continuous Left Turn Lane"	Dry	Dark - Lighted	Clear	Not a Collision Between Two Motor Vehicles in Transport	"Yes, M/V and Driver Left Scene"	Traffic Control Signal	3	1	Complains Of Pain	NA	41.84501	-71.41842	FALSE	FALSE	"Silver Spring Street and Charles Street, Providence, RI, USA"	FALSE	-71.4187064	41.8448189	intersection	geometric_center	"silver spring st & charles st, providence, ri 02904, usa"	NA	NA	NA	NA	41.8448189	-71.4187064	Med High	31.88470887
505	2021-06-08	853952	19:13:00	Bicycle	NA	1	FALSE	FALSE	1	CHAFFEE ST	BAILEY CT	6/8/21	"Two-Way , Not Divided"	Dry	Daylight	Clear	Not a Collision Between Two Motor Vehicles in Transport	No	No Controls	2	1	Non-Incapacitating	NA	41.81931	-71.44445	FALSE	FALSE	"Chaffee Street and Bailey Ct, Providence, RI, USA"	FALSE	-71.4444054	41.8193356	intersection	geometric_center	"bailey ct & chaffee st, providence, ri 02909, usa"	NA	NA	NA	NA	41.8193356	-71.4444054	Med High	4.670297881
504	2021-06-12	854148	22:48:00	Pedestrian	1	NA	FALSE	FALSE	1	Broad Street	Stewart Street	6/12/21	"Two-Way , Not Divided"	Dry	Dark - Lighted	Clear	Not a Collision Between Two Motor Vehicles in Transport	"Yes, M/V and Driver Left Scene"	Traffic Control Signal	1	1	Complains Of Pain	NA	41.81692	-71.41795	FALSE	FALSE	"Broad Street and Stewart Street, Providence, RI, USA"	FALSE	-71.4178923	41.8169459	route	geometric_center	"stewart st, providence, ri 02903, usa"	"Broad Street & Stewart Street, Providence, RI, USA"	EjJCcm9hZCBTdHJlZXQgJiBTdGV3YXJ0IFN0cmVldCwgUHJvdmlkZW5jZSwgUkksIFVTQSJmImQKFAoSCXFyFvVtReSJEfHpf-l8DP4KEhQKEglxchb1bUXkiRHx6X_pfAz-ChoUChIJg9591YxP5IkRLKLKk5hLCKMaFAoSCTcC0IxtReSJEWSrw6cSaSzgIgoNc8LsGBWVfm7V	41.8169459	-71.4178923	41.8169459	-71.4178923	Med	5.588231095
503	2021-06-14	854220	15:06:00	Pedestrian	1	NA	FALSE	FALSE	1	River Ave.	Smith St.	6/14/21	"Two-Way , Not Divided"	Wet	Daylight	Rain	Not a Collision Between Two Motor Vehicles in Transport	No	Traffic Control Signal	2	1	Complains Of Pain	NA	41.84058	-71.44055	FALSE	FALSE	"River Ave. and Smith St., Providence, RI, USA"	FALSE	-71.4405875	41.8406638	intersection	geometric_center	"river ave & smith st, providence, ri 02908, usa"	NA	NA	NA	NA	41.8406638	-71.4405875	Med High	9.833330656
500	2021-06-18	854337	2:10:00	Pedestrian	1	NA	FALSE	FALSE	1	51 Silver Spring Street	Charles Street	6/18/21	Unknown	Dry	Dark - Lighted	Clear	Not a Collision Between Two Motor Vehicles in Transport	"Yes, M/V and Driver Left Scene"	No Controls	1	1	Incapacitating	NA	41.84501	-71.41842	TRUE	FALSE	"51 Silver Spring Street, Providence, RI, USA"	FALSE	-71.4166633	41.8454522	premise	rooftop	"51 silver spring st, providence, ri 02904, usa"	NA	NA	NA	NA	41.8454522	-71.4166633	High	153.7705954
501	2021-06-18	854356	20:06:00	Pedestrian	1	NA	FALSE	FALSE	1	FRANCIS ST	AMERICAN EXPRESS PLZ	6/18/21	"Two-Way , Not Divided"	Dry	Dark - Lighted	Clear	Head-On (Front - to - Front)	"Yes, M/V and Driver Left Scene"	No Controls	1	1	Complains Of Pain	NA	41.82745	-71.41541	FALSE	FALSE	"Francis Street and American Express Plz, Providence, RI, USA"	FALSE	-71.4128343	41.8239891	locality	approximate	"providence, ri, usa"	NA	NA	NA	NA	41.8239891	-71.4128343	Med	440.545949
502	2021-06-18	854362	23:05:00	Pedestrian	1	NA	FALSE	FALSE	1	Broad Street	Fricker Street	6/18/21	"Two-Way , Not Divided"	Dry	Dark - Lighted	Clear	Not a Collision Between Two Motor Vehicles in Transport	"Yes, M/V and Driver Left Scene"	No Controls	1	1	Complains Of Pain	NA	41.81528	-71.42066	FALSE	FALSE	"Broad Street and Fricker Street, Providence, RI, USA"	FALSE	-71.42173	41.8165575	route	geometric_center	"fricker st, providence, ri, usa"	"Broad Street & Fricker Street, Providence, RI, USA"	EjJCcm9hZCBTdHJlZXQgJiBGcmlja2VyIFN0cmVldCwgUHJvdmlkZW5jZSwgUkksIFVTQSJmImQKFAoSCcsO7ptxReSJEe1RgLr0NWTvEhQKEgnLDu6bcUXkiRHtUYC69DVk7xoUChIJg9591YxP5IkRLKLKk5hLCKMaFAoSCaG8FtZzReSJESAHFPqNHvDOIgoNcoXsGBU0FG7V	41.8153842	-71.4206156	41.8153842	-71.4206156	Med	12.17036624
498	2021-06-22	854527	6:27:00	Pedestrian	1	NA	FALSE	FALSE	1	PROMENADE ST	KINSLEY AVE	6/22/21	"Two-Way , Not Divided"	Dry	Daylight	Clear	Not a Collision Between Two Motor Vehicles in Transport	No	Stop Signs	2	1	Complains Of Pain	NA	41.82937	-71.4241	FALSE	FALSE	"Promenade Street and Kinsley Ave, Providence, RI, USA"	FALSE	-71.4231696	41.8292321	intersection	geometric_center	"promenade st & kinsley ave, providence, ri 02908, usa"	NA	NA	NA	NA	41.8292321	-71.4231696	Med High	78.68679832
499	2021-06-22	854593	14:03:00	Pedestrian	1	NA	FALSE	FALSE	1	ABBOTT ST	ROYAL ST	6/23/21	One-Way Trafficway	Wet	Daylight	Rain	Not a Collision Between Two Motor Vehicles in Transport	No	No Controls	2	1	Complains Of Pain	NA	41.81911	-71.3893	FALSE	FALSE	"Abbott Street and Royal Street, Providence, RI, USA"	FALSE	-71.4056432	41.8434195	route	geometric_center	"royal st, providence, ri 02906, usa"	NA	NA	NA	NA	41.8434195	-71.4056432	Med	3026.669711
496	2021-06-23	854579	10:41:00	Bicycle	NA	1	FALSE	FALSE	1	IRVING AVE	BLACKSTONE BLVD	6/23/21	"Two-Way, Divided, Positive Median Barrier"	Dry	Daylight	Clear	Not a Collision Between Two Motor Vehicles in Transport	No	Pavement Markings	4	1	Incapacitating	NA	41.83413	-71.38419	FALSE	FALSE	"Irving Ave and Blackstone Blvd, Providence, RI, USA"	FALSE	-71.3837393	41.8342209	intersection	geometric_center	"irving ave & blackstone blvd, providence, ri 02906, usa"	NA	NA	NA	NA	41.8342209	-71.3837393	Med High	38.72718681
497	2021-06-23	854584	12:45:00	Pedestrian	1	NA	FALSE	FALSE	1	POTTERS AVE	ELMWOOD AVE	6/23/21	"Two-Way , Not Divided"	Dry	Daylight	Clear	Not a Collision Between Two Motor Vehicles in Transport	No	Traffic Control Signal	3	1	Incapacitating	NA	41.80151	-71.42635	FALSE	FALSE	"Potters Ave and Elmwood Ave, Providence, RI, USA"	FALSE	-71.4263655	41.8015172	intersection	geometric_center	"potters ave & elmwood ave, providence, ri 02907, usa"	NA	NA	NA	NA	41.8015172	-71.4263655	Med High	1.515535855
495	2021-06-24	854647	13:21:00	Pedestrian	1	NA	FALSE	FALSE	1	POTTERS AVE	BROAD ST	6/24/21	"Two-Way , Not Divided"	Dry	Daylight	Clear	Not a Collision Between Two Motor Vehicles in Transport	No	Traffic Control Signal	4	1	Non-Incapacitating	NA	41.80297	-71.41891	FALSE	FALSE	"Potters Ave and Broad Street, Providence, RI, USA"	FALSE	-71.4189101	41.802993	intersection	geometric_center	"potters ave & broad st, providence, ri 02905, usa"	NA	NA	NA	NA	41.802993	-71.4189101	Med High	2.560361737
494	2021-06-27	854775	1:00:00	Pedestrian	1	NA	FALSE	FALSE	1	POWER ST	POWER ST	6/27/21	One-Way Trafficway	Dry	Dark - Lighted	Clear	Not a Collision Between Two Motor Vehicles in Transport	"Yes, M/V and Driver Left Scene"	No Controls	3	0	Unknown	NA	41.82266	-71.40536	FALSE	FALSE	"Power Street and Power Street, Providence, RI, USA"	FALSE	-71.3970049	41.8232025	route	geometric_center	"power st, providence, ri, usa"	NA	NA	NA	NA	41.8232025	-71.3970049	Med	695.7341975
493	2021-06-28	854829	10:53:00	Bicycle	NA	1	FALSE	FALSE	2	LENOX AVE	NIAGARA ST	6/28/21	"Two-Way , Not Divided"	Dry	Daylight	Clear	Not a Collision Between Two Motor Vehicles in Transport	No	Stop Signs	4	2	Incapacitating	NA	41.79732	-71.41793	FALSE	FALSE	"Lenox Ave and Niagara Street, Providence, RI, USA"	FALSE	-71.4179306	41.7973363	intersection	geometric_center	"lenox ave & niagara st, providence, ri 02907, usa"	NA	NA	NA	NA	41.7973363	-71.4179306	Med High	1.815190789
492	2021-06-29	854911	22:44:00	Bicycle	NA	1	FALSE	FALSE	1	Smith Street	Chalkstone Ave	6/29/21	"Two-Way , Not Divided"	Dry	Dark - Lighted	Clear	Not a Collision Between Two Motor Vehicles in Transport	"Yes, M/V and Driver Left Scene"	Traffic Control Signal	1	1	Complains Of Pain	NA	41.83521	-71.42565	FALSE	FALSE	"Smith Street and Chalkstone Ave, Providence, RI, USA"	FALSE	-71.4256425	41.8352214	intersection	geometric_center	"chalkstone ave & smith st, providence, ri 02908, usa"	NA	NA	NA	NA	41.8352214	-71.4256425	Med High	1.413300365
491	2021-06-30	854967	16:59:00	Pedestrian	2	NA	TRUE	FALSE	1	ATWELLS AVE	WEEDEN ST	6/30/21	"Two-Way , Not Divided"	Dry	Daylight	Clear	Not a Collision Between Two Motor Vehicles in Transport	"Yes, M/V and Driver Left Scene"	No Controls	3	1	Non-Incapacitating	NA	41.8234	-71.42431	FALSE	FALSE	"Atwells Ave and Weeden Street, Providence, RI, USA"	FALSE	-71.424769	41.8234469	intersection	geometric_center	"weeden st & atwells ave, providence, ri 02903, usa"	NA	NA	NA	NA	41.8234469	-71.424769	Med High	38.43291613
489	2021-07-06	855177	15:04:00	Bicycle	NA	1	FALSE	FALSE	1	CRANSTON ST	FRICKER ST	7/6/21	"Two-Way , Not Divided"	Dry	Daylight	Clear	Angle (Front - to - Side) Same Direction	No	No Controls	3	1	Complains Of Pain	2	41.81695	-71.4226	FALSE	FALSE	"Cranston Street and Fricker Street, Providence, RI, USA"	FALSE	-71.4223096	41.817219	intersection	geometric_center	"cranston st & fricker st, providence, ri 02903, usa"	NA	NA	NA	NA	41.817219	-71.4223096	Med High	38.43381756
490	2021-07-06	855180	17:54:00	Pedestrian	1	NA	FALSE	FALSE	1	ATWELLS AVE	JULIAN ST	7/6/21	"Two-Way , Not Divided"	Dry	Daylight	Cloudy	Not a Collision Between Two Motor Vehicles in Transport	No	No Controls	3	1	Non-Incapacitating	NA	41.82484	-71.44448	FALSE	FALSE	"Atwells Ave and Julian Street, Providence, RI, USA"	FALSE	-71.4446179	41.8248635	intersection	geometric_center	"atwells ave & julian st, providence, ri 02909, usa"	NA	NA	NA	NA	41.8248635	-71.4446179	Med High	11.73464114
488	2021-07-07	855195	1:06:00	Pedestrian	1	NA	FALSE	FALSE	1	Hartford Ave	Olneyville Sq	7/7/21	One-Way Trafficway	Dry	Dark - Lighted	Clear	Not a Collision Between Two Motor Vehicles in Transport	"Yes, M/V and Driver Left Scene"	No Controls	1	1	Complains Of Pain	NA	41.81673	-71.44427	FALSE	FALSE	"Hartford Ave and Olneyville Sq, Providence, RI, USA"	FALSE	-71.4434849	41.8167835	route	geometric_center	"olneyville square, providence, ri 02909, usa"	NA	NA	NA	NA	41.8167835	-71.4434849	Med	65.40698174
487	2021-07-08	855272	18:50:00	Pedestrian	1	NA	FALSE	FALSE	1	HAWKINS ST	BRANCH AVE	7/8/21	"Two-Way , Not Divided"	Wet	Dusk	Rain	Not a Collision Between Two Motor Vehicles in Transport	No	Traffic Control Signal	4	1	Incapacitating	NA	41.8509	-71.42142	FALSE	FALSE	"Hawkins Street and Branch Ave, Providence, RI, USA"	FALSE	-71.4214171	41.8509231	intersection	geometric_center	"hawkins st & branch ave, providence, ri 02904, usa"	NA	NA	NA	NA	41.8509231	-71.4214171	Med High	2.582699273
486	2021-07-10	855348	13:09:00	Pedestrian	1	NA	FALSE	FALSE	1	CRANSTON ST	ALTHEA ST	7/10/21	"Two-Way , Not Divided"	Dry	Daylight	Clear	Not a Collision Between Two Motor Vehicles in Transport	No	No Controls	2	1	Complains Of Pain	NA	41.80773	-71.43508	FALSE	FALSE	"Cranston Street and Althea Street, Providence, RI, USA"	FALSE	-71.4350772	41.807752	intersection	geometric_center	"althea st & cranston st, providence, ri 02907, usa"	NA	NA	NA	NA	41.807752	-71.4350772	Med High	2.460024504
485	2021-07-11	855394	9:28:00	Bicycle	NA	1	FALSE	FALSE	1	LEDGE ST	CHARLES ST	7/11/21	"Two-Way , Not Divided"	Dry	Daylight	Cloudy	Not a Collision Between Two Motor Vehicles in Transport	"Yes, M/V and Driver Left Scene"	No Controls	2	1	Complains Of Pain	NA	41.85325	-71.41996	FALSE	FALSE	"Ledge Street and Charles Street, Providence, RI, USA"	FALSE	-71.4204021	41.8531487	intersection	geometric_center	"charles st & ledge st, providence, ri 02904, usa"	NA	NA	NA	NA	41.8531487	-71.4204021	Med High	38.35291124