row_number	crash_date	crash_report_id	crash_time	collision_type	count_pedestrian	count_bicycle	scooter	wheel_chair	number_of_vehicles	street_or_highway	nearest_intersection	report_date	type_of_roadway	road_surface_condition	light_condition	weather_condition	manner_of_impact	hit_and_run	traffic_control	person_count	injury_count	most_serious_injury	number_of_lanes	lat_raw	lon_raw	has_st_number	is_intersection_null	address_sent_to_geocoder	is_address_blank	lon_api_first_try	lat_api_first_try	type	loctype	address_returned_by_geocoder	address_returned_by_autocomplete	place_ids_autocompleted	lat_api_second_try	lon_api_second_try	lat_api_best	lon_api_best	api_coord_conf	distance_btwn_coords_meters
442	2021-09-03	857672	20:52:00	Pedestrian	1	NA	TRUE	FALSE	1	PLEASANT ST	PLEASANT CT	9/3/21	One-Way Trafficway	Dry	Daylight	Clear	Not a Collision Between Two Motor Vehicles in Transport	"Yes, M/V and Driver Left Scene"	Warning Signs	2	0	No Injury	NA	41.8396	-71.40514	FALSE	FALSE	"Pleasant Street and Pleasant Ct, Providence, RI, USA"	FALSE	-71.4726318	41.8596697	intersection	geometric_center	"pleasant ave & s pleasant st, north providence, ri 02911, usa"	NA	NA	NA	NA	41.8596697	-71.4726318	Med High	6025.995359
441	2021-09-08	857830	17:43:00	Bicycle	NA	1	FALSE	FALSE	1	S WATER ST	NA	9/8/21	One-Way Trafficway	Dry	Daylight	Clear	Angle - Direction Not Specified	No	Traffic Control Signal	2	1	Complains Of Pain	NA	41.81877	-71.4019	FALSE	TRUE	"S Water Street, Providence, RI, USA"	FALSE	-71.4039536	41.8202174	route	geometric_center	"s water st, providence, ri 02903, usa"	NA	NA	NA	NA	41.8202174	-71.4039536	Inaccurate	234.4914025
439	2021-09-11	857914	10:38:00	Pedestrian	1	NA	FALSE	FALSE	1	ATWELLS AVE	EAGLE ST	9/11/21	Unknown	Dry	Daylight	Clear	Other	"Yes, M/V and Driver Left Scene"	No Controls	1	0	No Injury	NA	41.82446	-71.4355	FALSE	FALSE	"Atwells Ave and Eagle Street, Providence, RI, USA"	FALSE	-71.4354014	41.8244572	intersection	geometric_center	"atwells ave & eagle st, providence, ri 02909, usa"	NA	NA	NA	NA	41.8244572	-71.4354014	Med High	8.185233499
440	2021-09-11	857917	16:36:00	Pedestrian	1	NA	FALSE	FALSE	1	MEMORIAL BLVD	WASHINGTON ST	9/11/21	"Two-Way, Divided, Positive Median Barrier"	Dry	Daylight	Clear	Other	No	Traffic Control Signal	3	1	Complains Of Pain	NA	41.82637	-71.41019	FALSE	FALSE	"Memorial Blvd and Washington Street, Providence, RI, USA"	FALSE	-71.4101626	41.8263513	intersection	geometric_center	"memorial blvd & washington st, providence, ri 02903, usa"	NA	NA	NA	NA	41.8263513	-71.4101626	Med High	3.08210267
437	2021-09-12	857938	13:15:00	Bicycle	NA	1	FALSE	FALSE	1	Killingly st	PLAINFIELD ST	9/12/21	"Two-Way, Divided, Unprotected (painted>4feet) Medium"	Dry	Daylight	Clear	Not a Collision Between Two Motor Vehicles in Transport	No	No Controls	2	1	Complains Of Pain	NA	41.81313	-71.45946	FALSE	FALSE	"Killingly Street and Plainfield Street, Providence, RI, USA"	FALSE	-71.4589726	41.8126703	intersection	geometric_center	"killingly st & plainfield st, providence, ri 02909, usa"	NA	NA	NA	NA	41.8126703	-71.4589726	Med High	65.22320268
438	2021-09-12	857942	14:43:00	Pedestrian	1	NA	FALSE	FALSE	1	1049 ATWELLS AVENUE	LYNCH ST	9/12/21	"Two-Way, Divided, Unprotected (painted>4feet) Medium"	Dry	Daylight	Clear	Not a Collision Between Two Motor Vehicles in Transport	No	No Controls	3	1	Incapacitating	NA	41.82525	-71.45239	TRUE	FALSE	"1049 Atwells Avenue, Providence, RI, USA"	FALSE	-71.4526074	41.8254514	premise	rooftop	"1049 atwells ave, providence, ri 02909, usa"	NA	NA	NA	NA	41.8254514	-71.4526074	High	28.77274481
435	2021-09-13	858004	21:57:00	Pedestrian	1	NA	FALSE	FALSE	1	Douglas Ave	Fillmore St	9/13/21	"Two-Way , Not Divided"	Dry	Dark - Lighted	Clear	Other	No	No Controls	2	1	Complains Of Pain	NA	NA	NA	FALSE	FALSE	"Douglas Ave and Fillmore Street, Providence, RI, USA"	FALSE	-71.422311	41.8371944	intersection	geometric_center	"fillmore st & douglas ave, providence, ri 02908, usa"	NA	NA	NA	NA	41.8371944	-71.422311	Med High	NA
436	2021-09-13	858005	21:43:00	Pedestrian	1	NA	FALSE	FALSE	1	N MAIN ST	CEMETERY ST	9/13/21	"Two-Way, Divided, Positive Median Barrier"	Dry	Dark - Lighted	Clear	Other	"Yes, M/V and Driver Left Scene"	No Controls	1	1	Complains Of Pain	NA	41.84859	-71.40405	FALSE	FALSE	"N Main Street and Cemetery Street, Providence, RI, USA"	FALSE	-71.4043938	41.851482	route	geometric_center	"cemetery st, providence, ri 02904, usa"	"North Main Street & Cemetery Street, Providence, RI, USA"	EjhOb3J0aCBNYWluIFN0cmVldCAmIENlbWV0ZXJ5IFN0cmVldCwgUHJvdmlkZW5jZSwgUkksIFVTQSJmImQKFAoSCQXq4fjCROSJEWmmy9KX7dmWEhQKEgkF6uH4wkTkiRFppsvSl-3ZlhoUChIJ-fpBPd5E5IkRX9etvg1cIz8aFAoSCf3n8BbCROSJEatTgueuydGOIgoNAqnxGBX-pnDV	41.8490626	-71.4037506	41.8490626	-71.4037506	Med	58.17346948
433	2021-09-15	858083	18:42:00	Pedestrian	1	NA	FALSE	FALSE	1	CHARLES ST	W RIVER ST	9/15/21	"Two-Way, Divided, Unprotected (painted>4feet) Medium"	Dry	Dark - Lighted	Clear	Not a Collision Between Two Motor Vehicles in Transport	No	Stop Signs	5	1	Incapacitating	NA	41.83961	-71.4164	FALSE	FALSE	"Charles Street and W River Street, Providence, RI, USA"	FALSE	-71.4140946	41.8434958	route	geometric_center	"w river st, providence, ri 02904, usa"	"Charles Street & West River Street, Providence, RI, USA"	EjdDaGFybGVzIFN0cmVldCAmIFdlc3QgUml2ZXIgU3RyZWV0LCBQcm92aWRlbmNlLCBSSSwgVVNBImYiZAoUChIJn_PVYR1F5IkRV_lekQ3QEwQSFAoSCZ_z1WEdReSJEVf5XpEN0BMEGhQKEgl1C85s8UTkiRHLZMsuNVX9MhoUChIJgxzLm-NE5IkRpKt9jzlEBwUiCg0jOPAYFZe3btU	41.8396195	-71.4164329	41.8396195	-71.4164329	Med	2.926324045
434	2021-09-15	858208	15:49:00	Bicycle	NA	1	FALSE	FALSE	1	STEEPLE ST	CANAL ST	9/19/21	One-Way Trafficway	Dry	Daylight	Clear	Not a Collision Between Two Motor Vehicles in Transport	"Yes, M/V and Driver Left Scene"	Traffic Control Signal	1	0	No Injury	NA	41.82718	-71.40991	FALSE	FALSE	"Steeple Street and Canal Street, Providence, RI, USA"	FALSE	-71.409902	41.8271852	intersection	geometric_center	"steeple st & canal st, providence, ri 02903, usa"	NA	NA	NA	NA	41.8271852	-71.409902	Med High	0.880598601
432	2021-09-16	858115	23:32:00	Bicycle	NA	1	FALSE	FALSE	1	BENEVOLENT ST	BROOK ST	9/17/21	"Two-Way , Not Divided"	Dry	Dark - Lighted	Clear	Not a Collision Between Two Motor Vehicles in Transport	"Yes, M/V and Driver Left Scene"	Stop Signs	1	1	Complains Of Pain	NA	41.8249	-71.39892	FALSE	FALSE	"Benevolent Street and Brook Street, Providence, RI, USA"	FALSE	-71.3989516	41.8248965	intersection	geometric_center	"benevolent st & brook st, providence, ri 02906, usa"	NA	NA	NA	NA	41.8248965	-71.3989516	Med High	2.650135686
431	2021-09-18	858172	21:15:00	Bicycle	NA	1	FALSE	FALSE	1	THURBERS AVE	PRAIRIE AVE	9/18/21	"Two-Way , Not Divided"	Dry	Dark - Lighted	Clear	Angle (Front - to - Side) Right Angle (Includes Broadside)	No	Traffic Control Signal	2	0	No Injury	NA	41.79873	-71.41191	FALSE	FALSE	"Thurbers Ave and Prairie Ave, Providence, RI, USA"	FALSE	-71.4119105	41.7987434	intersection	geometric_center	"thurbers ave & prairie ave, providence, ri 02905, usa"	NA	NA	NA	NA	41.7987434	-71.4119105	Med High	1.492258178
430	2021-09-19	858210	18:00:00	Bicycle	NA	1	FALSE	FALSE	1	NORTH MAIN ST	DOYLE AVE	9/19/21	"Two-Way, Divided, Positive Median Barrier"	Dry	Daylight	Clear	Angle (Front - to - Side) Right Angle (Includes Broadside)	No	Traffic Control Signal	9	1	Non-Incapacitating	NA	41.83835	-71.40923	FALSE	FALSE	"North Main Street and Doyle Ave, Providence, RI, USA"	FALSE	-71.4000972	41.8387695	route	geometric_center	"doyle ave, providence, ri 02906, usa"	"North Main Street & Doyle Ave, Providence, RI, USA"	EjJOb3J0aCBNYWluIFN0cmVldCAmIERveWxlIEF2ZSwgUHJvdmlkZW5jZSwgUkksIFVTQSJmImQKFAoSCXf5vyseReSJETFnB8CyBmhQEhQKEgl3-b8rHkXkiRExZwfAsgZoUBoUChIJ-fpBPd5E5IkRX9etvg1cIz8aFAoSCTmA9zjfROSJEUS_S7ng1zRJIgoNQwfwGBUn0W_V	41.8383683	-71.4092249	41.8383683	-71.4092249	Med	2.080594779
429	2021-09-20	858283	19:16:00	Pedestrian	1	NA	FALSE	FALSE	1	BROAD ST	COLFAX ST	9/20/21	"Two-Way , Not Divided"	Dry	Daylight	Clear	Not a Collision Between Two Motor Vehicles in Transport	"Yes, M/V and Driver Left Scene"	No Controls	1	1	Complains Of Pain	NA	41.79888	-71.4155	FALSE	FALSE	"Broad Street and Colfax Street, Providence, RI, USA"	FALSE	-71.4113103	41.7997204	route	geometric_center	"colfax st, providence, ri 02905, usa"	"Broad Street & Colfax Street, Providence, RI, USA"	EjFCcm9hZCBTdHJlZXQgJiBDb2xmYXggU3RyZWV0LCBQcm92aWRlbmNlLCBSSSwgVVNBImYiZAoUChIJh5isVohP5IkRxMiusz9Rtz0SFAoSCYeYrFaIT-SJEcTIrrM_Ubc9GhQKEgmD3n3VjE_kiREsosqTmEsIoxoUChIJWUPFGopP5IkRprcHRHnzEIAiCg1JAOoYFdncbtU	41.7988681	-71.4154791	41.7988681	-71.4154791	Med	2.182455177
428	2021-09-21	858324	12:19:00	Other	NA	NA	FALSE	FALSE	1	CHALKSTONE AVE	ROSEBANK AVE	9/21/21	"Two-Way , Not Divided"	Dry	Daylight	Clear	Not a Collision Between Two Motor Vehicles in Transport	"Yes, M/V and Driver Left Scene"	Stop Signs	3	1	Non-Incapacitating	NA	41.8339	-71.43335	FALSE	FALSE	"Chalkstone Ave and Rosebank Ave, Providence, RI, USA"	FALSE	-71.4333511	41.8339277	intersection	geometric_center	"chalkstone ave & rosebank ave, providence, ri 02908, usa"	NA	NA	NA	NA	41.8339277	-71.4333511	Med High	3.084899352
427	2021-09-23	858444	5:43:00	Pedestrian	1	NA	FALSE	FALSE	1	Grosvenor Ave	Chalkstone Ave	9/23/21	"Two-Way , Not Divided"	Dry	Dark - Lighted	Clear	Not a Collision Between Two Motor Vehicles in Transport	No	Stop Signs	3	1	Complains Of Pain	NA	41.83239	-71.43954	FALSE	FALSE	"Grosvenor Ave and Chalkstone Ave, Providence, RI, USA"	FALSE	-71.439537	41.8323976	intersection	geometric_center	"grosvenor ave & chalkstone ave, providence, ri 02908, usa"	NA	NA	NA	NA	41.8323976	-71.439537	Med High	0.881862251
425	2021-09-27	860540	7:26:00	Pedestrian	1	NA	FALSE	FALSE	1	ATWELLS AVE	BRADFORD ST	9/27/21	"Two-Way , Not Divided"	Dry	Daylight	Clear	Not a Collision Between Two Motor Vehicles in Transport	No	Flashing Traffic Control Signal	4	1	Incapacitating	NA	41.82324	-71.42195	FALSE	FALSE	"Atwells Ave and Bradford Street, Providence, RI, USA"	FALSE	-71.4217897	41.8232404	intersection	geometric_center	"atwells ave & bradford st, providence, ri 02903, usa"	NA	NA	NA	NA	41.8232404	-71.4217897	Med High	13.29790625
426	2021-09-27	860604	22:22:00	Pedestrian	1	NA	FALSE	FALSE	1	Plain St	PUBLIC ST	9/27/21	"Two-Way , Not Divided"	Dry	Dark - Lighted	Clear	Unknown	"Yes, M/V and Driver Left Scene"	Stop Signs	1	1	Non-Incapacitating	NA	41.80666	-71.40998	FALSE	FALSE	"Plain Street and Public Street, Providence, RI, USA"	FALSE	-71.40998	41.8066822	intersection	geometric_center	"public st & plain st, providence, ri 02905, usa"	NA	NA	NA	NA	41.8066822	-71.40998	Med High	2.471292696
421	2021-10-01	860829	16:53:00	Pedestrian	1	NA	FALSE	FALSE	1	FRANCIS ST	GASPEE ST	10/1/21	"Two-Way, Divided, Positive Median Barrier"	Dry	Daylight	Clear	Not a Collision Between Two Motor Vehicles in Transport	No	Traffic Control Signal	2	0	No Injury	NA	41.82897	-71.4153	FALSE	FALSE	"Francis Street and Gaspee Street, Providence, RI, USA"	FALSE	-71.413218	41.8298918	route	geometric_center	"gaspee st, providence, ri 02903, usa"	NA	NA	NA	NA	41.8298918	-71.413218	Med	200.8833518
422	2021-10-01	860830	16:48:00	Pedestrian	1	NA	FALSE	FALSE	1	EXIT 22A (RT )	FRANCIS ST	10/1/21	"Two-Way, Divided, Positive Median Barrier"	Dry	Daylight	Clear	Not a Collision Between Two Motor Vehicles in Transport	"Yes, M/V and Driver Left Scene"	Traffic Control Signal	1	1	Complains Of Pain	NA	41.82577	-71.41527	FALSE	FALSE	"Exit 22a (Rt ) and Francis Street, Providence, RI, USA"	FALSE	-71.4153409	41.8284747	route	geometric_center	"francis st, providence, ri, usa"	NA	NA	NA	NA	41.8284747	-71.4153409	Med	301.1432612
423	2021-10-01	860837	20:40:00	Bicycle	NA	1	FALSE	FALSE	1	WESTMINSTER ST	BATTEY ST	10/1/21	"Two-Way , Not Divided"	Dry	Dark - Lighted	Clear	Not a Collision Between Two Motor Vehicles in Transport	"Yes, M/V and Driver Left Scene"	No Controls	2	1	Incapacitating	NA	41.81724	-71.42463	FALSE	FALSE	"Westminster Street and Battey Street, Providence, RI, USA"	FALSE	-71.4246276	41.8172544	intersection	geometric_center	"battey st & westminster st, providence, ri 02903, usa"	NA	NA	NA	NA	41.8172544	-71.4246276	Med High	1.615319489
424	2021-10-01	860842	22:36:00	Pedestrian	1	NA	FALSE	FALSE	1	Smith st	CHALKSTONE AVE	10/2/21	"Two-Way , Not Divided"	Dry	Dark - Lighted	Clear	Not a Collision Between Two Motor Vehicles in Transport	No	Traffic Control Signal	2	1	Complains Of Pain	NA	41.83521	-71.42565	FALSE	FALSE	"Smith Street and Chalkstone Ave, Providence, RI, USA"	FALSE	-71.4256425	41.8352214	intersection	geometric_center	"chalkstone ave & smith st, providence, ri 02908, usa"	NA	NA	NA	NA	41.8352214	-71.4256425	Med High	1.413300365
420	2021-10-02	860857	15:46:00	Pedestrian	1	NA	FALSE	FALSE	1	DOUGLAS AVE	WHIPPLE ST	10/2/21	"Two-Way , Not Divided"	Dry	Daylight	Clear	Not a Collision Between Two Motor Vehicles in Transport	No	Pavement Markings	2	1	Non-Incapacitating	NA	41.83685	-71.42154	FALSE	FALSE	"Douglas Ave and Whipple Street, Providence, RI, USA"	FALSE	-71.4215517	41.8368745	intersection	geometric_center	"whipple st & douglas ave, providence, ri 02908, usa"	NA	NA	NA	NA	41.8368745	-71.4215517	Med High	2.894813997
419	2021-10-05	861020	19:09:00	Bicycle	NA	1	FALSE	FALSE	1	VALLEY ST	RIVER AVE	10/5/21	"Two-Way, Divided, Unprotected (painted>4feet) Medium"	Dry	Dark - Lighted	Clear	Not a Collision Between Two Motor Vehicles in Transport	"Yes, M/V and Driver Left Scene"	No Controls	1	1	Complains Of Pain	NA	41.82796	-71.43516	FALSE	FALSE	"Valley Street and River Ave, Providence, RI, USA"	FALSE	-71.435152	41.827984	intersection	geometric_center	"valley st & river ave, providence, ri 02908, usa"	NA	NA	NA	NA	41.827984	-71.435152	Med High	2.752847851
418	2021-10-08	861146	18:32:00	Pedestrian	1	NA	TRUE	FALSE	2	COLLEGE ST	SOUTH MAIN ST	10/8/21	"Two-Way , Not Divided"	Dry	Daylight	Clear	"Sideswipe, Same Direction"	"Yes, M/V and Driver Left Scene"	Pavement Markings	6	1	Non-Incapacitating	NA	41.82564	-71.40785	FALSE	FALSE	"College Street and South Main Street, Providence, RI, USA"	FALSE	-71.4037098	41.8208275	route	geometric_center	"s main st, providence, ri 02903, usa"	"College Street & South Main Street, Providence, RI, USA"	EjdDb2xsZWdlIFN0cmVldCAmIFNvdXRoIE1haW4gU3RyZWV0LCBQcm92aWRlbmNlLCBSSSwgVVNBImYiZAoUChIJD1urSRZF5IkRzGbOghZosXsSFAoSCQ9bq0kWReSJEcxmzoIWaLF7GhQKEgnR5cstFkXkiRH1TvxbNfBkPhoUChIJxfz7Uz5F5IkRx3FZv-YChPQiCg2TF-4YFdUHcNU	41.8256787	-71.4078251	41.8256787	-71.4078251	Med	4.777636172
417	2021-10-12	861288	19:02:00	Pedestrian	1	NA	FALSE	FALSE	1	ELMWOOD AVE	DARTMOUTH AVE	10/12/21	"Two-Way , Not Divided"	Dry	Dark - Lighted	Clear	Not a Collision Between Two Motor Vehicles in Transport	No	No Controls	2	0	No Injury	NA	41.80839	-71.42469	FALSE	FALSE	"Elmwood Ave and Dartmouth Ave, Providence, RI, USA"	FALSE	-71.4247037	41.8084548	intersection	geometric_center	"dartmouth ave & elmwood ave, providence, ri 02907, usa"	NA	NA	NA	NA	41.8084548	-71.4247037	Med High	7.302523285
415	2021-10-13	861308	13:33:00	Pedestrian	1	NA	FALSE	FALSE	1	WICKHAM ST	BROAD ST	10/13/21	"Two-Way , Not Divided"	Dry	Daylight	Clear	Not a Collision Between Two Motor Vehicles in Transport	No	Stop Signs	3	1	Complains Of Pain	NA	41.81579	-71.41998	FALSE	FALSE	"Wickham Street and Broad Street, Providence, RI, USA"	FALSE	-71.4200845	41.8159698	intersection	geometric_center	"wickham st & broad st, providence, ri 02903, usa"	NA	NA	NA	NA	41.8159698	-71.4200845	Med High	21.81231254
416	2021-10-13	861328	16:39:00	Other	NA	1	TRUE	FALSE	1	PUBLIC ST	TAYLOR ST	10/13/21	"Two-Way , Not Divided"	Dry	Daylight	Clear	Not a Collision Between Two Motor Vehicles in Transport	No	No Controls	2	1	Complains Of Pain	NA	41.80503	-71.41708	FALSE	FALSE	"Public Street and Taylor Street, Providence, RI, USA"	FALSE	-71.4170642	41.805035	intersection	geometric_center	"taylor st & public st, providence, ri 02907, usa"	NA	NA	NA	NA	41.805035	-71.4170642	Med High	1.42433174
414	2021-10-14	861388	18:24:00	Bicycle	NA	1	FALSE	FALSE	1	CRANSTON ST	WAVERLY ST	10/14/21	"Two-Way , Not Divided"	Dry	Dark - Lighted	Clear	Not a Collision Between Two Motor Vehicles in Transport	No	Pavement Markings	4	1	Non-Incapacitating	NA	41.80845	-71.43444	FALSE	FALSE	"Cranston Street and Waverly Street, Providence, RI, USA"	FALSE	-71.4345674	41.8083361	intersection	geometric_center	"cranston st & waverly st, providence, ri 02907, usa"	NA	NA	NA	NA	41.8083361	-71.4345674	Med High	16.50791104
413	2021-10-16	861449	17:49:00	Pedestrian	1	NA	FALSE	FALSE	1	74 CONCORD ST	CONCORD ST	10/16/21	"Two-Way , Not Divided"	Dry	Daylight	Cloudy	Not a Collision Between Two Motor Vehicles in Transport	No	No Controls	2	1	Non-Incapacitating	NA	41.85337	-71.40322	TRUE	FALSE	"74 Concord Street, Providence, RI, USA"	FALSE	-71.4032925	41.85355	premise	rooftop	"74 concord st, providence, ri 02904, usa"	NA	NA	NA	NA	41.85355	-71.4032925	High	20.91983359
412	2021-10-17	861508	21:39:00	Pedestrian	1	NA	FALSE	FALSE	1	Dexter Street	SPRAGUE ST	10/17/21	"Two-Way , Not Divided"	Dry	Dark - Lighted	Clear	Not a Collision Between Two Motor Vehicles in Transport	"Yes, M/V and Driver Left Scene"	No Controls	1	1	Complains Of Pain	NA	41.80977	-71.42834	FALSE	FALSE	"Dexter Street and Sprague Street, Providence, RI, USA"	FALSE	-71.428322	41.809742	intersection	geometric_center	"sprague st & dexter st, providence, ri 02907, usa"	NA	NA	NA	NA	41.809742	-71.428322	Med High	3.456292076
409	2021-10-18	861534	13:05:00	Pedestrian	1	NA	FALSE	TRUE	1	ELMWOOD AVE	ROGER WILLIAMS AVE	10/18/21	"Two-Way, Divided, Positive Median Barrier"	Dry	Daylight	Clear	Not a Collision Between Two Motor Vehicles in Transport	No	Traffic Control Signal	3	1	Complains Of Pain	NA	41.78878	-71.42116	FALSE	FALSE	"Elmwood Ave and Roger Williams Ave, Providence, RI, USA"	FALSE	-71.4209033	41.7885278	intersection	geometric_center	"roger williams ave & elmwood ave, providence, ri 02907, usa"	NA	NA	NA	NA	41.7885278	-71.4209033	Med High	35.24415669
410	2021-10-18	861536	14:24:00	Bicycle	NA	1	FALSE	FALSE	1	ELMWOOD AVE	PRINCETON AVE	10/18/21	"Two-Way , Not Divided"	Dry	Daylight	Clear	Not a Collision Between Two Motor Vehicles in Transport	No	No Controls	3	1	Complains Of Pain	NA	41.80556	-71.42517	FALSE	FALSE	"Elmwood Ave and Princeton Ave, Providence, RI, USA"	FALSE	-71.4252446	41.8053667	intersection	geometric_center	"princeton ave & elmwood ave, providence, ri 02907, usa"	NA	NA	NA	NA	41.8053667	-71.4252446	Med High	22.39075098
411	2021-10-18	861566	18:01:00	Pedestrian	1	NA	FALSE	FALSE	1	ROGER WILLIAMS AVE	ELMWOOD AVE	10/18/21	"Two-Way , Not Divided"	Dry	Dusk	Clear	Not a Collision Between Two Motor Vehicles in Transport	"Yes, M/V and Driver Left Scene"	Traffic Control Signal	1	1	Complains Of Pain	NA	41.78851	-71.42102	FALSE	FALSE	"Roger Williams Ave and Elmwood Ave, Providence, RI, USA"	FALSE	-71.4209033	41.7885278	intersection	geometric_center	"roger williams ave & elmwood ave, providence, ri 02907, usa"	NA	NA	NA	NA	41.7885278	-71.4209033	Med High	9.886799377
408	2021-10-20	861659	17:51:00	Pedestrian	1	NA	FALSE	FALSE	1	WASHINGTON ST	EMPIRE ST	10/20/21	"Two-Way , Not Divided"	Dry	Dark - Lighted	Clear	"Sideswipe, Same Direction"	No	Traffic Control Signal	2	1	Complains Of Pain	NA	41.82198	-71.41623	FALSE	FALSE	"Washington Street and Empire Street, Providence, RI, USA"	FALSE	-71.4157797	41.821349	route	geometric_center	"empire st, providence, ri 02903, usa"	"Washington Street & Empire Street, Providence, RI, USA"	EjZXYXNoaW5ndG9uIFN0cmVldCAmIEVtcGlyZSBTdHJlZXQsIFByb3ZpZGVuY2UsIFJJLCBVU0EiZiJkChQKEgmNpp3sEkXkiRHnvAEsqcaDvRIUChIJjaad7BJF5IkR57wBLKnGg70aFAoSCanazZwSReSJERoH0JajEjT2GhQKEgnHPO_pEkXkiRGhxI4iuiomFSIKDWmC7RgVI7hu1Q	41.8218601	-71.4164189	41.8218601	-71.4164189	Med	20.58442552
407	2021-10-22	861720	21:03:00	Pedestrian	1	NA	FALSE	FALSE	1	THAYER ST	ANGELL ST	10/22/21	One-Way Trafficway	Dry	Dark - Lighted	Clear	Not a Collision Between Two Motor Vehicles in Transport	"Yes, M/V and Driver Left Scene"	Traffic Control Signal	1	1	Complains Of Pain	NA	41.82812	-71.40066	FALSE	FALSE	"Thayer Street and Angell Street, Providence, RI, USA"	FALSE	-71.4006581	41.8280973	intersection	geometric_center	"thayer st & angell st, providence, ri 02906, usa"	NA	NA	NA	NA	41.8280973	-71.4006581	Med High	2.531862502
406	2021-10-23	861454	20:14:00	Bicycle	NA	1	FALSE	FALSE	1	WESTMINSTER ST	DEXTER ST	10/16/21	"Two-Way , Not Divided"	Dry	Dark - Lighted	Clear	Not a Collision Between Two Motor Vehicles in Transport	No	Other	2	1	Non-Incapacitating	NA	41.81659	-71.43134	FALSE	FALSE	"Westminster Street and Dexter Street, Providence, RI, USA"	FALSE	-71.4313462	41.8166033	intersection	geometric_center	"dexter st & westminster st, providence, ri 02909, usa"	NA	NA	NA	NA	41.8166033	-71.4313462	Med High	1.567358535
405	2021-10-29	863666	13:00:00	Pedestrian	1	NA	FALSE	FALSE	1	BRANCH AVE	SILVER SPRING ST	11/25/21	"Two-Way , Not Divided"	Dry	Daylight	Clear	Other	"Yes, M/V and Driver Left Scene"	No Controls	2	1	Complains Of Pain	NA	41.84782	-71.41467	FALSE	FALSE	"Branch Ave and Silver Spring Street, Providence, RI, USA"	FALSE	-71.4147046	41.8478499	intersection	geometric_center	"silver spring st & branch ave, providence, ri 02904, usa"	NA	NA	NA	NA	41.8478499	-71.4147046	Med High	4.394399083
403	2021-10-30	862064	18:33:00	Pedestrian	1	NA	FALSE	FALSE	1	OAKLAND AVE	SMITH ST	10/30/21	"Two-Way , Not Divided"	Wet	Dark - Lighted	Rain	Not a Collision Between Two Motor Vehicles in Transport	No	Traffic Control Signal	2	1	Complains Of Pain	NA	41.83623	-71.43046	FALSE	FALSE	"Oakland Ave and Smith Street, Providence, RI, USA"	FALSE	-71.430455	41.8362474	intersection	geometric_center	"oakland ave & smith st, providence, ri 02908, usa"	NA	NA	NA	NA	41.8362474	-71.430455	Med High	1.980854086
404	2021-10-30	862096	22:54:00	Pedestrian	1	NA	FALSE	FALSE	1	SMITHFIELD AVE	SMITHFIELD AVE	10/31/21	One-Way Trafficway	Wet	Dark - Lighted	Rain	Not a Collision Between Two Motor Vehicles in Transport	"Yes, M/V and Driver Left Scene"	Traffic Control Signal	1	1	Complains Of Pain	NA	41.8558	-71.40766	FALSE	FALSE	"Smithfield Ave and Smithfield Ave, Providence, RI, USA"	FALSE	-71.4524031	41.8563993	intersection	geometric_center	"smithfield rd & smithfield ave, north providence, ri 02904, usa"	NA	NA	NA	NA	41.8563993	-71.4524031	Med High	3710.398732
401	2021-11-01	862162	15:18:00	Pedestrian	1	NA	FALSE	FALSE	1	KILLINGLY ST	HARTFORD AVE	11/1/21	"Two-Way , Not Divided"	Dry	Daylight	Clear	Not a Collision Between Two Motor Vehicles in Transport	No	No Controls	3	0	No Injury	NA	41.81984	-71.46884	FALSE	FALSE	"Killingly Street and Hartford Ave, Providence, RI, USA"	FALSE	-71.4689352	41.8200273	intersection	geometric_center	"killingly st & hartford ave, providence, ri 02909, usa"	NA	NA	NA	NA	41.8200273	-71.4689352	Med High	22.295824
402	2021-11-01	862164	16:01:00	Pedestrian	1	NA	FALSE	FALSE	1	HARVARD AVE	TAYLOR ST	11/1/21	"Two-Way , Not Divided"	Dry	Daylight	Clear	Not a Collision Between Two Motor Vehicles in Transport	"Yes, M/V and Driver Left Scene"	No Controls	3	1	Non-Incapacitating	NA	41.80862	-71.4188	FALSE	FALSE	"Harvard Ave and Taylor Street, Providence, RI, USA"	FALSE	-71.4179224	41.8086357	intersection	geometric_center	"taylor st & harvard ave, providence, ri 02907, usa"	NA	NA	NA	NA	41.8086357	-71.4179224	Med High	72.83968529
400	2021-11-03	862247	11:29:00	Pedestrian	1	NA	FALSE	FALSE	1	HOPKINS ST	BENEFIT ST	11/3/21	"Two-Way , Not Divided"	Dry	Daylight	Clear	Not a Collision Between Two Motor Vehicles in Transport	No	No Controls	3	1	Complains Of Pain	NA	41.82533	-71.40635	FALSE	FALSE	"Hopkins Street and Benefit Street, Providence, RI, USA"	FALSE	-71.4063437	41.8253424	intersection	geometric_center	"hopkins st & benefit st, providence, ri 02903, usa"	NA	NA	NA	NA	41.8253424	-71.4063437	Med High	1.475979156