row_number	crash_date	crash_report_id	crash_time	collision_type	count_pedestrian	count_bicycle	scooter	wheel_chair	number_of_vehicles	street_or_highway	nearest_intersection	report_date	type_of_roadway	road_surface_condition	light_condition	weather_condition	manner_of_impact	hit_and_run	traffic_control	person_count	injury_count	most_serious_injury	number_of_lanes	lat_raw	lon_raw	has_st_number	is_intersection_null	address_sent_to_geocoder	is_address_blank	lon_api_first_try	lat_api_first_try	type	loctype	address_returned_by_geocoder	address_returned_by_autocomplete	place_ids_autocompleted	lat_api_second_try	lon_api_second_try	lat_api_best	lon_api_best	api_coord_conf	distance_btwn_coords_meters
399	2021-11-05	862376	21:06:00	Pedestrian	1	NA	FALSE	FALSE	1	SAYLES ST	PRAIRIE AVE	11/5/21	"Two-Way , Not Divided"	Dry	Dark - Lighted	Clear	Not a Collision Between Two Motor Vehicles in Transport	No	No Controls	3	1	Complains Of Pain	NA	41.80264	-71.41358	FALSE	FALSE	"Sayles Street and Prairie Ave, Providence, RI, USA"	FALSE	-71.4135678	41.8026518	intersection	geometric_center	"sayles st & prairie ave, providence, ri 02905, usa"	NA	NA	NA	NA	41.8026518	-71.4135678	Med High	1.658431361
398	2021-11-06	862395	15:40:00	Pedestrian	1	NA	FALSE	FALSE	1	EDGEHILL RD	SUMMIT AVE	11/6/21	"Two-Way , Not Divided"	Dry	Daylight	Clear	Angle (Front - to - Side) Right Angle (Includes Broadside)	No	No Controls	3	1	Complains Of Pain	NA	41.84876	-71.39794	FALSE	FALSE	"Edgehill Rd and Summit Ave, Providence, RI, USA"	FALSE	-71.3978943	41.8487776	intersection	geometric_center	"edgehill rd & summit ave, providence, ri 02906, usa"	NA	NA	NA	NA	41.8487776	-71.3978943	Med High	4.266077653
397	2021-11-07	862410	8:29:00	Pedestrian	1	NA	FALSE	FALSE	1	ATWELLS AVE	DEAN ST	11/7/21	"Two-Way , Not Divided"	Dry	Daylight	Clear	Not a Collision Between Two Motor Vehicles in Transport	No	Traffic Control Signal	2	1	Incapacitating	NA	41.82339	-71.4242	FALSE	FALSE	"Atwells Ave and Dean Street, Providence, RI, USA"	FALSE	-71.4242155	41.8234078	intersection	geometric_center	"atwells ave & dean st, providence, ri 02903, usa"	NA	NA	NA	NA	41.8234078	-71.4242155	Med High	2.36211906
396	2021-11-08	862467	8:10:00	Pedestrian	1	NA	FALSE	FALSE	1	BLACKSTONE BLVD	EAST AVE	11/8/21	"Two-Way, Divided, Positive Median Barrier"	Dry	Daylight	Clear	Not a Collision Between Two Motor Vehicles in Transport	No	No Controls	3	1	Complains Of Pain	NA	41.85657	-71.39103	FALSE	FALSE	"Blackstone Blvd and East Ave, Providence, RI, USA"	FALSE	-71.3870926	41.8450883	route	geometric_center	"blackstone blvd, providence, ri 02906, usa"	NA	NA	NA	NA	41.8450883	-71.3870926	Med	1319.17769
392	2021-11-09	862511	6:04:00	Other	1	NA	TRUE	FALSE	1	Hartford Ave	Plainfield Street	11/9/21	"Two-Way , Not Divided"	Dry	Dawn	Clear	Not a Collision Between Two Motor Vehicles in Transport	No	No Controls	3	1	Complains Of Pain	NA	41.81668	-71.44385	FALSE	FALSE	"Hartford Ave and Plainfield Street, Providence, RI, USA"	FALSE	-71.4439262	41.8166626	intersection	geometric_center	"plainfield st & hartford ave, providence, ri 02909, usa"	NA	NA	NA	NA	41.8166626	-71.4439262	Med High	6.61196527
393	2021-11-09	862555	17:47:00	Pedestrian	1	NA	FALSE	FALSE	1	ADELAIDE AVE	HAMILTON ST	11/9/21	"Two-Way , Not Divided"	Dry	Dark - Not Lighted	Clear	Not a Collision Between Two Motor Vehicles in Transport	No	Stop Signs	3	1	Complains Of Pain	NA	41.80357	-71.42571	FALSE	FALSE	"Adelaide Ave and Hamilton Street, Providence, RI, USA"	FALSE	-71.4201379	41.7973969	intersection	geometric_center	"adelaide ave & hamilton st, providence, ri 02907, usa"	NA	NA	NA	NA	41.7973969	-71.4201379	Med High	828.2762058
394	2021-11-09	862561	20:51:00	Pedestrian	1	NA	FALSE	FALSE	1	7 Pemberton St.	Roanoke St.	11/9/21	"Two-Way , Not Divided"	Dry	Dark - Lighted	Clear	Not a Collision Between Two Motor Vehicles in Transport	"Yes, M/V and Driver Left Scene"	No Controls	2	1	Complains Of Pain	NA	41.83136	-71.44589	TRUE	FALSE	"7 Pemberton St., Providence, RI, USA"	FALSE	-71.4460263	41.8311672	premise	rooftop	"7 pemberton st, providence, ri 02908, usa"	NA	NA	NA	NA	41.8311672	-71.4460263	High	24.2579521
395	2021-11-09	862566	21:45:00	Pedestrian	1	NA	FALSE	FALSE	1	HAGAN ST	MENDON ST	11/9/21	"Two-Way , Not Divided"	Dry	Dark - Lighted	Clear	Not a Collision Between Two Motor Vehicles in Transport	"Yes, M/V and Driver Left Scene"	No Controls	1	1	Complains Of Pain	NA	41.85692	-71.4224	FALSE	FALSE	"Hagan Street and Mendon Street, Providence, RI, USA"	FALSE	-71.4226281	41.8556752	route	geometric_center	"mendon st, providence, ri 02904, usa"	NA	NA	NA	NA	41.8556752	-71.4226281	Med	139.8551593
391	2021-11-10	862644	17:22:00	Pedestrian	1	NA	FALSE	FALSE	1	Waterman St	WAYLAND AVE	11/10/21	"Two-Way , Not Divided"	Dry	Dark - Lighted	Clear	Not a Collision Between Two Motor Vehicles in Transport	"Yes, M/V and Driver Left Scene"	Traffic Control Signal	1	1	Non-Incapacitating	NA	41.8286	-71.38838	FALSE	FALSE	"Waterman Street and Wayland Ave, Providence, RI, USA"	FALSE	-71.3883533	41.8286345	intersection	geometric_center	"wayland ave & waterman st, providence, ri 02906, usa"	NA	NA	NA	NA	41.8286345	-71.3883533	Med High	4.433358893
388	2021-11-17	863090	8:53:00	Pedestrian	1	NA	FALSE	FALSE	1	POINT ST	CHESTNUT ST	11/17/21	"Two-Way , Not Divided"	Dry	Daylight	Clear	Not a Collision Between Two Motor Vehicles in Transport	No	Stop Signs	3	1	Complains Of Pain	NA	41.81626	-71.408	FALSE	FALSE	"Point Street and Chestnut Street, Providence, RI, USA"	FALSE	-71.4080073	41.8162631	intersection	geometric_center	"point st & chestnut st, providence, ri 02903, usa"	NA	NA	NA	NA	41.8162631	-71.4080073	Med High	0.697059672
389	2021-11-17	863106	9:52:00	Pedestrian	1	NA	FALSE	FALSE	1	Empire St	Broad St	11/17/21	"Two-Way , Not Divided"	Dry	Daylight	Clear	Not a Collision Between Two Motor Vehicles in Transport	No	Traffic Control Signal	3	1	Complains Of Pain	2	NA	NA	FALSE	FALSE	"Empire Street and Broad Street, Providence, RI, USA"	FALSE	-71.4143573	41.8200721	intersection	geometric_center	"empire st & broad st, providence, ri 02903, usa"	NA	NA	NA	NA	41.8200721	-71.4143573	Med High	NA
390	2021-11-17	863136	19:24:00	Pedestrian	1	NA	FALSE	FALSE	1	ELMWOOD AVE	ARCH ST	11/18/21	"Two-Way , Not Divided"	Dry	Dark - Lighted	Clear	Not a Collision Between Two Motor Vehicles in Transport	"Yes, M/V and Driver Left Scene"	No Controls	1	1	Complains Of Pain	2	41.81206	-71.42258	FALSE	FALSE	"Elmwood Ave and Arch Street, Providence, RI, USA"	FALSE	-71.4225885	41.8120767	intersection	geometric_center	"arch st & elmwood ave, providence, ri 02907, usa"	NA	NA	NA	NA	41.8120767	-71.4225885	Med High	1.988312858
387	2021-11-18	863175	8:28:00	Pedestrian	1	NA	FALSE	FALSE	1	POWER ST	THAYER ST	11/18/21	"Two-Way , Not Divided"	Dry	Daylight	Clear	Not a Collision Between Two Motor Vehicles in Transport	No	Stop Signs	3	1	Complains Of Pain	NA	41.82295	-71.40009	FALSE	FALSE	"Power Street and Thayer Street, Providence, RI, USA"	FALSE	-71.4000173	41.8229706	intersection	geometric_center	"thayer st & power st, providence, ri 02912, usa"	NA	NA	NA	NA	41.8229706	-71.4000173	Med High	6.4521846
386	2021-11-19	863301	22:40:00	Pedestrian	1	NA	FALSE	FALSE	1	Broad Street	Central Street	11/19/21	"Two-Way, Divided, Positive Median Barrier"	Dry	Dark - Lighted	Clear	Not a Collision Between Two Motor Vehicles in Transport	No	No Controls	5	1	Incapacitating	2	NA	NA	FALSE	FALSE	"Broad Street and Central Street, Providence, RI, USA"	FALSE	-71.3870525	41.8858281	intersection	geometric_center	"broad st & central st, central falls, ri 02863, usa"	NA	NA	NA	NA	41.8858281	-71.3870525	Med High	NA
385	2021-11-20	863341	14:05:00	Pedestrian	1	NA	FALSE	FALSE	1	ACADEMY AVE	LINTON ST	11/20/21	"Two-Way , Not Divided"	Dry	Daylight	Clear	Not a Collision Between Two Motor Vehicles in Transport	No	No Controls	3	1	Complains Of Pain	NA	41.83114	-71.44434	FALSE	FALSE	"Academy Ave and Linton Street, Providence, RI, USA"	FALSE	-71.4443852	41.831444	intersection	geometric_center	"linton st & academy ave, providence, ri 02908, usa"	NA	NA	NA	NA	41.831444	-71.4443852	Med High	34.04816839
384	2021-11-22	863478	8:28:00	Pedestrian	1	NA	FALSE	FALSE	1	Broadway	Knight St	11/22/21	"Two-Way , Not Divided"	Wet	Daylight	Rain	Not a Collision Between Two Motor Vehicles in Transport	No	No Controls	2	1	Complains Of Pain	2	NA	NA	FALSE	FALSE	"Broadway and Knight Street, Providence, RI, USA"	FALSE	-71.4298401	41.8202496	route	geometric_center	"knight st, providence, ri, usa"	"Broadway & Knight Street, Providence, RI, USA"	Ei1Ccm9hZHdheSAmIEtuaWdodCBTdHJlZXQsIFByb3ZpZGVuY2UsIFJJLCBVU0EiZiJkChQKEgmvZYGEdUXkiRHAVmwJ-u4XKRIUChIJr2WBhHVF5IkRwFZsCfruFykaFAoSCaW15YZ1ReSJERrCM7HXpG-zGhQKEgkPqvF6dUXkiRGsZxyELkktfCIKDcQy7RgVV79s1Q	41.8198212	-71.4293417	41.8198212	-71.4293417	Med	NA
381	2021-11-24	863608	14:12:00	Pedestrian	1	NA	FALSE	FALSE	1	DORRANCE ST	EXCHANGE TER	11/24/21	"Two-Way , Not Divided"	Dry	Daylight	Clear	Other	"Yes, M/V and Driver Left Scene"	Traffic Control Signal	2	1	Complains Of Pain	NA	41.82482	-71.41415	FALSE	FALSE	"Dorrance Street and Exchange Ter, Providence, RI, USA"	FALSE	-71.4127397	41.825713	route	geometric_center	"exchange terrace, providence, ri 02903, usa"	NA	NA	NA	NA	41.825713	-71.4127397	Med	153.5201614
382	2021-11-24	863626	15:37:00	Pedestrian	1	NA	FALSE	FALSE	1	Broad St	FENNER ST	11/24/21	"Two-Way , Not Divided"	Dry	Daylight	Clear	Not a Collision Between Two Motor Vehicles in Transport	No	No Controls	4	1	Complains Of Pain	NA	41.81816	-71.41608	FALSE	FALSE	"Broad Street and Fenner Street, Providence, RI, USA"	FALSE	-71.4162027	41.8185258	route	geometric_center	"fenner st, providence, ri 02903, usa"	"Broad Street & Fenner Street, Providence, RI, USA"	EjFCcm9hZCBTdHJlZXQgJiBGZW5uZXIgU3RyZWV0LCBQcm92aWRlbmNlLCBSSSwgVVNBImYiZAoUChIJXW-QD21F5IkRj2j7Ylz7zgMSFAoSCV1vkA9tReSJEY9o-2Jc-84DGhQKEgmD3n3VjE_kiREsosqTmEsIoxoUChIJi2QME21F5IkRIBJK4OPOUY8iCg1n-ewYFcXMbtU	41.8183527	-71.4158907	41.8183527	-71.4158907	Med	26.58564975
383	2021-11-24	863655	20:15:00	Pedestrian	1	NA	FALSE	FALSE	1	POINT ST	CHESTNUT ST	11/24/21	"Two-Way , Not Divided"	Dry	Dark - Lighted	Clear	Not a Collision Between Two Motor Vehicles in Transport	No	Traffic Control Signal	2	1	Complains Of Pain	2	41.81655	-71.40729	FALSE	FALSE	"Point Street and Chestnut Street, Providence, RI, USA"	FALSE	-71.4080073	41.8162631	intersection	geometric_center	"point st & chestnut st, providence, ri 02903, usa"	NA	NA	NA	NA	41.8162631	-71.4080073	Med High	67.53904004
380	2021-11-26	863720	20:56:00	Bicycle	NA	2	FALSE	FALSE	1	PUBLIC ST	BROAD ST	11/26/21	"Two-Way , Not Divided"	Dry	Dark - Lighted	Clear	Not a Collision Between Two Motor Vehicles in Transport	"Yes, M/V and Driver Left Scene"	Traffic Control Signal	2	2	Complains Of Pain	NA	41.80442	-71.41935	FALSE	FALSE	"Public Street and Broad Street, Providence, RI, USA"	FALSE	-71.4193596	41.804449	intersection	geometric_center	"public st & broad st, providence, ri 02907, usa"	NA	NA	NA	NA	41.804449	-71.4193596	Med High	3.325099214
379	2021-11-30	863985	17:21:00	Pedestrian	1	NA	FALSE	FALSE	1	CHARLES ST	EXIT  (RT 146N )	11/30/21	"Two-Way , Not Divided"	Dry	Dark - Lighted	Clear	Not a Collision Between Two Motor Vehicles in Transport	No	Pavement Markings	3	1	Non-Incapacitating	NA	41.8422	-71.41799	FALSE	FALSE	"Charles Street and Exit  (Rt 146n ), Providence, RI, USA"	FALSE	-71.4128343	41.8239891	locality	approximate	"providence, ri, usa"	NA	NA	NA	NA	41.8239891	-71.4128343	Med	2071.840048
378	2021-12-01	864037	15:23:00	Pedestrian	1	NA	FALSE	FALSE	1	HARTFORD AVE	LAUREL HILL AVE	12/1/21	"Two-Way , Not Divided"	Dry	Daylight	Clear	Not a Collision Between Two Motor Vehicles in Transport	No	School Zone Signs	3	1	Complains Of Pain	NA	41.81795	-71.45532	FALSE	FALSE	"Hartford Ave and Laurel Hill Ave, Providence, RI, USA"	FALSE	-71.4553076	41.8179635	intersection	geometric_center	"laurel hill ave & hartford ave, providence, ri 02909, usa"	NA	NA	NA	NA	41.8179635	-71.4553076	Med High	1.821194494
376	2021-12-03	864151	18:26:00	Pedestrian	1	NA	FALSE	FALSE	1	1 AVENUE OF THE ARTS	NA	12/3/21	"Two-Way , Not Divided"	Dry	Dark - Lighted	Clear	Not a Collision Between Two Motor Vehicles in Transport	No	No Controls	2	1	Complains Of Pain	NA	NA	NA	TRUE	TRUE	"1 Avenue Of The Arts, Providence, RI, USA"	FALSE	-71.4169972	41.8301662	street_address	rooftop	"1 ave of the arts, providence, ri 02903, usa"	NA	NA	NA	NA	41.8301662	-71.4169972	High	NA
377	2021-12-03	864160	16:16:00	Pedestrian	1	NA	FALSE	FALSE	1	Atwells Ave/ Valley Street	NA	12/3/21	"Two-Way , Not Divided"	Dry	Dark - Lighted	Clear	Other	No	Unknown	2	0	No Injury	NA	NA	NA	FALSE	TRUE	"Atwells Ave/ Valley Street, Providence, RI, USA"	FALSE	-71.4394736	41.8245768	intersection	geometric_center	"valley st & atwells ave, providence, ri 02908, usa"	NA	NA	NA	NA	41.8245768	-71.4394736	Inaccurate	NA
375	2021-12-06	864350	21:37:00	Pedestrian	1	NA	FALSE	FALSE	1	ANGELL ST	BROOK ST	12/6/21	"Two-Way , Not Divided"	Wet	Dark - Lighted	Rain	Not a Collision Between Two Motor Vehicles in Transport	"Yes, M/V and Driver Left Scene"	Pavement Markings	1	1	Non-Incapacitating	NA	41.82823	-71.39931	FALSE	FALSE	"Angell Street and Brook Street, Providence, RI, USA"	FALSE	-71.3994627	41.8282166	intersection	geometric_center	"brook st & angell st, providence, ri 02906, usa"	NA	NA	NA	NA	41.8282166	-71.3994627	Med High	12.75391385
374	2021-12-07	864372	14:06:00	Pedestrian	1	NA	FALSE	FALSE	1	ELMWOOD AVE	ADELAIDE AVE	12/7/21	"Two-Way, Divided, Positive Median Barrier"	Dry	Daylight	Clear	Not a Collision Between Two Motor Vehicles in Transport	No	Traffic Control Signal	2	1	Complains Of Pain	NA	41.79583	-71.42508	FALSE	FALSE	"Elmwood Ave and Adelaide Ave, Providence, RI, USA"	FALSE	-71.424995	41.795887	intersection	geometric_center	"adelaide ave & elmwood ave, providence, ri 02907, usa"	NA	NA	NA	NA	41.795887	-71.424995	Med High	9.488117806
373	2021-12-08	864434	16:55:00	Pedestrian	1	NA	FALSE	FALSE	1	FRUIT HILL AVE	EDENDALE AVE	12/8/21	"Two-Way, Divided, Unprotected (painted>4feet) Medium"	Dry	Dark - Lighted	Clear	Not a Collision Between Two Motor Vehicles in Transport	No	Pavement Markings	3	1	Complains Of Pain	NA	41.83672	-71.46839	FALSE	FALSE	"Fruit Hill Ave and Edendale Ave, Providence, RI, USA"	FALSE	-71.4684131	41.8367343	intersection	geometric_center	"edendale ave & fruit hill ave, providence, ri 02909, usa"	NA	NA	NA	NA	41.8367343	-71.4684131	Med High	2.490910175
371	2021-12-10	864553	14:56:00	Bicycle	NA	1	FALSE	FALSE	1	BAINBRIDGE AVE	BROADWAY	12/10/21	"Two-Way, Divided, Unprotected (painted>4feet) Medium"	Dry	Daylight	Clear	Not a Collision Between Two Motor Vehicles in Transport	No	No Controls	3	1	Complains Of Pain	NA	41.81824	-71.43594	FALSE	FALSE	"Bainbridge Ave and Broadway, Providence, RI, USA"	FALSE	-71.4359392	41.8182697	intersection	geometric_center	"bainbridge ave & broadway, providence, ri 02909, usa"	NA	NA	NA	NA	41.8182697	-71.4359392	Med High	3.306854976
372	2021-12-10	864567	18:07:00	Pedestrian	1	NA	TRUE	FALSE	1	GEORGE ST	BROOK ST	12/10/21	"Two-Way, Divided, Unprotected (painted>4feet) Medium"	Dry	Dark - Lighted	Clear	Not a Collision Between Two Motor Vehicles in Transport	No	Stop Signs	3	1	Complains Of Pain	NA	41.82561	-71.39906	FALSE	FALSE	"George Street and Brook Street, Providence, RI, USA"	FALSE	-71.3989869	41.825126	route	geometric_center	"brook st, providence, ri, usa"	"George Street & Brook Street, Providence, RI, USA"	EjFHZW9yZ2UgU3RyZWV0ICYgQnJvb2sgU3RyZWV0LCBQcm92aWRlbmNlLCBSSSwgVVNBImYiZAoUChIJj8XBaztF5IkRXiCnKg8LB84SFAoSCY_FwWs7ReSJEV4gpyoPCwfOGhQKEgnH6iRjO0XkiRGyZ442LkmUZRoUChIJm2Z9cjtF5IkRdYaHIRB4AGgiCg3oFe4YFURecdU	41.825636	-71.3990588	41.825636	-71.3990588	Med	2.896018044
370	2021-12-11	864693	22:49:00	Pedestrian	1	NA	FALSE	FALSE	1	Atwells Avenue	DEAN ST	12/12/21	"Two-Way , Not Divided"	Wet	Dark - Lighted	Rain	Other	No	Flashing Traffic Control Signal	5	1	Incapacitating	NA	41.82339	-71.4242	FALSE	FALSE	"Atwells Avenue and Dean Street, Providence, RI, USA"	FALSE	-71.4242155	41.8234078	intersection	geometric_center	"atwells ave & dean st, providence, ri 02903, usa"	NA	NA	NA	NA	41.8234078	-71.4242155	Med High	2.36211906
369	2021-12-14	864850	17:20:00	Pedestrian	1	NA	FALSE	FALSE	1	WESTMINSTER ST	STOKES ST	12/14/21	"Two-Way , Not Divided"	Dry	Dark - Lighted	Clear	Not a Collision Between Two Motor Vehicles in Transport	No	No Controls	2	0	No Injury	NA	41.81671	-71.44262	FALSE	FALSE	"Westminster Street and Stokes Street, Providence, RI, USA"	FALSE	-71.4428116	41.8167431	intersection	geometric_center	"westminster st & stokes st, providence, ri 02909, usa"	NA	NA	NA	NA	41.8167431	-71.4428116	Med High	16.31743365
368	2021-12-17	869745	9:48:00	Bicycle	NA	1	FALSE	FALSE	1	BROADWAY	VALLEY ST	3/1/22	Unknown	Dry	Daylight	Clear	Not a Collision Between Two Motor Vehicles in Transport	No	Traffic Control Signal	2	1	Complains Of Pain	NA	41.81684	-71.441	FALSE	FALSE	"Broadway and Valley Street, Providence, RI, USA"	FALSE	-71.4361571	41.8275287	route	geometric_center	"valley st, providence, ri, usa"	"Broadway & Valley Street, Providence, RI, USA"	Ei1Ccm9hZHdheSAmIFZhbGxleSBTdHJlZXQsIFByb3ZpZGVuY2UsIFJJLCBVU0EiZiJkChQKEglPQjeFmkXkiRFay9YdHmK0gBIUChIJT0I3hZpF5IkRWsvWHR5itIAaFAoSCaW15YZ1ReSJERrCM7HXpG-zGhQKEgn71PW-oUXkiRFACHbbKx7jfCIKDVm-7BgVgvdq1Q	41.8168409	-71.441011	41.8168409	-71.441011	Med	0.918089077
366	2021-12-18	865034	1:15:00	Pedestrian	1	NA	FALSE	FALSE	1	WASHINGTON ST	DORRANCE ST	12/18/21	One-Way Trafficway	Dry	Dark - Lighted	Clear	Not a Collision Between Two Motor Vehicles in Transport	"Yes, M/V and Driver Left Scene"	Unknown	1	1	Complains Of Pain	NA	41.82447	-71.41274	FALSE	FALSE	"Washington Street and Dorrance Street, Providence, RI, USA"	FALSE	-71.412777	41.8244607	intersection	geometric_center	"washington st & dorrance st, providence, ri 02903, usa"	NA	NA	NA	NA	41.8244607	-71.412777	Med High	3.239205015
367	2021-12-18	865091	18:47:00	Pedestrian	1	NA	FALSE	FALSE	1	PUBLIC ST	BROAD ST	12/18/21	"Two-Way , Not Divided"	Wet	Dark - Lighted	Rain	Other	No	No Controls	2	1	Complains Of Pain	NA	41.8044	-71.41939	FALSE	FALSE	"Public Street and Broad Street, Providence, RI, USA"	FALSE	-71.4193596	41.804449	intersection	geometric_center	"public st & broad st, providence, ri 02907, usa"	NA	NA	NA	NA	41.804449	-71.4193596	Med High	6.009723359
363	2021-12-20	865167	10:15:00	Pedestrian	2	NA	FALSE	FALSE	1	GREENWICH ST	BUCKLIN ST	12/20/21	"Two-Way , Not Divided"	Dry	Daylight	Clear	Not a Collision Between Two Motor Vehicles in Transport	No	Stop Signs	3	2	Complains Of Pain	NA	41.80232	-71.42765	FALSE	FALSE	"Greenwich Street and Bucklin Street, Providence, RI, USA"	FALSE	-71.4276553	41.8023399	intersection	geometric_center	"bucklin st & greenwich st, providence, ri 02907, usa"	NA	NA	NA	NA	41.8023399	-71.4276553	Med High	2.258495101
364	2021-12-20	865191	19:04:00	Pedestrian	1	NA	FALSE	FALSE	1	academy ave	HEALTH AVE	12/20/21	"Two-Way, Divided, Unprotected (painted>4feet) Medium"	Dry	Dark - Lighted	Clear	Other	"Yes, M/V and Driver Left Scene"	No Controls	1	1	Complains Of Pain	NA	41.82775	-71.4438	FALSE	FALSE	"Academy Ave and Health Ave, Providence, RI, USA"	FALSE	-71.4438011	41.827781	intersection	geometric_center	"health ave & academy ave, providence, ri 02908, usa"	NA	NA	NA	NA	41.827781	-71.4438011	Med High	3.452110305
365	2021-12-20	865202	21:48:00	Pedestrian	1	NA	FALSE	FALSE	1	BELLEVUE AVE	CRANSTON ST	12/20/21	"Two-Way, Divided, Unprotected (painted>4feet) Medium"	Dry	Dark - Lighted	Clear	Not a Collision Between Two Motor Vehicles in Transport	"Yes, M/V and Driver Left Scene"	No Controls	1	1	Complains Of Pain	NA	41.8088	-71.43373	FALSE	FALSE	"Bellevue Ave and Cranston Street, Providence, RI, USA"	FALSE	-71.434059	41.8089239	intersection	geometric_center	"cranston st & bellevue ave, providence, ri 02907, usa"	NA	NA	NA	NA	41.8089239	-71.434059	Med High	30.58508362
362	2021-12-21	865229	13:04:00	Pedestrian	1	NA	FALSE	FALSE	1	BROAD ST	BROAD ST	12/21/21	"Two-Way , Not Divided"	Dry	Daylight	Cloudy	Not a Collision Between Two Motor Vehicles in Transport	"Yes, M/V and Driver Left Scene"	Pavement Markings	1	1	Non-Incapacitating	NA	41.78805	-71.40335	FALSE	FALSE	"Broad Street and Broad Street, Providence, RI, USA"	FALSE	-71.4101636	41.7945838	route	geometric_center	"broad st, providence, ri, usa"	NA	NA	NA	NA	41.7945838	-71.4101636	Med	921.3164977
359	2021-12-22	865261	6:43:00	Pedestrian	1	NA	FALSE	FALSE	1	elmwood ave	CADILLAC DR	12/22/21	"Two-Way , Not Divided"	Dry	Dawn	Clear	Other	No	No Controls	2	1	Complains Of Pain	NA	41.78916	-71.42126	FALSE	FALSE	"Elmwood Ave and Cadillac Dr, Providence, RI, USA"	FALSE	-71.4212577	41.78916	intersection	geometric_center	"cadillac dr & elmwood ave, providence, ri 02907, usa"	NA	NA	NA	NA	41.78916	-71.4212577	Med High	0.190900104
360	2021-12-22	865287	17:38:00	Pedestrian	1	NA	FALSE	FALSE	1	90 Westminster Street	WEYBOSSET ST	12/22/21	One-Way Trafficway	Dry	Dark - Lighted	Clear	Not a Collision Between Two Motor Vehicles in Transport	No	No Controls	2	1	Complains Of Pain	NA	41.82516	-71.40953	TRUE	FALSE	"90 Westminster Street, Providence, RI, USA"	FALSE	-71.4102758	41.8247943	street_address	rooftop	"90 westminster st, providence, ri 02903, usa"	NA	NA	NA	NA	41.8247943	-71.4102758	High	74.05924578
361	2021-12-22	865295	17:54:00	Pedestrian	1	NA	FALSE	FALSE	1	51 SILVER SPRING ST	CHATHAM ST	12/22/21	"Two-Way , Not Divided"	Dry	Dark - Lighted	Clear	Not a Collision Between Two Motor Vehicles in Transport	No	No Controls	2	1	Complains Of Pain	NA	41.84618	-71.41688	TRUE	FALSE	"51 Silver Spring Street, Providence, RI, USA"	FALSE	-71.4166633	41.8454522	premise	rooftop	"51 silver spring st, providence, ri 02904, usa"	NA	NA	NA	NA	41.8454522	-71.4166633	High	82.9873323
357	2021-12-24	865378	23:42:00	Pedestrian	1	NA	FALSE	FALSE	1	SILVER LAKE AVE	UNION AVE	12/24/21	"Two-Way , Not Divided"	Wet	Daylight	Cloudy	Not a Collision Between Two Motor Vehicles in Transport	No	Stop Signs	3	1	Non-Incapacitating	NA	41.80746	-71.45974	FALSE	FALSE	"Silver Lake Ave and Union Ave, Providence, RI, USA"	FALSE	-71.4597575	41.8074643	intersection	geometric_center	"union ave & silver lake ave, providence, ri 02909, usa"	NA	NA	NA	NA	41.8074643	-71.4597575	Med High	1.528948151
358	2021-12-24	865397	16:49:00	Pedestrian	1	NA	FALSE	FALSE	1	HAYES ST	FRANCIS ST	12/24/21	"Two-Way , Not Divided"	Snow	Daylight	Snow	Not a Collision Between Two Motor Vehicles in Transport	No	Traffic Control Signal	2	0	No Injury	NA	41.8293	-71.41559	FALSE	FALSE	"Hayes Street and Francis Street, Providence, RI, USA"	FALSE	-71.415279	41.8291896	intersection	geometric_center	"hayes st & francis st, providence, ri 02903, usa"	NA	NA	NA	NA	41.8291896	-71.415279	Med High	28.57471586
356	2022-01-01	865747	1:24:00	Pedestrian	1	NA	FALSE	FALSE	1	ACORN ST	SPRUCE ST	1/1/22	"Two-Way , Not Divided"	Wet	Dark - Lighted	Clear	Not a Collision Between Two Motor Vehicles in Transport	"Yes, M/V and Driver Left Scene"	No Controls	1	1	Complains Of Pain	NA	41.82435	-71.42796	FALSE	FALSE	"Acorn Street and Spruce Street, Providence, RI, USA"	FALSE	-71.4279527	41.8243906	intersection	geometric_center	"acorn st & spruce st, providence, ri 02903, usa"	NA	NA	NA	NA	41.8243906	-71.4279527	Med High	4.559960183
355	2022-01-05	865966	16:53:00	Pedestrian	1	NA	FALSE	FALSE	1	N MAIN ST	3RD ST	1/5/22	"Two-Way , Not Divided"	Wet	Dark - Lighted	"Sleet, Hail (Freezing Rain or Drizzle)"	Not a Collision Between Two Motor Vehicles in Transport	"Yes, M/V and Driver Left Scene"	Traffic Control Signal	1	0	No Injury	NA	41.85119	-71.40231	FALSE	FALSE	"N Main Street and 3rd Street, Providence, RI, USA"	FALSE	-71.4006213	41.8506232	route	geometric_center	"3rd st, providence, ri, usa"	"North Main Street & 3rd Street, Providence, RI, USA"	EjNOb3J0aCBNYWluIFN0cmVldCAmIDNyZCBTdHJlZXQsIFByb3ZpZGVuY2UsIFJJLCBVU0EiZiJkChQKEgn5q1zaw0TkiRHud9WzUdaiDxIUChIJ-atc2sNE5IkR7nfVs1HWog8aFAoSCfn6QT3eROSJEV_Xrb4NXCM_GhQKEgnLk9_2w0TkiRHMnBiD2XYpDSIKDXv98RgVh9pw1Q	41.8512251	-71.4024313	41.8512251	-71.4024313	Med	10.79043952