row_number	crash_date	crash_report_id	crash_time	collision_type	count_pedestrian	count_bicycle	scooter	wheel_chair	number_of_vehicles	street_or_highway	nearest_intersection	report_date	type_of_roadway	road_surface_condition	light_condition	weather_condition	manner_of_impact	hit_and_run	traffic_control	person_count	injury_count	most_serious_injury	number_of_lanes	lat_raw	lon_raw	has_st_number	is_intersection_null	address_sent_to_geocoder	is_address_blank	lon_api_first_try	lat_api_first_try	type	loctype	address_returned_by_geocoder	address_returned_by_autocomplete	place_ids_autocompleted	lat_api_second_try	lon_api_second_try	lat_api_best	lon_api_best	api_coord_conf	distance_btwn_coords_meters
354	2022-01-10	866350	22:26:00	Pedestrian	1	NA	FALSE	FALSE	1	PLAINFIELD ST	PLAINFIELD ST	1/10/22	"Two-Way , Not Divided"	Dry	Dark - Lighted	Clear	Not a Collision Between Two Motor Vehicles in Transport	No	No Controls	2	1	Complains Of Pain	NA	41.8146	-71.44679	FALSE	FALSE	"Plainfield Street and Plainfield Street, Providence, RI, USA"	FALSE	-71.4643452	41.8067161	route	geometric_center	"plainfield st, rhode island, usa"	NA	NA	NA	NA	41.8067161	-71.4643452	Med	1700.559471
353	2022-01-14	866501	16:07:00	Pedestrian	1	NA	FALSE	FALSE	1	CAMBRIDGE ST	ACADEMY AVE	1/14/22	"Two-Way, Divided, Unprotected (painted>4feet) Medium"	Dry	Daylight	Clear	Not a Collision Between Two Motor Vehicles in Transport	"Yes, M/V and Driver Left Scene"	No Controls	2	1	Complains Of Pain	NA	41.8255	-71.44342	FALSE	FALSE	"Cambridge Street and Academy Ave, Providence, RI, USA"	FALSE	-71.4434441	41.8254949	intersection	geometric_center	"academy ave & cambridge st, providence, ri 02908, usa"	NA	NA	NA	NA	41.8254949	-71.4434441	Med High	2.078216726
352	2022-01-19	866716	17:42:00	Pedestrian	1	NA	FALSE	FALSE	1	BROADWAY	DEAN ST	1/19/22	"Two-Way , Not Divided"	Dry	Dark - Lighted	Clear	Not a Collision Between Two Motor Vehicles in Transport	No	Traffic Control Signal	3	1	Complains Of Pain	NA	41.8214	-71.42253	FALSE	FALSE	"Broadway and Dean Street, Providence, RI, USA"	FALSE	-71.4242155	41.8234078	route	geometric_center	"dean st, providence, ri, usa"	"Broadway & Dean Street, Providence, RI, USA"	EitCcm9hZHdheSAmIERlYW4gU3RyZWV0LCBQcm92aWRlbmNlLCBSSSwgVVNBImYiZAoUChIJCcRZtQxF5IkRWJynngBsfzMSFAoSCQnEWbUMReSJEVicp54AbH8zGhQKEgmlteWGdUXkiREawjOx16RvsxoUChIJWwZsfgxF5IkRyLSf36DnQOQiCg38cO0YFWLJbdU	41.821414	-71.422531	41.821414	-71.422531	Med	1.560679265
350	2022-01-20	866738	14:40:00	Pedestrian	1	NA	FALSE	FALSE	1	CHARLES ST	BRANCH AVE	1/20/22	"Two-Way , Not Divided"	Wet	Daylight	Cloudy	Not a Collision Between Two Motor Vehicles in Transport	No	No Controls	4	0	No Injury	NA	41.85069	-71.42004	FALSE	FALSE	"Charles Street and Branch Ave, Providence, RI, USA"	FALSE	-71.4128343	41.8239891	locality	approximate	"providence, ri, usa"	"Charles Street & Branch Ave, Providence, RI, USA"	EjBDaGFybGVzIFN0cmVldCAmIEJyYW5jaCBBdmUsIFByb3ZpZGVuY2UsIFJJLCBVU0EiZiJkChQKEgmX1pBx8ETkiRFt3W_DezHjNhIUChIJl9aQcfBE5IkRbd1vw3sx4zYaFAoSCXULzmzxROSJEctkyy41Vf0yGhQKEgnptPOF-UTkiRG6fR7eUkO2qCIKDYfZ8RgVmixu1Q	41.8503047	-71.419991	41.8503047	-71.419991	Med	43.08341941
351	2022-01-20	866740	15:44:00	Pedestrian	1	NA	FALSE	FALSE	1	36 POTTERS AVE	TEMPLE ST	1/20/22	"Two-Way , Not Divided"	Wet	Daylight	Clear	Other	No	No Controls	3	1	Complains Of Pain	NA	41.80545	-71.40852	TRUE	FALSE	"36 Potters Ave, Providence, RI, USA"	FALSE	-71.4084563	41.8053334	premise	rooftop	"36 potters ave, providence, ri 02905, usa"	NA	NA	NA	NA	41.8053334	-71.4084563	High	14.0148448
349	2022-01-25	868006	21:18:00	Pedestrian	1	NA	FALSE	FALSE	1	STEEPLE ST	N MAIN ST	1/25/22	One-Way Trafficway	Dry	Dark - Lighted	Clear	Not a Collision Between Two Motor Vehicles in Transport	No	Traffic Control Signal	3	1	Complains Of Pain	NA	41.82748	-71.40907	FALSE	FALSE	"Steeple Street and N Main Street, Providence, RI, USA"	FALSE	-71.3702575	41.8264716	establishment	rooftop	"105 wilmarth ave, east providence, ri 02914, usa"	"Steeple Street & North Main Street, Providence, RI, USA"	EjdTdGVlcGxlIFN0cmVldCAmIE5vcnRoIE1haW4gU3RyZWV0LCBQcm92aWRlbmNlLCBSSSwgVVNBImYiZAoUChIJUS88oBdF5IkRhG9IWd2q99wSFAoSCVEvPKAXReSJEYRvSFndqvfcGhQKEgln0uQLF0XkiRFQpCIGGQGeZRoUChIJ-fpBPd5E5IkRX9etvg1cIz8iCg2wXe4YFQzYb9U	41.8274736	-71.4090484	41.8274736	-71.4090484	Med	1.928177979
347	2022-01-27	868050	7:44:00	Pedestrian	1	NA	FALSE	FALSE	1	SMITH ST	CALVERLY ST	1/27/22	"Two-Way , Not Divided"	Dry	Daylight	Clear	Not a Collision Between Two Motor Vehicles in Transport	No	No Controls	2	1	Complains Of Pain	NA	41.833	-71.42006	FALSE	FALSE	"Smith Street and Calverly Street, Providence, RI, USA"	FALSE	-71.4205609	41.8332067	intersection	geometric_center	"calverly st & smith st, providence, ri 02908, usa"	NA	NA	NA	NA	41.8332067	-71.4205609	Med High	47.49248143
348	2022-01-27	868061	11:26:00	Other	NA	1	TRUE	FALSE	1	LLOYD AVE	TABER AVE	1/27/22	"Two-Way, Divided, Unprotected (painted>4feet) Medium"	Dry	Daylight	Clear	Head-On (Front - to - Front)	No	Stop Signs	3	1	Complains Of Pain	NA	41.83385	-71.39245	FALSE	FALSE	"Lloyd Ave and Taber Ave, Providence, RI, USA"	FALSE	-71.3924405	41.8338566	intersection	geometric_center	"taber ave & lloyd ave, providence, ri 02906, usa"	NA	NA	NA	NA	41.8338566	-71.3924405	Med High	1.077340577
346	2022-02-06	868664	15:53:00	Pedestrian	1	NA	FALSE	FALSE	1	375 RESERVOIR AVE	NA	2/6/22	Unknown	Dry	Daylight	Clear	Not a Collision Between Two Motor Vehicles in Transport	No	No Controls	2	1	Complains Of Pain	NA	41.78809	-71.43165	TRUE	TRUE	"375 Reservoir Ave, Providence, RI, USA"	FALSE	-71.433156	41.788643	street_address	rooftop	"375 reservoir ave, providence, ri 02907, usa"	NA	NA	NA	NA	41.788643	-71.433156	High	139.3359169
345	2022-02-07	868690	9:53:00	Pedestrian	1	NA	FALSE	FALSE	1	Harvest St	rIVER aVE	2/7/22	"Two-Way , Not Divided"	Ice/Frost	Daylight	Cloudy	Not a Collision Between Two Motor Vehicles in Transport	"Yes, M/V and Driver Left Scene"	Stop Signs	1	1	Complains Of Pain	2	NA	NA	FALSE	FALSE	"Harvest Street and River Ave, Providence, RI, USA"	FALSE	-71.4373567	41.830978	intersection	geometric_center	"river ave & harvest st, providence, ri 02908, usa"	NA	NA	NA	NA	41.830978	-71.4373567	Med High	NA
344	2022-02-10	868807	14:05:00	Pedestrian	1	NA	FALSE	FALSE	1	POWER ST	HOPE ST	2/10/22	"Two-Way , Not Divided"	Dry	Daylight	Clear	Not a Collision Between Two Motor Vehicles in Transport	No	Stop Signs	3	1	Complains Of Pain	NA	41.82318	-71.39705	FALSE	FALSE	"Power Street and Hope Street, Providence, RI, USA"	FALSE	-71.3970049	41.8232025	intersection	geometric_center	"hope st & power st, providence, ri 02912, usa"	NA	NA	NA	NA	41.8232025	-71.3970049	Med High	4.502321259
342	2022-02-11	868867	10:15:00	Pedestrian	1	NA	FALSE	FALSE	1	PLAIN ST	BLACKSTONE ST	2/11/22	Unknown	Dry	Daylight	Clear	Not a Collision Between Two Motor Vehicles in Transport	No	No Controls	3	1	Complains Of Pain	NA	41.80939	-71.4109	FALSE	FALSE	"Plain Street and Blackstone Street, Providence, RI, USA"	FALSE	-71.4109722	41.8095772	intersection	geometric_center	"plain st & blackstone st, providence, ri 02905, usa"	NA	NA	NA	NA	41.8095772	-71.4109722	Med High	21.6830073
343	2022-02-11	868901	19:31:00	Pedestrian	1	NA	FALSE	FALSE	1	WEYBOSSET ST	GREENE ST	2/11/22	"Two-Way , Not Divided"	Dry	Dark - Not Lighted	Clear	Not a Collision Between Two Motor Vehicles in Transport	"Yes, M/V and Driver Left Scene"	Pavement Markings	1	1	Complains Of Pain	NA	41.81936	-71.41495	FALSE	FALSE	"Weybosset Street and Greene Street, Providence, RI, USA"	FALSE	-71.4168727	41.8210088	route	geometric_center	"greene st, providence, ri 02903, usa"	NA	NA	NA	NA	41.8210088	-71.4168727	Med	243.1680607
341	2022-02-12	868935	16:17:00	Bicycle	NA	1	FALSE	FALSE	1	CRANSTON ST	WAVERLY ST	2/12/22	"Two-Way , Not Divided"	Dry	Daylight	Clear	Not a Collision Between Two Motor Vehicles in Transport	No	Pavement Markings	2	1	Complains Of Pain	NA	41.80832	-71.43454	FALSE	FALSE	"Cranston Street and Waverly Street, Providence, RI, USA"	FALSE	-71.4345674	41.8083361	intersection	geometric_center	"cranston st & waverly st, providence, ri 02907, usa"	NA	NA	NA	NA	41.8083361	-71.4345674	Med High	2.895001913
339	2022-02-16	869166	0:25:00	Pedestrian	1	NA	FALSE	FALSE	1	Hope St	Olney St	2/16/22	"Two-Way , Not Divided"	Dry	Dark - Lighted	Clear	Not a Collision Between Two Motor Vehicles in Transport	"Yes, M/V and Driver Left Scene"	No Controls	4	1	Complains Of Pain	NA	NA	NA	FALSE	FALSE	"Hope Street and Olney Street, Providence, RI, USA"	FALSE	-71.4015677	41.8357179	intersection	geometric_center	"hope st & olney st, providence, ri 02906, usa"	NA	NA	NA	NA	41.8357179	-71.4015677	Med High	NA
340	2022-02-16	869187	12:19:00	Pedestrian	1	NA	FALSE	FALSE	1	DOUGLAS AVE	VANDEWATER ST	2/16/22	"Two-Way , Not Divided"	Dry	Daylight	Clear	Not a Collision Between Two Motor Vehicles in Transport	No	No Controls	2	1	Complains Of Pain	NA	41.84985	-71.43339	FALSE	FALSE	"Douglas Ave and Vandewater Street, Providence, RI, USA"	FALSE	-71.4333766	41.8498395	intersection	geometric_center	"vandewater st & douglas ave, providence, ri 02908, usa"	NA	NA	NA	NA	41.8498395	-71.4333766	Med High	1.612721045
337	2022-02-17	869231	2:38:00	Pedestrian	1	NA	FALSE	FALSE	1	CRANSTON ST	ALTHEA ST	2/17/22	"Two-Way , Not Divided"	Wet	Dark - Lighted	Clear	Not a Collision Between Two Motor Vehicles in Transport	"Yes, M/V and Driver Left Scene"	No Controls	2	1	Incapacitating	NA	41.80742	-71.43535	FALSE	FALSE	"Cranston Street and Althea Street, Providence, RI, USA"	FALSE	-71.4350772	41.807752	intersection	geometric_center	"althea st & cranston st, providence, ri 02907, usa"	NA	NA	NA	NA	41.807752	-71.4350772	Med High	43.33916374
338	2022-02-17	869239	12:05:00	Pedestrian	1	NA	FALSE	FALSE	1	579 ATWELLS AVE	ATWELLS AVE	2/17/22	"Two-Way , Not Divided"	Dry	Daylight	Clear	Not a Collision Between Two Motor Vehicles in Transport	No	No Controls	3	0	No Injury	NA	41.82447	-71.43641	TRUE	FALSE	"579 Atwells Ave, Providence, RI, USA"	FALSE	-71.4363784	41.8246124	premise	rooftop	"579 atwells ave, providence, ri 02909, usa"	NA	NA	NA	NA	41.8246124	-71.4363784	High	16.06717412
336	2022-02-21	869360	13:01:00	Bicycle	NA	1	FALSE	FALSE	1	IRVING AVE	BLACKSTONE BLVD	2/21/22	"Two-Way , Not Divided"	Dry	Daylight	Clear	Not a Collision Between Two Motor Vehicles in Transport	No	No Controls	2	0	No Injury	NA	41.83413	-71.3842	FALSE	FALSE	"Irving Ave and Blackstone Blvd, Providence, RI, USA"	FALSE	-71.3837393	41.8342209	intersection	geometric_center	"irving ave & blackstone blvd, providence, ri 02906, usa"	NA	NA	NA	NA	41.8342209	-71.3837393	Med High	39.52838508
335	2022-02-22	869403	20:00:00	Bicycle	NA	1	FALSE	FALSE	1	CHAD BROWN ST	ADMIRAL ST	2/22/22	"Two-Way , Not Divided"	Wet	Dark - Lighted	Rain	Not a Collision Between Two Motor Vehicles in Transport	No	No Controls	3	0	No Injury	NA	41.84213	-71.42138	FALSE	FALSE	"Chad Brown Street and Admiral Street, Providence, RI, USA"	FALSE	-71.4213576	41.8421504	intersection	geometric_center	"admiral st & chad brown st, providence, ri 02908, usa"	NA	NA	NA	NA	41.8421504	-71.4213576	Med High	2.933936124
333	2022-02-23	869422	13:51:00	Pedestrian	1	NA	FALSE	FALSE	1	SMITH ST	RUGGLES ST	2/23/22	"Two-Way , Not Divided"	Dry	Daylight	Clear	Not a Collision Between Two Motor Vehicles in Transport	No	Stop Signs	2	1	Non-Incapacitating	NA	41.83616	-71.42827	FALSE	FALSE	"Smith Street and Ruggles Street, Providence, RI, USA"	FALSE	-71.4282411	41.8361735	intersection	geometric_center	"smith st & ruggles st, providence, ri 02908, usa"	NA	NA	NA	NA	41.8361735	-71.4282411	Med High	2.829094624
334	2022-02-23	869438	14:45:00	Bicycle	NA	1	FALSE	FALSE	1	393 Prarie Avenue	NA	2/23/22	"Two-Way , Not Divided"	Dry	Daylight	Clear	"Sidwswipe, Opposite Direction"	"Yes, M/V and Driver Left Scene"	No Controls	1	1	Complains Of Pain	NA	41.81403	-71.40623	TRUE	TRUE	"393 Prarie Avenue, Providence, RI, USA"	FALSE	-71.4141359	41.8034309	premise	rooftop	"393 prairie ave, providence, ri 02905, usa"	NA	NA	NA	NA	41.8034309	-71.4141359	High	1349.983121
331	2022-02-26	869570	13:41:00	Pedestrian	1	NA	FALSE	FALSE	1	Brown St	Angel St	2/26/22	"Two-Way , Not Divided"	Wet	Daylight	Clear	Not a Collision Between Two Motor Vehicles in Transport	"Yes, M/V and Driver Left Scene"	Stop Signs	1	1	Complains Of Pain	2	NA	NA	FALSE	FALSE	"Brown Street and Angel Street, Providence, RI, USA"	FALSE	-71.3859393	41.8296461	intersection	geometric_center	"moses brown st & s angell st, providence, ri 02906, usa"	NA	NA	NA	NA	41.8296461	-71.3859393	Med High	NA
332	2022-02-26	869580	20:55:00	Pedestrian	1	NA	FALSE	FALSE	1	MEMORIAL BLVD	FRANCIS ST	2/26/22	"Two-Way , Not Divided"	Dry	Dark - Lighted	Clear	Not a Collision Between Two Motor Vehicles in Transport	"Yes, M/V and Driver Left Scene"	Traffic Control Signal	2	1	Complains Of Pain	NA	41.8259	-71.41535	FALSE	FALSE	"Memorial Blvd and Francis Street, Providence, RI, USA"	FALSE	-71.4153098	41.8257791	intersection	geometric_center	"memorial blvd & francis st, providence, ri 02903, usa"	NA	NA	NA	NA	41.8257791	-71.4153098	Med High	13.86550052
330	2022-02-28	869677	19:03:00	Pedestrian	1	NA	FALSE	FALSE	1	NORTH MAIN STREET	CYPRESS ST	2/28/22	"Two-Way, Divided, Positive Median Barrier"	Dry	Dark - Lighted	Clear	Not a Collision Between Two Motor Vehicles in Transport	No	Traffic Control Signal	3	0	No Injury	NA	41.84197	-71.40783	FALSE	FALSE	"North Main Street and Cypress Street, Providence, RI, USA"	FALSE	-71.4019729	41.841889	route	geometric_center	"cypress st, providence, ri, usa"	"North Main Street & Cypress Street, Providence, RI, USA"	EjdOb3J0aCBNYWluIFN0cmVldCAmIEN5cHJlc3MgU3RyZWV0LCBQcm92aWRlbmNlLCBSSSwgVVNBImYiZAoUChIJb9SHxuBE5IkRrHjPeWDDHKgSFAoSCW_Uh8bgROSJEax4z3lgwxyoGhQKEgn5-kE93kTkiRFf162-DVwjPxoUChIJd8X1hd5E5IkRUdBDgMYo3IAiCg1KlfAYFfUJcNU	41.8420042	-71.4077707	41.8420042	-71.4077707	Med	6.2192772
329	2022-03-02	869794	10:40:00	Pedestrian	1	NA	FALSE	FALSE	1	6 Brush Hill Road	6 Brush Hill Road	3/2/22	"Two-Way , Not Divided"	Dry	Daylight	Clear	Other	No	No Controls	2	2	Complains Of Pain	1	NA	NA	TRUE	FALSE	"6 Brush Hill Road, Providence, RI, USA"	FALSE	-71.458655	41.8262014	street_address	range_interpolated	"6 brush hill rd, providence, ri 02909, usa"	NA	NA	NA	NA	41.8262014	-71.458655	High	NA
328	2022-03-03	869854	18:59:00	Pedestrian	1	NA	FALSE	FALSE	1	HARTFORD AVE	ALVERSON AVE	3/3/22	"Two-Way , Not Divided"	Dry	Dark - Lighted	Clear	Not a Collision Between Two Motor Vehicles in Transport	No	No Controls	4	1	Non-Incapacitating	NA	41.81878	-71.46013	FALSE	FALSE	"Hartford Ave and Alverson Ave, Providence, RI, USA"	FALSE	-71.4600789	41.8187914	intersection	geometric_center	"alverson ave & hartford ave, providence, ri 02909, usa"	NA	NA	NA	NA	41.8187914	-71.4600789	Med High	4.425210276
327	2022-03-04	870723	19:00:00	Pedestrian	1	NA	FALSE	FALSE	1	BROAD ST	BROAD ST	3/21/22	"Two-Way , Not Divided"	Dry	Dark - Lighted	Clear	Not a Collision Between Two Motor Vehicles in Transport	"Yes, M/V and Driver Left Scene"	Pavement Markings	1	1	Non-Incapacitating	NA	41.78746	-71.40285	FALSE	FALSE	"Broad Street and Broad Street, Providence, RI, USA"	FALSE	-71.4101636	41.7945838	route	geometric_center	"broad st, providence, ri, usa"	NA	NA	NA	NA	41.7945838	-71.4101636	Med	998.6691995
326	2022-03-07	869986	18:24:00	Bicycle	NA	1	FALSE	FALSE	1	WASHINGTON ST	EMPIRE ST	3/7/22	"Two-Way , Not Divided"	Wet	Dark - Lighted	Rain	Head-On (Front - to - Front)	No	Traffic Control Signal	3	1	Non-Incapacitating	NA	41.82182	-71.41645	FALSE	FALSE	"Washington Street and Empire Street, Providence, RI, USA"	FALSE	-71.4157797	41.821349	route	geometric_center	"empire st, providence, ri 02903, usa"	"Washington Street & Empire Street, Providence, RI, USA"	EjZXYXNoaW5ndG9uIFN0cmVldCAmIEVtcGlyZSBTdHJlZXQsIFByb3ZpZGVuY2UsIFJJLCBVU0EiZiJkChQKEgmNpp3sEkXkiRHnvAEsqcaDvRIUChIJjaad7BJF5IkR57wBLKnGg70aFAoSCanazZwSReSJERoH0JajEjT2GhQKEgnHPO_pEkXkiRGhxI4iuiomFSIKDWmC7RgVI7hu1Q	41.8218601	-71.4164189	41.8218601	-71.4164189	Med	5.155853918
325	2022-03-09	870140	19:01:00	Pedestrian	1	NA	FALSE	FALSE	1	NORTHUP AVE	SILVER SPRING ST	3/9/22	"Two-Way, Divided, Unprotected (painted>4feet) Medium"	Snow	Dark - Lighted	Snow	Not a Collision Between Two Motor Vehicles in Transport	"Yes, M/V and Driver Left Scene"	Traffic Control Signal	1	1	Complains Of Pain	NA	41.85177	-71.41301	FALSE	FALSE	"Northup Ave and Silver Spring Street, Providence, RI, USA"	FALSE	-71.4130154	41.8517801	intersection	geometric_center	"silver spring st & northrup ave, providence, ri 02904, usa"	NA	NA	NA	NA	41.8517801	-71.4130154	Med High	1.210207366
324	2022-03-10	870172	10:30:00	Pedestrian	1	NA	TRUE	FALSE	1	PEACE ST	UPDIKE ST	3/10/22	"Two-Way , Not Divided"	Dry	Daylight	Clear	Not a Collision Between Two Motor Vehicles in Transport	No	Pavement Markings	3	1	Complains Of Pain	NA	41.80662	-71.42006	FALSE	FALSE	"Peace Street and Updike Street, Providence, RI, USA"	FALSE	-71.4225083	41.8065937	intersection	geometric_center	"updike st & peace st, providence, ri 02907, usa"	NA	NA	NA	NA	41.8065937	-71.4225083	Med High	203.1747912
323	2022-03-11	870227	16:57:00	Bicycle	NA	1	FALSE	FALSE	1	BROADWAY	VALLEY ST	3/11/22	"Two-Way , Not Divided"	Dry	Dusk	Clear	Not a Collision Between Two Motor Vehicles in Transport	No	No Controls	3	1	Complains Of Pain	NA	41.81684	-71.441	FALSE	FALSE	"Broadway and Valley Street, Providence, RI, USA"	FALSE	-71.4361571	41.8275287	route	geometric_center	"valley st, providence, ri, usa"	"Broadway & Valley Street, Providence, RI, USA"	Ei1Ccm9hZHdheSAmIFZhbGxleSBTdHJlZXQsIFByb3ZpZGVuY2UsIFJJLCBVU0EiZiJkChQKEglPQjeFmkXkiRFay9YdHmK0gBIUChIJT0I3hZpF5IkRWsvWHR5itIAaFAoSCaW15YZ1ReSJERrCM7HXpG-zGhQKEgn71PW-oUXkiRFACHbbKx7jfCIKDVm-7BgVgvdq1Q	41.8168409	-71.441011	41.8168409	-71.441011	Med	0.918089077
322	2022-03-20	870628	0:48:00	Pedestrian	1	NA	FALSE	FALSE	1	ELMWOOD AVE	HANOVER ST	3/20/22	"Two-Way , Not Divided"	Wet	Dark - Lighted	Rain	Not a Collision Between Two Motor Vehicles in Transport	No	No Controls	4	1	Incapacitating	NA	41.80736	-71.42484	FALSE	FALSE	"Elmwood Ave and Hanover Street, Providence, RI, USA"	FALSE	-71.4248101	41.8076452	intersection	geometric_center	"hanover st & elmwood ave, providence, ri 02907, usa"	NA	NA	NA	NA	41.8076452	-71.4248101	Med High	31.84511049
321	2022-03-21	870717	16:11:00	Pedestrian	1	NA	FALSE	FALSE	1	PROSPECT ST	OLIVE ST	3/21/22	"Two-Way , Not Divided"	Dry	Daylight	Cloudy	Not a Collision Between Two Motor Vehicles in Transport	"Yes, M/V and Driver Left Scene"	Unknown	1	1	Complains Of Pain	NA	41.82816	-71.40487	FALSE	FALSE	"Prospect Street and Olive Street, Providence, RI, USA"	FALSE	-71.4032483	41.8283103	route	geometric_center	"olive st, providence, ri 02906, usa"	"Prospect Street & Olive Street, Providence, RI, USA"	EjNQcm9zcGVjdCBTdHJlZXQgJiBPbGl2ZSBTdHJlZXQsIFByb3ZpZGVuY2UsIFJJLCBVU0EiZiJkChQKEgm9swa1IkXkiRHOAb7WfmqLKRIUChIJvbMGtSJF5IkRzgG-1n5qiykaFAoSCf3MkoUiReSJEXnsEW5gGPVjGhQKEglhL8IlI0XkiRHll-1pvSMyjSIKDa147hgVeXtw1Q	41.8281645	-71.4048647	41.8281645	-71.4048647	Med	0.666494805
320	2022-03-22	870741	12:29:00	Bicycle	NA	1	FALSE	FALSE	1	Prospect Street	MEETING ST	3/22/22	"Two-Way , Not Divided"	Dry	Daylight	Clear	"Sideswipe, Same Direction"	No	No Controls	2	1	Complains Of Pain	2	41.82891	-71.40498	FALSE	FALSE	"Prospect Street and Meeting Street, Providence, RI, USA"	FALSE	-71.4038461	41.8289622	route	geometric_center	"meeting st, providence, ri, usa"	"Prospect Street & Meeting Street, Providence, RI, USA"	EjVQcm9zcGVjdCBTdHJlZXQgJiBNZWV0aW5nIFN0cmVldCwgUHJvdmlkZW5jZSwgUkksIFVTQSJmImQKFAoSCbMhOLkiReSJERPb6MKRABWTEhQKEgmzITi5IkXkiRET2-jCkQAVkxoUChIJ_cyShSJF5IkReewRbmAY9WMaFAoSCXNjPN0iReSJEZwdFaXb3DO7IgoN1pXuGBUnd3DV	41.828911	-71.4049753	41.828911	-71.4049753	Med	0.405439842
319	2022-03-24	870814	12:22:00	Pedestrian	1	NA	FALSE	FALSE	1	CLADRASH'S AVE	FLORAL AVE	3/24/22	"Two-Way , Not Divided"	Wet	Daylight	Rain	Not a Collision Between Two Motor Vehicles in Transport	"Yes, M/V and Driver Left Scene"	No Controls	1	1	Complains Of Pain	NA	41.78383	-71.4095	FALSE	FALSE	"Cladrash's Ave and Floral Ave, Providence, RI, USA"	FALSE	-71.4085028	41.7827984	route	geometric_center	"floral ave, providence, ri 02905, usa"	NA	NA	NA	NA	41.7827984	-71.4085028	Med	141.5602764
318	2022-03-26	870919	14:51:00	Bicycle	NA	1	FALSE	FALSE	1	BROADWAY	VALLEY ST	3/26/22	"Two-Way, Divided, Positive Median Barrier"	Dry	Daylight	Cloudy	Not a Collision Between Two Motor Vehicles in Transport	No	No Controls	4	1	Complains Of Pain	NA	41.81683	-71.44101	FALSE	FALSE	"Broadway and Valley Street, Providence, RI, USA"	FALSE	-71.4361571	41.8275287	route	geometric_center	"valley st, providence, ri, usa"	"Broadway & Valley Street, Providence, RI, USA"	Ei1Ccm9hZHdheSAmIFZhbGxleSBTdHJlZXQsIFByb3ZpZGVuY2UsIFJJLCBVU0EiZiJkChQKEglPQjeFmkXkiRFay9YdHmK0gBIUChIJT0I3hZpF5IkRWsvWHR5itIAaFAoSCaW15YZ1ReSJERrCM7HXpG-zGhQKEgn71PW-oUXkiRFACHbbKx7jfCIKDVm-7BgVgvdq1Q	41.8168409	-71.441011	41.8168409	-71.441011	Med	1.216215453
317	2022-03-30	871168	17:47:00	Pedestrian	1	NA	FALSE	FALSE	1	BLACKSTONE BLVD	ROCHAMBEAU AVE	3/30/22	"Two-Way , Not Divided"	Dry	Daylight	Clear	Not a Collision Between Two Motor Vehicles in Transport	No	No Controls	3	1	Complains Of Pain	NA	41.84593	-71.38725	FALSE	FALSE	"Blackstone Blvd and Rochambeau Ave, Providence, RI, USA"	FALSE	-71.3867339	41.8455643	intersection	geometric_center	"blackstone blvd & rochambeau ave, providence, ri 02906, usa"	NA	NA	NA	NA	41.8455643	-71.3867339	Med High	59.06756506
316	2022-04-04	872453	21:55:00	Pedestrian	1	NA	FALSE	FALSE	1	Cranston St.	PARADE ST	4/4/22	"Two-Way , Not Divided"	Dry	Dark - Lighted	Clear	Not a Collision Between Two Motor Vehicles in Transport	"Yes, M/V and Driver Left Scene"	No Controls	1	1	Complains Of Pain	NA	41.81202	-71.43073	FALSE	FALSE	"Cranston St. and Parade Street, Providence, RI, USA"	FALSE	-71.4310747	41.8118451	intersection	geometric_center	"cranston st & parade st, providence, ri 02907, usa"	NA	NA	NA	NA	41.8118451	-71.4310747	Med High	34.59811316
315	2022-04-07	873169	4:28:00	Pedestrian	1	NA	FALSE	FALSE	1	BORDEN	EDDY	4/22/22	Unknown	Dry	Daylight	Clear	Other	"Yes, M/V and Driver Left Scene"	No Controls	1	1	Complains Of Pain	NA	41.81378	-71.41085	FALSE	FALSE	"Borden and Eddy, Providence, RI, USA"	FALSE	-71.4070223	41.8121992	intersection	geometric_center	"eddy st & borden st, providence, ri 02903, usa"	NA	NA	NA	NA	41.8121992	-71.4070223	Med High	363.0765521
313	2022-04-08	872593	12:08:00	Bicycle	NA	1	FALSE	FALSE	1	N MAIN ST	7TH ST	4/8/22	"Two-Way, Divided, Positive Median Barrier"	Dry	Daylight	Clear	"Sidwswipe, Opposite Direction"	No	No Controls	2	1	Non-Incapacitating	2	41.85357	-71.40087	FALSE	FALSE	"N Main Street and 7th Street, Providence, RI, USA"	FALSE	-71.3980641	41.8526572	route	geometric_center	"7th st, providence, ri 02906, usa"	"North Main Street & 7th Street, Providence, RI, USA"	EjNOb3J0aCBNYWluIFN0cmVldCAmIDd0aCBTdHJlZXQsIFByb3ZpZGVuY2UsIFJJLCBVU0EiZiJkChQKEgkBX_oowUTkiRFs0OQsdn0PVxIUChIJAV_6KMFE5IkRbNDkLHZ9D1caFAoSCfn6QT3eROSJEV_Xrb4NXCM_GhQKEgmpxljvxkTkiRHimHB769eCliIKDVNa8hgV-Bdx1Q	41.8536019	-71.4008584	41.8536019	-71.4008584	Med	3.679045265
314	2022-04-08	872636	20:03:00	Pedestrian	1	NA	FALSE	FALSE	1	CRANSTON ST	HARRISON ST	4/8/22	"Two-Way , Not Divided"	Dry	Dark - Lighted	Clear	Not a Collision Between Two Motor Vehicles in Transport	"Yes, M/V and Driver Left Scene"	Stop Signs	1	1	Complains Of Pain	NA	41.81308	-71.42864	FALSE	FALSE	"Cranston Street and Harrison Street, Providence, RI, USA"	FALSE	-71.4286583	41.8130997	intersection	geometric_center	"cranston st & harrison st, providence, ri 02907, usa"	NA	NA	NA	NA	41.8130997	-71.4286583	Med High	2.667313218