row_number	crash_date	crash_report_id	crash_time	collision_type	count_pedestrian	count_bicycle	scooter	wheel_chair	number_of_vehicles	street_or_highway	nearest_intersection	report_date	type_of_roadway	road_surface_condition	light_condition	weather_condition	manner_of_impact	hit_and_run	traffic_control	person_count	injury_count	most_serious_injury	number_of_lanes	lat_raw	lon_raw	has_st_number	is_intersection_null	address_sent_to_geocoder	is_address_blank	lon_api_first_try	lat_api_first_try	type	loctype	address_returned_by_geocoder	address_returned_by_autocomplete	place_ids_autocompleted	lat_api_second_try	lon_api_second_try	lat_api_best	lon_api_best	api_coord_conf	distance_btwn_coords_meters
312	2022-04-09	872657	16:15:00	Pedestrian	1	NA	FALSE	FALSE	1	RANDALL SQ	RANDALL SQ	4/9/22	One-Way Trafficway	Dry	Daylight	Cloudy	Not a Collision Between Two Motor Vehicles in Transport	No	No Controls	2	1	Complains Of Pain	NA	41.83677	-71.40993	FALSE	FALSE	"Randall Sq and Randall Sq, Providence, RI, USA"	FALSE	-71.4113179	41.8368179	intersection	geometric_center	"randall st & randall square, providence, ri 02904, usa"	NA	NA	NA	NA	41.8368179	-71.4113179	Med High	115.2335615
311	2022-04-12	872804	17:59:00	Bicycle	NA	1	FALSE	FALSE	1	PUBLIC STREET	PRAIRIE AVE	4/12/22	"Two-Way, Divided, Unprotected (painted>4feet) Medium"	Dry	Daylight	Clear	Not a Collision Between Two Motor Vehicles in Transport	No	No Controls	3	1	Complains Of Pain	NA	41.80547	-71.41519	FALSE	FALSE	"Public Street and Prairie Ave, Providence, RI, USA"	FALSE	-71.414812	41.8055601	intersection	geometric_center	"public st & prairie ave, providence, ri 02907, usa"	NA	NA	NA	NA	41.8055601	-71.414812	Med High	32.93061327
310	2022-04-14	872909	13:57:00	Other	NA	1	TRUE	FALSE	1	330 EDDY ST	SHIP ST	4/15/22	"Two-Way , Not Divided"	Dry	Daylight	Clear	Not a Collision Between Two Motor Vehicles in Transport	No	No Controls	3	1	Complains Of Pain	2	NA	NA	TRUE	FALSE	"330 Eddy Street, Providence, RI, USA"	FALSE	-71.407692	41.818861	street_address	rooftop	"330 eddy st, providence, ri 02903, usa"	NA	NA	NA	NA	41.818861	-71.407692	High	NA
308	2022-04-15	872915	11:48:00	Pedestrian	1	NA	FALSE	FALSE	1	CUSHING ST	HOPE ST	4/15/22	"Two-Way , Not Divided"	Dry	Daylight	Clear	Not a Collision Between Two Motor Vehicles in Transport	No	No Controls	5	1	Complains Of Pain	NA	41.83018	-71.39871	FALSE	FALSE	"Cushing Street and Hope Street, Providence, RI, USA"	FALSE	-71.3987121	41.8301906	intersection	geometric_center	"hope st & cushing st, providence, ri 02906, usa"	NA	NA	NA	NA	41.8301906	-71.3987121	Med High	1.192774083
309	2022-04-15	872936	17:10:00	Pedestrian	1	NA	FALSE	FALSE	1	COLE AVE	ROCHAMBEAU AVE	4/15/22	"Two-Way , Not Divided"	Dry	Daylight	Clear	Not a Collision Between Two Motor Vehicles in Transport	No	Stop Signs	2	1	Complains Of Pain	NA	41.8458	-71.38919	FALSE	FALSE	"Cole Ave and Rochambeau Ave, Providence, RI, USA"	FALSE	-71.3891825	41.8457995	intersection	geometric_center	"cole ave & rochambeau ave, providence, ri 02906, usa"	NA	NA	NA	NA	41.8457995	-71.3891825	Med High	0.62443563
306	2022-04-16	872954	12:20:00	Pedestrian	1	NA	FALSE	FALSE	1	Potters Avenue	CRANSTON ST	4/16/22	"Two-Way, Divided, Unprotected (painted>4feet) Medium"	Dry	Daylight	Clear	Not a Collision Between Two Motor Vehicles in Transport	No	No Controls	5	0	No Injury	NA	41.80497	-71.43756	FALSE	FALSE	"Potters Avenue and Cranston Street, Providence, RI, USA"	FALSE	-71.4377905	41.8050672	intersection	geometric_center	"potters ave & cranston st, providence, ri 02909, usa"	NA	NA	NA	NA	41.8050672	-71.4377905	Med High	21.97524748
307	2022-04-16	872959	16:59:00	Pedestrian	1	NA	TRUE	FALSE	1	Candace St	CHALKSTONE AVE	4/16/22	"Two-Way , Not Divided"	Dry	Daylight	Clear	Other	No	No Controls	4	1	Complains Of Pain	NA	41.836	-71.42261	FALSE	FALSE	"Candace Street and Chalkstone Ave, Providence, RI, USA"	FALSE	-71.4226306	41.8360642	intersection	geometric_center	"candace st & chalkstone ave, providence, ri 02908, usa"	NA	NA	NA	NA	41.8360642	-71.4226306	Med High	7.34810359
305	2022-04-18	873036	20:53:00	Pedestrian	1	NA	FALSE	FALSE	1	WASHINGTON ST	EXCHANGE ST	4/18/22	One-Way Trafficway	Dry	Dark - Lighted	Clear	Not a Collision Between Two Motor Vehicles in Transport	"Yes, M/V and Driver Left Scene"	Traffic Control Signal	2	1	Complains Of Pain	NA	41.82571	-71.41103	FALSE	FALSE	"Washington Street and Exchange Street, Providence, RI, USA"	FALSE	-71.4118704	41.8265115	route	geometric_center	"exchange st, providence, ri 02903, usa"	"Washington Street & Exchange Street, Providence, RI, USA"	EjhXYXNoaW5ndG9uIFN0cmVldCAmIEV4Y2hhbmdlIFN0cmVldCwgUHJvdmlkZW5jZSwgUkksIFVTQSJmImQKFAoSCX8SrsYWReSJEW5MQFQ5jjSiEhQKEgl_Eq7GFkXkiRFuTEBUOY40ohoUChIJqdrNnBJF5IkRGgfQlqMSNPYaFAoSCdFSn9cWReSJERdKzs-n0Y0OIgoNZxnuGBVVim_V	41.8257255	-71.4110379	41.8257255	-71.4110379	Med	1.845707867
304	2022-04-19	873055	11:58:00	Pedestrian	1	NA	FALSE	FALSE	1	Chalkstone Avenue	Van Ausdall Street	4/19/22	"Two-Way , Not Divided"	Dry	Daylight	Clear	Not a Collision Between Two Motor Vehicles in Transport	No	No Controls	3	1	Complains Of Pain	1	NA	NA	FALSE	FALSE	"Chalkstone Avenue and Van Ausdall Street, Providence, RI, USA"	FALSE	-71.4662518	41.8339432	intersection	geometric_center	"van ausdall st & chalkstone ave, providence, ri 02909, usa"	NA	NA	NA	NA	41.8339432	-71.4662518	Med High	NA
303	2022-04-20	873121	23:12:00	Bicycle	NA	1	FALSE	FALSE	1	PARK ROW E	CANAL ST	4/21/22	One-Way Trafficway	Dry	Dark - Lighted	Clear	Angle (Front - to - Side) Right Angle (Includes Broadside)	No	Traffic Control Signal	3	1	Complains Of Pain	NA	41.82847	-71.41069	FALSE	FALSE	"Park Row E and Canal Street, Providence, RI, USA"	FALSE	-71.4106907	41.8284695	intersection	geometric_center	"park row w & canal st, providence, ri 02903, usa"	NA	NA	NA	NA	41.8284695	-71.4106907	Med High	0.080433083
302	2022-04-22	873266	18:10:00	Pedestrian	1	NA	FALSE	FALSE	1	ANGELL ST	THAYER ST	4/22/22	One-Way Trafficway	Dry	Daylight	Clear	Not a Collision Between Two Motor Vehicles in Transport	"Yes, M/V and Driver Left Scene"	No Controls	4	1	Complains Of Pain	NA	41.82815	-71.40008	FALSE	FALSE	"Angell Street and Thayer Street, Providence, RI, USA"	FALSE	-71.4006581	41.8280973	intersection	geometric_center	"thayer st & angell st, providence, ri 02906, usa"	NA	NA	NA	NA	41.8280973	-71.4006581	Med High	48.31067153
300	2022-04-27	873458	21:16:00	Bicycle	NA	1	FALSE	FALSE	1	CANAL ST	MILL ST	4/27/22	"Two-Way, Divided, Positive Median Barrier"	Dry	Dark - Lighted	Clear	Not a Collision Between Two Motor Vehicles in Transport	No	No Controls	2	1	Non-Incapacitating	NA	41.8323	-71.41095	FALSE	FALSE	"Canal Street and Mill Street, Providence, RI, USA"	FALSE	-71.5342119	42.0140642	intersection	geometric_center	"mill st & canal st, north smithfield, ri 02896, usa"	NA	NA	NA	NA	42.0140642	-71.5342119	Med High	22663.64202
301	2022-04-27	873499	22:56:00	Pedestrian	1	NA	TRUE	FALSE	1	ACADEMY AVE	SMITH ST	4/28/22	"Two-Way , Not Divided"	Dry	Dark - Unknown Lighting	Cloudy	"Sideswipe, Same Direction"	"Yes, M/V and Driver Left Scene"	Traffic Control Signal	1	1	Non-Incapacitating	NA	41.84258	-71.44515	FALSE	FALSE	"Academy Ave and Smith Street, Providence, RI, USA"	FALSE	-71.4451406	41.8425939	intersection	geometric_center	"academy ave & smith st, providence, ri 02908, usa"	NA	NA	NA	NA	41.8425939	-71.4451406	Med High	1.732617068
298	2022-04-28	873494	15:34:00	Pedestrian	1	NA	FALSE	FALSE	1	HOPE ST	GEORGE ST	4/28/22	"Two-Way , Not Divided"	Dry	Daylight	Clear	Not a Collision Between Two Motor Vehicles in Transport	"Yes, M/V and Driver Left Scene"	Stop Signs	3	1	Complains Of Pain	NA	41.82579	-71.3973	FALSE	FALSE	"Hope Street and George Street, Providence, RI, USA"	FALSE	-71.3972697	41.8257801	intersection	geometric_center	"hope st & george st, providence, ri 02906, usa"	NA	NA	NA	NA	41.8257801	-71.3972697	Med High	2.744457005
299	2022-04-28	873496	17:40:00	Bicycle	NA	1	FALSE	FALSE	1	broadway	KNIGHT ST	4/28/22	"Two-Way , Not Divided"	Dry	Daylight	Clear	Angle (Front - to - Side) Same Direction	"Yes, M/V and Driver Left Scene"	Flashing Traffic Control Signal	1	1	Complains Of Pain	NA	41.8198	-71.42936	FALSE	FALSE	"Broadway and Knight Street, Providence, RI, USA"	FALSE	-71.4298401	41.8202496	route	geometric_center	"knight st, providence, ri, usa"	"Broadway & Knight Street, Providence, RI, USA"	Ei1Ccm9hZHdheSAmIEtuaWdodCBTdHJlZXQsIFByb3ZpZGVuY2UsIFJJLCBVU0EiZiJkChQKEgmvZYGEdUXkiRHAVmwJ-u4XKRIUChIJr2WBhHVF5IkRwFZsCfruFykaFAoSCaW15YZ1ReSJERrCM7HXpG-zGhQKEgkPqvF6dUXkiRGsZxyELkktfCIKDcQy7RgVV79s1Q	41.8198212	-71.4293417	41.8198212	-71.4293417	Med	2.806123126
297	2022-04-30	873588	16:49:00	Pedestrian	1	NA	FALSE	FALSE	1	UNION AVE EXIT	SERVICE RD NO. 1	4/30/22	One-Way Trafficway	Dry	Daylight	Clear	Not a Collision Between Two Motor Vehicles in Transport	"Yes, M/V and Driver Left Scene"	Traffic Control Signal	4	1	Fatal	NA	41.80904	-71.44017	FALSE	FALSE	"Union Ave Exit and Service Rd No. 1, Providence, RI, USA"	FALSE	-71.3907409	41.7942452	premise	rooftop	"1 service rd, providence, ri 02905, usa"	NA	NA	NA	NA	41.7942452	-71.3907409	Med High	4420.108352
295	2022-05-01	874626	19:09:00	Bicycle	NA	1	FALSE	FALSE	1	NELSON ST	Smith St	5/1/22	"Two-Way, Divided, Unprotected (painted>4feet) Medium"	Dry	Dusk	Clear	Not a Collision Between Two Motor Vehicles in Transport	"Yes, M/V and Driver Left Scene"	Stop Signs	1	1	Complains Of Pain	NA	41.8423	-71.44422	FALSE	FALSE	"Nelson Street and Smith Street, Providence, RI, USA"	FALSE	-71.4442116	41.8422004	intersection	geometric_center	"smith st & nelson st, providence, ri 02908, usa"	NA	NA	NA	NA	41.8422004	-71.4442116	Med High	11.10928413
296	2022-05-01	874633	21:59:00	Pedestrian	2	NA	FALSE	FALSE	1	Manton Ave	SISSON ST	5/1/22	"Two-Way , Not Divided"	Dry	Dark - Lighted	Clear	Not a Collision Between Two Motor Vehicles in Transport	"Yes, M/V and Driver Left Scene"	No Controls	3	2	Complains Of Pain	NA	41.82548	-71.45539	FALSE	FALSE	"Manton Ave and Sisson Street, Providence, RI, USA"	FALSE	-71.4553928	41.8254879	intersection	geometric_center	"manton ave & sisson st, providence, ri 02909, usa"	NA	NA	NA	NA	41.8254879	-71.4553928	Med High	0.90957965
294	2022-05-02	874644	7:48:00	Pedestrian	1	NA	FALSE	FALSE	1	354 MANTON AVE	OWEN ST	5/2/22	"Two-Way , Not Divided"	Dry	Daylight	Clear	Not a Collision Between Two Motor Vehicles in Transport	No	No Controls	5	1	Complains Of Pain	NA	41.82398	-71.45197	TRUE	FALSE	"354 Manton Ave, Providence, RI, USA"	FALSE	-71.4519884	41.8238204	street_address	rooftop	"354 manton ave, providence, ri 02909, usa"	NA	NA	NA	NA	41.8238204	-71.4519884	High	17.83203748
292	2022-05-08	874859	20:33:00	Bicycle	NA	1	FALSE	FALSE	1	LONGFELLOW ST	ELMWOOD AVE	5/8/22	"Two-Way, Divided, Positive Median Barrier"	Dry	Dark - Lighted	Cloudy	Angle (Front - to - Side) Opposite Direction	No	Stop Signs	2	1	Complains Of Pain	NA	41.79078	-71.42225	FALSE	FALSE	"Longfellow Street and Elmwood Ave, Providence, RI, USA"	FALSE	-71.4221645	41.7908152	intersection	geometric_center	"longfellow st & elmwood ave, providence, ri 02907, usa"	NA	NA	NA	NA	41.7908152	-71.4221645	Med High	8.106294689
293	2022-05-08	874862	23:56:00	Pedestrian	1	NA	FALSE	FALSE	1	BROAD STREET	THURBERS AVE	5/9/22	"Two-Way , Not Divided"	Dry	Dark - Lighted	Clear	Not a Collision Between Two Motor Vehicles in Transport	No	No Controls	6	1	Complains Of Pain	NA	41.79806	-71.4145	FALSE	FALSE	"Broad Street and Thurbers Ave, Providence, RI, USA"	FALSE	-71.4072534	41.7996465	route	geometric_center	"thurbers ave, providence, ri 02905, usa"	"Broad Street & Thurbers Ave, Providence, RI, USA"	EjBCcm9hZCBTdHJlZXQgJiBUaHVyYmVycyBBdmUsIFByb3ZpZGVuY2UsIFJJLCBVU0EiZiJkChQKEgnVbsoGiU_kiRFIi3UXtPpeWRIUChIJ1W7KBolP5IkRSIt1F7T6XlkaFAoSCYPefdWMT-SJESyiypOYSwijGhQKEgkroyggYEXkiRGzStN47BclxSIKDUjm6RgVr_xu1Q	41.7982024	-71.4146641	41.7982024	-71.4146641	Med	20.89840761
291	2022-05-09	874883	17:33:00	Bicycle	NA	1	FALSE	FALSE	1	BROADWAY	RINGGOLD ST	5/9/22	"Two-Way , Not Divided"	Dry	Daylight	Clear	Not a Collision Between Two Motor Vehicles in Transport	No	Pavement Markings	2	1	Complains Of Pain	NA	41.82121	-71.42335	FALSE	FALSE	"Broadway and Ringgold Street, Providence, RI, USA"	FALSE	-71.4233535	41.8212225	route	geometric_center	"ringgold st, providence, ri 02903, usa"	"Broadway & Ringgold Street, Providence, RI, USA"	Ei9Ccm9hZHdheSAmIFJpbmdnb2xkIFN0cmVldCwgUHJvdmlkZW5jZSwgUkksIFVTQSJmImQKFAoSCQHFIVJzReSJEZc0Z-2f-JoPEhQKEgkBxSFSc0XkiRGXNGftn_iaDxoUChIJpbXlhnVF5IkRGsIzsdekb7MaFAoSCa1x6FFzReSJEfxS86mAer7HIgoNgWntGBVBqW3V	41.8212225	-71.4233535	41.8212225	-71.4233535	Med	1.4214642
290	2022-05-10	874900	8:56:00	Pedestrian	1	NA	FALSE	FALSE	1	WESTMINSTER ST	COLLEGE ST	5/10/22	One-Way Trafficway	Dry	Daylight	Clear	Other	No	Traffic Control Signal	2	1	Complains Of Pain	NA	41.82528	-71.409	FALSE	FALSE	"Westminster Street and College Street, Providence, RI, USA"	FALSE	-71.4088081	41.8253077	intersection	geometric_center	"westminster st & college st, providence, ri 02903, usa"	NA	NA	NA	NA	41.8253077	-71.4088081	Med High	16.21462835
287	2022-05-12	874956	11:49:00	Pedestrian	1	NA	FALSE	FALSE	1	BRANCH AVE	OLMSTEAD WAY	5/12/22	Unknown	Dry	Daylight	Clear	Not a Collision Between Two Motor Vehicles in Transport	"Yes, M/V and Driver Left Scene"	No Controls	1	1	Complains Of Pain	NA	41.85383	-71.42946	FALSE	FALSE	"Branch Ave and Olmstead Way, Providence, RI, USA"	FALSE	-71.4300706	41.8540109	intersection	geometric_center	"branch ave & olmsted way, providence, ri 02904, usa"	NA	NA	NA	NA	41.8540109	-71.4300706	Med High	54.48652807
288	2022-05-12	875000	17:18:00	Bicycle	NA	1	FALSE	FALSE	1	IRVING AVE	BLACKSTONE BLVD	5/12/22	One-Way Trafficway	Dry	Daylight	Clear	Not a Collision Between Two Motor Vehicles in Transport	No	No Controls	2	1	Complains Of Pain	NA	41.83422	-71.38371	FALSE	FALSE	"Irving Ave and Blackstone Blvd, Providence, RI, USA"	FALSE	-71.3837393	41.8342209	intersection	geometric_center	"irving ave & blackstone blvd, providence, ri 02906, usa"	NA	NA	NA	NA	41.8342209	-71.3837393	Med High	2.432255476
289	2022-05-12	875046	20:00:00	Pedestrian	1	NA	FALSE	FALSE	1	ALDRICH ST	BROAD ST	5/13/22	"Two-Way , Not Divided"	Dry	Dark - Lighted	Clear	Other	"Yes, M/V and Driver Left Scene"	No Controls	1	1	Complains Of Pain	NA	41.79368	-71.40884	FALSE	FALSE	"Aldrich Street and Broad Street, Providence, RI, USA"	FALSE	-71.4089741	41.793628	intersection	geometric_center	"aldrich st & broad st, providence, ri 02905, usa"	NA	NA	NA	NA	41.793628	-71.4089741	Med High	12.54489497
286	2022-05-13	875057	15:17:00	Bicycle	NA	1	FALSE	FALSE	1	294 ADMIRAL ST	NEWCOMB ST	5/13/22	"Two-Way , Not Divided"	Dry	Daylight	Clear	Not a Collision Between Two Motor Vehicles in Transport	No	No Controls	2	1	Complains Of Pain	NA	41.84541	-71.42622	TRUE	FALSE	"294 Admiral Street, Providence, RI, USA"	FALSE	-71.4259246	41.8451967	premise	rooftop	"294 admiral st, providence, ri 02908, usa"	NA	NA	NA	NA	41.8451967	-71.4259246	High	34.11581018
285	2022-05-14	875098	12:27:00	Pedestrian	1	NA	FALSE	FALSE	1	ELMWOOD AVE	ADELAIDE AVE	5/14/22	"Two-Way , Not Divided"	Dry	Daylight	Clear	Not a Collision Between Two Motor Vehicles in Transport	No	No Controls	3	1	Non-Incapacitating	NA	41.79564	-71.42486	FALSE	FALSE	"Elmwood Ave and Adelaide Ave, Providence, RI, USA"	FALSE	-71.424995	41.795887	intersection	geometric_center	"adelaide ave & elmwood ave, providence, ri 02907, usa"	NA	NA	NA	NA	41.795887	-71.424995	Med High	29.69093454
284	2022-05-16	875172	14:53:00	Other	NA	NA	TRUE	FALSE	1	CRANSTON ST	BENEDICT ST	5/16/22	"Two-Way , Not Divided"	Dry	Daylight	Clear	Not a Collision Between Two Motor Vehicles in Transport	No	No Controls	2	0	No Injury	NA	41.80537	-71.43736	FALSE	FALSE	"Cranston Street and Benedict Street, Providence, RI, USA"	FALSE	-71.4372857	41.805444	intersection	geometric_center	"cranston st & benedict st, providence, ri 02907, usa"	NA	NA	NA	NA	41.805444	-71.4372857	Med High	10.28932312
283	2022-05-18	875244	16:55:00	Pedestrian	1	NA	FALSE	FALSE	1	BELLEVUE AVE	CRANSTON ST	5/18/22	"Two-Way , Not Divided"	Dry	Daylight	Clear	Not a Collision Between Two Motor Vehicles in Transport	"Yes, M/V and Driver Left Scene"	Stop Signs	2	1	Complains Of Pain	NA	41.80886	-71.43392	FALSE	FALSE	"Bellevue Ave and Cranston Street, Providence, RI, USA"	FALSE	-71.434059	41.8089239	intersection	geometric_center	"cranston st & bellevue ave, providence, ri 02907, usa"	NA	NA	NA	NA	41.8089239	-71.434059	Med High	13.55063943
282	2022-05-20	875325	20:18:00	Bicycle	NA	1	FALSE	FALSE	1	DEAN ST	FEDERAL ST	5/20/22	"Two-Way , Not Divided"	Dry	Dark - Lighted	Cloudy	"Sideswipe, Same Direction"	No	Stop Signs	5	0	No Injury	NA	41.82228	-71.42327	FALSE	FALSE	"Dean Street and Federal Street, Providence, RI, USA"	FALSE	-71.4232716	41.8222988	intersection	geometric_center	"dean st & federal st, providence, ri 02903, usa"	NA	NA	NA	NA	41.8222988	-71.4232716	Med High	2.097011294
281	2022-05-21	875346	6:30:00	Pedestrian	1	NA	FALSE	FALSE	1	CHAD BROWN ST	RUGGLES ST	5/21/22	"Two-Way , Not Divided"	Wet	Daylight	Clear	Not a Collision Between Two Motor Vehicles in Transport	"Yes, Driver Left Scene"	No Controls	4	1	Incapacitating	NA	41.83874	-71.42738	FALSE	FALSE	"Chad Brown Street and Ruggles Street, Providence, RI, USA"	FALSE	-71.4280511	41.8386096	intersection	geometric_center	"chad brown st & ruggles st, providence, ri 02908, usa"	NA	NA	NA	NA	41.8386096	-71.4280511	Med High	57.52009123
280	2022-05-22	875423	20:43:00	Other	NA	1	FALSE	FALSE	1	VALLEY ST	HEMLOCK ST	5/22/22	"Two-Way , Not Divided"	Dry	Dark - Lighted	Clear	Not a Collision Between Two Motor Vehicles in Transport	"Yes, M/V and Driver Left Scene"	No Controls	1	1	Non-Incapacitating	NA	41.82994	-71.43162	FALSE	FALSE	"Valley Street and Hemlock Street, Providence, RI, USA"	FALSE	-71.4304933	41.8304583	intersection	geometric_center	"valley st & hemlock st, providence, ri 02908, usa"	NA	NA	NA	NA	41.8304583	-71.4304933	Med High	109.8317072
279	2022-05-25	875494	17:43:00	Bicycle	1	NA	FALSE	FALSE	1	BROADWAY	VINTON ST	5/25/22	"Two-Way , Not Divided"	Dry	Daylight	Clear	Not a Collision Between Two Motor Vehicles in Transport	"Yes, M/V and Driver Left Scene"	Pavement Markings	1	1	Complains Of Pain	NA	41.82009	-71.4281	FALSE	FALSE	"Broadway and Vinton Street, Providence, RI, USA"	FALSE	-71.4285663	41.8207514	route	geometric_center	"vinton st, providence, ri, usa"	"Broadway & Vinton Street, Providence, RI, USA"	Ei1Ccm9hZHdheSAmIFZpbnRvbiBTdHJlZXQsIFByb3ZpZGVuY2UsIFJJLCBVU0EiZiJkChQKEglF5rYLdUXkiRHipmasZ-JhnRIUChIJRea2C3VF5IkR4qZmrGfiYZ0aFAoSCaW15YZ1ReSJERrCM7HXpG-zGhQKEgnN2QdAdUXkiRHzHzv0hMO0lyIKDVg97RgVUexs1Q	41.820092	-71.4281903	41.820092	-71.4281903	Med	7.494594365
278	2022-05-26	875531	20:45:00	Bicycle	NA	1	FALSE	FALSE	1	PUBLIC ST	BROAD ST	5/26/22	"Two-Way, Divided, Unprotected (painted>4feet) Medium"	Dry	Dark - Lighted	Clear	Angle (Front - to - Side) Same Direction	"Yes, Driver Left Scene"	Traffic Control Signal	1	1	Complains Of Pain	NA	41.80441	-71.41937	FALSE	FALSE	"Public Street and Broad Street, Providence, RI, USA"	FALSE	-71.4193596	41.804449	intersection	geometric_center	"public st & broad st, providence, ri 02907, usa"	NA	NA	NA	NA	41.804449	-71.4193596	Med High	4.426402177
277	2022-05-27	875552	14:55:00	Bicycle	NA	1	TRUE	FALSE	1	BENEFIT ST	ANGELL ST	5/27/22	"Two-Way , Not Divided"	Dry	Daylight	Clear	Not a Collision Between Two Motor Vehicles in Transport	No	Traffic Control Signal	3	1	Non-Incapacitating	NA	41.82751	-71.40765	FALSE	FALSE	"Benefit Street and Angell Street, Providence, RI, USA"	FALSE	-71.4076581	41.827518	intersection	geometric_center	"benefit st & angell st, providence, ri 02903, usa"	NA	NA	NA	NA	41.827518	-71.4076581	Med High	1.115588078
276	2022-05-31	875655	9:18:00	Bicycle	NA	1	FALSE	FALSE	1	DOUGLAS AVE/RIVER AVE	DOUGLAS AVE	5/31/22	"Two-Way , Not Divided"	Dry	Daylight	Clear	Rear End(Front-to-Rear)	No	No Controls	2	1	Complains Of Pain	NA	41.85275	-71.43714	FALSE	FALSE	"Douglas Ave/River Ave and Douglas Ave, Providence, RI, USA"	FALSE	-71.438829	41.85386	establishment	geometric_center	"douglas ns seamans, providence, ri, usa"	"River Ave & Douglas Ave, Providence, RI, USA"	EixSaXZlciBBdmUgJiBEb3VnbGFzIEF2ZSwgUHJvdmlkZW5jZSwgUkksIFVTQSJmImQKFAoSCY3uUApaROSJEWnaLVhdVdhQEhQKEgmN7lAKWkTkiRFp2i1YXVXYUBoUChIJj3GC66pF5IkR9y-1EWW4axsaFAoSCQf0aAlQROSJES7TmsGM2dutIgoNrznyGBVdjmvV	41.8527663	-71.4371491	41.8527663	-71.4371491	Med	1.96514245
275	2022-06-02	875741	16:32:00	Pedestrian	1	NA	FALSE	FALSE	1	BROAD ST	THURBERS AVE	6/2/22	"Two-Way , Not Divided"	Dry	Daylight	Clear	Not a Collision Between Two Motor Vehicles in Transport	No	Traffic Control Signal	3	1	Complains Of Pain	NA	41.79811	-71.41457	FALSE	FALSE	"Broad Street and Thurbers Ave, Providence, RI, USA"	FALSE	-71.4072534	41.7996465	route	geometric_center	"thurbers ave, providence, ri 02905, usa"	"Broad Street & Thurbers Ave, Providence, RI, USA"	EjBCcm9hZCBTdHJlZXQgJiBUaHVyYmVycyBBdmUsIFByb3ZpZGVuY2UsIFJJLCBVU0EiZiJkChQKEgnVbsoGiU_kiRFIi3UXtPpeWRIUChIJ1W7KBolP5IkRSIt1F7T6XlkaFAoSCYPefdWMT-SJESyiypOYSwijGhQKEgkroyggYEXkiRGzStN47BclxSIKDUjm6RgVr_xu1Q	41.7982024	-71.4146641	41.7982024	-71.4146641	Med	12.91448415
274	2022-06-03	875762	9:09:00	Pedestrian	1	NA	FALSE	FALSE	1	736 BRANCH AVENUE	NA	6/3/22	"Two-Way , Not Divided"	Dry	Daylight	Cloudy	Other	No	No Controls	7	1	Complains Of Pain	NA	41.83582	-71.41572	TRUE	TRUE	"736 Branch Avenue, Providence, RI, USA"	FALSE	-71.4285913	41.8532706	premise	rooftop	"736 branch ave, providence, ri 02904, usa"	NA	NA	NA	NA	41.8532706	-71.4285913	High	2216.52777
273	2022-06-06	876868	14:58:00	Other	NA	NA	TRUE	FALSE	2	GREENWICH ST	ELMWOOD AVENUE	6/6/22	"Two-Way , Not Divided"	Dry	Daylight	Clear	Angle (Front - to - Side) Opposite Direction	"Yes, M/V and Driver Left Scene"	Traffic Control Signal	1	0	No Injury	NA	41.80237	-71.42608	FALSE	FALSE	"Greenwich Street and Elmwood Avenue, Providence, RI, USA"	FALSE	-71.4260732	41.8023814	intersection	geometric_center	"greenwich st & elmwood ave, providence, ri 02907, usa"	NA	NA	NA	NA	41.8023814	-71.4260732	Med High	1.388842848
272	2022-06-07	876875	7:50:00	Bicycle	NA	1	FALSE	FALSE	1	CRANSTON ST	LINWOOD AVE	6/7/22	"Two-Way , Not Divided"	Dry	Daylight	Clear	Not a Collision Between Two Motor Vehicles in Transport	No	Traffic Control Signal	4	1	Complains Of Pain	NA	41.80701	-71.43571	FALSE	FALSE	"Cranston Street and Linwood Ave, Providence, RI, USA"	FALSE	-71.4356998	41.8070369	intersection	geometric_center	"cranston st & linwood ave, providence, ri 02909, usa"	NA	NA	NA	NA	41.8070369	-71.4356998	Med High	3.111804784
270	2022-06-08	876918	18:56:00	Bicycle	NA	1	FALSE	FALSE	1	286 INDIANA AVE	VIRGINIA AVE	6/8/22	"Two-Way , Not Divided"	Dry	Dark - Lighted	Clear	Not a Collision Between Two Motor Vehicles in Transport	No	No Controls	3	1	Complains Of Pain	NA	41.7896	-71.401	TRUE	FALSE	"286 Indiana Ave, Providence, RI, USA"	FALSE	-71.4016714	41.7893266	premise	rooftop	"286 indiana ave, providence, ri 02905, usa"	NA	NA	NA	NA	41.7893266	-71.4016714	High	63.49533276
271	2022-06-08	876924	18:26:00	Bicycle	NA	1	FALSE	FALSE	1	NEBRASKA ST	EDDY ST	6/8/22	"Two-Way , Not Divided"	Dry	Dusk	Clear	Not a Collision Between Two Motor Vehicles in Transport	No	No Controls	2	0	No Injury	NA	41.79829	-71.40538	FALSE	FALSE	"Nebraska Street and Eddy Street, Providence, RI, USA"	FALSE	-71.40537	41.7982916	intersection	geometric_center	"eddy st & nebraska st, providence, ri 02905, usa"	NA	NA	NA	NA	41.7982916	-71.40537	Med High	0.848780358