row_number	crash_date	crash_report_id	crash_time	collision_type	count_pedestrian	count_bicycle	scooter	wheel_chair	number_of_vehicles	street_or_highway	nearest_intersection	report_date	type_of_roadway	road_surface_condition	light_condition	weather_condition	manner_of_impact	hit_and_run	traffic_control	person_count	injury_count	most_serious_injury	number_of_lanes	lat_raw	lon_raw	has_st_number	is_intersection_null	address_sent_to_geocoder	is_address_blank	lon_api_first_try	lat_api_first_try	type	loctype	address_returned_by_geocoder	address_returned_by_autocomplete	place_ids_autocompleted	lat_api_second_try	lon_api_second_try	lat_api_best	lon_api_best	api_coord_conf	distance_btwn_coords_meters
267	2022-06-09	876943	12:37:00	Pedestrian	1	NA	TRUE	FALSE	1	BROAD ST	VERNDALE ST	6/9/22	"Two-Way , Not Divided"	Dry	Daylight	Clear	Not a Collision Between Two Motor Vehicles in Transport	No	No Controls	4	1	Complains Of Pain	NA	41.79158	-71.40644	FALSE	FALSE	"Broad Street and Verndale Street, Providence, RI, USA"	FALSE	-71.4094732	41.7897944	route	geometric_center	"verndale ave, providence, ri 02905, usa"	NA	NA	NA	NA	41.7897944	-71.4094732	Med	320.7620175
268	2022-06-09	876950	14:04:00	Pedestrian	1	NA	FALSE	FALSE	1	387 CHARLES ST	SILVER SPRING ST	6/9/22	"Two-Way , Not Divided"	Dry	Daylight	Clear	Not a Collision Between Two Motor Vehicles in Transport	No	No Controls	2	1	Complains Of Pain	NA	41.84371	-71.41835	TRUE	FALSE	"387 Charles Street, Providence, RI, USA"	FALSE	-71.417562	41.843616	street_address	rooftop	"387 charles st, providence, ri 02904, usa"	NA	NA	NA	NA	41.843616	-71.417562	High	66.18088308
269	2022-06-09	876994	18:14:00	Other	NA	1	TRUE	FALSE	1	CAMP ST	DOYLE AVE	6/10/22	"Two-Way , Not Divided"	Dry	Daylight	Clear	Unknown	No	Stop Signs	2	1	Complains Of Pain	NA	41.83879	-71.4042	FALSE	FALSE	"Camp Street and Doyle Ave, Providence, RI, USA"	FALSE	-71.4041847	41.838804	intersection	geometric_center	"camp st & doyle ave, providence, ri 02906, usa"	NA	NA	NA	NA	41.838804	-71.4041847	Med High	2.009723335
265	2022-06-10	876982	6:38:00	Pedestrian	1	NA	FALSE	FALSE	1	Broad	Oxford	6/10/22	"Two-Way , Not Divided"	Dry	Dawn	Clear	Not a Collision Between Two Motor Vehicles in Transport	No	No Controls	3	0	No Injury	NA	NA	NA	FALSE	FALSE	"Broad and Oxford, Providence, RI, USA"	FALSE	-71.4098094	41.8023702	route	geometric_center	"oxford st, providence, ri 02905, usa"	"Broad Street & Oxford Street, Providence, RI, USA"	EjFCcm9hZCBTdHJlZXQgJiBPeGZvcmQgU3RyZWV0LCBQcm92aWRlbmNlLCBSSSwgVVNBImYiZAoUChIJh-FuDohP5IkRI2IsCmv-T0ESFAoSCYfhbg6IT-SJESNiLApr_k9BGhQKEgmD3n3VjE_kiREsosqTmEsIoxoUChIJGaMJqWFF5IkRUr1E8WrWZNciCg0WPuoYFfqPbtU	41.8004502	-71.417447	41.8004502	-71.417447	Med	NA
266	2022-06-10	876998	15:38:00	Bicycle	NA	1	FALSE	FALSE	1	Smith and Canal St	SMITH ST	6/10/22	"Two-Way , Not Divided"	Dry	Daylight	Clear	Angle (Front - to - Side) Opposite Direction	No	No Controls	2	1	Non-Incapacitating	NA	41.83108	-71.4113	FALSE	FALSE	"Smith And Canal Street and Smith Street, Providence, RI, USA"	FALSE	-71.4433053	41.8418141	route	geometric_center	"smith st, providence, ri, usa"	"Canal Street & Smith Street, Providence, RI, USA"	EjBDYW5hbCBTdHJlZXQgJiBTbWl0aCBTdHJlZXQsIFByb3ZpZGVuY2UsIFJJLCBVU0EiZiJkChQKEgmNIDqdGUXkiRF9HyMoQizAgRIUChIJjSA6nRlF5IkRfR8jKEIswIEaFAoSCcvUmNAZReSJEftrQiUQSQCyGhQKEgm1rnBMS0TkiREhtaMwuIyrhCIKDcn37hgV7n5v1Q	41.8314185	-71.4113298	41.8314185	-71.4113298	Med	37.76263032
264	2022-06-11	877034	12:55:00	Bicycle	NA	1	FALSE	FALSE	1	POINT ST	PRAIRIE AVE	6/11/22	One-Way Trafficway	Dry	Daylight	Clear	Not a Collision Between Two Motor Vehicles in Transport	"Yes, M/V and Driver Left Scene"	No Controls	1	1	Complains Of Pain	NA	41.81457	-71.41507	FALSE	FALSE	"Point Street and Prairie Ave, Providence, RI, USA"	FALSE	-71.415311	41.8145184	intersection	geometric_center	"point st & prairie ave, providence, ri 02903, usa"	NA	NA	NA	NA	41.8145184	-71.415311	Med High	20.80379956
262	2022-06-12	877060	9:48:00	Pedestrian	1	NA	FALSE	FALSE	1	981 BROAD ST	SUMTER ST	6/12/22	"Two-Way , Not Divided"	Dry	Daylight	Clear	Not a Collision Between Two Motor Vehicles in Transport	No	No Controls	2	1	Complains Of Pain	NA	41.79776	-71.41414	TRUE	FALSE	"981 Broad Street, Providence, RI, USA"	FALSE	-71.4144826	41.7978325	premise	rooftop	"981 broad st, providence, ri 02905, usa"	NA	NA	NA	NA	41.7978325	-71.4144826	High	29.55525897
263	2022-06-12	877069	16:32:00	Bicycle	NA	1	FALSE	FALSE	1	MURRAY ST	SIBYL ST	6/12/22	"Two-Way , Not Divided"	Dry	Daylight	Clear	Not a Collision Between Two Motor Vehicles in Transport	No	No Controls	2	1	Complains Of Pain	NA	41.80873	-71.45947	FALSE	FALSE	"Murray Street and Sibyl Street, Providence, RI, USA"	FALSE	-71.459465	41.808735	intersection	geometric_center	"murray st & sibyl st, providence, ri 02909, usa"	NA	NA	NA	NA	41.808735	-71.459465	Med High	0.694205116
261	2022-06-13	877114	19:35:00	Bicycle	NA	1	FALSE	FALSE	1	NORTH AVE	BLACKSTONE BLVD	6/13/22	One-Way Trafficway	Dry	Daylight	Clear	Not a Collision Between Two Motor Vehicles in Transport	No	No Controls	4	1	Non-Incapacitating	NA	41.85415	-71.39026	FALSE	FALSE	"North Ave and Blackstone Blvd, Providence, RI, USA"	FALSE	-71.3902317	41.8541661	intersection	geometric_center	"north ave & blackstone blvd, providence, ri 02906, usa"	NA	NA	NA	NA	41.8541661	-71.3902317	Med High	2.952674285
258	2022-06-14	877136	8:43:00	Pedestrian	1	NA	FALSE	FALSE	1	CHALKSTONE AVENUE	ACADEMY AVENUE	6/14/22	"Two-Way , Not Divided"	Dry	Daylight	Clear	Not a Collision Between Two Motor Vehicles in Transport	No	Traffic Control Signal	2	0	No Injury	NA	41.82422	-71.43364	FALSE	FALSE	"Chalkstone Avenue and Academy Avenue, Providence, RI, USA"	FALSE	-71.4445249	41.8324538	intersection	geometric_center	"academy ave & chalkstone ave, providence, ri 02908, usa"	NA	NA	NA	NA	41.8324538	-71.4445249	Med High	1286.601127
259	2022-06-14	877137	11:30:00	Pedestrian	1	NA	FALSE	FALSE	1	PLAIN ST	BLACKSTONE ST	6/14/22	Unknown	Dry	Daylight	Clear	Not a Collision Between Two Motor Vehicles in Transport	No	No Controls	3	1	Non-Incapacitating	NA	41.80942	-71.41091	FALSE	FALSE	"Plain Street and Blackstone Street, Providence, RI, USA"	FALSE	-71.4109722	41.8095772	intersection	geometric_center	"plain st & blackstone st, providence, ri 02905, usa"	NA	NA	NA	NA	41.8095772	-71.4109722	Med High	18.24459904
260	2022-06-14	877144	15:34:00	Pedestrian	1	NA	FALSE	FALSE	1	HANNAH ST	ATWELLS AVE	6/14/22	Unknown	Dry	Daylight	Clear	Other	"Yes, M/V and Driver Left Scene"	No Controls	1	1	Complains Of Pain	NA	41.82506	-71.44863	FALSE	FALSE	"Hannah Street and Atwells Ave, Providence, RI, USA"	FALSE	-71.4486537	41.8250697	intersection	geometric_center	"hannah st & atwells ave, providence, ri 02909, usa"	NA	NA	NA	NA	41.8250697	-71.4486537	Med High	2.243015346
256	2022-06-20	877362	16:42:00	Bicycle	NA	1	FALSE	FALSE	1	NORTH MAIN ST	EVERGREEN ST	6/20/22	"Two-Way , Not Divided"	Dry	Daylight	Clear	Not a Collision Between Two Motor Vehicles in Transport	No	Pavement Markings	2	1	Non-Incapacitating	NA	41.84488	-71.40615	FALSE	FALSE	"North Main Street and Evergreen Street, Providence, RI, USA"	FALSE	-71.4027343	41.8448794	route	geometric_center	"evergreen st, providence, ri, usa"	"North Main Street & Evergreen Street, Providence, RI, USA"	EjlOb3J0aCBNYWluIFN0cmVldCAmIEV2ZXJncmVlbiBTdHJlZXQsIFByb3ZpZGVuY2UsIFJJLCBVU0EiZiJkChQKEgm7-2KA3UTkiRGGpVWSwcnYIBIUChIJu_tigN1E5IkRhqVVksHJ2CAaFAoSCfn6QT3eROSJEV_Xrb4NXCM_GhQKEglJ0az43ETkiRHnr0rNpn5bmyIKDfEG8RgVh0lw1Q	41.8449137	-71.4061433	41.8449137	-71.4061433	Med	3.79238885
257	2022-06-20	877364	18:01:00	Bicycle	NA	1	TRUE	FALSE	1	HOPE ST	WILLIAMS ST	6/20/22	"Two-Way, Divided, Unprotected (painted>4feet) Medium"	Dry	Daylight	Clear	Not a Collision Between Two Motor Vehicles in Transport	No	Stop Signs	3	1	Complains Of Pain	NA	41.82254	-71.39682	FALSE	FALSE	"Hope Street and Williams Street, Providence, RI, USA"	FALSE	-71.3968006	41.8225892	intersection	geometric_center	"hope st & williams st, providence, ri 02906, usa"	NA	NA	NA	NA	41.8225892	-71.3968006	Med High	5.708474908
255	2022-06-22	877418	12:49:00	Pedestrian	1	NA	FALSE	FALSE	1	81 WASHINGTON ST	CLEMENCE ST	6/22/22	"Two-Way , Not Divided"	Dry	Daylight	Clear	Not a Collision Between Two Motor Vehicles in Transport	"Yes, M/V and Driver Left Scene"	Pavement Markings	1	1	Complains Of Pain	NA	41.82346	-71.4142	TRUE	FALSE	"81 Washington Street, Providence, RI, USA"	FALSE	-71.4141969	41.8236656	street_address	rooftop	"81 washington st, providence, ri 02903, usa"	NA	NA	NA	NA	41.8236656	-71.4141969	High	22.888732
254	2022-06-23	877447	11:12:00	Bicycle	NA	1	FALSE	FALSE	1	Congress Ave	HAMILTON ST	6/23/22	"Two-Way , Not Divided"	Dry	Daylight	Clear	Not a Collision Between Two Motor Vehicles in Transport	No	Stop Signs	2	1	Complains Of Pain	NA	41.79994	-71.42156	FALSE	FALSE	"Congress Ave and Hamilton Street, Providence, RI, USA"	FALSE	-71.4215639	41.7999493	intersection	geometric_center	"congress ave & hamilton st, providence, ri 02907, usa"	NA	NA	NA	NA	41.7999493	-71.4215639	Med High	1.084681124
253	2022-06-24	877485	1:41:00	Pedestrian	1	NA	FALSE	FALSE	1	Steeple St	CANAL ST	6/24/22	One-Way Trafficway	Dry	Dark - Lighted	Clear	Not a Collision Between Two Motor Vehicles in Transport	No	Traffic Control Signal	2	0	No Injury	NA	41.82715	-71.40997	FALSE	FALSE	"Steeple Street and Canal Street, Providence, RI, USA"	FALSE	-71.409902	41.8271852	intersection	geometric_center	"steeple st & canal st, providence, ri 02903, usa"	NA	NA	NA	NA	41.8271852	-71.409902	Med High	6.868130385
252	2022-06-25	877546	13:48:00	Bicycle	NA	1	FALSE	FALSE	1	VALLEY STREET	NEWARK ST	6/25/22	"Two-Way, Divided, Unprotected (painted>4feet) Medium"	Dry	Daylight	Clear	Not a Collision Between Two Motor Vehicles in Transport	"Yes, M/V and Driver Left Scene"	No Controls	1	1	Complains Of Pain	NA	41.82531	-71.43927	FALSE	FALSE	"Valley Street and Newark Street, Providence, RI, USA"	FALSE	-71.4393041	41.8252323	intersection	geometric_center	"valley st & newark st, providence, ri 02908, usa"	NA	NA	NA	NA	41.8252323	-71.4393041	Med High	9.10032166
251	2022-06-27	877627	20:56:00	Pedestrian	1	NA	FALSE	FALSE	1	CRANSTON ST	DEXTER ST	6/27/22	"Two-Way , Not Divided"	Wet	Dark - Lighted	Clear	Not a Collision Between Two Motor Vehicles in Transport	"Yes, M/V and Driver Left Scene"	No Controls	1	1	Complains Of Pain	NA	41.81284	-71.42912	FALSE	FALSE	"Cranston Street and Dexter Street, Providence, RI, USA"	FALSE	-71.429588	41.8126029	intersection	geometric_center	"cranston st & dexter st, providence, ri 02907, usa"	NA	NA	NA	NA	41.8126029	-71.429588	Med High	46.95086987
250	2022-06-28	877641	11:36:00	Pedestrian	3	NA	FALSE	FALSE	1	Atwells Ave	Valley St	6/28/22	"Two-Way , Not Divided"	Dry	Daylight	Clear	Not a Collision Between Two Motor Vehicles in Transport	No	Traffic Control Signal	6	1	Complains Of Pain	2	NA	NA	FALSE	FALSE	"Atwells Ave and Valley Street, Providence, RI, USA"	FALSE	-71.4394736	41.8245768	intersection	geometric_center	"valley st & atwells ave, providence, ri 02908, usa"	NA	NA	NA	NA	41.8245768	-71.4394736	Med High	NA
248	2022-07-01	877794	14:22:00	Pedestrian	1	NA	FALSE	FALSE	1	HARTFORD AVE	HARTFORD AVE	7/1/22	"Two-Way, Divided, Unprotected (painted>4feet) Medium"	Dry	Daylight	Clear	Not a Collision Between Two Motor Vehicles in Transport	No	No Controls	2	1	Complains Of Pain	NA	41.81889	-71.46093	FALSE	FALSE	"Hartford Ave and Hartford Ave, Providence, RI, USA"	FALSE	-71.4587339	41.8185901	route	geometric_center	"hartford ave, providence, ri, usa"	"Hartford Ave Service Rd & Hartford Ave, Johnston, Providence, RI, USA"	EkVIYXJ0Zm9yZCBBdmUgU2VydmljZSBSZCAmIEhhcnRmb3JkIEF2ZSwgSm9obnN0b24sIFByb3ZpZGVuY2UsIFJJLCBVU0EiZiJkChQKEgmP4Jty0EfkiRFZT82Cwq1hZxIUChIJj-CbctBH5IkRWU_NgsKtYWcaFAoSCUk2WRTQR-SJEffJJKBODzFaGhQKEgkvAx61JEbkiRGCwC0vu7gN1iIKDdap7hgVnoNc1Q	41.829423	-71.5357282	41.829423	-71.5357282	Med	6314.67753
249	2022-07-01	877799	18:15:00	Pedestrian	1	NA	TRUE	FALSE	1	DEXTER ST	SPRAGUE ST	7/1/22	"Two-Way , Not Divided"	Dry	Daylight	Clear	Not a Collision Between Two Motor Vehicles in Transport	No	No Controls	2	1	Complains Of Pain	NA	41.80987	-71.42838	FALSE	FALSE	"Dexter Street and Sprague Street, Providence, RI, USA"	FALSE	-71.428322	41.809742	intersection	geometric_center	"sprague st & dexter st, providence, ri 02907, usa"	NA	NA	NA	NA	41.809742	-71.428322	Med High	15.03963753
246	2022-07-03	878869	18:47:00	Pedestrian	1	NA	FALSE	FALSE	1	ELMWOOD AVE	DABOLL ST	7/3/22	"Two-Way , Not Divided"	Dry	Daylight	Clear	Not a Collision Between Two Motor Vehicles in Transport	"Yes, M/V and Driver Left Scene"	No Controls	3	1	Complains Of Pain	NA	41.80409	-71.42558	FALSE	FALSE	"Elmwood Ave and Daboll Street, Providence, RI, USA"	FALSE	-71.4255688	41.8041436	intersection	geometric_center	"daboll st & elmwood ave, providence, ri 02907, usa"	NA	NA	NA	NA	41.8041436	-71.4255688	Med High	6.038671838
247	2022-07-03	878930	15:43:00	Other	NA	NA	TRUE	FALSE	2	CUSTOM HOUSE ST	DYER ST	7/5/22	One-Way Trafficway	Dry	Daylight	Clear	Not a Collision Between Two Motor Vehicles in Transport	"Yes, M/V and Driver Left Scene"	No Controls	1	0	No Injury	1	41.82425	-71.40894	FALSE	FALSE	"Custom House Street and Dyer Street, Providence, RI, USA"	FALSE	-71.4084187	41.8242128	intersection	geometric_center	"dyer st & custom house st, providence, ri 02903, usa"	NA	NA	NA	NA	41.8242128	-71.4084187	Med High	43.44206769
244	2022-07-05	878925	14:10:00	Bicycle	NA	1	FALSE	FALSE	1	Broadway	KNIGHT ST	7/5/22	"Two-Way, Divided, Unprotected (painted>4feet) Medium"	Dry	Daylight	Clear	Not a Collision Between Two Motor Vehicles in Transport	No	No Controls	3	1	Complains Of Pain	NA	41.81991	-71.42888	FALSE	FALSE	"Broadway and Knight Street, Providence, RI, USA"	FALSE	-71.4298401	41.8202496	route	geometric_center	"knight st, providence, ri, usa"	"Broadway & Knight Street, Providence, RI, USA"	Ei1Ccm9hZHdheSAmIEtuaWdodCBTdHJlZXQsIFByb3ZpZGVuY2UsIFJJLCBVU0EiZiJkChQKEgmvZYGEdUXkiRHAVmwJ-u4XKRIUChIJr2WBhHVF5IkRwFZsCfruFykaFAoSCaW15YZ1ReSJERrCM7HXpG-zGhQKEgkPqvF6dUXkiRGsZxyELkktfCIKDcQy7RgVV79s1Q	41.8198212	-71.4293417	41.8198212	-71.4293417	Med	39.55778106
245	2022-07-05	878927	15:57:00	Bicycle	NA	1	FALSE	FALSE	1	BUCKLIN ST	BELLEVUE AVE	7/5/22	"Two-Way , Not Divided"	Dry	Daylight	Cloudy	Not a Collision Between Two Motor Vehicles in Transport	No	Pavement Markings	3	1	Complains Of Pain	NA	41.80724	-71.42787	FALSE	FALSE	"Bucklin Street and Bellevue Ave, Providence, RI, USA"	FALSE	-71.4278656	41.8072493	intersection	geometric_center	"bucklin st & bellevue ave, providence, ri 02907, usa"	NA	NA	NA	NA	41.8072493	-71.4278656	Med High	1.097762508
241	2022-07-06	878944	17:30:00	Bicycle	NA	1	FALSE	FALSE	1	WESTMINSTER ST	COURTLAND ST	7/6/22	"Two-Way , Not Divided"	Dry	Daylight	Clear	"Sideswipe, Same Direction"	No	No Controls	2	1	Complains Of Pain	NA	41.81669	-71.43043	FALSE	FALSE	"Westminster Street and Courtland Street, Providence, RI, USA"	FALSE	-71.4304862	41.816707	intersection	geometric_center	"westminster st & courtland st, providence, ri 02909, usa"	NA	NA	NA	NA	41.816707	-71.4304862	Med High	5.032009366
242	2022-07-06	878953	14:48:00	Bicycle	NA	1	FALSE	FALSE	1	EAGLE ST	VALLEY ST	7/6/22	"Two-Way , Not Divided"	Dry	Daylight	Clear	Not a Collision Between Two Motor Vehicles in Transport	No	No Controls	2	1	Complains Of Pain	NA	41.82703	-71.43611	FALSE	FALSE	"Eagle Street and Valley Street, Providence, RI, USA"	FALSE	-71.4364099	41.8274251	intersection	geometric_center	"valley st & eagle st, providence, ri 02908, usa"	NA	NA	NA	NA	41.8274251	-71.4364099	Med High	50.53025739
243	2022-07-06	881461	19:41:00	Other	NA	NA	TRUE	FALSE	2	HARTFORD AVE	HARTFORD AVE	9/26/22	"Two-Way, Divided, Unprotected (painted>4feet) Medium"	Dry	Daylight	Clear	"Sideswipe, Same Direction"	No	Stop Signs	4	0	No Injury	NA	41.81835	-71.45738	FALSE	FALSE	"Hartford Ave and Hartford Ave, Providence, RI, USA"	FALSE	-71.4587339	41.8185901	route	geometric_center	"hartford ave, providence, ri, usa"	"Hartford Ave Service Rd & Hartford Ave, Johnston, Providence, RI, USA"	EkVIYXJ0Zm9yZCBBdmUgU2VydmljZSBSZCAmIEhhcnRmb3JkIEF2ZSwgSm9obnN0b24sIFByb3ZpZGVuY2UsIFJJLCBVU0EiZiJkChQKEgmP4Jty0EfkiRFZT82Cwq1hZxIUChIJj-CbctBH5IkRWU_NgsKtYWcaFAoSCUk2WRTQR-SJEffJJKBODzFaGhQKEgkvAx61JEbkiRGCwC0vu7gN1iIKDdap7hgVnoNc1Q	41.829423	-71.5357282	41.829423	-71.5357282	Med	6615.235746
240	2022-07-12	879080	6:33:00	Other	1	NA	TRUE	FALSE	1	Canal St/ Steeple St	CANAL ST	7/12/22	One-Way Trafficway	Dry	Daylight	Clear	Not a Collision Between Two Motor Vehicles in Transport	No	Traffic Control Signal	2	1	Incapacitating	NA	41.82718	-71.40991	FALSE	FALSE	"Canal St/ Steeple Street and Canal Street, Providence, RI, USA"	FALSE	-71.409902	41.8271852	intersection	geometric_center	"steeple st & canal st, providence, ri 02903, usa"	NA	NA	NA	NA	41.8271852	-71.409902	Med High	0.880598601
239	2022-07-13	879112	1:41:00	Pedestrian	1	NA	FALSE	FALSE	1	COMMODORE ST	BRANCH AVE	7/13/22	"Two-Way, Divided, Unprotected (painted>4feet) Medium"	Wet	Dark - Lighted	Cloudy	Not a Collision Between Two Motor Vehicles in Transport	"Yes, M/V and Driver Left Scene"	Pavement Markings	2	1	Complains Of Pain	NA	41.84955	-71.41837	FALSE	FALSE	"Commodore Street and Branch Ave, Providence, RI, USA"	FALSE	-71.4183292	41.8495491	intersection	geometric_center	"branch ave & commodore st, providence, ri 02904, usa"	NA	NA	NA	NA	41.8495491	-71.4183292	Med High	3.384692998
237	2022-07-14	879154	16:26:00	Pedestrian	1	NA	TRUE	FALSE	1	WICKENDEN ST	Wickenden St	7/14/22	"Two-Way , Not Divided"	Dry	Daylight	Clear	Not a Collision Between Two Motor Vehicles in Transport	No	Traffic Control Signal	2	0	No Injury	NA	41.81893	-71.40082	FALSE	FALSE	"Wickenden Street and Wickenden Street, Providence, RI, USA"	FALSE	-71.3960063	41.8196128	route	geometric_center	"wickenden st, providence, ri, usa"	NA	NA	NA	NA	41.8196128	-71.3960063	Med	406.5187065
238	2022-07-14	879158	15:55:00	Bicycle	NA	1	FALSE	FALSE	1	INDUSTRIAL DR	N MAIN ST	7/14/22	"Two-Way, Divided, Positive Median Barrier"	Dry	Daylight	Clear	Not a Collision Between Two Motor Vehicles in Transport	No	Traffic Control Signal	2	1	Complains Of Pain	NA	41.84063	-71.40872	FALSE	FALSE	"Industrial Dr and N Main Street, Providence, RI, USA"	FALSE	-71.3702575	41.8264716	establishment	rooftop	"105 wilmarth ave, east providence, ri 02914, usa"	"Industrial Dr & North Main Street, Providence, RI, USA"	EjZJbmR1c3RyaWFsIERyICYgTm9ydGggTWFpbiBTdHJlZXQsIFByb3ZpZGVuY2UsIFJJLCBVU0EiZiJkChQKEgkDezJW4ETkiRG9xnXQ5dwU2BIUChIJA3syVuBE5IkRvcZ10OXcFNgaFAoSCXnPQqDhROSJEYo636_w5uWZGhQKEgn5-kE93kTkiRFf162-DVwjPyIKDURg8BgV7uVv1Q	41.8406468	-71.408693	41.8406468	-71.408693	Med	2.917455443
235	2022-07-15	879206	18:04:00	Bicycle	NA	1	FALSE	FALSE	1	PUBLIC ST	GORDON AVE	7/15/22	"Two-Way , Not Divided"	Dry	Daylight	Clear	Not a Collision Between Two Motor Vehicles in Transport	No	No Controls	4	1	Complains Of Pain	NA	41.80519	-71.41634	FALSE	FALSE	"Public Street and Gordon Ave, Providence, RI, USA"	FALSE	-71.416363	41.8051973	intersection	geometric_center	"gordon ave & public st, providence, ri 02907, usa"	NA	NA	NA	NA	41.8051973	-71.416363	Med High	2.074327161
236	2022-07-15	879219	21:53:00	Pedestrian	1	NA	FALSE	FALSE	1	WARRINGTON ST	BROAD STREET	7/15/22	"Two-Way, Divided, Unprotected (painted>4feet) Medium"	Dry	Dark - Lighted	Cloudy	Not a Collision Between Two Motor Vehicles in Transport	"Yes, Driver Left Scene"	No Controls	6	1	Incapacitating	NA	41.79667	-71.41277	FALSE	FALSE	"Warrington Street and Broad Street, Providence, RI, USA"	FALSE	-71.4127794	41.7967017	intersection	geometric_center	"warrington st & broad st, providence, ri 02905, usa"	NA	NA	NA	NA	41.7967017	-71.4127794	Med High	3.614027647
233	2022-07-16	879257	21:23:00	Pedestrian	1	NA	FALSE	FALSE	1	ATWELLS AVE	CUTLER ST	7/16/22	"Two-Way, Divided, Positive Median Barrier"	Dry	Dark - Lighted	Cloudy	Not a Collision Between Two Motor Vehicles in Transport	No	No Controls	4	1	Incapacitating	NA	41.82468	-71.44157	FALSE	FALSE	"Atwells Ave and Cutler Street, Providence, RI, USA"	FALSE	-71.4415532	41.8246953	intersection	geometric_center	"cutler st & atwells ave, providence, ri 02908, usa"	NA	NA	NA	NA	41.8246953	-71.4415532	Med High	2.20069268
234	2022-07-16	879259	1:41:00	Pedestrian	1	NA	FALSE	FALSE	1	UNION AVE	CUMERFORD ST	7/16/22	"Two-Way , Not Divided"	Dry	Dark - Lighted	Clear	Not a Collision Between Two Motor Vehicles in Transport	"Yes, M/V and Driver Left Scene"	Traffic Control Signal	2	1	Complains Of Pain	NA	41.80796	-71.44322	FALSE	FALSE	"Union Ave and Cumerford Street, Providence, RI, USA"	FALSE	-71.443046	41.8080312	intersection	geometric_center	"cumerford st & union ave, providence, ri 02909, usa"	NA	NA	NA	NA	41.8080312	-71.443046	Med High	16.47026621
232	2022-07-18	879312	9:55:00	Pedestrian	1	NA	FALSE	FALSE	1	BRANCH AVE	HAWKINS ST	7/18/22	"Two-Way , Not Divided"	Dry	Daylight	Clear	Not a Collision Between Two Motor Vehicles in Transport	"Yes, M/V and Driver Left Scene"	Traffic Control Signal	1	1	Complains Of Pain	NA	41.85096	-71.42157	FALSE	FALSE	"Branch Ave and Hawkins Street, Providence, RI, USA"	FALSE	-71.4214171	41.8509231	intersection	geometric_center	"hawkins st & branch ave, providence, ri 02904, usa"	NA	NA	NA	NA	41.8509231	-71.4214171	Med High	13.32729106
230	2022-07-22	879425	13:01:00	Pedestrian	1	NA	FALSE	FALSE	1	280 Atwells Ave	CROUT ST	7/22/22	Unknown	Dry	Daylight	Clear	Not a Collision Between Two Motor Vehicles in Transport	"Yes, M/V and Driver Left Scene"	No Controls	1	1	Complains Of Pain	NA	41.82364	-71.42752	TRUE	FALSE	"280 Atwells Ave, Providence, RI, USA"	FALSE	-71.4273725	41.8234282	premise	rooftop	"280 atwells ave, providence, ri 02903, usa"	NA	NA	NA	NA	41.8234282	-71.4273725	High	26.56341903
231	2022-07-22	879450	23:55:00	Pedestrian	1	NA	FALSE	FALSE	1	Oxford Street	FRENCH ST	7/23/22	"Two-Way, Divided, Positive Median Barrier"	Dry	Dark - Lighted	Clear	Not a Collision Between Two Motor Vehicles in Transport	"Yes, M/V and Driver Left Scene"	No Controls	2	1	Complains Of Pain	NA	41.80261	-71.40879	FALSE	FALSE	"Oxford Street and French Street, Providence, RI, USA"	FALSE	-71.4087849	41.8026235	intersection	geometric_center	"oxford st & french st, providence, ri 02905, usa"	NA	NA	NA	NA	41.8026235	-71.4087849	Med High	1.561267161
229	2022-07-24	879505	21:24:00	Pedestrian	1	NA	TRUE	FALSE	1	DETROIT AVE	Broad Street	7/24/22	"Two-Way , Not Divided"	Dry	Dark - Lighted	Clear	Not a Collision Between Two Motor Vehicles in Transport	No	Stop Signs	3	1	Complains Of Pain	NA	41.79439	-71.40993	FALSE	FALSE	"Detroit Ave and Broad Street, Providence, RI, USA"	FALSE	-71.4099112	41.794379	intersection	geometric_center	"detroit ave & broad st, providence, ri 02905, usa"	NA	NA	NA	NA	41.794379	-71.4099112	Med High	1.983403499
228	2022-07-27	879609	16:36:00	Pedestrian	1	NA	FALSE	FALSE	1	WICKENDEN ST	BROOK ST	7/27/22	"Two-Way , Not Divided"	Dry	Daylight	Clear	Not a Collision Between Two Motor Vehicles in Transport	"Yes, M/V and Driver Left Scene"	Traffic Control Signal	2	0	No Injury	NA	41.81947	-71.3984	FALSE	FALSE	"Wickenden Street and Brook Street, Providence, RI, USA"	FALSE	-71.3982534	41.8194797	intersection	geometric_center	"wickenden st & brook st, providence, ri 02903, usa"	NA	NA	NA	NA	41.8194797	-71.3982534	Med High	12.20989143
227	2022-07-28	879638	19:26:00	Bicycle	NA	1	FALSE	FALSE	1	HOPE ST	STIMSON AVE	7/28/22	"Two-Way , Not Divided"	Dry	Dusk	Clear	Not a Collision Between Two Motor Vehicles in Transport	No	No Controls	2	0	No Injury	NA	41.82942	-71.3982	FALSE	FALSE	"Hope Street and Stimson Ave, Providence, RI, USA"	FALSE	-71.3981831	41.8294075	intersection	geometric_center	"hope st & stimson ave, providence, ri 02906, usa"	NA	NA	NA	NA	41.8294075	-71.3981831	Med High	1.975184247