row_number	crash_date	crash_report_id	crash_time	collision_type	count_pedestrian	count_bicycle	scooter	wheel_chair	number_of_vehicles	street_or_highway	nearest_intersection	report_date	type_of_roadway	road_surface_condition	light_condition	weather_condition	manner_of_impact	hit_and_run	traffic_control	person_count	injury_count	most_serious_injury	number_of_lanes	lat_raw	lon_raw	has_st_number	is_intersection_null	address_sent_to_geocoder	is_address_blank	lon_api_first_try	lat_api_first_try	type	loctype	address_returned_by_geocoder	address_returned_by_autocomplete	place_ids_autocompleted	lat_api_second_try	lon_api_second_try	lat_api_best	lon_api_best	api_coord_conf	distance_btwn_coords_meters
226	2022-07-29	879658	14:58:00	Pedestrian	1	NA	FALSE	FALSE	1	CORLISS ST	CHARLES ST	7/29/22	"Two-Way , Not Divided"	Dry	Daylight	Clear	Not a Collision Between Two Motor Vehicles in Transport	No	No Controls	4	1	Complains Of Pain	NA	41.83813	-71.41443	FALSE	FALSE	"Corliss Street and Charles Street, Providence, RI, USA"	FALSE	-71.4144885	41.8380809	intersection	geometric_center	"charles st & corliss st, providence, ri 02904, usa"	NA	NA	NA	NA	41.8380809	-71.4144885	Med High	7.308538104
225	2022-07-30	879688	19:13:00	Bicycle	NA	1	TRUE	FALSE	1	TABER AVE	VILLA AVE	7/30/22	"Two-Way, Divided, Unprotected (painted>4feet) Medium"	Dry	Daylight	Clear	Not a Collision Between Two Motor Vehicles in Transport	No	No Controls	2	1	Complains Of Pain	NA	41.8301	-71.39115	FALSE	FALSE	"Taber Ave and Villa Ave, Providence, RI, USA"	FALSE	-71.391182	41.830219	intersection	geometric_center	"taber ave & villa ave, providence, ri 02906, usa"	NA	NA	NA	NA	41.830219	-71.391182	Med High	13.51032356
224	2022-08-01	879744	22:42:00	Bicycle	NA	1	FALSE	FALSE	1	DOVER ST	CARLETON ST	8/1/22	"Two-Way , Not Divided"	Dry	Dark - Lighted	Clear	Not a Collision Between Two Motor Vehicles in Transport	No	Stop Signs	3	1	Complains Of Pain	NA	41.82974	-71.44763	FALSE	FALSE	"Dover Street and Carleton Street, Providence, RI, USA"	FALSE	-71.4475984	41.8297532	intersection	geometric_center	"dover st & carleton st, providence, ri 02908, usa"	NA	NA	NA	NA	41.8297532	-71.4475984	Med High	3.004923168
223	2022-08-02	879750	11:42:00	Pedestrian	1	NA	FALSE	FALSE	1	HARTFORD AVE	EDNA ST	8/2/22	"Two-Way , Not Divided"	Dry	Daylight	Clear	Not a Collision Between Two Motor Vehicles in Transport	No	Pavement Markings	2	1	Complains Of Pain	NA	41.81686	-71.44563	FALSE	FALSE	"Hartford Ave and Edna Street, Providence, RI, USA"	FALSE	-71.4465023	41.8169568	intersection	geometric_center	"hartford ave & edna st, providence, ri 02909, usa"	NA	NA	NA	NA	41.8169568	-71.4465023	Med High	73.16743902
220	2022-08-05	879811	6:19:00	Pedestrian	1	NA	FALSE	FALSE	1	GRIMWOOD ST	OPHELIA ST	8/5/22	"Two-Way , Not Divided"	Dry	Daylight	Clear	Not a Collision Between Two Motor Vehicles in Transport	"Yes, M/V and Driver Left Scene"	No Controls	1	1	Complains Of Pain	NA	41.82281	-71.46316	FALSE	FALSE	"Grimwood Street and Ophelia Street, Providence, RI, USA"	FALSE	-71.463005	41.8228	intersection	geometric_center	"grimwood st & ophelia st, providence, ri 02909, usa"	NA	NA	NA	NA	41.8228	-71.463005	Med High	12.9063499
221	2022-08-05	879831	18:02:00	Other	NA	NA	TRUE	FALSE	2	Washington St	UNION ST	8/5/22	"Two-Way , Not Divided"	Dry	Daylight	Clear	"Sideswipe, Same Direction"	No	No Controls	2	1	Non-Incapacitating	NA	41.8236	-71.414	FALSE	FALSE	"Washington Street and Union Street, Providence, RI, USA"	FALSE	-71.4128343	41.8239891	locality	approximate	"providence, ri, usa"	"Washington Street & Union Street, Providence, RI, USA"	EjVXYXNoaW5ndG9uIFN0cmVldCAmIFVuaW9uIFN0cmVldCwgUHJvdmlkZW5jZSwgUkksIFVTQSJmImQKFAoSCXvJS8cTReSJEcVp0B49EFpXEhQKEgl7yUvHE0XkiRHFadAePRBaVxoUChIJqdrNnBJF5IkRGgfQlqMSNPYaFAoSCXNAs5UTReSJEZJE18owa50QIgoN_cbtGBWuFm_V	41.8236157	-71.4139986	41.8236157	-71.4139986	Med	1.751570489
222	2022-08-05	879838	22:40:00	Pedestrian	1	NA	FALSE	FALSE	1	Charles Street	HAWKINS ST	8/5/22	"Two-Way , Not Divided"	Dry	Dark - Lighted	Clear	Not a Collision Between Two Motor Vehicles in Transport	"Yes, M/V and Driver Left Scene"	Stop Signs	3	1	Complains Of Pain	NA	41.8514	-71.42016	FALSE	FALSE	"Charles Street and Hawkins Street, Providence, RI, USA"	FALSE	-71.4232923	41.8502749	route	geometric_center	"hawkins st, providence, ri, usa"	"Charles Street & Hawkins Street, Providence, RI, USA"	EjRDaGFybGVzIFN0cmVldCAmIEhhd2tpbnMgU3RyZWV0LCBQcm92aWRlbmNlLCBSSSwgVVNBImYiZAoUChIJp7zvRPBE5IkRsQR9FhcT41QSFAoSCae870TwROSJEbEEfRYXE-NUGhQKEgl1C85s8UTkiRHLZMsuNVX9MhoUChIJpfJlFfpE5IkRLMzGtaGm9F0iCg3YA_IYFXEmbtU	41.851388	-71.4201487	41.851388	-71.4201487	Med	1.631686674
219	2022-08-06	879852	13:33:00	Pedestrian	1	NA	FALSE	FALSE	1	POTTERS AVE	BAXTER ST	8/6/22	"Two-Way , Not Divided"	Dry	Daylight	Clear	Not a Collision Between Two Motor Vehicles in Transport	No	Stop Signs	4	1	Non-Incapacitating	NA	41.80352	-71.41662	FALSE	FALSE	"Potters Ave and Baxter Street, Providence, RI, USA"	FALSE	-71.416608	41.803539	intersection	geometric_center	"potters ave & baxter st, providence, ri 02905, usa"	NA	NA	NA	NA	41.803539	-71.416608	Med High	2.337754225
218	2022-08-07	879875	10:23:00	Pedestrian	1	NA	FALSE	TRUE	1	993 Manton Avenue	993 Manton Avenue	8/7/22	"Two-Way , Not Divided"	Dry	Daylight	Clear	Not a Collision Between Two Motor Vehicles in Transport	No	No Controls	2	1	Complains Of Pain	1	NA	NA	TRUE	FALSE	"993 Manton Avenue, Providence, RI, USA"	FALSE	-71.4710291	41.8337412	premise	rooftop	"993 manton ave, providence, ri 02909, usa"	NA	NA	NA	NA	41.8337412	-71.4710291	High	NA
217	2022-08-08	879899	1:42:00	Pedestrian	1	NA	FALSE	FALSE	1	257 ALLENS AVE	ALLENS AVE	8/8/22	"Two-Way, Divided, Positive Median Barrier"	Dry	Dark - Lighted	Clear	Not a Collision Between Two Motor Vehicles in Transport	"Yes, M/V and Driver Left Scene"	No Controls	3	1	Incapacitating	NA	41.80613	-71.40278	TRUE	FALSE	"257 Allens Ave, Providence, RI, USA"	FALSE	-71.4036844	41.8065951	premise	rooftop	"257 allens ave, providence, ri 02905, usa"	NA	NA	NA	NA	41.8065951	-71.4036844	High	91.17228302
216	2022-08-10	879964	15:05:00	Pedestrian	1	NA	FALSE	FALSE	1	BURLINGTON ST	HOPE ST	8/10/22	"Two-Way , Not Divided"	Dry	Daylight	Clear	Not a Collision Between Two Motor Vehicles in Transport	"Yes, M/V and Driver Left Scene"	Pavement Markings	1	1	Complains Of Pain	NA	41.84803	-71.3955	FALSE	FALSE	"Burlington Street and Hope Street, Providence, RI, USA"	FALSE	-71.3955059	41.8480428	intersection	geometric_center	"hope st & burlington st, providence, ri 02906, usa"	NA	NA	NA	NA	41.8480428	-71.3955059	Med High	1.506544339
215	2022-08-12	880209	17:34:00	Other	NA	1	TRUE	FALSE	1	584 SMITH ST	OAKLAND AVE	8/18/22	"Two-Way, Divided, Unprotected (painted>4feet) Medium"	Dry	Daylight	Clear	Not a Collision Between Two Motor Vehicles in Transport	No	Traffic Control Signal	2	0	No Injury	NA	41.83624	-71.43048	TRUE	FALSE	"584 Smith Street, Providence, RI, USA"	FALSE	-71.430685	41.8361929	premise	rooftop	"584 smith st, providence, ri 02908, usa"	NA	NA	NA	NA	41.8361929	-71.430685	High	17.79258489
214	2022-08-13	880051	16:08:00	Pedestrian	2	NA	TRUE	FALSE	1	EXCHANGE ST	WASHINGTON ST	8/13/22	One-Way Trafficway	Dry	Daylight	Clear	Not a Collision Between Two Motor Vehicles in Transport	No	No Controls	4	0	No Injury	NA	41.82573	-71.41105	FALSE	FALSE	"Exchange Street and Washington Street, Providence, RI, USA"	FALSE	-71.4110379	41.8257255	intersection	geometric_center	"exchange st & washington st, providence, ri 02903, usa"	NA	NA	NA	NA	41.8257255	-71.4110379	Med High	1.121787595
212	2022-08-16	880161	19:51:00	Bicycle	NA	1	FALSE	FALSE	1	ELMWOOD AVE	ATLANTIC AVE	8/16/22	"Two-Way, Divided, Positive Median Barrier"	Dry	Daylight	Clear	Not a Collision Between Two Motor Vehicles in Transport	No	No Controls	2	1	Complains Of Pain	NA	41.79653	-71.42535	FALSE	FALSE	"Elmwood Ave and Atlantic Ave, Providence, RI, USA"	FALSE	-71.4254389	41.7965024	intersection	geometric_center	"atlantic ave & elmwood ave, providence, ri 02907, usa"	NA	NA	NA	NA	41.7965024	-71.4254389	Med High	7.992029116
213	2022-08-16	880162	17:48:00	Pedestrian	1	NA	FALSE	FALSE	1	NA	NA	8/16/22	"Two-Way , Not Divided"	Dry	Daylight	Clear	Not a Collision Between Two Motor Vehicles in Transport	No	No Controls	3	1	Complains Of Pain	NA	NA	NA	NA	TRUE	"NA, Providence, RI, USA"	FALSE	-71.4128343	41.8239891	locality	approximate	"providence, ri, usa"	NA	NA	NA	NA	41.8239891	-71.4128343	Med	NA
211	2022-08-17	880165	23:13:00	Pedestrian	1	NA	FALSE	FALSE	1	Cranston st	BENEDICT ST	8/17/22	"Two-Way , Not Divided"	Dry	Dark - Lighted	Clear	Not a Collision Between Two Motor Vehicles in Transport	"Yes, M/V and Driver Left Scene"	No Controls	1	0	No Injury	NA	41.8054	-71.43733	FALSE	FALSE	"Cranston Street and Benedict Street, Providence, RI, USA"	FALSE	-71.4372857	41.805444	intersection	geometric_center	"cranston st & benedict st, providence, ri 02907, usa"	NA	NA	NA	NA	41.805444	-71.4372857	Med High	6.124027853
210	2022-08-18	880233	23:03:00	Pedestrian	1	NA	FALSE	FALSE	1	Broad Street	SERVICE ROAD 7	8/19/22	"Two-Way , Not Divided"	Dry	Dark - Lighted	Clear	Not a Collision Between Two Motor Vehicles in Transport	"Yes, M/V and Driver Left Scene"	Traffic Control Signal	2	1	Fatal	NA	41.81736	-71.41696	FALSE	FALSE	"Broad Street and Service Road 7, Providence, RI, USA"	FALSE	-71.4200451	41.8199608	route	geometric_center	"service rd 1, providence, ri, usa"	"Broad Street & Service Road 7th, Providence, RI, USA"	EjRCcm9hZCBTdHJlZXQgJiBTZXJ2aWNlIFJvYWQgN3RoLCBQcm92aWRlbmNlLCBSSSwgVVNBImYiZAoUChIJbbRukG1F5IkRg0XEjUgVvRgSFAoSCW20bpBtReSJEYNFxI1IFb0YGhQKEgmD3n3VjE_kiREsosqTmEsIoxoUChIJB3h0QnZF5IkRyxFdBkwhBUwiCg0k0-wYFUejbtU	41.8173732	-71.4169529	41.8173732	-71.4169529	Med	1.583084453
209	2022-08-19	880263	22:48:00	Bicycle	NA	1	FALSE	FALSE	1	S COURT ST	BENEFIT ST	8/19/22	"Two-Way , Not Divided"	Dry	Dark - Lighted	Cloudy	Not a Collision Between Two Motor Vehicles in Transport	No	Stop Signs	2	1	Non-Incapacitating	NA	41.82904	-71.40838	FALSE	FALSE	"S Court Street and Benefit Street, Providence, RI, USA"	FALSE	-71.4083956	41.8290417	intersection	geometric_center	"benefit st & s court st, providence, ri 02903, usa"	NA	NA	NA	NA	41.8290417	-71.4083956	Med High	1.307759812
208	2022-08-23	880345	9:42:00	Pedestrian	1	NA	FALSE	FALSE	1	RIVER AVE	ADMIRAL ST	8/23/22	"Two-Way, Divided, Unprotected (painted>4feet) Medium"	Dry	Daylight	Clear	Not a Collision Between Two Motor Vehicles in Transport	No	Traffic Control Signal	4	1	Non-Incapacitating	2	41.8492	-71.43894	FALSE	FALSE	"River Ave and Admiral Street, Providence, RI, USA"	FALSE	-71.4460552	41.853176	intersection	geometric_center	"admiral st & river ave, providence, ri 02904, usa"	NA	NA	NA	NA	41.853176	-71.4460552	Med High	737.5559085
207	2022-08-24	880389	12:35:00	Bicycle	NA	1	FALSE	FALSE	1	Francis St	Memorial Blvd	8/24/22	"Two-Way , Not Divided"	Dry	Daylight	Clear	Not a Collision Between Two Motor Vehicles in Transport	No	Traffic Control Signal	3	0	No Injury	3	NA	NA	FALSE	FALSE	"Francis Street and Memorial Blvd, Providence, RI, USA"	FALSE	-71.4134258	41.8263996	route	geometric_center	"memorial blvd, providence, ri 02903, usa"	"Francis Street & Memorial Blvd, Providence, RI, USA"	EjNGcmFuY2lzIFN0cmVldCAmIE1lbW9yaWFsIEJsdmQsIFByb3ZpZGVuY2UsIFJJLCBVU0EiZiJkChQKEgkDtc6dEUXkiRFK7mftfMbegBIUChIJA7XOnRFF5IkRSu5n7XzG3oAaFAoSCeMKJVkQReSJEQnXa5JsDkKbGhQKEgn3LDO1FkXkiRGsznR5eOTavSIKDRwg7hgVW-Bu1Q	41.8258972	-71.4153893	41.8258972	-71.4153893	Med	NA
204	2022-08-25	880431	18:51:00	Pedestrian	1	NA	FALSE	FALSE	1	890 Douglas Ave	RIVER AVE	8/25/22	Unknown	Dry	Daylight	Clear	Not a Collision Between Two Motor Vehicles in Transport	No	No Controls	2	1	Complains Of Pain	NA	41.8527	-71.43707	TRUE	FALSE	"890 Douglas Ave, Providence, RI, USA"	FALSE	-71.4367735	41.852366	street_address	rooftop	"890 douglas ave, providence, ri 02908, usa"	NA	NA	NA	NA	41.852366	-71.4367735	High	44.57393619
205	2022-08-25	880432	18:26:00	Bicycle	NA	1	FALSE	FALSE	1	Westminster St.	BAINBRIDGE AVE	8/25/22	"Two-Way , Not Divided"	Dry	Daylight	Clear	Not a Collision Between Two Motor Vehicles in Transport	No	No Controls	2	1	Complains Of Pain	NA	41.81608	-71.43539	FALSE	FALSE	"Westminster St. and Bainbridge Ave, Providence, RI, USA"	FALSE	-71.4353798	41.8160929	intersection	geometric_center	"bainbridge ave & westminster st, providence, ri 02909, usa"	NA	NA	NA	NA	41.8160929	-71.4353798	Med High	1.666819654
206	2022-08-25	880442	22:50:00	Pedestrian	1	NA	FALSE	FALSE	1	955 Atwells Ave	HANNAH ST	8/25/22	"Two-Way , Not Divided"	Dry	Dark - Lighted	Clear	Not a Collision Between Two Motor Vehicles in Transport	"Yes, M/V and Driver Left Scene"	Unknown	1	1	Complains Of Pain	NA	41.82507	-71.44878	TRUE	FALSE	"955 Atwells Ave, Providence, RI, USA"	FALSE	-71.4491859	41.8252914	street_address	rooftop	"955 atwells ave, providence, ri 02909, usa"	NA	NA	NA	NA	41.8252914	-71.4491859	High	41.72713172
203	2022-08-26	880458	15:44:00	Other	NA	1	TRUE	FALSE	1	BROAD ST	BROAD ST	8/26/22	"Two-Way , Not Divided"	Dry	Daylight	Cloudy	Not a Collision Between Two Motor Vehicles in Transport	No	No Controls	2	1	Complains Of Pain	NA	41.80263	-71.41881	FALSE	FALSE	"Broad Street and Broad Street, Providence, RI, USA"	FALSE	-71.4101636	41.7945838	route	geometric_center	"broad st, providence, ri, usa"	NA	NA	NA	NA	41.7945838	-71.4101636	Med	1147.670903
201	2022-08-27	880502	19:00:00	Bicycle	NA	1	FALSE	FALSE	1	WICKENDEN ST	BROOK ST	8/27/22	"Two-Way , Not Divided"	Dry	Daylight	Clear	Not a Collision Between Two Motor Vehicles in Transport	No	No Controls	4	0	No Injury	NA	41.81948	-71.39826	FALSE	FALSE	"Wickenden Street and Brook Street, Providence, RI, USA"	FALSE	-71.3982534	41.8194797	intersection	geometric_center	"wickenden st & brook st, providence, ri 02903, usa"	NA	NA	NA	NA	41.8194797	-71.3982534	Med High	0.548558631
202	2022-08-27	880529	20:11:00	Pedestrian	1	NA	FALSE	FALSE	1	ATWELLS AVE	HANNAH ST	8/28/22	"Two-Way , Not Divided"	Dry	Dark - Lighted	Clear	Not a Collision Between Two Motor Vehicles in Transport	No	No Controls	4	1	Non-Incapacitating	NA	41.82506	-71.44854	FALSE	FALSE	"Atwells Ave and Hannah Street, Providence, RI, USA"	FALSE	-71.4486537	41.8250697	intersection	geometric_center	"hannah st & atwells ave, providence, ri 02909, usa"	NA	NA	NA	NA	41.8250697	-71.4486537	Med High	9.493426731
200	2022-08-30	880624	22:59:00	Pedestrian	1	NA	FALSE	FALSE	1	253 Elmwood Ave	WHITMARSH ST	8/30/22	Unknown	Dry	Dark - Lighted	Clear	Not a Collision Between Two Motor Vehicles in Transport	No	No Controls	3	1	Complains Of Pain	NA	41.80589	-71.42509	TRUE	FALSE	"253 Elmwood Ave, Providence, RI, USA"	FALSE	-71.4254604	41.8057748	premise	rooftop	"253 elmwood ave, providence, ri 02907, usa"	NA	NA	NA	NA	41.8057748	-71.4254604	High	33.3032859
198	2022-09-01	880669	12:54:00	Other	NA	NA	TRUE	FALSE	1	342 BROADWAY	KNIGHT ST	9/1/22	"Two-Way , Not Divided"	Dry	Daylight	Clear	Not a Collision Between Two Motor Vehicles in Transport	No	Traffic Control Signal	3	1	Complains Of Pain	NA	41.81997	-71.42862	TRUE	FALSE	"342 Broadway, Providence, RI, USA"	FALSE	-71.4289689	41.8197249	street_address	rooftop	"342 broadway, providence, ri 02909, usa"	NA	NA	NA	NA	41.8197249	-71.4289689	High	39.7774203
199	2022-09-01	880679	15:20:00	Bicycle	NA	1	FALSE	FALSE	1	BROOK ST	GEORGE ST	9/1/22	"Two-Way , Not Divided"	Dry	Daylight	Clear	Not a Collision Between Two Motor Vehicles in Transport	No	No Controls	2	0	No Injury	NA	41.82595	-71.39911	FALSE	FALSE	"Brook Street and George Street, Providence, RI, USA"	FALSE	-71.3998972	41.8255773	route	geometric_center	"george st, providence, ri, usa"	"Brook Street & George Street, Providence, RI, USA"	EjFCcm9vayBTdHJlZXQgJiBHZW9yZ2UgU3RyZWV0LCBQcm92aWRlbmNlLCBSSSwgVVNBImYiZAoUChIJj8XBaztF5IkRXiCnKg8LB84SFAoSCY_FwWs7ReSJEV4gpyoPCwfOGhQKEgmbZn1yO0XkiRF1hochEHgAaBoUChIJx-okYztF5IkRsmeONi5JlGUiCg3oFe4YFURecdU	41.825636	-71.3990588	41.825636	-71.3990588	Med	35.21140402
197	2022-09-03	880731	10:11:00	Pedestrian	1	NA	FALSE	FALSE	1	850 MANTON AVE	MANTON AVE	9/3/22	Unknown	Dry	Daylight	Clear	Not a Collision Between Two Motor Vehicles in Transport	No	No Controls	2	1	Complains Of Pain	NA	41.83391	-71.46722	TRUE	FALSE	"850 Manton Ave, Providence, RI, USA"	FALSE	-71.4659043	41.8329814	premise	rooftop	"850 manton ave, providence, ri 02909, usa"	NA	NA	NA	NA	41.8329814	-71.4659043	High	150.3145817
196	2022-09-04	880777	13:16:00	Bicycle	NA	1	FALSE	FALSE	1	361 RESERVOIR AVE	RESERVOIR AVE	9/4/22	"Two-Way , Not Divided"	Dry	Daylight	Clear	Not a Collision Between Two Motor Vehicles in Transport	No	No Controls	3	1	Complains Of Pain	NA	NA	NA	TRUE	FALSE	"361 Reservoir Ave, Providence, RI, USA"	FALSE	-71.4330063	41.7885339	street_address	rooftop	"361 reservoir ave, providence, ri 02910, usa"	NA	NA	NA	NA	41.7885339	-71.4330063	High	NA
195	2022-09-07	880879	8:20:00	Pedestrian	1	NA	FALSE	FALSE	1	160 BROADWAY	BRADFORD ST	9/7/22	"Two-Way , Not Divided"	Dry	Daylight	Clear	Not a Collision Between Two Motor Vehicles in Transport	No	No Controls	4	1	Incapacitating	NA	41.82148	-71.42222	TRUE	FALSE	"160 Broadway, Providence, RI, USA"	FALSE	-71.4225392	41.8214121	street_address	range_interpolated	"160 broadway, providence, ri 02903, usa"	NA	NA	NA	NA	41.8214121	-71.4225392	High	27.53791713
193	2022-09-08	880931	17:53:00	Bicycle	NA	1	FALSE	FALSE	1	PLAINFIELD ST.	EDNA ST	9/8/22	"Two-Way , Not Divided"	Dry	Daylight	Clear	Not a Collision Between Two Motor Vehicles in Transport	No	Traffic Control Signal	2	1	Complains Of Pain	NA	41.81592	-71.44513	FALSE	FALSE	"Plainfield St. and Edna Street, Providence, RI, USA"	FALSE	-71.4455457	41.8156785	intersection	geometric_center	"plainfield st & edna st, providence, ri 02909, usa"	NA	NA	NA	NA	41.8156785	-71.4455457	Med High	43.72878654
194	2022-09-08	880935	20:11:00	Pedestrian	1	NA	FALSE	FALSE	1	valley st	DEAN ST	9/8/22	"Two-Way , Not Divided"	Dry	Dark - Lighted	Clear	Not a Collision Between Two Motor Vehicles in Transport	No	No Controls	2	1	Non-Incapacitating	NA	41.83128	-71.42868	FALSE	FALSE	"Valley Street and Dean Street, Providence, RI, USA"	FALSE	-71.4242155	41.8234078	route	geometric_center	"dean st, providence, ri, usa"	NA	NA	NA	NA	41.8234078	-71.4242155	Med	951.3671705
191	2022-09-09	880944	9:38:00	Pedestrian	1	NA	FALSE	FALSE	1	CHALKSTONE AVE	LISBON ST	9/9/22	"Two-Way , Not Divided"	Dry	Daylight	Clear	Not a Collision Between Two Motor Vehicles in Transport	No	No Controls	4	1	Complains Of Pain	NA	41.83321	-71.43682	FALSE	FALSE	"Chalkstone Ave and Lisbon Street, Providence, RI, USA"	FALSE	-71.4365256	41.833337	intersection	geometric_center	"chalkstone ave & lisbon st, providence, ri 02908, usa"	NA	NA	NA	NA	41.833337	-71.4365256	Med High	28.21575577
192	2022-09-09	880967	19:40:00	Other	1	NA	TRUE	FALSE	1	Atwells Ave	CUTLER ST	9/9/22	"Two-Way , Not Divided"	Dry	Dark - Lighted	Clear	Not a Collision Between Two Motor Vehicles in Transport	"Yes, M/V and Driver Left Scene"	Stop Signs	2	1	Complains Of Pain	NA	41.82468	-71.44157	FALSE	FALSE	"Atwells Ave and Cutler Street, Providence, RI, USA"	FALSE	-71.4415532	41.8246953	intersection	geometric_center	"cutler st & atwells ave, providence, ri 02908, usa"	NA	NA	NA	NA	41.8246953	-71.4415532	Med High	2.20069268
188	2022-09-10	880983	13:22:00	Bicycle	NA	1	FALSE	FALSE	1	FRICKER ST	CRANSTON ST	9/10/22	"Two-Way , Not Divided"	Dry	Daylight	Clear	Not a Collision Between Two Motor Vehicles in Transport	No	Traffic Control Signal	2	0	No Injury	NA	41.8169	-71.42204	FALSE	FALSE	"Fricker Street and Cranston Street, Providence, RI, USA"	FALSE	-71.4223096	41.817219	intersection	geometric_center	"cranston st & fricker st, providence, ri 02903, usa"	NA	NA	NA	NA	41.817219	-71.4223096	Med High	41.96797741
189	2022-09-10	880984	9:32:00	Bicycle	NA	1	FALSE	FALSE	1	W EXCHANGE ST	DEAN ST	9/10/22	"Two-Way, Divided, Unprotected (painted>4feet) Medium"	Dry	Daylight	Clear	Not a Collision Between Two Motor Vehicles in Transport	No	No Controls	3	1	Non-Incapacitating	2	41.82545	-71.42569	FALSE	FALSE	"W Exchange Street and Dean Street, Providence, RI, USA"	FALSE	-71.4259485	41.8254247	intersection	geometric_center	"w exchange st & dean st, providence, ri 02903, usa"	NA	NA	NA	NA	41.8254247	-71.4259485	Med High	21.6275276
190	2022-09-10	880993	16:25:00	Bicycle	NA	1	TRUE	FALSE	1	S WATER ST	POINT	9/10/22	One-Way Trafficway	Dry	Daylight	Clear	Not a Collision Between Two Motor Vehicles in Transport	No	No Controls	2	1	Non-Incapacitating	NA	41.81876	-71.40189	FALSE	FALSE	"S Water Street and Point, Providence, RI, USA"	FALSE	-71.4039536	41.8202174	route	geometric_center	"s water st, providence, ri 02903, usa"	"South Water Street & Point Street, Providence, RI, USA"	EjZTb3V0aCBXYXRlciBTdHJlZXQgJiBQb2ludCBTdHJlZXQsIFByb3ZpZGVuY2UsIFJJLCBVU0EiZiJkChQKEgkr6e1oP0XkiRGyuYV3gY0qaRIUChIJK-ntaD9F5IkRsrmFd4GNKmkaFAoSCbXkNrE_ReSJEfv8kKD6862UGhQKEgkbVDpWakXkiRET2ahsLgoQTyIKDcsI7RgVc-9w1Q	41.8187467	-71.4018957	41.8187467	-71.4018957	Med	1.554233961
187	2022-09-12	881032	8:36:00	Bicycle	NA	1	FALSE	FALSE	1	SMITH ST	RADCLIFFE AVE	9/12/22	"Two-Way , Not Divided"	Wet	Daylight	Rain	Not a Collision Between Two Motor Vehicles in Transport	No	Pavement Markings	3	1	Complains Of Pain	NA	41.83694	-71.43209	FALSE	FALSE	"Smith Street and Radcliffe Ave, Providence, RI, USA"	FALSE	-71.4320842	41.8369539	intersection	geometric_center	"radcliffe ave & smith st, providence, ri 02908, usa"	NA	NA	NA	NA	41.8369539	-71.4320842	Med High	1.620390264
186	2022-09-13	881083	19:45:00	Bicycle	NA	1	FALSE	FALSE	1	DUDLEY ST	EDDY STREET	9/13/22	"Two-Way, Divided, Unprotected (painted>4feet) Medium"	Dry	Dark - Lighted	Cloudy	Not a Collision Between Two Motor Vehicles in Transport	No	Traffic Control Signal	2	1	Complains Of Pain	NA	41.81079	-71.40734	FALSE	FALSE	"Dudley Street and Eddy Street, Providence, RI, USA"	FALSE	-71.4071917	41.8108122	intersection	geometric_center	"eddy st & dudley st, providence, ri 02905, usa"	NA	NA	NA	NA	41.8108122	-71.4071917	Med High	12.55046506
185	2022-09-14	881107	22:00:00	Pedestrian	1	NA	FALSE	FALSE	1	CHARLESFIELD ST	HOPE ST	9/15/22	"Two-Way, Not Divided With a Continuous Left Turn Lane"	Dry	Dark - Lighted	Clear	Not a Collision Between Two Motor Vehicles in Transport	"Yes, Driver Left Scene"	Pavement Markings	1	0	No Injury	NA	41.82414	-71.3972	FALSE	FALSE	"Charlesfield Street and Hope Street, Providence, RI, USA"	FALSE	-71.3971831	41.8241348	intersection	geometric_center	"hope st & charlesfield st, providence, ri 02912, usa"	NA	NA	NA	NA	41.8241348	-71.3971831	Med High	1.516740804
183	2022-09-16	881163	16:00:00	Pedestrian	1	NA	FALSE	FALSE	1	UNION AVE	MESSER ST	9/16/22	"Two-Way , Not Divided"	Dry	Daylight	Clear	Not a Collision Between Two Motor Vehicles in Transport	No	No Controls	2	1	Complains Of Pain	NA	41.81013	-71.43513	FALSE	FALSE	"Union Ave and Messer Street, Providence, RI, USA"	FALSE	-71.4351315	41.8101444	intersection	geometric_center	"messer st & union ave, providence, ri 02909, usa"	NA	NA	NA	NA	41.8101444	-71.4351315	Med High	1.60782501
184	2022-09-16	881192	19:18:00	Bicycle	NA	1	FALSE	FALSE	1	CUMERFORD ST	UNION AVE	9/17/22	"Two-Way , Not Divided"	Dry	Dark - Lighted	Cloudy	Not a Collision Between Two Motor Vehicles in Transport	"Yes, M/V and Driver Left Scene"	No Controls	1	1	Complains Of Pain	NA	41.80859	-71.44331	FALSE	FALSE	"Cumerford Street and Union Ave, Providence, RI, USA"	FALSE	-71.443046	41.8080312	intersection	geometric_center	"cumerford st & union ave, providence, ri 02909, usa"	NA	NA	NA	NA	41.8080312	-71.443046	Med High	65.94962207