row_number	crash_date	crash_report_id	crash_time	collision_type	count_pedestrian	count_bicycle	scooter	wheel_chair	number_of_vehicles	street_or_highway	nearest_intersection	report_date	type_of_roadway	road_surface_condition	light_condition	weather_condition	manner_of_impact	hit_and_run	traffic_control	person_count	injury_count	most_serious_injury	number_of_lanes	lat_raw	lon_raw	has_st_number	is_intersection_null	address_sent_to_geocoder	is_address_blank	lon_api_first_try	lat_api_first_try	type	loctype	address_returned_by_geocoder	address_returned_by_autocomplete	place_ids_autocompleted	lat_api_second_try	lon_api_second_try	lat_api_best	lon_api_best	api_coord_conf	distance_btwn_coords_meters
182	2022-09-18	881218	17:00:00	Pedestrian	1	NA	FALSE	FALSE	1	FARMINGTON AVE	ROSARIO DR	9/18/22	"Two-Way , Not Divided"	Dry	Daylight	Clear	Not a Collision Between Two Motor Vehicles in Transport	No	No Controls	3	1	Non-Incapacitating	NA	41.80603	-71.46136	FALSE	FALSE	"Farmington Ave and Rosario Dr, Providence, RI, USA"	FALSE	-71.461624	41.806126	intersection	geometric_center	"farmington ave & rosario dr, providence, ri 02909, usa"	NA	NA	NA	NA	41.806126	-71.461624	Med High	24.37391586
181	2022-09-22	881334	14:22:00	Pedestrian	1	NA	FALSE	FALSE	1	BROAD ST	GALLUP ST	9/22/22	"Two-Way , Not Divided"	Wet	Daylight	Rain	Not a Collision Between Two Motor Vehicles in Transport	No	Pavement Markings	3	1	Complains Of Pain	NA	41.79929	-71.41603	FALSE	FALSE	"Broad Street and Gallup Street, Providence, RI, USA"	FALSE	-71.411993	41.8001218	route	geometric_center	"gallup st, providence, ri, usa"	"Broad Street & Gallup Street, Providence, RI, USA"	EjFCcm9hZCBTdHJlZXQgJiBHYWxsdXAgU3RyZWV0LCBQcm92aWRlbmNlLCBSSSwgVVNBImYiZAoUChIJ2XXYRIhP5IkRXiA-zZQA7G0SFAoSCdl12ESIT-SJEV4gPs2UAOxtGhQKEgmD3n3VjE_kiREsosqTmEsIoxoUChIJ-fFsAYpP5IkRvEuDDpHvm-oiCg2rEeoYFanHbtU	41.7993131	-71.4160215	41.7993131	-71.4160215	Med	2.666474061
180	2022-09-24	881411	21:16:00	Pedestrian	1	NA	FALSE	FALSE	1	ELMWOOD AVE.	DABOLL ST	9/25/22	"Two-Way , Not Divided"	Dry	Dark - Lighted	Clear	Not a Collision Between Two Motor Vehicles in Transport	"Yes, M/V and Driver Left Scene"	No Controls	3	1	Incapacitating	NA	41.80424	-71.42553	FALSE	FALSE	"Elmwood Ave. and Daboll Street, Providence, RI, USA"	FALSE	-71.4255688	41.8041436	intersection	geometric_center	"daboll st & elmwood ave, providence, ri 02907, usa"	NA	NA	NA	NA	41.8041436	-71.4255688	Med High	11.20378301
179	2022-09-27	881590	17:45:00	Bicycle	NA	NA	FALSE	FALSE	2	South Water St	Dollar St	9/30/22	One-Way Trafficway	Dry	Dusk	Clear	"Sideswipe, Same Direction"	"Yes, M/V and Driver Left Scene"	No Controls	2	0	No Injury	NA	NA	NA	FALSE	FALSE	"South Water Street and Dollar Street, Providence, RI, USA"	FALSE	-71.4030998	41.8194222	intersection	geometric_center	"s water st & dollar st, providence, ri 02903, usa"	NA	NA	NA	NA	41.8194222	-71.4030998	Med High	NA
178	2022-09-28	881521	7:07:00	Bicycle	NA	1	FALSE	FALSE	1	CHARLES ST	W RIVER ST	9/28/22	"Two-Way , Not Divided"	Dry	Daylight	Clear	Not a Collision Between Two Motor Vehicles in Transport	No	No Controls	3	1	Complains Of Pain	NA	41.8401	-71.41707	FALSE	FALSE	"Charles Street and W River Street, Providence, RI, USA"	FALSE	-71.4140946	41.8434958	route	geometric_center	"w river st, providence, ri 02904, usa"	"Charles Street & West River Street, Providence, RI, USA"	EjdDaGFybGVzIFN0cmVldCAmIFdlc3QgUml2ZXIgU3RyZWV0LCBQcm92aWRlbmNlLCBSSSwgVVNBImYiZAoUChIJn_PVYR1F5IkRV_lekQ3QEwQSFAoSCZ_z1WEdReSJEVf5XpEN0BMEGhQKEgl1C85s8UTkiRHLZMsuNVX9MhoUChIJgxzLm-NE5IkRpKt9jzlEBwUiCg0jOPAYFZe3btU	41.8396195	-71.4164329	41.8396195	-71.4164329	Med	75.18560248
177	2022-09-29	881559	16:24:00	Pedestrian	1	NA	FALSE	FALSE	1	Smith St	SMITH ST	9/29/22	"Two-Way , Not Divided"	Dry	Daylight	Clear	Other	"Yes, M/V and Driver Left Scene"	No Controls	1	1	Complains Of Pain	NA	41.83661	-71.43133	FALSE	FALSE	"Smith Street and Smith Street, Providence, RI, USA"	FALSE	-71.4433053	41.8418141	route	geometric_center	"smith st, providence, ri, usa"	NA	NA	NA	NA	41.8418141	-71.4433053	Med	1149.784193
176	2022-09-30	881608	22:15:00	Pedestrian	1	NA	FALSE	FALSE	1	North Main Street	Hewes Street	9/30/22	"Two-Way, Divided, Positive Median Barrier"	Dry	Dark - Lighted	Clear	Not a Collision Between Two Motor Vehicles in Transport	No	No Controls	3	1	Incapacitating	NA	41.83663	-71.40992	FALSE	FALSE	"North Main Street and Hewes Street, Providence, RI, USA"	FALSE	-71.4104681	41.8361377	route	geometric_center	"hewes st, providence, ri 02904, usa"	"North Main Street & Hewes Street, Providence, RI, USA"	EjVOb3J0aCBNYWluIFN0cmVldCAmIEhld2VzIFN0cmVldCwgUHJvdmlkZW5jZSwgUkksIFVTQSJmImQKFAoSCQFrh08eReSJEU40cCWL6o6gEhQKEgkBa4dPHkXkiRFONHAli-qOoBoUChIJ-fpBPd5E5IkRX9etvg1cIz8aFAoSCVMeKVkeReSJEfz2D6TIf8iDIgoNd8rvGBVkt2_V	41.8368119	-71.4098844	41.8368119	-71.4098844	Med	20.4631503
174	2022-10-03	882680	8:57:00	Other	NA	1	TRUE	FALSE	1	PEACE ST	BUCKLIN ST	10/3/22	"Two-Way , Not Divided"	Dry	Daylight	Clear	Not a Collision Between Two Motor Vehicles in Transport	No	No Controls	2	0	No Injury	NA	41.80652	-71.42783	FALSE	FALSE	"Peace Street and Bucklin Street, Providence, RI, USA"	FALSE	-71.4278284	41.8065393	intersection	geometric_center	"bucklin st & peace st, providence, ri 02907, usa"	NA	NA	NA	NA	41.8065393	-71.4278284	Med High	2.15256433
175	2022-10-03	882694	14:35:00	Pedestrian	1	NA	TRUE	FALSE	1	SMITHFIELD AVE	I95N RAMP	10/3/22	"Two-Way , Not Divided"	Dry	Daylight	Cloudy	Not a Collision Between Two Motor Vehicles in Transport	No	No Controls	3	1	Non-Incapacitating	NA	41.85501	-71.40489	FALSE	FALSE	"Smithfield Ave and I95n Ramp, Providence, RI, USA"	FALSE	-71.4113276	41.86376	street_address	range_interpolated	"95 smithfield ave, pawtucket, ri 02860, usa"	NA	NA	NA	NA	41.86376	-71.4113276	Med High	1110.69265
173	2022-10-04	882738	12:30:00	Bicycle	NA	1	FALSE	FALSE	1	WASHINGTON ST	EMPIRE ST	10/4/22	"Two-Way , Not Divided"	Dry	Daylight	Cloudy	Not a Collision Between Two Motor Vehicles in Transport	No	Traffic Control Signal	3	1	Complains Of Pain	NA	41.82182	-71.41645	FALSE	FALSE	"Washington Street and Empire Street, Providence, RI, USA"	FALSE	-71.4157797	41.821349	route	geometric_center	"empire st, providence, ri 02903, usa"	"Washington Street & Empire Street, Providence, RI, USA"	EjZXYXNoaW5ndG9uIFN0cmVldCAmIEVtcGlyZSBTdHJlZXQsIFByb3ZpZGVuY2UsIFJJLCBVU0EiZiJkChQKEgmNpp3sEkXkiRHnvAEsqcaDvRIUChIJjaad7BJF5IkR57wBLKnGg70aFAoSCanazZwSReSJERoH0JajEjT2GhQKEgnHPO_pEkXkiRGhxI4iuiomFSIKDWmC7RgVI7hu1Q	41.8218601	-71.4164189	41.8218601	-71.4164189	Med	5.155853918
172	2022-10-05	882783	20:40:00	Pedestrian	1	NA	FALSE	FALSE	1	Memorial Blvd	STEEPLE ST	10/5/22	"Two-Way, Divided, Positive Median Barrier"	Wet	Dark - Lighted	Rain	Not a Collision Between Two Motor Vehicles in Transport	"Yes, M/V and Driver Left Scene"	Traffic Control Signal	1	1	Complains Of Pain	NA	41.82677	-71.41063	FALSE	FALSE	"Memorial Blvd and Steeple Street, Providence, RI, USA"	FALSE	-71.409299	41.8273889	route	geometric_center	"steeple st, providence, ri 02903, usa"	NA	NA	NA	NA	41.8273889	-71.409299	Med	130.1401791
171	2022-10-06	882795	23:23:00	Pedestrian	1	NA	FALSE	FALSE	1	NORTH MAIN ST	N MAIN ST	10/6/22	"Two-Way, Divided, Positive Median Barrier"	Dry	Daylight	Clear	Not a Collision Between Two Motor Vehicles in Transport	No	Pavement Markings	3	1	Complains Of Pain	NA	41.83744	-71.40942	FALSE	FALSE	"North Main Street and N Main Street, Providence, RI, USA"	FALSE	-71.700964	41.9595187	intersection	geometric_center	"n main st & pascoag main st, burrillville, ri 02859, usa"	NA	NA	NA	NA	41.9595187	-71.700964	Med High	27717.02351
169	2022-10-07	882850	15:00:00	Pedestrian	1	NA	FALSE	FALSE	1	Westminster St.	BARTON ST	10/7/22	"Two-Way , Not Divided"	Dry	Daylight	Clear	Not a Collision Between Two Motor Vehicles in Transport	No	Traffic Control Signal	2	1	Non-Incapacitating	NA	41.81594	-71.43642	FALSE	FALSE	"Westminster St. and Barton Street, Providence, RI, USA"	FALSE	-71.4365339	41.8159344	intersection	geometric_center	"barton st & westminster st, providence, ri 02909, usa"	NA	NA	NA	NA	41.8159344	-71.4365339	Med High	9.470295076
170	2022-10-07	882857	15:12:00	Bicycle	NA	1	FALSE	FALSE	1	HARTFORD AVE	HARTFORD AVE	10/7/22	"Two-Way , Not Divided"	Dry	Daylight	Clear	Not a Collision Between Two Motor Vehicles in Transport	"Yes, M/V and Driver Left Scene"	Unknown	1	1	Complains Of Pain	NA	41.81838	-71.45754	FALSE	FALSE	"Hartford Ave and Hartford Ave, Providence, RI, USA"	FALSE	-71.4587339	41.8185901	route	geometric_center	"hartford ave, providence, ri, usa"	"Hartford Ave Service Rd & Hartford Ave, Johnston, Providence, RI, USA"	EkVIYXJ0Zm9yZCBBdmUgU2VydmljZSBSZCAmIEhhcnRmb3JkIEF2ZSwgSm9obnN0b24sIFByb3ZpZGVuY2UsIFJJLCBVU0EiZiJkChQKEgmP4Jty0EfkiRFZT82Cwq1hZxIUChIJj-CbctBH5IkRWU_NgsKtYWcaFAoSCUk2WRTQR-SJEffJJKBODzFaGhQKEgkvAx61JEbkiRGCwC0vu7gN1iIKDdap7hgVnoNc1Q	41.829423	-71.5357282	41.829423	-71.5357282	Med	6601.571669
167	2022-10-10	882948	18:30:00	Pedestrian	1	NA	FALSE	TRUE	1	EDDY ST	BLACKSTONE STREET	10/10/22	"Two-Way , Not Divided"	Dry	Dark - Not Lighted	Clear	Not a Collision Between Two Motor Vehicles in Transport	No	No Controls	4	1	Complains Of Pain	NA	41.81042	-71.40721	FALSE	FALSE	"Eddy Street and Blackstone Street, Providence, RI, USA"	FALSE	-71.4072137	41.8101324	intersection	geometric_center	"eddy st & blackstone st, providence, ri 02905, usa"	NA	NA	NA	NA	41.8101324	-71.4072137	Med High	32.01695744
168	2022-10-10	882951	21:07:00	Pedestrian	1	NA	FALSE	FALSE	1	CRANSTON ST	ANTHONY AVE	10/10/22	"Two-Way , Not Divided"	Dry	Dark - Lighted	Clear	Not a Collision Between Two Motor Vehicles in Transport	"Yes, M/V and Driver Left Scene"	No Controls	2	1	Incapacitating	NA	41.80435	-71.43856	FALSE	FALSE	"Cranston Street and Anthony Ave, Providence, RI, USA"	FALSE	-71.438571	41.804354	intersection	geometric_center	"cranston st & anthony ave, providence, ri 02909, usa"	NA	NA	NA	NA	41.804354	-71.438571	Med High	1.015601927
164	2022-10-12	883013	22:58:00	Pedestrian	1	NA	TRUE	FALSE	1	Broadway	SUTTON ST	10/12/22	"Two-Way , Not Divided"	Dry	Dark - Lighted	Clear	Not a Collision Between Two Motor Vehicles in Transport	No	Stop Signs	3	1	Complains Of Pain	NA	41.82027	-71.42736	FALSE	FALSE	"Broadway and Sutton Street, Providence, RI, USA"	FALSE	-71.4285283	41.8223473	route	geometric_center	"sutton st, providence, ri 02903, usa"	NA	NA	NA	NA	41.8223473	-71.4285283	Med	250.733571
165	2022-10-12	882989	9:19:00	Pedestrian	1	NA	FALSE	FALSE	1	ROCHAMBEAU AVE	ELMGROVE AVE	10/12/22	"Two-Way , Not Divided"	Dry	Daylight	Clear	Not a Collision Between Two Motor Vehicles in Transport	No	Stop Signs	3	1	Complains Of Pain	NA	41.84657	-71.39126	FALSE	FALSE	"Rochambeau Ave and Elmgrove Ave, Providence, RI, USA"	FALSE	-71.3912657	41.8465779	intersection	geometric_center	"rochambeau ave & elmgrove ave, providence, ri 02906, usa"	NA	NA	NA	NA	41.8465779	-71.3912657	Med High	0.998403437
166	2022-10-12	882991	22:23:00	Pedestrian	1	NA	TRUE	FALSE	1	FONES ALY	BROOK ST	10/12/22	"Two-Way , Not Divided"	Dry	Daylight	Clear	Not a Collision Between Two Motor Vehicles in Transport	No	Pavement Markings	3	1	Complains Of Pain	NA	41.8278	-71.3994	FALSE	FALSE	"Fones Aly and Brook Street, Providence, RI, USA"	FALSE	-71.3993915	41.8278075	intersection	geometric_center	"brook st & fones alley, providence, ri 02906, usa"	NA	NA	NA	NA	41.8278075	-71.3993915	Med High	1.092786487
163	2022-10-14	883066	12:16:00	Pedestrian	1	NA	FALSE	FALSE	1	GANO ST	I 195 E	10/14/22	"Two-Way , Not Divided"	Dry	Daylight	Clear	Not a Collision Between Two Motor Vehicles in Transport	No	No Controls	2	1	Complains Of Pain	2	41.81906	-71.38931	FALSE	FALSE	"Gano Street and I 195 E, Providence, RI, USA"	FALSE	-71.390238	41.8256891	street_address	range_interpolated	"195 gano st, providence, ri 02906, usa"	NA	NA	NA	NA	41.8256891	-71.390238	Med High	741.9527339
162	2022-10-16	883174	19:01:00	Bicycle	1	NA	FALSE	FALSE	1	GlOSSOP STREET	WOONASQUATUCKET AVENUE	10/16/22	"Two-Way , Not Divided"	Dry	Dark - Not Lighted	Clear	Not a Collision Between Two Motor Vehicles in Transport	No	No Controls	3	1	Non-Incapacitating	NA	NA	NA	FALSE	FALSE	"Glossop Street and Woonasquatucket Avenue, Providence, RI, USA"	FALSE	-71.4704512	41.8376124	intersection	geometric_center	"woonasquatucket ave & glossop st, providence, ri 02911, usa"	NA	NA	NA	NA	41.8376124	-71.4704512	Med High	NA
159	2022-10-18	883218	7:32:00	Bicycle	NA	1	FALSE	FALSE	1	Cranston St	DEXTER ST	10/18/22	"Two-Way, Divided, Positive Median Barrier"	Dry	Daylight	Clear	Not a Collision Between Two Motor Vehicles in Transport	No	Unknown	3	1	Complains Of Pain	NA	41.8126	-71.42959	FALSE	FALSE	"Cranston Street and Dexter Street, Providence, RI, USA"	FALSE	-71.429588	41.8126029	intersection	geometric_center	"cranston st & dexter st, providence, ri 02907, usa"	NA	NA	NA	NA	41.8126029	-71.429588	Med High	0.36297774
160	2022-10-18	883237	18:40:00	Bicycle	NA	1	FALSE	FALSE	1	MEMORIAL BLVD.	EXIT 22A  (RT )	10/18/22	"Two-Way , Not Divided"	Dry	Dark - Lighted	Clear	Not a Collision Between Two Motor Vehicles in Transport	No	Traffic Control Signal	5	1	Non-Incapacitating	NA	41.82578	-71.41523	FALSE	FALSE	"Memorial Blvd. and Exit 22a  (Rt ), Providence, RI, USA"	FALSE	-71.4128343	41.8239891	locality	approximate	"providence, ri, usa"	NA	NA	NA	NA	41.8239891	-71.4128343	Med	281.4956272
161	2022-10-18	883238	15:42:00	Pedestrian	1	NA	FALSE	FALSE	1	SABIN ST	SABIN ST	10/18/22	One-Way Trafficway	Dry	Daylight	Clear	Other	No	Pavement Markings	4	1	Incapacitating	NA	41.82429	-71.41593	FALSE	FALSE	"Sabin Street and Sabin Street, Providence, RI, USA"	FALSE	-71.4163184	41.8239955	route	geometric_center	"sabin st, providence, ri, usa"	NA	NA	NA	NA	41.8239955	-71.4163184	Med	45.96594027
157	2022-10-19	883240	8:49:00	Pedestrian	1	NA	FALSE	FALSE	1	N MAIN ST	ROCHAMBEAU AVE	10/19/22	"Two-Way, Divided, Positive Median Barrier"	Dry	Daylight	Clear	Not a Collision Between Two Motor Vehicles in Transport	"Yes, M/V and Driver Left Scene"	Traffic Control Signal	1	1	Complains Of Pain	NA	41.84676	-71.40505	FALSE	FALSE	"N Main Street and Rochambeau Ave, Providence, RI, USA"	FALSE	-71.3960532	41.8469319	route	geometric_center	"rochambeau ave, providence, ri 02906, usa"	"North Main Street & Rochambeau Ave, Providence, RI, USA"	EjdOb3J0aCBNYWluIFN0cmVldCAmIFJvY2hhbWJlYXUgQXZlLCBQcm92aWRlbmNlLCBSSSwgVVNBImYiZAoUChIJT306T91E5IkR5SdPUPBjKeASFAoSCU99Ok_dROSJEeUnT1DwYyngGhQKEgn5-kE93kTkiRFf162-DVwjPxoUChIJB3KhN8VE5IkRtMSH0rd7SbEiCg0zT_EYFTBzcNU	41.8467635	-71.4050768	41.8467635	-71.4050768	Med	2.25629569
158	2022-10-19	883254	20:00:00	Pedestrian	1	NA	FALSE	FALSE	1	LAUREL AVE	COLE AVE	10/19/22	"Two-Way, Divided, Unprotected (painted>4feet) Medium"	Dry	Dark - Lighted	Clear	Not a Collision Between Two Motor Vehicles in Transport	No	Pavement Markings	3	1	Complains Of Pain	NA	41.83784	-71.38817	FALSE	FALSE	"Laurel Ave and Cole Ave, Providence, RI, USA"	FALSE	-71.3881679	41.837848	intersection	geometric_center	"cole ave & laurel ave, providence, ri 02906, usa"	NA	NA	NA	NA	41.837848	-71.3881679	Med High	0.90742726
156	2022-10-21	883301	7:38:00	Bicycle	NA	1	FALSE	FALSE	1	PUBLIC ST	BROAD ST	10/21/22	"Two-Way , Not Divided"	Dry	Daylight	Clear	Not a Collision Between Two Motor Vehicles in Transport	No	No Controls	2	1	Complains Of Pain	NA	41.80435	-71.41953	FALSE	FALSE	"Public Street and Broad Street, Providence, RI, USA"	FALSE	-71.4193596	41.804449	intersection	geometric_center	"public st & broad st, providence, ri 02907, usa"	NA	NA	NA	NA	41.804449	-71.4193596	Med High	17.92733927
154	2022-10-22	883347	9:54:00	Pedestrian	1	NA	FALSE	FALSE	1	PRESIDENT AVE	COLE AVE	10/22/22	"Two-Way , Not Divided"	Dry	Daylight	Clear	Not a Collision Between Two Motor Vehicles in Transport	No	Stop Signs	2	1	Complains Of Pain	NA	41.83598	-71.38729	FALSE	FALSE	"President Ave and Cole Ave, Providence, RI, USA"	FALSE	-71.3877153	41.8359048	intersection	geometric_center	"cole ave & president ave, providence, ri 02906, usa"	NA	NA	NA	NA	41.8359048	-71.3877153	Med High	36.25386671
155	2022-10-22	883356	19:05:00	Pedestrian	1	NA	FALSE	FALSE	1	POTTERS AVE	ELMWOOD AVE	10/22/22	"Two-Way , Not Divided"	Dry	Dark - Lighted	Clear	Not a Collision Between Two Motor Vehicles in Transport	"Yes, M/V and Driver Left Scene"	Flashing Traffic Control Signal	1	1	Non-Incapacitating	NA	41.80151	-71.42635	FALSE	FALSE	"Potters Ave and Elmwood Ave, Providence, RI, USA"	FALSE	-71.4263655	41.8015172	intersection	geometric_center	"potters ave & elmwood ave, providence, ri 02907, usa"	NA	NA	NA	NA	41.8015172	-71.4263655	Med High	1.515535855
150	2022-10-25	884410	8:33:00	Pedestrian	1	NA	FALSE	FALSE	1	280 BROAD ST	280 BROAD ST	10/25/22	"Two-Way, Divided, Unprotected (painted>4feet) Medium"	Wet	Daylight	Cloudy	Not a Collision Between Two Motor Vehicles in Transport	No	Yield Signs	3	1	Complains Of Pain	NA	41.81415	-71.4213	TRUE	FALSE	"280 Broad Street, Providence, RI, USA"	FALSE	-71.4202425	41.8149485	premise	rooftop	"280 broad st, providence, ri 02907, usa"	NA	NA	NA	NA	41.8149485	-71.4202425	High	124.8963692
151	2022-10-25	884442	18:00:00	Pedestrian	1	NA	FALSE	FALSE	1	STEWART ST.	BROAD ST	10/25/22	"Two-Way , Not Divided"	Wet	Dark - Lighted	Rain	Not a Collision Between Two Motor Vehicles in Transport	No	Traffic Control Signal	2	1	Complains Of Pain	NA	41.81689	-71.41793	FALSE	FALSE	"Stewart St. and Broad Street, Providence, RI, USA"	FALSE	-71.4101636	41.7945838	route	geometric_center	"broad st, providence, ri, usa"	"Stewart St & Broad Street, Providence, RI, USA"	Ei5TdGV3YXJ0IFN0ICYgQnJvYWQgU3RyZWV0LCBQcm92aWRlbmNlLCBSSSwgVVNBImYiZAoUChIJcXIW9W1F5IkR8el_6XwM_goSFAoSCXFyFvVtReSJEfHpf-l8DP4KGhQKEgk3AtCMbUXkiRFkq8OnEmks4BoUChIJg9591YxP5IkRLKLKk5hLCKMiCg1zwuwYFZV-btU	41.8169459	-71.4178923	41.8169459	-71.4178923	Med	6.964591444
152	2022-10-25	884443	18:19:00	Pedestrian	1	NA	FALSE	FALSE	1	COURTLAND ST.	PENN ST	10/25/22	"Two-Way , Not Divided"	Wet	Dark - Lighted	Rain	Not a Collision Between Two Motor Vehicles in Transport	"Yes, M/V and Driver Left Scene"	No Controls	1	1	Complains Of Pain	NA	41.82133	-71.43206	FALSE	FALSE	"Courtland St. and Penn Street, Providence, RI, USA"	FALSE	-71.4320417	41.8213207	intersection	geometric_center	"penn st & courtland st, providence, ri 02909, usa"	NA	NA	NA	NA	41.8213207	-71.4320417	Med High	1.837533952
153	2022-10-25	884447	20:38:00	Pedestrian	1	NA	FALSE	FALSE	1	BROAD ST	FRICKER ST	10/25/22	"Two-Way , Not Divided"	Wet	Dark - Not Lighted	Rain	Not a Collision Between Two Motor Vehicles in Transport	No	No Controls	3	1	Complains Of Pain	NA	41.81527	-71.42067	FALSE	FALSE	"Broad Street and Fricker Street, Providence, RI, USA"	FALSE	-71.42173	41.8165575	route	geometric_center	"fricker st, providence, ri, usa"	"Broad Street & Fricker Street, Providence, RI, USA"	EjJCcm9hZCBTdHJlZXQgJiBGcmlja2VyIFN0cmVldCwgUHJvdmlkZW5jZSwgUkksIFVTQSJmImQKFAoSCcsO7ptxReSJEe1RgLr0NWTvEhQKEgnLDu6bcUXkiRHtUYC69DVk7xoUChIJg9591YxP5IkRLKLKk5hLCKMaFAoSCaG8FtZzReSJESAHFPqNHvDOIgoNcoXsGBU0FG7V	41.8153842	-71.4206156	41.8153842	-71.4206156	Med	13.49009972
149	2022-10-26	884476	17:25:00	Bicycle	1	NA	FALSE	FALSE	1	CRANSTON ST	WESTMINSTER ST	10/26/22	"Two-Way , Not Divided"	Dry	Daylight	Cloudy	Not a Collision Between Two Motor Vehicles in Transport	"Yes, M/V and Driver Left Scene"	No Controls	2	0	No Injury	NA	41.81765	-71.4214	FALSE	FALSE	"Cranston Street and Westminster Street, Providence, RI, USA"	FALSE	-71.4223096	41.817219	intersection	geometric_center	"cranston st & westminster st, providence, ri 02903, usa"	NA	NA	NA	NA	41.817219	-71.4223096	Med High	89.42427282
146	2022-10-27	884501	10:49:00	Pedestrian	1	NA	FALSE	FALSE	1	GANO ST	GANO ST EXIT	10/27/22	"Two-Way , Not Divided"	Dry	Daylight	Clear	Not a Collision Between Two Motor Vehicles in Transport	No	Pavement Markings	2	1	Complains Of Pain	NA	41.82112	-71.38967	FALSE	FALSE	"Gano Street and Gano St Exit, Providence, RI, USA"	FALSE	-71.3900983	41.8238695	route	geometric_center	"gano st, providence, ri, usa"	NA	NA	NA	NA	41.8238695	-71.3900983	Med	308.1283107
147	2022-10-27	884511	14:48:00	Pedestrian	1	NA	FALSE	FALSE	1	EXCHANGE TERRACE	FRANCIS ST	10/27/22	"Two-Way , Not Divided"	Dry	Daylight	Clear	Not a Collision Between Two Motor Vehicles in Transport	"Yes, M/V and Driver Left Scene"	Traffic Control Signal	1	0	No Injury	NA	41.82503	-71.4148	FALSE	FALSE	"Exchange Terrace and Francis Street, Providence, RI, USA"	FALSE	-71.4148047	41.8250247	intersection	geometric_center	"exchange terrace & francis st, providence, ri 02903, usa"	NA	NA	NA	NA	41.8250247	-71.4148047	Med High	0.707177468
148	2022-10-27	884527	22:13:00	Pedestrian	1	NA	FALSE	FALSE	1	POTTERS AVE	MELROSE ST	10/27/22	"Two-Way , Not Divided"	Dry	Dark - Lighted	Clear	Not a Collision Between Two Motor Vehicles in Transport	"Yes, M/V and Driver Left Scene"	No Controls	2	1	Non-Incapacitating	NA	41.80153	-71.42413	FALSE	FALSE	"Potters Ave and Melrose Street, Providence, RI, USA"	FALSE	-71.4245732	41.8014606	intersection	geometric_center	"melrose st & potters ave, providence, ri 02907, usa"	NA	NA	NA	NA	41.8014606	-71.4245732	Med High	37.58118595
145	2022-10-29	884617	18:26:00	Pedestrian	1	NA	FALSE	FALSE	1	BROADWAY	KNIGHT ST	10/29/22	"Two-Way , Not Divided"	Dry	Dark - Lighted	Clear	Not a Collision Between Two Motor Vehicles in Transport	No	Traffic Control Signal	2	1	Non-Incapacitating	NA	41.81979	-71.42939	FALSE	FALSE	"Broadway and Knight Street, Providence, RI, USA"	FALSE	-71.4298401	41.8202496	route	geometric_center	"knight st, providence, ri, usa"	"Broadway & Knight Street, Providence, RI, USA"	Ei1Ccm9hZHdheSAmIEtuaWdodCBTdHJlZXQsIFByb3ZpZGVuY2UsIFJJLCBVU0EiZiJkChQKEgmvZYGEdUXkiRHAVmwJ-u4XKRIUChIJr2WBhHVF5IkRwFZsCfruFykaFAoSCaW15YZ1ReSJERrCM7HXpG-zGhQKEgkPqvF6dUXkiRGsZxyELkktfCIKDcQy7RgVV79s1Q	41.8198212	-71.4293417	41.8198212	-71.4293417	Med	5.302718821
143	2022-10-30	884622	0:07:00	Pedestrian	1	NA	FALSE	FALSE	1	MEMORIAL BLVD	STEEPLE ST	10/30/22	"Two-Way, Divided, Positive Median Barrier"	Dry	Dark - Lighted	Clear	Not a Collision Between Two Motor Vehicles in Transport	No	Traffic Control Signal	3	1	Complains Of Pain	NA	41.82677	-71.41063	FALSE	FALSE	"Memorial Blvd and Steeple Street, Providence, RI, USA"	FALSE	-71.409299	41.8273889	route	geometric_center	"steeple st, providence, ri 02903, usa"	NA	NA	NA	NA	41.8273889	-71.409299	Med	130.1401791
144	2022-10-30	884649	19:48:00	Pedestrian	1	NA	FALSE	FALSE	1	130 SMART ST	JOB ST	10/30/22	"Two-Way , Not Divided"	Dry	Dark - Lighted	Clear	Not a Collision Between Two Motor Vehicles in Transport	No	No Controls	6	1	Fatal	NA	41.85674	-71.41524	TRUE	FALSE	"130 Smart Street, Providence, RI, USA"	FALSE	-71.4148849	41.8576398	premise	rooftop	"130 smart st, providence, ri 02904, usa"	NA	NA	NA	NA	41.8576398	-71.4148849	High	104.4026595
140	2022-11-03	884795	13:49:00	Pedestrian	3	NA	FALSE	FALSE	1	OVERHILL RD	LORIMER AVE	11/3/22	"Two-Way , Not Divided"	Dry	Daylight	Clear	Not a Collision Between Two Motor Vehicles in Transport	No	No Controls	4	3	Complains Of Pain	NA	41.85052	-71.39152	FALSE	FALSE	"Overhill Rd and Lorimer Ave, Providence, RI, USA"	FALSE	-71.3914681	41.8505152	intersection	geometric_center	"lorimer ave & overhill rd, providence, ri 02906, usa"	NA	NA	NA	NA	41.8505152	-71.3914681	Med High	4.336621515
141	2022-11-03	884810	18:03:00	Bicycle	NA	1	FALSE	FALSE	1	HOPE ST	CYPRESS ST	11/3/22	"Two-Way , Not Divided"	Dry	Dark - Lighted	Clear	Angle - Direction Not Specified	No	Traffic Control Signal	3	1	Complains Of Pain	NA	41.84098	-71.39901	FALSE	FALSE	"Hope Street and Cypress Street, Providence, RI, USA"	FALSE	-71.3989614	41.8410395	intersection	geometric_center	"hope st & cypress st, providence, ri 02906, usa"	NA	NA	NA	NA	41.8410395	-71.3989614	Med High	7.75345839