row_number	crash_date	crash_report_id	crash_time	collision_type	count_pedestrian	count_bicycle	scooter	wheel_chair	number_of_vehicles	street_or_highway	nearest_intersection	report_date	type_of_roadway	road_surface_condition	light_condition	weather_condition	manner_of_impact	hit_and_run	traffic_control	person_count	injury_count	most_serious_injury	number_of_lanes	lat_raw	lon_raw	has_st_number	is_intersection_null	address_sent_to_geocoder	is_address_blank	lon_api_first_try	lat_api_first_try	type	loctype	address_returned_by_geocoder	address_returned_by_autocomplete	place_ids_autocompleted	lat_api_second_try	lon_api_second_try	lat_api_best	lon_api_best	api_coord_conf	distance_btwn_coords_meters
142	2022-11-03	884819	18:30:00	Other	NA	NA	TRUE	FALSE	2	Public Street	PRAIRIE AVE	11/3/22	"Two-Way , Not Divided"	Dry	Dark - Lighted	Clear	Angle (Front - to - Side) Right Angle (Includes Broadside)	No	Traffic Control Signal	3	1	Complains Of Pain	NA	41.80556	-71.41481	FALSE	FALSE	"Public Street and Prairie Ave, Providence, RI, USA"	FALSE	-71.414812	41.8055601	intersection	geometric_center	"public st & prairie ave, providence, ri 02907, usa"	NA	NA	NA	NA	41.8055601	-71.414812	Med High	0.166330547
139	2022-11-04	884850	13:45:00	Pedestrian	1	NA	FALSE	FALSE	1	BROAD ST	CAHIR ST	11/4/22	"Two-Way , Not Divided"	Dry	Daylight	Clear	Not a Collision Between Two Motor Vehicles in Transport	"Yes, M/V and Driver Left Scene"	Traffic Control Signal	1	1	Complains Of Pain	2	41.81692	-71.41795	FALSE	FALSE	"Broad Street and Cahir Street, Providence, RI, USA"	FALSE	-71.4189877	41.8178471	route	geometric_center	"cahir st, providence, ri 02903, usa"	"Broad Street & Cahir Street, Providence, RI, USA"	EjBCcm9hZCBTdHJlZXQgJiBDYWhpciBTdHJlZXQsIFByb3ZpZGVuY2UsIFJJLCBVU0EiZiJkChQKEglxchb1bUXkiRHx6X_pfAz-ChIUChIJcXIW9W1F5IkR8el_6XwM_goaFAoSCYPefdWMT-SJESyiypOYSwijGhQKEgmx_OtuckXkiRFRWF6nVg1mziIKDXPC7BgVlX5u1Q	41.8169459	-71.4178923	41.8169459	-71.4178923	Med	5.588231095
137	2022-11-05	884953	14:58:00	Pedestrian	1	NA	FALSE	FALSE	1	CHARLES ST.	CHARLES ST	11/5/22	"Two-Way , Not Divided"	Dry	Daylight	Clear	Not a Collision Between Two Motor Vehicles in Transport	"Yes, M/V and Driver Left Scene"	No Controls	1	1	Complains Of Pain	NA	41.84018	-71.41717	FALSE	FALSE	"Charles St. and Charles Street, Providence, RI, USA"	FALSE	-71.4128343	41.8239891	locality	approximate	"providence, ri, usa"	NA	NA	NA	NA	41.8239891	-71.4128343	Med	1837.889988
138	2022-11-05	884960	20:21:00	Pedestrian	1	NA	FALSE	FALSE	1	Elmwood Ave	ATLANTIC AVE	11/5/22	"Two-Way, Divided, Positive Median Barrier"	Dry	Dark - Lighted	Clear	Not a Collision Between Two Motor Vehicles in Transport	No	No Controls	2	1	Complains Of Pain	NA	41.79641	-71.4254	FALSE	FALSE	"Elmwood Ave and Atlantic Ave, Providence, RI, USA"	FALSE	-71.4254389	41.7965024	intersection	geometric_center	"atlantic ave & elmwood ave, providence, ri 02907, usa"	NA	NA	NA	NA	41.7965024	-71.4254389	Med High	10.78064524
135	2022-11-08	885058	9:46:00	Pedestrian	1	NA	FALSE	FALSE	1	WAYLAND AVE	ORCHARD AVE	11/8/22	"Two-Way , Not Divided"	Dry	Daylight	Clear	Not a Collision Between Two Motor Vehicles in Transport	No	No Controls	2	1	Complains Of Pain	NA	41.83124	-71.38813	FALSE	FALSE	"Wayland Ave and Orchard Ave, Providence, RI, USA"	FALSE	-71.3881388	41.8312781	intersection	geometric_center	"wayland ave & orchard ave, providence, ri 02906, usa"	NA	NA	NA	NA	41.8312781	-71.3881388	Med High	4.303623735
136	2022-11-08	885071	13:03:00	Bicycle	NA	1	FALSE	FALSE	1	BROAD ST	BROAD ST	11/8/22	"Two-Way, Divided, Unprotected (painted>4feet) Medium"	Dry	Daylight	Clear	Not a Collision Between Two Motor Vehicles in Transport	No	Traffic Control Signal	2	0	No Injury	NA	41.8046	-71.41941	FALSE	FALSE	"Broad Street and Broad Street, Providence, RI, USA"	FALSE	-71.4101636	41.7945838	route	geometric_center	"broad st, providence, ri, usa"	NA	NA	NA	NA	41.7945838	-71.4101636	Med	1353.518178
133	2022-11-09	885117	12:57:00	Pedestrian	1	NA	FALSE	FALSE	1	FOUNTAIN ST	DORRANCE ST	11/9/22	"Two-Way , Not Divided"	Dry	Daylight	Clear	Not a Collision Between Two Motor Vehicles in Transport	No	Traffic Control Signal	5	1	Complains Of Pain	2	41.82479	-71.41468	FALSE	FALSE	"Fountain Street and Dorrance Street, Providence, RI, USA"	FALSE	-71.4146249	41.8249124	intersection	geometric_center	"fountain st & dorrance st, providence, ri 02903, usa"	NA	NA	NA	NA	41.8249124	-71.4146249	Med High	14.37171562
134	2022-11-09	885120	14:30:00	Pedestrian	1	NA	FALSE	FALSE	1	CRANSTON ST	MESSER ST	11/9/22	"Two-Way , Not Divided"	Dry	Daylight	Clear	Not a Collision Between Two Motor Vehicles in Transport	No	No Controls	3	1	Complains Of Pain	NA	41.80963	-71.43345	FALSE	FALSE	"Cranston Street and Messer Street, Providence, RI, USA"	FALSE	-71.4334345	41.809637	intersection	geometric_center	"cranston st & messer st, providence, ri 02907, usa"	NA	NA	NA	NA	41.809637	-71.4334345	Med High	1.503740757
129	2022-11-10	885144	8:32:00	Pedestrian	1	NA	FALSE	FALSE	1	POTTERS AVE	DEXTER ST	11/10/22	"Two-Way , Not Divided"	Dry	Daylight	Clear	Not a Collision Between Two Motor Vehicles in Transport	No	Stop Signs	2	1	Complains Of Pain	NA	41.8025	-71.43064	FALSE	FALSE	"Potters Ave and Dexter Street, Providence, RI, USA"	FALSE	-71.4305866	41.8024973	intersection	geometric_center	"potters ave & dexter st, providence, ri 02907, usa"	NA	NA	NA	NA	41.8024973	-71.4305866	Med High	4.441461578
130	2022-11-10	885155	14:58:00	Pedestrian	1	NA	FALSE	FALSE	1	CRANSTON ST	DEXTER ST	11/10/22	"Two-Way , Not Divided"	Dry	Daylight	Clear	Not a Collision Between Two Motor Vehicles in Transport	No	Traffic Control Signal	3	1	Complains Of Pain	NA	41.8126	-71.42959	FALSE	FALSE	"Cranston Street and Dexter Street, Providence, RI, USA"	FALSE	-71.429588	41.8126029	intersection	geometric_center	"cranston st & dexter st, providence, ri 02907, usa"	NA	NA	NA	NA	41.8126029	-71.429588	Med High	0.36297774
131	2022-11-10	885160	17:08:00	Pedestrian	1	NA	FALSE	FALSE	1	Smith St	SMITH ST	11/10/22	"Two-Way , Not Divided"	Dry	Dark - Lighted	Clear	Other	"Yes, Driver Left Scene"	No Controls	1	1	Complains Of Pain	NA	41.83676	-71.43167	FALSE	FALSE	"Smith Street and Smith Street, Providence, RI, USA"	FALSE	-71.4433053	41.8418141	route	geometric_center	"smith st, providence, ri, usa"	NA	NA	NA	NA	41.8418141	-71.4433053	Med	1117.01283
132	2022-11-10	885174	17:19:00	Pedestrian	1	NA	FALSE	FALSE	1	Doyle Avenue	CAMP ST	11/10/22	"Two-Way , Not Divided"	Dry	Dark - Lighted	Clear	Other	No	No Controls	3	1	Fatal	NA	41.83878	-71.40297	FALSE	FALSE	"Doyle Avenue and Camp Street, Providence, RI, USA"	FALSE	-71.4041847	41.838804	intersection	geometric_center	"camp st & doyle ave, providence, ri 02906, usa"	NA	NA	NA	NA	41.838804	-71.4041847	Med High	100.7774803
127	2022-11-11	885207	21:36:00	Pedestrian	1	NA	TRUE	FALSE	1	OLNEY ST	BROWN ST	11/11/22	"Two-Way , Not Divided"	Wet	Dark - Unknown Lighting	Rain	Other	No	No Controls	2	1	Complains Of Pain	NA	41.8356	-71.40546	FALSE	FALSE	"Olney Street and Brown Street, Providence, RI, USA"	FALSE	-71.4054218	41.8356196	intersection	geometric_center	"olney st & brown st, providence, ri 02906, usa"	NA	NA	NA	NA	41.8356196	-71.4054218	Med High	3.846903679
128	2022-11-11	885247	18:40:00	Bicycle	NA	2	FALSE	FALSE	1	WASHINGTON ST	DORRANCE ST	11/12/22	"Two-Way , Not Divided"	Dry	Dark - Lighted	Clear	Other	No	No Controls	2	2	Complains Of Pain	NA	41.82445	-71.41277	FALSE	FALSE	"Washington Street and Dorrance Street, Providence, RI, USA"	FALSE	-71.412777	41.8244607	intersection	geometric_center	"washington st & dorrance st, providence, ri 02903, usa"	NA	NA	NA	NA	41.8244607	-71.412777	Med High	1.325123782
126	2022-11-13	885268	17:38:00	Pedestrian	1	NA	FALSE	FALSE	1	EMMETT ST	PLAIN ST	11/13/22	"Two-Way , Not Divided"	Dry	Dark - Lighted	Clear	Not a Collision Between Two Motor Vehicles in Transport	"Yes, M/V and Driver Left Scene"	No Controls	1	1	Complains Of Pain	NA	41.8144	-71.41271	FALSE	FALSE	"Emmett Street and Plain Street, Providence, RI, USA"	FALSE	-71.4127026	41.8144068	intersection	geometric_center	"emmett st & plain st, providence, ri 02903, usa"	NA	NA	NA	NA	41.8144068	-71.4127026	Med High	0.974654995
123	2022-11-14	885288	6:51:00	Pedestrian	1	NA	FALSE	FALSE	1	SERVICE ROAD 7	BROAD ST	11/14/22	One-Way Trafficway	Dry	Daylight	Clear	Not a Collision Between Two Motor Vehicles in Transport	No	Traffic Control Signal	2	1	Non-Incapacitating	NA	41.81736	-71.41696	FALSE	FALSE	"Service Road 7 and Broad Street, Providence, RI, USA"	FALSE	-71.4169529	41.8173732	intersection	geometric_center	"service rd 1 & broad st, providence, ri 02903, usa"	NA	NA	NA	NA	41.8173732	-71.4169529	Med High	1.583084453
124	2022-11-14	885305	15:16:00	Pedestrian	1	NA	FALSE	FALSE	1	Geneva Street	ALTON ST	11/14/22	"Two-Way , Not Divided"	Dry	Daylight	Clear	Unknown	"Yes, M/V and Driver Left Scene"	No Controls	1	1	Complains Of Pain	NA	41.83097	-71.44071	FALSE	FALSE	"Geneva Street and Alton Street, Providence, RI, USA"	FALSE	-71.4406663	41.8307307	intersection	geometric_center	"geneva st & alton st, providence, ri 02908, usa"	NA	NA	NA	NA	41.8307307	-71.4406663	Med High	26.8842329
125	2022-11-14	885308	18:20:00	Pedestrian	1	NA	FALSE	FALSE	1	ELMWOOD AVE	BURNETT ST	11/14/22	"Two-Way , Not Divided"	Dry	Dark - Lighted	Clear	Not a Collision Between Two Motor Vehicles in Transport	"Yes, M/V and Driver Left Scene"	No Controls	1	1	Complains Of Pain	NA	41.80325	-71.4258	FALSE	FALSE	"Elmwood Ave and Burnett Street, Providence, RI, USA"	FALSE	-71.4258931	41.8029787	intersection	geometric_center	"burnett st & elmwood ave, providence, ri 02907, usa"	NA	NA	NA	NA	41.8029787	-71.4258931	Med High	31.17345501
118	2022-11-15	885332	7:44:00	Pedestrian	1	NA	FALSE	FALSE	1	ELMWOOD AVE	POTTERS AVE	11/15/22	"Two-Way , Not Divided"	Dry	Daylight	Clear	Not a Collision Between Two Motor Vehicles in Transport	No	Traffic Control Signal	3	1	Complains Of Pain	NA	41.80151	-71.42635	FALSE	FALSE	"Elmwood Ave and Potters Ave, Providence, RI, USA"	FALSE	-71.4263655	41.8015172	intersection	geometric_center	"potters ave & elmwood ave, providence, ri 02907, usa"	NA	NA	NA	NA	41.8015172	-71.4263655	Med High	1.515535855
119	2022-11-15	885354	14:57:00	Bicycle	NA	1	FALSE	FALSE	1	COOKE ST	MANNING ST	11/15/22	"Two-Way , Not Divided"	Dry	Daylight	Cloudy	Not a Collision Between Two Motor Vehicles in Transport	No	Stop Signs	2	1	Complains Of Pain	NA	41.8268	-71.39544	FALSE	FALSE	"Cooke Street and Manning Street, Providence, RI, USA"	FALSE	-71.3954404	41.8267151	intersection	geometric_center	"manning st & cooke st, providence, ri 02906, usa"	NA	NA	NA	NA	41.8267151	-71.3954404	Med High	9.451083012
120	2022-11-15	885364	17:07:00	Other	NA	NA	TRUE	FALSE	1	BROAD ST	ELMWOOD AVENUE	11/15/22	"Two-Way, Divided, Positive Median Barrier"	Dry	Dark - Lighted	Clear	Not a Collision Between Two Motor Vehicles in Transport	No	Traffic Control Signal	5	1	Complains Of Pain	NA	41.81279	-71.42193	FALSE	FALSE	"Broad Street and Elmwood Avenue, Providence, RI, USA"	FALSE	-71.4229658	41.7920613	route	geometric_center	"elmwood ave, providence, ri, usa"	"Broad Street & Elmwood Avenue, Providence, RI, USA"	EjJCcm9hZCBTdHJlZXQgJiBFbG13b29kIEF2ZW51ZSwgUHJvdmlkZW5jZSwgUkksIFVTQSJmImQKFAoSCakle_JwReSJEUzVUWp9I7srEhQKEgmpJXvycEXkiRFM1VFqfSO7KxoUChIJg9591YxP5IkRLKLKk5hLCKMaFAoSCXfQbe2jT-SJEfE86TMHz6HvIgoNRSrsGBVD3m3V	41.8130501	-71.4219965	41.8130501	-71.4219965	Med	29.47520995
121	2022-11-15	885373	21:15:00	Bicycle	NA	1	FALSE	FALSE	1	CHARLES ST	W RIVER ST	11/15/22	"Two-Way , Not Divided"	Dry	Dark - Lighted	Clear	Not a Collision Between Two Motor Vehicles in Transport	No	Stop Signs	2	1	Complains Of Pain	NA	41.83961	-71.41638	FALSE	FALSE	"Charles Street and W River Street, Providence, RI, USA"	FALSE	-71.4140946	41.8434958	route	geometric_center	"w river st, providence, ri 02904, usa"	"Charles Street & West River Street, Providence, RI, USA"	EjdDaGFybGVzIFN0cmVldCAmIFdlc3QgUml2ZXIgU3RyZWV0LCBQcm92aWRlbmNlLCBSSSwgVVNBImYiZAoUChIJn_PVYR1F5IkRV_lekQ3QEwQSFAoSCZ_z1WEdReSJEVf5XpEN0BMEGhQKEgl1C85s8UTkiRHLZMsuNVX9MhoUChIJgxzLm-NE5IkRpKt9jzlEBwUiCg0jOPAYFZe3btU	41.8396195	-71.4164329	41.8396195	-71.4164329	Med	4.512903626
122	2022-11-15	885375	18:59:00	Pedestrian	1	NA	FALSE	FALSE	1	TRANSIT ST	BENEFIT ST	11/15/22	"Two-Way , Not Divided"	Dry	Dark - Lighted	Clear	Not a Collision Between Two Motor Vehicles in Transport	No	No Controls	4	1	Complains Of Pain	NA	41.82037	-71.40165	FALSE	FALSE	"Transit Street and Benefit Street, Providence, RI, USA"	FALSE	-71.4016584	41.8203815	intersection	geometric_center	"transit st & benefit st, providence, ri 02906, usa"	NA	NA	NA	NA	41.8203815	-71.4016584	Med High	1.457553014
116	2022-11-18	885484	13:56:00	Pedestrian	1	NA	FALSE	FALSE	1	THAYER ST	CUSHING ST	11/18/22	One-Way Trafficway	Dry	Daylight	Clear	Not a Collision Between Two Motor Vehicles in Transport	No	Pavement Markings	2	1	Complains Of Pain	NA	41.8304	-71.40095	FALSE	FALSE	"Thayer Street and Cushing Street, Providence, RI, USA"	FALSE	-71.4008874	41.8300326	intersection	geometric_center	"thayer st & cushing st, providence, ri 02906, usa"	NA	NA	NA	NA	41.8300326	-71.4008874	Med High	41.22707927
117	2022-11-18	885485	14:26:00	Pedestrian	1	NA	FALSE	FALSE	1	ELMWOOD AVE	ADELAIDE AVE	11/18/22	"Two-Way, Divided, Positive Median Barrier"	Dry	Daylight	Clear	Not a Collision Between Two Motor Vehicles in Transport	No	Traffic Control Signal	2	1	Complains Of Pain	NA	41.79612	-71.42523	FALSE	FALSE	"Elmwood Ave and Adelaide Ave, Providence, RI, USA"	FALSE	-71.424995	41.795887	intersection	geometric_center	"adelaide ave & elmwood ave, providence, ri 02907, usa"	NA	NA	NA	NA	41.795887	-71.424995	Med High	32.45173452
115	2022-11-19	885538	15:45:00	Pedestrian	1	NA	FALSE	FALSE	1	MANTON AVE.	ATWELLS AVE	11/19/22	"Two-Way , Not Divided"	Dry	Daylight	Clear	Not a Collision Between Two Motor Vehicles in Transport	No	No Controls	2	1	Non-Incapacitating	NA	41.82538	-71.45483	FALSE	FALSE	"Manton Ave. and Atwells Ave, Providence, RI, USA"	FALSE	-71.4541435	41.8252114	intersection	geometric_center	"atwells ave & manton ave, providence, ri 02909, usa"	NA	NA	NA	NA	41.8252114	-71.4541435	Med High	59.9605021
114	2022-11-22	885663	16:05:00	Pedestrian	1	NA	FALSE	FALSE	1	NORTH MAIN ST.	SMITHFIELD AVE	11/22/22	"Two-Way , Not Divided"	Dry	Daylight	Clear	Not a Collision Between Two Motor Vehicles in Transport	No	Traffic Control Signal	3	1	Non-Incapacitating	NA	41.85335	-71.40115	FALSE	FALSE	"North Main St. and Smithfield Ave, Providence, RI, USA"	FALSE	-71.4075551	41.8559078	route	geometric_center	"smithfield ave, providence, ri, usa"	"N Main St & Smithfield Ave, Providence, RI, USA"	Ei9OIE1haW4gU3QgJiBTbWl0aGZpZWxkIEF2ZSwgUHJvdmlkZW5jZSwgUkksIFVTQSJmImQKFAoSCZtRcyXBROSJEeKhApBlu5q0EhQKEgmbUXMlwUTkiRHioQKQZbuatBoUChIJ-fpBPd5E5IkRX9etvg1cIz8aFAoSCRdfT9GfROSJEbd0LHi5l-MWIgoN_lDyGBUMDXHV	41.853363	-71.401138	41.853363	-71.401138	Med	1.756212659
113	2022-11-23	885720	17:16:00	Pedestrian	1	NA	FALSE	FALSE	1	SPRAGUE ST.	FULLER ST	11/24/22	"Two-Way , Not Divided"	Dry	Dawn	Clear	Not a Collision Between Two Motor Vehicles in Transport	No	No Controls	2	0	No Injury	NA	41.80941	-71.42439	FALSE	FALSE	"Sprague St. and Fuller Street, Providence, RI, USA"	FALSE	-71.4260398	41.809578	intersection	geometric_center	"sprague st & fuller st, providence, ri 02907, usa"	NA	NA	NA	NA	41.809578	-71.4260398	Med High	138.1616203
112	2022-11-29	885832	15:09:00	Pedestrian	1	NA	FALSE	FALSE	1	CALDER ST.	GREENWICH ST	11/29/22	"Two-Way , Not Divided"	Dry	Daylight	Clear	Not a Collision Between Two Motor Vehicles in Transport	No	Stop Signs	4	1	Complains Of Pain	NA	41.80224	-71.42992	FALSE	FALSE	"Calder St. and Greenwich Street, Providence, RI, USA"	FALSE	-71.4299231	41.8022651	intersection	geometric_center	"calder st & greenwich st, providence, ri 02907, usa"	NA	NA	NA	NA	41.8022651	-71.4299231	Med High	2.805936302
111	2022-12-01	885917	21:54:00	Pedestrian	1	NA	FALSE	FALSE	1	ADMIRAL STREET	RIVER AVE	12/1/22	Unknown	Dry	Dark - Lighted	Clear	Not a Collision Between Two Motor Vehicles in Transport	"Yes, M/V and Driver Left Scene"	Traffic Control Signal	3	0	No Injury	NA	41.84911	-71.43873	FALSE	FALSE	"Admiral Street and River Ave, Providence, RI, USA"	FALSE	-71.4460552	41.853176	intersection	geometric_center	"admiral st & river ave, providence, ri 02904, usa"	NA	NA	NA	NA	41.853176	-71.4460552	Med High	757.5016256
109	2022-12-02	885948	19:02:00	Pedestrian	1	NA	FALSE	FALSE	1	WAYLAND AVE	PITMAN ST	12/2/22	"Two-Way , Not Divided"	Dry	Dark - Lighted	Clear	Not a Collision Between Two Motor Vehicles in Transport	No	Stop Signs	3	1	Complains Of Pain	2	41.82672	-71.38849	FALSE	FALSE	"Wayland Ave and Pitman Street, Providence, RI, USA"	FALSE	-71.3885104	41.8267199	intersection	geometric_center	"wayland ave & pitman st, providence, ri 02906, usa"	NA	NA	NA	NA	41.8267199	-71.3885104	Med High	1.692245119
110	2022-12-02	885951	1:26:00	Pedestrian	1	NA	FALSE	FALSE	1	PAVILION AVE	RUGBY ST	12/3/22	"Two-Way , Not Divided"	Dry	Dark - Lighted	Clear	Not a Collision Between Two Motor Vehicles in Transport	"Yes, M/V and Driver Left Scene"	No Controls	2	1	Complains Of Pain	NA	41.7968	-71.40689	FALSE	FALSE	"Pavilion Ave and Rugby Street, Providence, RI, USA"	FALSE	-71.4069314	41.7967869	intersection	geometric_center	"pavilion ave & rugby st, providence, ri 02905, usa"	NA	NA	NA	NA	41.7967869	-71.4069314	Med High	3.732461298
107	2022-12-03	885964	12:26:00	Pedestrian	2	NA	FALSE	FALSE	1	BROAD ST	PEARL ST	12/3/22	"Two-Way , Not Divided"	Wet	Daylight	Rain	Not a Collision Between Two Motor Vehicles in Transport	No	Traffic Control Signal	3	2	Non-Incapacitating	NA	41.81475	-71.42095	FALSE	FALSE	"Broad Street and Pearl Street, Providence, RI, USA"	FALSE	-71.4128343	41.8239891	locality	approximate	"providence, ri, usa"	"Broad Street & Pearl Street, Providence, RI, USA"	EjBCcm9hZCBTdHJlZXQgJiBQZWFybCBTdHJlZXQsIFByb3ZpZGVuY2UsIFJJLCBVU0EiZiJkChQKEgk1O0-ncUXkiRHr2v1gzR_JJxIUChIJNTtPp3FF5IkR69r9YM0fyScaFAoSCYPefdWMT-SJESyiypOYSwijGhQKEgkNm4U0bkXkiRG6oe115UpVCiIKDYVt7BgVkQZu1Q	41.8147717	-71.4209647	41.8147717	-71.4209647	Med	2.706056011
108	2022-12-03	886999	14:47:00	Pedestrian	1	NA	FALSE	FALSE	1	WAYLAND AVE	S ANGELL ST	12/4/22	One-Way Trafficway	Wet	Daylight	Rain	Not a Collision Between Two Motor Vehicles in Transport	No	Traffic Control Signal	2	1	Complains Of Pain	NA	41.83003	-71.38795	FALSE	FALSE	"Wayland Ave and S Angell Street, Providence, RI, USA"	FALSE	-71.3879538	41.8300494	intersection	geometric_center	"wayland ave & s angell st, providence, ri 02906, usa"	NA	NA	NA	NA	41.8300494	-71.3879538	Med High	2.182478964
106	2022-12-05	887042	21:18:00	Pedestrian	1	NA	FALSE	FALSE	1	UNION AVE	EXIT	12/5/22	"Two-Way, Divided, Positive Median Barrier"	Dry	Dark - Lighted	Clear	Not a Collision Between Two Motor Vehicles in Transport	"Yes, M/V and Driver Left Scene"	No Controls	1	1	Complains Of Pain	NA	41.80854	-71.44116	FALSE	FALSE	"Union Ave and Exit, Providence, RI, USA"	FALSE	-71.4128343	41.8239891	locality	approximate	"providence, ri, usa"	NA	NA	NA	NA	41.8239891	-71.4128343	Med	2912.104377
105	2022-12-06	888114	10:02:00	Bicycle	NA	1	FALSE	FALSE	1	904 Broad St	BROAD ST	1/9/23	"Two-Way , Not Divided"	Dry	Daylight	Clear	Not a Collision Between Two Motor Vehicles in Transport	No	No Controls	3	1	Complains Of Pain	2	41.7992	-71.41591	TRUE	FALSE	"904 Broad Street, Providence, RI, USA"	FALSE	-71.4161033	41.7997003	street_address	rooftop	"904 broad st, providence, ri 02907, usa"	NA	NA	NA	NA	41.7997003	-71.4161033	High	57.95731489
104	2022-12-09	887190	23:17:00	Bicycle	NA	1	FALSE	FALSE	1	SABIN ST	BROADWAY	12/10/22	One-Way Trafficway	Dry	Dark - Lighted	Clear	"Sideswipe, Same Direction"	"Yes, M/V and Driver Left Scene"	Traffic Control Signal	1	0	No Injury	NA	41.82312	-71.41727	FALSE	FALSE	"Sabin Street and Broadway, Providence, RI, USA"	FALSE	-71.4178655	41.8228161	intersection	geometric_center	"sabin st & broadway, providence, ri 02903, usa"	NA	NA	NA	NA	41.8228161	-71.4178655	Med High	59.8738097
103	2022-12-11	887247	17:36:00	Other	NA	1	TRUE	FALSE	1	WATERMAN ST	HOPE ST	12/11/22	"Two-Way , Not Divided"	Snow	Dark - Lighted	Snow	Not a Collision Between Two Motor Vehicles in Transport	No	Traffic Control Signal	3	1	Complains Of Pain	NA	41.82758	-71.39723	FALSE	FALSE	"Waterman Street and Hope Street, Providence, RI, USA"	FALSE	-71.3972305	41.8276014	intersection	geometric_center	"hope st & waterman st, providence, ri 02906, usa"	NA	NA	NA	NA	41.8276014	-71.3972305	Med High	2.382598122
101	2022-12-12	887284	12:39:00	Pedestrian	1	NA	FALSE	FALSE	1	CRANSTON ST	NIANTIC AVE	12/12/22	"Two-Way , Not Divided"	Dry	Daylight	Clear	Not a Collision Between Two Motor Vehicles in Transport	"Yes, M/V and Driver Left Scene"	No Controls	1	0	No Injury	NA	41.80336	-71.44009	FALSE	FALSE	"Cranston Street and Niantic Ave, Providence, RI, USA"	FALSE	-71.4400039	41.8034026	intersection	geometric_center	"cranston st & niantic ave, cranston, ri 02907, usa"	NA	NA	NA	NA	41.8034026	-71.4400039	Med High	8.575287663
102	2022-12-12	887292	15:15:00	Pedestrian	1	NA	FALSE	FALSE	1	BLACKSTONE ST	EDDY ST	12/12/22	"Two-Way , Not Divided"	Dry	Daylight	Clear	Not a Collision Between Two Motor Vehicles in Transport	No	Pavement Markings	5	1	Complains Of Pain	NA	41.81013	-71.40722	FALSE	FALSE	"Blackstone Street and Eddy Street, Providence, RI, USA"	FALSE	-71.4072137	41.8101324	intersection	geometric_center	"eddy st & blackstone st, providence, ri 02905, usa"	NA	NA	NA	NA	41.8101324	-71.4072137	Med High	0.587046756
100	2022-12-13	887305	14:20:00	Pedestrian	1	NA	FALSE	FALSE	1	HOLDEN STREET	EDITH ST	12/13/22	"Two-Way, Not Divided With a Continuous Left Turn Lane"	Dry	Daylight	Cloudy	Not a Collision Between Two Motor Vehicles in Transport	"Yes, M/V and Driver Left Scene"	No Controls	1	1	Complains Of Pain	NA	41.82971	-71.41941	FALSE	FALSE	"Holden Street and Edith Street, Providence, RI, USA"	FALSE	-71.4194174	41.8297348	intersection	geometric_center	"holden st & edith st, providence, ri 02908, usa"	NA	NA	NA	NA	41.8297348	-71.4194174	Med High	2.82813687
97	2022-12-14	887339	8:36:00	Pedestrian	1	NA	FALSE	FALSE	1	BRANCH AVE	CHARLES ST	12/14/22	"Two-Way , Not Divided"	Dry	Daylight	Clear	Not a Collision Between Two Motor Vehicles in Transport	No	Traffic Control Signal	3	1	Complains Of Pain	NA	41.85034	-71.42015	FALSE	FALSE	"Branch Ave and Charles Street, Providence, RI, USA"	FALSE	-71.419991	41.8503047	intersection	geometric_center	"charles st & branch ave, providence, ri 02904, usa"	NA	NA	NA	NA	41.8503047	-71.419991	Med High	13.75755121
98	2022-12-14	887348	13:41:00	Pedestrian	2	NA	FALSE	FALSE	1	BELLEVUE AVE	DEXTER ST	12/14/22	"Two-Way , Not Divided"	Dry	Daylight	Clear	Not a Collision Between Two Motor Vehicles in Transport	No	No Controls	4	1	Complains Of Pain	NA	41.80744	-71.4287	FALSE	FALSE	"Bellevue Ave and Dexter Street, Providence, RI, USA"	FALSE	-71.4286964	41.8074483	intersection	geometric_center	"dexter st & bellevue ave, providence, ri 02907, usa"	NA	NA	NA	NA	41.8074483	-71.4286964	Med High	0.971039385
99	2022-12-14	887354	16:45:00	Other	1	NA	FALSE	TRUE	1	51 SILVER SPRING STREET	NA	12/14/22	"Two-Way , Not Divided"	Dry	Dark - Lighted	Clear	Not a Collision Between Two Motor Vehicles in Transport	No	No Controls	3	1	Complains Of Pain	NA	NA	NA	TRUE	TRUE	"51 Silver Spring Street, Providence, RI, USA"	FALSE	-71.4166633	41.8454522	premise	rooftop	"51 silver spring st, providence, ri 02904, usa"	NA	NA	NA	NA	41.8454522	-71.4166633	High	NA
96	2022-12-16	887439	22:54:00	Pedestrian	1	NA	FALSE	FALSE	1	WESTMINSTER STREET	LYMAN ST	12/16/22	"Two-Way , Not Divided"	Wet	Dark - Lighted	Rain	Not a Collision Between Two Motor Vehicles in Transport	No	No Controls	2	1	Complains Of Pain	NA	41.81842	-71.41972	FALSE	FALSE	"Westminster Street and Lyman Street, Providence, RI, USA"	FALSE	-71.420049	41.8189098	route	geometric_center	"lyman st, providence, ri 02903, usa"	NA	NA	NA	NA	41.8189098	-71.420049	Med	60.97445739