row_number	crash_date	crash_report_id	crash_time	collision_type	count_pedestrian	count_bicycle	scooter	wheel_chair	number_of_vehicles	street_or_highway	nearest_intersection	report_date	type_of_roadway	road_surface_condition	light_condition	weather_condition	manner_of_impact	hit_and_run	traffic_control	person_count	injury_count	most_serious_injury	number_of_lanes	lat_raw	lon_raw	has_st_number	is_intersection_null	address_sent_to_geocoder	is_address_blank	lon_api_first_try	lat_api_first_try	type	loctype	address_returned_by_geocoder	address_returned_by_autocomplete	place_ids_autocompleted	lat_api_second_try	lon_api_second_try	lat_api_best	lon_api_best	api_coord_conf	distance_btwn_coords_meters
95	2022-12-18	887507	19:53:00	Pedestrian	1	NA	FALSE	FALSE	1	CLYM ST	ADMIRAL ST	12/18/22	"Two-Way , Not Divided"	Dry	Dark - Lighted	Clear	Not a Collision Between Two Motor Vehicles in Transport	"Yes, M/V and Driver Left Scene"	No Controls	1	1	Non-Incapacitating	NA	41.84418	-71.42372	FALSE	FALSE	"Clym Street and Admiral Street, Providence, RI, USA"	FALSE	-71.4310569	41.846452	route	geometric_center	"admiral st, providence, ri, usa"	NA	NA	NA	NA	41.846452	-71.4310569	Med	658.9033797
93	2022-12-19	887520	11:59:00	Pedestrian	1	NA	FALSE	FALSE	1	387 CHARLES ST	CHARLES ST	12/19/22	"Two-Way , Not Divided"	Dry	Daylight	Clear	Not a Collision Between Two Motor Vehicles in Transport	No	No Controls	2	0	No Injury	NA	NA	NA	TRUE	FALSE	"387 Charles Street, Providence, RI, USA"	FALSE	-71.417562	41.843616	street_address	rooftop	"387 charles st, providence, ri 02904, usa"	NA	NA	NA	NA	41.843616	-71.417562	High	NA
94	2022-12-19	887539	19:14:00	Pedestrian	1	NA	FALSE	FALSE	1	PUBLIC ST.	BROAD ST	12/19/22	"Two-Way , Not Divided"	Dry	Dark - Not Lighted	Clear	Not a Collision Between Two Motor Vehicles in Transport	No	No Controls	3	1	Non-Incapacitating	NA	41.80446	-71.41927	FALSE	FALSE	"Public St. and Broad Street, Providence, RI, USA"	FALSE	-71.4193596	41.804449	intersection	geometric_center	"public st & broad st, providence, ri 02907, usa"	NA	NA	NA	NA	41.804449	-71.4193596	Med High	7.53519071
92	2022-12-20	887572	18:58:00	Pedestrian	1	NA	FALSE	FALSE	1	Douglas Ave	CHAD BROWN ST	12/20/22	"Two-Way , Not Divided"	Dry	Dark - Lighted	Clear	Not a Collision Between Two Motor Vehicles in Transport	No	No Controls	3	1	Incapacitating	NA	41.83885	-71.42538	FALSE	FALSE	"Douglas Ave and Chad Brown Street, Providence, RI, USA"	FALSE	-71.4258269	41.8392775	intersection	geometric_center	"chad brown st & douglas ave, providence, ri 02908, usa"	NA	NA	NA	NA	41.8392775	-71.4258269	Med High	60.3195518
90	2022-12-21	887591	9:27:00	Bicycle	NA	1	FALSE	FALSE	1	ATWELLS AVE	EAGLE ST	12/21/22	"Two-Way , Not Divided"	Dry	Daylight	Clear	Not a Collision Between Two Motor Vehicles in Transport	No	Traffic Control Signal	2	1	Complains Of Pain	NA	41.82446	-71.4355	FALSE	FALSE	"Atwells Ave and Eagle Street, Providence, RI, USA"	FALSE	-71.4354014	41.8244572	intersection	geometric_center	"atwells ave & eagle st, providence, ri 02909, usa"	NA	NA	NA	NA	41.8244572	-71.4354014	Med High	8.185233499
91	2022-12-21	887611	18:24:00	Pedestrian	2	NA	FALSE	FALSE	1	PITMAN ST	BUTLER AVE	12/21/22	"Two-Way , Not Divided"	Dry	Dark - Lighted	Clear	Not a Collision Between Two Motor Vehicles in Transport	No	Traffic Control Signal	3	1	Complains Of Pain	NA	41.8268	-71.38594	FALSE	FALSE	"Pitman Street and Butler Ave, Providence, RI, USA"	FALSE	-71.3859622	41.8268029	intersection	geometric_center	"butler ave & pitman st, providence, ri 02906, usa"	NA	NA	NA	NA	41.8268029	-71.3859622	Med High	1.869601026
88	2022-12-23	887675	16:51:00	Pedestrian	1	NA	FALSE	FALSE	1	PUTNAM ST.	ATWELLS AVE	12/23/22	"Two-Way , Not Divided"	Wet	Dark - Lighted	Rain	Not a Collision Between Two Motor Vehicles in Transport	No	Traffic Control Signal	3	1	Non-Incapacitating	NA	41.82465	-71.44375	FALSE	FALSE	"Putnam St. and Atwells Ave, Providence, RI, USA"	FALSE	-71.4435191	41.8247997	intersection	geometric_center	"atwells ave & putnam st, providence, ri 02909, usa"	NA	NA	NA	NA	41.8247997	-71.4435191	Med High	25.38867968
89	2022-12-23	887683	18:18:00	Pedestrian	1	NA	FALSE	FALSE	1	UNION AVE	LINWOOD AVE	12/23/22	"Two-Way , Not Divided"	Wet	Dark - Lighted	Severe Crosswinds	Not a Collision Between Two Motor Vehicles in Transport	No	No Controls	2	0	No Injury	NA	41.80906	-71.43921	FALSE	FALSE	"Union Ave and Linwood Ave, Providence, RI, USA"	FALSE	-71.4341209	41.8066081	route	geometric_center	"linwood ave, providence, ri, usa"	"Union Ave & Linwood Ave, Providence, RI, USA"	EixVbmlvbiBBdmUgJiBMaW53b29kIEF2ZSwgUHJvdmlkZW5jZSwgUkksIFVTQSJmImQKFAoSCQcXlWWGReSJEY8cW6oIOjBBEhQKEgkHF5VlhkXkiRGPHFuqCDowQRoUChIJI4HrOIpF5IkRntWfMLDFiC8aFAoSCe9FLD2BReSJETMjxaEXA5iGIgoNDovrGBVJMmvV	41.8089742	-71.4395063	41.8089742	-71.4395063	Med	26.37541173
87	2022-12-31	887891	17:15:00	Pedestrian	2	NA	FALSE	FALSE	1	MATHEWSON ST	WESTMINSTER ST	12/31/22	One-Way Trafficway	Wet	Dark - Lighted	Rain	Not a Collision Between Two Motor Vehicles in Transport	"Yes, M/V and Driver Left Scene"	No Controls	2	2	Complains Of Pain	NA	41.82221	-71.4137	FALSE	FALSE	"Mathewson Street and Westminster Street, Providence, RI, USA"	FALSE	-71.4136447	41.8221831	intersection	geometric_center	"mathewson st & westminster st, providence, ri 02903, usa"	NA	NA	NA	NA	41.8221831	-71.4136447	Med High	5.478365269
86	2023-01-01	887942	20:49:00	Bicycle	NA	1	FALSE	FALSE	1	Montgomery Ave	Broad Street	1/1/23	"Two-Way , Not Divided"	Dry	Dark - Lighted	Clear	Not a Collision Between Two Motor Vehicles in Transport	No	Traffic Control Signal	3	1	Complains Of Pain	NA	41.78589	-71.40163	FALSE	FALSE	"Montgomery Ave and Broad Street, Providence, RI, USA"	FALSE	-71.4016671	41.7858952	intersection	geometric_center	"montgomery ave & broad st, providence, ri 02905, usa"	NA	NA	NA	NA	41.7858952	-71.4016671	Med High	3.133392061
85	2023-01-02	887960	18:21:00	Pedestrian	1	NA	FALSE	FALSE	1	OLNEY ST	HOPE ST	1/2/23	"Two-Way , Not Divided"	Dry	Dark - Lighted	Clear	Not a Collision Between Two Motor Vehicles in Transport	"Yes, M/V and Driver Left Scene"	Traffic Control Signal	2	1	Complains Of Pain	NA	41.83571	-71.40161	FALSE	FALSE	"Olney Street and Hope Street, Providence, RI, USA"	FALSE	-71.4015677	41.8357179	intersection	geometric_center	"hope st & olney st, providence, ri 02906, usa"	NA	NA	NA	NA	41.8357179	-71.4015677	Med High	3.61689289
83	2023-01-03	887972	14:25:00	Bicycle	NA	1	FALSE	FALSE	1	SMITH ST	CALVERLY ST	1/3/23	"Two-Way , Not Divided"	Wet	Daylight	Rain	Not a Collision Between Two Motor Vehicles in Transport	"Yes, M/V and Driver Left Scene"	No Controls	1	1	Complains Of Pain	NA	41.83297	-71.42	FALSE	FALSE	"Smith Street and Calverly Street, Providence, RI, USA"	FALSE	-71.4205609	41.8332067	intersection	geometric_center	"calverly st & smith st, providence, ri 02908, usa"	NA	NA	NA	NA	41.8332067	-71.4205609	Med High	53.46642612
84	2023-01-03	887980	17:28:00	Pedestrian	1	NA	FALSE	FALSE	1	POTTERS AVE.	ELMWOOD AVE	1/3/23	"Two-Way , Not Divided"	Wet	Dark - Lighted	Rain	Not a Collision Between Two Motor Vehicles in Transport	No	Traffic Control Signal	3	1	Non-Incapacitating	NA	41.8015	-71.42631	FALSE	FALSE	"Potters Ave. and Elmwood Ave, Providence, RI, USA"	FALSE	-71.4263655	41.8015172	intersection	geometric_center	"potters ave & elmwood ave, providence, ri 02907, usa"	NA	NA	NA	NA	41.8015172	-71.4263655	Med High	4.987759807
82	2023-01-04	887992	1:56:00	Pedestrian	1	NA	FALSE	FALSE	1	PUBLIC ST	BROAD ST	1/4/23	"Two-Way , Not Divided"	Wet	Dark - Lighted	Rain	Not a Collision Between Two Motor Vehicles in Transport	"Yes, M/V and Driver Left Scene"	Traffic Control Signal	1	1	Complains Of Pain	NA	41.80442	-71.41935	FALSE	FALSE	"Public Street and Broad Street, Providence, RI, USA"	FALSE	-71.4193596	41.804449	intersection	geometric_center	"public st & broad st, providence, ri 02907, usa"	NA	NA	NA	NA	41.804449	-71.4193596	Med High	3.325099214
81	2023-01-05	888039	21:55:00	Bicycle	NA	1	FALSE	FALSE	1	FRICKER ST.	BROAD ST	1/6/23	"Two-Way , Not Divided"	Dry	Daylight	Clear	Not a Collision Between Two Motor Vehicles in Transport	"Yes, M/V and Driver Left Scene"	Stop Signs	2	1	Non-Incapacitating	NA	41.81539	-71.42076	FALSE	FALSE	"Fricker St. and Broad Street, Providence, RI, USA"	FALSE	-71.4206156	41.8153842	intersection	geometric_center	"fricker st & broad st, providence, ri 02903, usa"	NA	NA	NA	NA	41.8153842	-71.4206156	Med High	11.9976873
80	2023-01-07	888121	16:40:00	Pedestrian	1	NA	FALSE	FALSE	1	BROAD ST	ADELAIDE AVE	1/9/23	"Two-Way , Not Divided"	Dry	Dusk	Clear	Not a Collision Between Two Motor Vehicles in Transport	No	No Controls	5	1	Complains Of Pain	NA	41.79882	-71.41543	FALSE	FALSE	"Broad Street and Adelaide Ave, Providence, RI, USA"	FALSE	-71.4229955	41.7965181	route	geometric_center	"adelaide ave, providence, ri 02907, usa"	"Broad Street & Adelaide Ave, Providence, RI, USA"	EjBCcm9hZCBTdHJlZXQgJiBBZGVsYWlkZSBBdmUsIFByb3ZpZGVuY2UsIFJJLCBVU0EiZiJkChQKEgmHmKxWiE_kiRHEyK6zP1G3PRIUChIJh5isVohP5IkRxMiusz9Rtz0aFAoSCYPefdWMT-SJESyiypOYSwijGhQKEgn7ze1zhE_kiRG6QeI0WTshsiIKDUkA6hgV2dxu1Q	41.7988681	-71.4154791	41.7988681	-71.4154791	Med	6.728550555
79	2023-01-08	888094	2:22:00	Pedestrian	1	NA	FALSE	FALSE	1	EDDY ST	OXFORD ST	1/8/23	"Two-Way, Divided, Unprotected (painted>4feet) Medium"	Dry	Dark - Lighted	Clear	Not a Collision Between Two Motor Vehicles in Transport	"Yes, M/V and Driver Left Scene"	No Controls	1	1	Incapacitating	NA	NA	NA	FALSE	FALSE	"Eddy Street and Oxford Street, Providence, RI, USA"	FALSE	-71.4066724	41.8031182	intersection	geometric_center	"oxford st & eddy st, providence, ri 02905, usa"	NA	NA	NA	NA	41.8031182	-71.4066724	Med High	NA
78	2023-01-10	888144	18:38:00	Pedestrian	1	NA	FALSE	FALSE	1	PLAINFIELD ST.	POCASSET AVE	1/10/23	"Two-Way , Not Divided"	Dry	Dark - Lighted	Clear	Not a Collision Between Two Motor Vehicles in Transport	No	No Controls	3	1	Complains Of Pain	NA	41.8137	-71.44793	FALSE	FALSE	"Plainfield St. and Pocasset Ave, Providence, RI, USA"	FALSE	-71.4477942	41.8138447	intersection	geometric_center	"pocasset ave & plainfield st, providence, ri 02909, usa"	NA	NA	NA	NA	41.8138447	-71.4477942	Med High	19.65737667
77	2023-01-12	888665	15:00:00	Pedestrian	1	NA	FALSE	FALSE	1	FULTON ST	DORRANCE ST	1/27/23	"Two-Way , Not Divided"	Unknown	Daylight	Clear	Not a Collision Between Two Motor Vehicles in Transport	"Yes, M/V and Driver Left Scene"	Traffic Control Signal	1	1	Non-Incapacitating	2	41.82413	-71.41236	FALSE	FALSE	"Fulton Street and Dorrance Street, Providence, RI, USA"	FALSE	-71.4113407	41.8233534	route	geometric_center	"dorrance st, providence, ri 02903, usa"	"Fulton Street & Dorrance Street, Providence, RI, USA"	EjRGdWx0b24gU3RyZWV0ICYgRG9ycmFuY2UgU3RyZWV0LCBQcm92aWRlbmNlLCBSSSwgVVNBImYiZAoUChIJf0Y9-RNF5IkRa402C95i2d0SFAoSCX9GPfkTReSJEWuNNgveYtndGhQKEgmV_SepFkXkiRFnZiyNOi8BiRoUChIJpfpicxRF5IkR4zxQTjprQnQiCg1O2-0YFQlYb9U	41.8241358	-71.4123255	41.8241358	-71.4123255	Med	2.933864658
73	2023-01-13	888225	8:20:00	Pedestrian	1	NA	TRUE	FALSE	1	WESTMINSTER ST	BARTON ST	1/13/23	"Two-Way , Not Divided"	Wet	Daylight	Rain	Not a Collision Between Two Motor Vehicles in Transport	No	Person	3	1	Complains Of Pain	NA	41.81592	-71.43653	FALSE	FALSE	"Westminster Street and Barton Street, Providence, RI, USA"	FALSE	-71.4365339	41.8159344	intersection	geometric_center	"barton st & westminster st, providence, ri 02909, usa"	NA	NA	NA	NA	41.8159344	-71.4365339	Med High	1.635330376
74	2023-01-13	888237	12:28:00	Bicycle	NA	1	FALSE	FALSE	1	BROAD ST	LENOX AVE	1/13/23	"Two-Way , Not Divided"	Wet	Daylight	Rain	Not a Collision Between Two Motor Vehicles in Transport	No	Pavement Markings	2	0	No Injury	NA	41.79843	-71.41495	FALSE	FALSE	"Broad Street and Lenox Ave, Providence, RI, USA"	FALSE	-71.4128343	41.8239891	locality	approximate	"providence, ri, usa"	"Broad Street & Lenox Ave, Providence, RI, USA"	Ei1Ccm9hZCBTdHJlZXQgJiBMZW5veCBBdmUsIFByb3ZpZGVuY2UsIFJJLCBVU0EiZiJkChQKEgmT6t8AiU_kiRFShKlWkME5IRIUChIJk-rfAIlP5IkRUoSpVpDBOSEaFAoSCYPefdWMT-SJESyiypOYSwijGhQKEgmLIQXfhU_kiRERQQXUPieyyyIKDcnq6RgVUvdu1Q	41.7983177	-71.4148014	41.7983177	-71.4148014	Med	17.56014037
75	2023-01-13	888245	17:00:00	Pedestrian	1	NA	FALSE	FALSE	1	ATWELLS AVE	CUTLER ST	1/13/23	"Two-Way , Not Divided"	Dry	Dark - Lighted	Clear	Not a Collision Between Two Motor Vehicles in Transport	No	Pavement Markings	3	1	Complains Of Pain	NA	41.82467	-71.4415	FALSE	FALSE	"Atwells Ave and Cutler Street, Providence, RI, USA"	FALSE	-71.4415532	41.8246953	intersection	geometric_center	"cutler st & atwells ave, providence, ri 02908, usa"	NA	NA	NA	NA	41.8246953	-71.4415532	Med High	5.235260149
76	2023-01-13	888252	20:42:00	Pedestrian	1	NA	FALSE	FALSE	1	ADMIRAL ST	HAWKINS ST	1/13/23	"Two-Way , Not Divided"	Wet	Dark - Lighted	Clear	Not a Collision Between Two Motor Vehicles in Transport	"Yes, M/V and Driver Left Scene"	Pavement Markings	3	1	Complains Of Pain	NA	41.84591	-71.42831	FALSE	FALSE	"Admiral Street and Hawkins Street, Providence, RI, USA"	FALSE	-71.4283351	41.8459297	intersection	geometric_center	"admiral st & hawkins st, providence, ri 02908, usa"	NA	NA	NA	NA	41.8459297	-71.4283351	Med High	3.023521083
72	2023-01-14	888279	21:52:00	Pedestrian	1	NA	FALSE	FALSE	1	BROAD ST	FRICKER ST	1/14/23	"Two-Way , Not Divided"	Dry	Dark - Lighted	Clear	Not a Collision Between Two Motor Vehicles in Transport	No	Traffic Control Signal	4	1	Non-Incapacitating	NA	41.81528	-71.42066	FALSE	FALSE	"Broad Street and Fricker Street, Providence, RI, USA"	FALSE	-71.42173	41.8165575	route	geometric_center	"fricker st, providence, ri, usa"	"Broad Street & Fricker Street, Providence, RI, USA"	EjJCcm9hZCBTdHJlZXQgJiBGcmlja2VyIFN0cmVldCwgUHJvdmlkZW5jZSwgUkksIFVTQSJmImQKFAoSCcsO7ptxReSJEe1RgLr0NWTvEhQKEgnLDu6bcUXkiRHtUYC69DVk7xoUChIJg9591YxP5IkRLKLKk5hLCKMaFAoSCaG8FtZzReSJESAHFPqNHvDOIgoNcoXsGBU0FG7V	41.8153842	-71.4206156	41.8153842	-71.4206156	Med	12.17036624
71	2023-01-16	888333	17:41:00	Pedestrian	1	NA	FALSE	FALSE	1	OAKLAND AVE	SMITH ST	1/16/23	"Two-Way , Not Divided"	Wet	Dark - Not Lighted	Clear	Not a Collision Between Two Motor Vehicles in Transport	"Yes, M/V and Driver Left Scene"	Traffic Control Signal	1	1	Complains Of Pain	NA	41.83618	-71.43046	FALSE	FALSE	"Oakland Ave and Smith Street, Providence, RI, USA"	FALSE	-71.430455	41.8362474	intersection	geometric_center	"oakland ave & smith st, providence, ri 02908, usa"	NA	NA	NA	NA	41.8362474	-71.430455	Med High	7.514385279
70	2023-01-17	888376	18:08:00	Pedestrian	1	NA	FALSE	FALSE	1	VALLEY ST	GROVE ST	1/17/23	"Two-Way , Not Divided"	Wet	Dark - Lighted	Clear	Not a Collision Between Two Motor Vehicles in Transport	No	No Controls	4	1	Complains Of Pain	NA	41.82023	-71.44039	FALSE	FALSE	"Valley Street and Grove Street, Providence, RI, USA"	FALSE	-71.4403753	41.820242	intersection	geometric_center	"valley st & grove st, providence, ri 02909, usa"	NA	NA	NA	NA	41.820242	-71.4403753	Med High	1.808771531
69	2023-01-18	888390	10:26:00	Bicycle	NA	1	FALSE	FALSE	1	CRANSTON ST	WAVERLY ST	1/18/23	"Two-Way , Not Divided"	Dry	Daylight	Clear	Not a Collision Between Two Motor Vehicles in Transport	"Yes, M/V and Driver Left Scene"	No Controls	1	1	Complains Of Pain	NA	41.80809	-71.43475	FALSE	FALSE	"Cranston Street and Waverly Street, Providence, RI, USA"	FALSE	-71.4345674	41.8083361	intersection	geometric_center	"cranston st & waverly st, providence, ri 02907, usa"	NA	NA	NA	NA	41.8083361	-71.4345674	Med High	31.30635432
67	2023-01-19	888445	18:39:00	Pedestrian	1	NA	FALSE	FALSE	1	ORCHARD AVE	BUTLER AVE	1/19/23	"Two-Way , Not Divided"	Wet	Dark - Lighted	Rain	Not a Collision Between Two Motor Vehicles in Transport	No	Pavement Markings	4	1	Complains Of Pain	NA	41.83202	-71.38417	FALSE	FALSE	"Orchard Ave and Butler Ave, Providence, RI, USA"	FALSE	-71.3841776	41.8320613	intersection	geometric_center	"butler ave & orchard ave, providence, ri 02906, usa"	NA	NA	NA	NA	41.8320613	-71.3841776	Med High	4.640510392
68	2023-01-19	888448	20:29:00	Pedestrian	1	NA	FALSE	FALSE	1	FRANCIS ST	AMERICAN EXPRESS PLZ	1/19/23	"Two-Way , Not Divided"	Wet	Dark - Lighted	Rain	Not a Collision Between Two Motor Vehicles in Transport	No	No Controls	2	0	No Injury	NA	41.8273	-71.41543	FALSE	FALSE	"Francis Street and American Express Plz, Providence, RI, USA"	FALSE	-71.4128343	41.8239891	locality	approximate	"providence, ri, usa"	NA	NA	NA	NA	41.8239891	-71.4128343	Med	426.8548863
65	2023-01-20	888475	18:47:00	Bicycle	NA	2	FALSE	FALSE	1	PUBLIC ST	BROAD ST	1/20/23	"Two-Way , Not Divided"	Wet	Dark - Lighted	"Sleet, Hail (Freezing Rain or Drizzle)"	Not a Collision Between Two Motor Vehicles in Transport	"Yes, M/V and Driver Left Scene"	Traffic Control Signal	2	2	Complains Of Pain	NA	41.80442	-71.41935	FALSE	FALSE	"Public Street and Broad Street, Providence, RI, USA"	FALSE	-71.4193596	41.804449	intersection	geometric_center	"public st & broad st, providence, ri 02907, usa"	NA	NA	NA	NA	41.804449	-71.4193596	Med High	3.325099214
66	2023-01-20	888477	17:34:00	Pedestrian	1	NA	FALSE	FALSE	1	EXCHANGE TERRACE	EXCHANGE ST	1/20/23	"Two-Way , Not Divided"	Wet	Dark - Lighted	Rain	Not a Collision Between Two Motor Vehicles in Transport	No	Flashing Traffic Control Signal	5	1	Complains Of Pain	NA	41.82611	-71.4116	FALSE	FALSE	"Exchange Terrace and Exchange Street, Providence, RI, USA"	FALSE	-71.4148047	41.8250247	intersection	geometric_center	"exchange terrace & w exchange st, providence, ri 02903, usa"	NA	NA	NA	NA	41.8250247	-71.4148047	Med High	292.0046525
63	2023-01-22	888509	2:32:00	Pedestrian	1	NA	FALSE	FALSE	1	CLEMENCE ST	WEYBOSSET ST	1/22/23	One-Way Trafficway	Dry	Dark - Not Lighted	Clear	Not a Collision Between Two Motor Vehicles in Transport	"Yes, M/V and Driver Left Scene"	No Controls	1	1	Non-Incapacitating	NA	41.82185	-71.41227	FALSE	FALSE	"Clemence Street and Weybosset Street, Providence, RI, USA"	FALSE	-71.4121859	41.8218016	intersection	geometric_center	"weybosset st & clemence st, providence, ri 02903, usa"	NA	NA	NA	NA	41.8218016	-71.4121859	Med High	8.814990261
64	2023-01-22	888527	18:28:00	Pedestrian	1	NA	FALSE	FALSE	1	NORTH MAIN ST.	SMITHFIELD AVE	1/22/23	"Two-Way, Divided, Positive Median Barrier"	Wet	Dark - Lighted	Rain	Not a Collision Between Two Motor Vehicles in Transport	No	Traffic Control Signal	3	1	Complains Of Pain	NA	41.85336	-71.40114	FALSE	FALSE	"North Main St. and Smithfield Ave, Providence, RI, USA"	FALSE	-71.4075551	41.8559078	route	geometric_center	"smithfield ave, providence, ri, usa"	"N Main St & Smithfield Ave, Providence, RI, USA"	Ei9OIE1haW4gU3QgJiBTbWl0aGZpZWxkIEF2ZSwgUHJvdmlkZW5jZSwgUkksIFVTQSJmImQKFAoSCZtRcyXBROSJEeKhApBlu5q0EhQKEgmbUXMlwUTkiRHioQKQZbuatBoUChIJ-fpBPd5E5IkRX9etvg1cIz8aFAoSCRdfT9GfROSJEbd0LHi5l-MWIgoN_lDyGBUMDXHV	41.853363	-71.401138	41.853363	-71.401138	Med	0.372866048
61	2023-01-23	888560	18:05:00	Pedestrian	1	NA	FALSE	FALSE	1	BROADWAY	SERVICE ROAD 7	1/23/23	"Two-Way , Not Divided"	Wet	Dark - Not Lighted	Rain	Not a Collision Between Two Motor Vehicles in Transport	"Yes, Driver Left Scene"	No Controls	2	1	Complains Of Pain	NA	41.82182	-71.42064	FALSE	FALSE	"Broadway and Service Road 7, Providence, RI, USA"	FALSE	-71.4200451	41.8199608	route	geometric_center	"service rd 1, providence, ri, usa"	"Broadway & Service Road 7th, Providence, RI, USA"	EjBCcm9hZHdheSAmIFNlcnZpY2UgUm9hZCA3dGgsIFByb3ZpZGVuY2UsIFJJLCBVU0EiZiJkChQKEgn30PkmDUXkiRGVfBMop6wTihIUChIJ99D5Jg1F5IkRlXwTKKesE4oaFAoSCaW15YZ1ReSJERrCM7HXpG-zGhQKEgkHeHRCdkXkiRHLEV0GTCEFTCIKDd-B7RgV9gxu1Q	41.8218463	-71.420801	41.8218463	-71.420801	Med	13.67330865
62	2023-01-23	888578	21:00:00	Pedestrian	1	NA	FALSE	FALSE	1	GEORGE ST	THAYER ST	1/23/23	"Two-Way , Not Divided"	Wet	Dark - Lighted	Clear	Not a Collision Between Two Motor Vehicles in Transport	"Yes, M/V and Driver Left Scene"	Stop Signs	2	1	Complains Of Pain	NA	41.82553	-71.40037	FALSE	FALSE	"George Street and Thayer Street, Providence, RI, USA"	FALSE	-71.4005135	41.8268796	route	geometric_center	"thayer st, providence, ri, usa"	"George Street & Thayer Street, Providence, RI, USA"	EjJHZW9yZ2UgU3RyZWV0ICYgVGhheWVyIFN0cmVldCwgUHJvdmlkZW5jZSwgUkksIFVTQSJmImQKFAoSCUdpPp08ReSJEcUiisIDcbH9EhQKEglHaT6dPEXkiRHFIorCA3Gx_RoUChIJx-okYztF5IkRsmeONi5JlGUaFAoSCVG076s8ReSJEZJMNfXilGkAIgoNUhLuGBV7K3HV	41.8255442	-71.4003589	41.8255442	-71.4003589	Med	1.829360538
60	2023-01-24	888584	6:21:00	Pedestrian	1	NA	FALSE	FALSE	1	CHARLES ST	ASHBURTON ST	1/24/23	One-Way Trafficway	Dry	Dark - Lighted	Clear	Not a Collision Between Two Motor Vehicles in Transport	"Yes, M/V and Driver Left Scene"	Stop Signs	1	1	Incapacitating	NA	41.83648	-71.41272	FALSE	FALSE	"Charles Street and Ashburton Street, Providence, RI, USA"	FALSE	-71.4157779	41.8380845	route	geometric_center	"ashburton st, providence, ri 02904, usa"	"Charles Street & Ashburton Street, Providence, RI, USA"	EjZDaGFybGVzIFN0cmVldCAmIEFzaGJ1cnRvbiBTdHJlZXQsIFByb3ZpZGVuY2UsIFJJLCBVU0EiZiJkChQKEglzWWUpHEXkiRGV47iqwhB9mBIUChIJc1llKRxF5IkRleO4qsIQfZgaFAoSCXULzmzxROSJEctkyy41Vf0yGhQKEglzWWUpHEXkiRFxA9RZ1dAiIiIKDReu7xgVc1tv1Q	41.8360855	-71.4122381	41.8360855	-71.4122381	Med	59.3804693
58	2023-01-25	888630	9:26:00	Pedestrian	1	NA	FALSE	FALSE	1	Union Ave	UNION AVE EXIT	1/25/23	One-Way Trafficway	Dry	Daylight	Clear	Not a Collision Between Two Motor Vehicles in Transport	No	Traffic Control Signal	4	0	No Injury	NA	41.8088	-71.44019	FALSE	FALSE	"Union Ave and Union Ave Exit, Providence, RI, USA"	FALSE	-71.4475494	41.8068304	route	geometric_center	"union ave, providence, ri, usa"	NA	NA	NA	NA	41.8068304	-71.4475494	Med	648.8216023
59	2023-01-25	888641	18:03:00	Pedestrian	1	NA	FALSE	FALSE	1	RANDALL ST	CHARLES ST	1/25/23	"Two-Way , Not Divided"	Wet	Dark - Lighted	"Sleet, Hail (Freezing Rain or Drizzle)"	Not a Collision Between Two Motor Vehicles in Transport	"Yes, M/V and Driver Left Scene"	No Controls	3	1	Non-Incapacitating	NA	41.83744	-71.41053	FALSE	FALSE	"Randall Street and Charles Street, Providence, RI, USA"	FALSE	-71.419539	41.8474982	route	geometric_center	"charles st, providence, ri, usa"	"Randall Street & Charles Street, Providence, RI, USA"	EjRSYW5kYWxsIFN0cmVldCAmIENoYXJsZXMgU3RyZWV0LCBQcm92aWRlbmNlLCBSSSwgVVNBImYiZAoUChIJK5_7KRxF5IkRC4AGxe12bdQSFAoSCSuf-ykcReSJEQuABsXtdm3UGhQKEgmXgCFvHkXkiREFR8Ne4aJLqhoUChIJdQvObPFE5IkRy2TLLjVV_TIiCg0Sse8YFcNfb9U	41.8361618	-71.4121277	41.8361618	-71.4121277	Med	194.4353132
57	2023-01-27	888676	11:50:00	Pedestrian	1	NA	FALSE	FALSE	1	CRANSTON ST	NIANTIC AVE	1/27/23	"Two-Way , Not Divided"	Dry	Daylight	Clear	Not a Collision Between Two Motor Vehicles in Transport	No	No Controls	4	1	Complains Of Pain	NA	41.80339	-71.44	FALSE	FALSE	"Cranston Street and Niantic Ave, Providence, RI, USA"	FALSE	-71.4400039	41.8034026	intersection	geometric_center	"cranston st & niantic ave, cranston, ri 02907, usa"	NA	NA	NA	NA	41.8034026	-71.4400039	Med High	1.439476916
55	2023-01-30	888758	1:52:00	Pedestrian	1	NA	FALSE	FALSE	1	HARTFORD AVE	HARTFORD AVE	1/30/23	"Two-Way , Not Divided"	Dry	Dark - Lighted	Clear	Not a Collision Between Two Motor Vehicles in Transport	"Yes, M/V and Driver Left Scene"	No Controls	1	1	Complains Of Pain	NA	41.81718	-71.44905	FALSE	FALSE	"Hartford Ave and Hartford Ave, Providence, RI, USA"	FALSE	-71.4587339	41.8185901	route	geometric_center	"hartford ave, providence, ri, usa"	"Hartford Ave Service Rd & Hartford Ave, Johnston, Providence, RI, USA"	EkVIYXJ0Zm9yZCBBdmUgU2VydmljZSBSZCAmIEhhcnRmb3JkIEF2ZSwgSm9obnN0b24sIFByb3ZpZGVuY2UsIFJJLCBVU0EiZiJkChQKEgmP4Jty0EfkiRFZT82Cwq1hZxIUChIJj-CbctBH5IkRWU_NgsKtYWcaFAoSCUk2WRTQR-SJEffJJKBODzFaGhQKEgkvAx61JEbkiRGCwC0vu7gN1iIKDdap7hgVnoNc1Q	41.829423	-71.5357282	41.829423	-71.5357282	Med	7318.482682